{
  "scope": "sermon",
  "idf_scope": "church",
  "church": "S-EA",
  "sermon": "S-EA-0027",
  "document_unit": "sermon_json",
  "document_count": 99,
  "min_count": 5,
  "freq": {
    "MAG": {
      "잘": 18,
      "정말": 10,
      "이제": 8,
      "더": 7,
      "너무": 5,
      "다": 5
    },
    "NNB": {
      "수": 23,
      "번": 12,
      "거": 10,
      "분": 8,
      "명": 6,
      "중": 7,
      "줄": 5,
      "절": 5,
      "때문": 5,
      "장": 5
    },
    "NNG": {
      "하나님": 76,
      "말씀": 66,
      "진리": 36,
      "으뜸": 11,
      "사람": 45,
      "사랑": 41,
      "균형": 15,
      "가현설": 8,
      "사상": 10,
      "안": 33,
      "이단": 11,
      "요": 17,
      "부서": 9,
      "성숙": 8,
      "마음": 26,
      "나그네": 7,
      "대접": 7,
      "이서": 5,
      "대신": 10,
      "실천": 6,
      "주장": 7,
      "육체": 10,
      "말": 19,
      "영접": 6,
      "증언": 6,
      "오늘": 16,
      "이름": 14,
      "리스도인": 5,
      "크리스천": 6,
      "미혹": 6,
      "영혼": 11,
      "시작": 14,
      "찬송": 6,
      "찬양": 12,
      "점검": 5,
      "부인": 5,
      "가운데": 13,
      "성도": 10,
      "편지": 5,
      "겸손": 6,
      "앞": 12,
      "집": 9,
      "지역": 6,
      "절": 11,
      "제자": 6,
      "옷": 5,
      "교회": 10,
      "축복": 9,
      "주": 10,
      "집회": 6,
      "당시": 7,
      "서": 5,
      "완전": 5,
      "십자가": 6,
      "기도": 8,
      "가정": 5,
      "땅": 7,
      "장": 7,
      "복음": 5,
      "감사": 5,
      "길": 5,
      "역사": 5,
      "생각": 5
    },
    "NNP": {
      "예수": 71,
      "한": 16,
      "요한": 12,
      "요한이서": 5,
      "그리스도": 10,
      "주님": 10
    },
    "VA": {
      "새롭": 9,
      "짧": 7,
      "없": 11,
      "이렇": 8,
      "그렇": 6,
      "어떻": 6
    },
    "VV": {
      "되": 63,
      "있": 58,
      "품": 11,
      "보": 18,
      "나아가": 13,
      "믿": 13,
      "원하": 11,
      "읽": 11,
      "죽": 10,
      "위하": 10,
      "주": 10,
      "받": 8,
      "행하": 6,
      "붙잡": 5,
      "드리": 7,
      "살": 7,
      "일어나": 6,
      "살아가": 5,
      "통하": 6,
      "알": 6,
      "쓰": 5,
      "가지": 5,
      "듣": 5
    }
  },
  "tfidf": {
    "MAG": {
      "잘": 0.00826571556805916,
      "정말": 0.00468490772899978,
      "이제": 0.0035650623885918,
      "더": 0.003150780905068855,
      "너무": 0.0022960321022386554,
      "다": 0.0022281639928698753
    },
    "NNB": {
      "수": 0.010249554367201427,
      "번": 0.0053475935828877,
      "거": 0.004456327985739751,
      "분": 0.003637086300597217,
      "명": 0.003338131976733956,
      "중": 0.0033124455552703265,
      "줄": 0.0025902828197365752,
      "절": 0.0022960321022386554,
      "때문": 0.0022281639928698753,
      "장": 0.0022281639928698753
    },
    "NNG": {
      "하나님": 0.0338680926916221,
      "말씀": 0.029411764705882353,
      "진리": 0.023202466887086944,
      "으뜸": 0.02209097008490187,
      "사람": 0.020053475935828877,
      "사랑": 0.01979440551091849,
      "균형": 0.018934368073183893,
      "가현설": 0.016066160061746815,
      "사상": 0.014717402375196283,
      "안": 0.014705882352941176,
      "이단": 0.014539768903788396,
      "요": 0.013295625638469947,
      "부서": 0.013245662137676657,
      "성숙": 0.013045490327746089,
      "마음": 0.011586452762923352,
      "나그네": 0.011414804036777828,
      "대접": 0.010998262259428605,
      "이서": 0.010944792792843465,
      "대신": 0.010816026540285854,
      "실천": 0.009112154033828535,
      "주장": 0.008836038434152482,
      "육체": 0.008768199760524535,
      "말": 0.008467023172905526,
      "영접": 0.007746310120015725,
      "증언": 0.007411649309978277,
      "오늘": 0.0071301247771836,
      "이름": 0.007107695607250048,
      "리스도인": 0.006952458859625871,
      "크리스천": 0.006603411684649577,
      "미혹": 0.006489615924171512,
      "영혼": 0.006247239439714511,
      "시작": 0.006238859180035651,
      "찬송": 0.006174688021346957,
      "찬양": 0.0061541331001849385,
      "점검": 0.006049016105374168,
      "부인": 0.005928545469745211,
      "가운데": 0.005910265238470479,
      "성도": 0.005506784017473574,
      "편지": 0.005408013270142927,
      "겸손": 0.005405484619069468,
      "앞": 0.0053475935828877,
      "집": 0.005111377723402782,
      "지역": 0.004993317025948457,
      "절": 0.004901960784313725,
      "제자": 0.004527131498823383,
      "옷": 0.004504570515891223,
      "교회": 0.0045011155786697935,
      "축복": 0.004478076803165582,
      "주": 0.004456327985739751,
      "집회": 0.00437133227924056,
      "당시": 0.004322476544422413,
      "서": 0.004269810008632253,
      "완전": 0.0038176245273562055,
      "십자가": 0.003744592424056485,
      "기도": 0.0036008924629358343,
      "가정": 0.0032933061518337784,
      "땅": 0.0032144449431341176,
      "장": 0.003150780905068855,
      "복음": 0.00296012492640828,
      "감사": 0.002753392008736787,
      "길": 0.0025384627168750173,
      "역사": 0.0025384627168750173,
      "생각": 0.0022281639928698753
    },
    "NNP": {
      "예수": 0.03163992869875223,
      "한": 0.017609097825732202,
      "요한": 0.012760932412405833,
      "요한이서": 0.010944792792843465,
      "그리스도": 0.005340690457771116,
      "주님": 0.004975640892406202
    },
    "VA": {
      "새롭": 0.0060594610578849906,
      "짧": 0.005977734012085154,
      "없": 0.004901960784313725,
      "이렇": 0.0035650623885918,
      "그렇": 0.00267379679144385,
      "어떻": 0.00267379679144385
    },
    "VV": {
      "되": 0.02807486631016043,
      "있": 0.025846702317290554,
      "품": 0.012324155552106744,
      "보": 0.008021390374331552,
      "나아가": 0.007696324808661528,
      "믿": 0.005910265238470479,
      "원하": 0.0050512706249250415,
      "읽": 0.004901960784313725,
      "죽": 0.004638244182354079,
      "위하": 0.004592064204477311,
      "주": 0.004456327985739751,
      "받": 0.0035650623885918,
      "행하": 0.0035152693712291448,
      "붙잡": 0.003188018975250567,
      "드리": 0.003150780905068855,
      "살": 0.0031194295900178253,
      "일어나": 0.002985384535443721,
      "살아가": 0.00296012492640828,
      "통하": 0.0027829465094124472,
      "알": 0.0027006693472018755,
      "쓰": 0.0026976850073878174,
      "가지": 0.0022960321022386554,
      "듣": 0.002273178937873261
    }
  }
}