{
  "scope": "sermon",
  "idf_scope": "church",
  "church": "S-gA",
  "sermon": "S-gA-0336",
  "document_unit": "sermon_json",
  "document_count": 951,
  "min_count": 5,
  "freq": {
    "MAG": {
      "완전히": 6,
      "다시": 9
    },
    "NNB": {
      "수": 17,
      "외": 5,
      "중": 10,
      "때문": 7,
      "분": 5,
      "번": 5
    },
    "NNG": {
      "하나님": 114,
      "모압": 19,
      "백성": 39,
      "멸망": 17,
      "심판": 19,
      "몬": 8,
      "복음": 20,
      "말씀": 28,
      "증오": 5,
      "이야기": 18,
      "민족": 11,
      "오늘": 22,
      "차지": 6,
      "주민": 5,
      "땅": 16,
      "족속": 6,
      "역사": 16,
      "자손": 7,
      "예언": 6,
      "조롱": 5,
      "도시": 6,
      "삶": 15,
      "절": 15,
      "영광": 11,
      "변화": 8,
      "등장": 7,
      "은혜": 12,
      "사람": 13,
      "소유": 5,
      "세상": 12,
      "단어": 7,
      "의지": 5,
      "축복": 6,
      "나라": 6,
      "곳": 6,
      "가운데": 7,
      "주": 7,
      "말": 7,
      "믿음": 6,
      "기도": 6,
      "안": 5,
      "이름": 5,
      "앞": 5
    },
    "NNP": {
      "블레셋": 22,
      "이스라엘": 31,
      "암": 8,
      "암몬": 7,
      "소돔": 5,
      "여호": 5
    },
    "VA": {
      "없": 12,
      "같": 8,
      "이렇": 5
    },
    "VV": {
      "되": 51,
      "있": 33,
      "남": 11,
      "향하": 15,
      "괴롭히": 5,
      "바라보": 11,
      "살아가": 13,
      "보": 13,
      "붙들": 8,
      "무너지": 5,
      "나아가": 6,
      "인하": 5,
      "가지": 6,
      "믿": 5,
      "위하": 5
    }
  },
  "tfidf": {
    "MAG": {
      "완전히": 0.0058882436050364485,
      "다시": 0.00559991671982374
    },
    "NNB": {
      "수": 0.009561304836895388,
      "외": 0.0067462866159932675,
      "중": 0.006694807572406985,
      "때문": 0.004024825816985426,
      "분": 0.003081652215577857,
      "번": 0.002877897774589605
    },
    "NNG": {
      "하나님": 0.06411698537682789,
      "모압": 0.055039247379130456,
      "백성": 0.026817840655277866,
      "멸망": 0.025433721068579402,
      "심판": 0.02264154686705877,
      "몬": 0.018650137089255604,
      "복음": 0.01670692064358102,
      "말씀": 0.015781150396799667,
      "증오": 0.013406981387606999,
      "이야기": 0.013396978485938538,
      "민족": 0.013108263975665602,
      "오늘": 0.012373453318335208,
      "차지": 0.011260213018253064,
      "주민": 0.01088183629985121,
      "땅": 0.010700264971279967,
      "족속": 0.010626664229962984,
      "역사": 0.010620678696396251,
      "자손": 0.010302433148550092,
      "예언": 0.009891939312601216,
      "조롱": 0.009205842396290196,
      "도시": 0.008707931526077102,
      "삶": 0.008525532285278423,
      "절": 0.008507639499262075,
      "영광": 0.00848126613013178,
      "변화": 0.008096476216915945,
      "등장": 0.007921756928085201,
      "은혜": 0.007388167331128888,
      "사람": 0.007319270325757973,
      "소유": 0.007185770885073928,
      "세상": 0.007180956944307308,
      "단어": 0.006183883758384177,
      "의지": 0.004370405602838538,
      "축복": 0.004340660828225054,
      "나라": 0.004312460846478345,
      "곳": 0.00424297496983967,
      "가운데": 0.00420656613888764,
      "주": 0.004041777437895709,
      "말": 0.003986949446957935,
      "믿음": 0.0038536679232971448,
      "기도": 0.0034281723933170184,
      "안": 0.0030110237696338183,
      "이름": 0.0029452211928854663,
      "앞": 0.0029174847090407776
    },
    "NNP": {
      "블레셋": 0.049864072014988714,
      "이스라엘": 0.0257475925415879,
      "암": 0.021880012424015185,
      "암몬": 0.019559816050768505,
      "소돔": 0.011272264997416499,
      "여호": 0.004976153428977838
    },
    "VA": {
      "없": 0.006756249531468898,
      "같": 0.004609477147255464,
      "이렇": 0.002877897774589605
    },
    "VV": {
      "되": 0.028683914510686165,
      "있": 0.01856017997750281,
      "남": 0.010371924301924674,
      "향하": 0.01003149841057497,
      "괴롭히": 0.009741608211808004,
      "바라보": 0.008178069633971127,
      "살아가": 0.00803769793794136,
      "보": 0.007365546341321199,
      "붙들": 0.0068869662589973926,
      "무너지": 0.004767295362083026,
      "나아가": 0.00424297496983967,
      "인하": 0.003977597801155581,
      "가지": 0.003598044794107613,
      "믿": 0.0029359452686485007,
      "위하": 0.002871856636967869
    }
  }
}