{
  "scope": "sermon",
  "idf_scope": "church",
  "church": "S-gA",
  "sermon": "S-gA-0677",
  "document_unit": "sermon_json",
  "document_count": 951,
  "min_count": 5,
  "freq": {
    "MAG": {
      "다시": 7,
      "다": 5
    },
    "NNB": {
      "절": 10,
      "장": 8,
      "수": 6,
      "중": 5,
      "번": 5
    },
    "NNG": {
      "초막절": 9,
      "절기": 8,
      "어둠": 12,
      "대화": 10,
      "주": 25,
      "상징": 9,
      "말씀": 22,
      "사람": 22,
      "생수": 5,
      "무리": 7,
      "갈망": 6,
      "말": 15,
      "선포": 9,
      "혼란": 6,
      "강": 5,
      "본문": 11,
      "물": 7,
      "빛": 7,
      "의식": 5,
      "반응": 7,
      "성령": 7,
      "날": 9,
      "땅": 9,
      "대답": 5,
      "요": 5,
      "오늘": 10,
      "진리": 5,
      "이야기": 7,
      "설교": 5,
      "절": 9,
      "마지막": 6,
      "모습": 6,
      "장": 5,
      "안": 5,
      "하나님": 5
    },
    "NNP": {
      "예수": 51,
      "갈릴리": 6,
      "한": 5,
      "요한복음": 5,
      "그리스도": 9
    },
    "VA": {
      "많": 7,
      "그렇": 6,
      "없": 6,
      "같": 5
    },
    "VV": {
      "있": 24,
      "흘러나오": 6,
      "마시": 8,
      "보": 16,
      "되": 15,
      "보이": 14,
      "믿": 10,
      "듣": 9,
      "깨닫": 5,
      "대하": 6,
      "나오": 5,
      "통하": 5,
      "주": 5
    }
  },
  "tfidf": {
    "MAG": {
      "다시": 0.006092889544097059,
      "다": 0.004102773582679127
    },
    "NNB": {
      "절": 0.008051773789489092,
      "장": 0.00663383486847359,
      "수": 0.004720692368214005,
      "중": 0.004682678152533289,
      "번": 0.004025886894744546
    },
    "NNG": {
      "초막절": 0.03517996812907695,
      "절기": 0.0237987574564006,
      "어둠": 0.02176810810262547,
      "대화": 0.021284606139209964,
      "주": 0.020192987199557633,
      "상징": 0.017390235150489198,
      "말씀": 0.017345607477835673,
      "사람": 0.017327396844540877,
      "생수": 0.016709862793655158,
      "무리": 0.013550602936990785,
      "갈망": 0.012278849706201023,
      "말": 0.011951437759960453,
      "선포": 0.011929984561766215,
      "혼란": 0.01172283222867286,
      "강": 0.011336865823645912,
      "본문": 0.010592642365245063,
      "물": 0.010479223963246059,
      "빛": 0.010160463533627023,
      "의식": 0.009993882930555267,
      "반응": 0.009936176097288722,
      "성령": 0.00912054022283564,
      "날": 0.008620335000359533,
      "땅": 0.008419828878364576,
      "대답": 0.008385984607412147,
      "요": 0.00816184048962088,
      "오늘": 0.007867820613690008,
      "진리": 0.007335183349664816,
      "이야기": 0.007288171791065261,
      "설교": 0.0072287241756169894,
      "절": 0.007140794506540347,
      "마지막": 0.006471507551408756,
      "모습": 0.0054890611379994035,
      "장": 0.004820010234110891,
      "안": 0.004212116650203721,
      "하나님": 0.003933910306845004
    },
    "NNP": {
      "예수": 0.04224623646742201,
      "갈릴리": 0.015650370979644508,
      "한": 0.010530218271043588,
      "요한복음": 0.008748133090566938,
      "그리스도": 0.008510264827314528
    },
    "VA": {
      "많": 0.005946861494683964,
      "그렇": 0.004765533055033397,
      "없": 0.004725653684874784,
      "같": 0.004030119181658249
    },
    "VV": {
      "있": 0.01888276947285602,
      "흘러나오": 0.01623788085127349,
      "마시": 0.013604856322806991,
      "보": 0.012681417558427978,
      "되": 0.011801730920535013,
      "보이": 0.011355705117261358,
      "믿": 0.008214178894818307,
      "듣": 0.008009598575503218,
      "깨닫": 0.006049554447446039,
      "대하": 0.005038600654910369,
      "나오": 0.004172402131457257,
      "통하": 0.004047094009751928,
      "주": 0.004038597439911527
    }
  }
}