{
  "scope": "sermon",
  "idf_scope": "church",
  "church": "S-gA",
  "sermon": "S-gA-0719",
  "document_unit": "sermon_json",
  "document_count": 951,
  "min_count": 5,
  "freq": {
    "MAG": {
      "잘": 10,
      "지금": 8,
      "분명": 5,
      "다": 5
    },
    "NNB": {
      "수": 12,
      "절": 5
    },
    "NNG": {
      "하나님": 70,
      "전쟁": 22,
      "승리": 24,
      "싸움": 16,
      "전리품": 6,
      "언약": 11,
      "윗이": 7,
      "예상": 7,
      "아람": 5,
      "윗": 7,
      "전략": 6,
      "다윗이": 5,
      "주권": 6,
      "왕": 11,
      "오늘": 16,
      "본문": 12,
      "단순": 6,
      "고백": 10,
      "절": 12,
      "사람": 12,
      "중요": 10,
      "자리": 10,
      "후": 7,
      "나라": 9,
      "가운데": 9,
      "기록": 6,
      "표현": 7,
      "핵심": 5,
      "행동": 5,
      "말": 9,
      "허락": 5,
      "사건": 5,
      "역사": 7,
      "삶": 8,
      "손": 6,
      "상황": 6,
      "문제": 6,
      "인생": 6,
      "이름": 7,
      "주": 7,
      "기억": 5,
      "말씀": 6,
      "안": 5
    },
    "NNP": {
      "다윗": 32,
      "다": 14,
      "블레셋": 6,
      "여호와": 6,
      "이스라엘": 5
    },
    "VA": {
      "어떻": 9,
      "놀랍": 5
    },
    "VV": {
      "이기": 31,
      "있": 26,
      "싸우": 12,
      "보": 18,
      "되": 18,
      "나타나": 10,
      "보이": 12,
      "드리": 9,
      "나아가": 8,
      "위하": 9,
      "주": 7,
      "통하": 6,
      "가지": 5
    }
  },
  "tfidf": {
    "MAG": {
      "잘": 0.007929272743990386,
      "지금": 0.006458653381111211,
      "분명": 0.006130198535582553,
      "다": 0.0036826449319104304
    },
    "NNB": {
      "수": 0.00847457627118644,
      "절": 0.0036136315276979647
    },
    "NNG": {
      "하나님": 0.04943502824858757,
      "전쟁": 0.03190357446980741,
      "승리": 0.02887638882669403,
      "싸움": 0.026008327379568673,
      "전리품": 0.019659700042047305,
      "언약": 0.01876950605011673,
      "윗이": 0.016945083087313816,
      "예상": 0.015795114113527606,
      "아람": 0.015623509287804448,
      "윗": 0.014980055849169104,
      "전략": 0.014731094915752049,
      "다윗이": 0.01438691878839373,
      "주권": 0.012153103593273852,
      "왕": 0.011904358176552917,
      "오늘": 0.011299435028248588,
      "본문": 0.010372302346861689,
      "단순": 0.009499126852223703,
      "고백": 0.009335264387006076,
      "절": 0.008546092107168344,
      "사람": 0.008483482815643857,
      "중요": 0.008334907628086394,
      "자리": 0.00820290103901752,
      "후": 0.008186586598322105,
      "나라": 0.008122410365506883,
      "가운데": 0.006791108893712675,
      "기록": 0.006775354113247638,
      "표현": 0.0067022774873800785,
      "핵심": 0.0065664847204967595,
      "행동": 0.0065143004193099,
      "말": 0.006436558217334634,
      "허락": 0.005869070999282643,
      "사건": 0.005840421158978372,
      "역사": 0.005834435339660476,
      "삶": 0.005709377176355945,
      "손": 0.0056942895928764215,
      "상황": 0.005432607905691276,
      "문제": 0.005333451421942918,
      "인생": 0.005236562334074261,
      "이름": 0.0051774326224085475,
      "주": 0.005075056698148709,
      "기억": 0.004819248569702257,
      "말씀": 0.004246199365240589,
      "안": 0.003780791145769018
    },
    "NNP": {
      "다윗": 0.05025481201405911,
      "다": 0.02202185419603107,
      "블레셋": 0.017075947619924873,
      "여호와": 0.008029600386325927,
      "이스라엘": 0.005214509242179616
    },
    "VA": {
      "어떻": 0.006720012713896686,
      "놀랍": 0.004803258775829561
    },
    "VV": {
      "이기": 0.03629924553898936,
      "있": 0.018361581920903956,
      "싸우": 0.016715771214756012,
      "보": 0.012805679330054524,
      "되": 0.012711864406779662,
      "나타나": 0.011251863150096436,
      "보이": 0.008736744070241637,
      "드리": 0.00823805682901046,
      "나아가": 0.007103587096398244,
      "위하": 0.006490882754909582,
      "주": 0.005075056698148709,
      "통하": 0.004359200412198898,
      "가지": 0.0037649032744369914
    }
  }
}