{
  "scope": "sermon",
  "idf_scope": "church",
  "church": "S-gA",
  "sermon": "S-gA-0844",
  "document_unit": "sermon_json",
  "document_count": 951,
  "min_count": 5,
  "freq": {
    "MAG": {
      "그냥": 5,
      "다시": 6,
      "더": 6
    },
    "NNB": {
      "수": 8,
      "때문": 7
    },
    "NNG": {
      "아들": 51,
      "아버지": 35,
      "자유": 23,
      "돼지": 7,
      "유산": 7,
      "비유": 11,
      "하나님": 24,
      "서기관": 6,
      "사랑": 22,
      "세리": 5,
      "비극": 6,
      "죄인": 8,
      "사람": 16,
      "이야기": 12,
      "말": 15,
      "말씀": 13,
      "종": 6,
      "자리": 10,
      "양": 5,
      "집": 7,
      "상태": 6,
      "오늘": 10,
      "인": 5,
      "기쁨": 6,
      "생각": 8,
      "모습": 7,
      "안": 7,
      "마음": 7,
      "표현": 5,
      "앞": 6,
      "본문": 5,
      "시작": 5
    },
    "NNP": {
      "새": 5,
      "예수": 9
    },
    "VA": {
      "없": 11,
      "멀": 5,
      "이렇": 6,
      "그렇": 6
    },
    "VV": {
      "살아나": 8,
      "되": 19,
      "있": 19,
      "떠나": 11,
      "잃어버리": 6,
      "서": 8,
      "죽": 8,
      "찾": 7,
      "알": 9,
      "살": 8,
      "먹": 5,
      "받": 7,
      "보": 7,
      "가지": 6,
      "듣": 5,
      "대하": 5,
      "나오": 5,
      "주": 5
    }
  },
  "tfidf": {
    "MAG": {
      "그냥": 0.006088123198303947,
      "다시": 0.005974588615569522,
      "더": 0.005497849714685931
    },
    "NNB": {
      "수": 0.0072007200720072,
      "때문": 0.006441170389379016
    },
    "NNG": {
      "아들": 0.06740282876150026,
      "아버지": 0.043283116985116075,
      "자유": 0.038141657180143354,
      "돼지": 0.03166288193982542,
      "유산": 0.025964237547755155,
      "비유": 0.02510450550151443,
      "하나님": 0.021602160216021602,
      "서기관": 0.021422563834459434,
      "사랑": 0.021024580525079405,
      "세리": 0.01899630456824923,
      "비극": 0.017516352032133784,
      "죄인": 0.014593573771433655,
      "사람": 0.014416575657907832,
      "이야기": 0.014293325981397372,
      "말": 0.013672616915310291,
      "말씀": 0.011725778265128826,
      "종": 0.010804492602922985,
      "자리": 0.010454822566380568,
      "양": 0.009564463356856975,
      "집": 0.00929379729914628,
      "상태": 0.00923544593451153,
      "오늘": 0.009000900090009001,
      "인": 0.008852028906235798,
      "기쁨": 0.008614762046083213,
      "생각": 0.007709955373406199,
      "모습": 0.007326159157632867,
      "안": 0.006746210951730424,
      "마음": 0.0066966830038928515,
      "표현": 0.0061015976097018075,
      "앞": 0.005602831120800543,
      "본문": 0.005508243370520609,
      "시작": 0.004963078815513546
    },
    "NNP": {
      "새": 0.018545883962682256,
      "예수": 0.008528876986831161
    },
    "VA": {
      "없": 0.009911395764811634,
      "멀": 0.00886447829189237,
      "이렇": 0.005526807103388282,
      "그렇": 0.0054518384454972525
    },
    "VV": {
      "살아나": 0.017366895864086806,
      "되": 0.017101710171017102,
      "있": 0.017101710171017102,
      "떠나": 0.015333136203612364,
      "잃어버리": 0.010519001210175544,
      "서": 0.009762556175522892,
      "죽": 0.008841632037076462,
      "찾": 0.008570639241408209,
      "알": 0.008246774572028897,
      "살": 0.0074156829029680005,
      "먹": 0.0068724715791974545,
      "받": 0.006400695110594601,
      "보": 0.006347129388913913,
      "가지": 0.005758167096240626,
      "듣": 0.005090608955627857,
      "대하": 0.004803526426936003,
      "나오": 0.004773288126986655,
      "주": 0.004620213632878084
    }
  }
}