{
  "scope": "sermon",
  "idf_scope": "church",
  "church": "S-gA",
  "sermon": "S-gA-0281",
  "document_unit": "sermon_json",
  "document_count": 951,
  "min_count": 5,
  "freq": {
    "MAG": {
      "이제": 6,
      "더": 5
    },
    "NNB": {
      "수": 16
    },
    "NNG": {
      "왕": 37,
      "세례": 13,
      "구원": 28,
      "하나님": 32,
      "사람": 24,
      "삶": 21,
      "요한": 6,
      "말": 19,
      "율법": 8,
      "통치": 8,
      "근거": 6,
      "죄": 12,
      "회개": 7,
      "유대인": 5,
      "절": 11,
      "말씀": 11,
      "메시지": 5,
      "변화": 5,
      "복음": 6,
      "도": 6,
      "길": 7,
      "의지": 5,
      "마음": 7,
      "오늘": 7,
      "이야기": 5,
      "장": 5,
      "은혜": 5,
      "안": 5,
      "세상": 5,
      "이름": 5
    },
    "NNP": {
      "예수": 18,
      "요한": 6,
      "이스라엘": 10,
      "아브라함": 6,
      "그리스": 6,
      "그리스도": 6
    },
    "VA": {
      "없": 24,
      "그렇": 7
    },
    "VV": {
      "있": 24,
      "받": 18,
      "임하": 9,
      "되": 15,
      "외치": 7,
      "르": 7,
      "담": 5,
      "보내": 5,
      "따르": 6,
      "통하": 6,
      "보": 6,
      "믿": 5,
      "보이": 5,
      "위하": 5
    }
  },
  "tfidf": {
    "MAG": {
      "이제": 0.005583777786365113,
      "더": 0.0042954367320788105
    },
    "NNB": {
      "수": 0.01350210970464135
    },
    "NNG": {
      "왕": 0.047847574498347555,
      "세례": 0.033155848659846866,
      "구원": 0.030659039940130122,
      "하나님": 0.0270042194092827,
      "사람": 0.02027445007080456,
      "삶": 0.017908653978493713,
      "요한": 0.016950407738098812,
      "말": 0.01623714601773755,
      "율법": 0.01564422946587638,
      "통치": 0.015435686093593928,
      "근거": 0.013816031999333124,
      "죄": 0.013371394542012105,
      "회개": 0.013351056143924839,
      "유대인": 0.009946442296399318,
      "절": 0.009361035911480598,
      "말씀": 0.00930222240688993,
      "메시지": 0.008477806982466269,
      "변화": 0.0075925816000403734,
      "복음": 0.007520229089692926,
      "도": 0.007300418998881212,
      "길": 0.006839525296797368,
      "의지": 0.006557452457254785,
      "마음": 0.006278493516729922,
      "오늘": 0.00590717299578059,
      "이야기": 0.005583644572901715,
      "장": 0.005169816884012609,
      "은혜": 0.004618903486198017,
      "안": 0.00451780612861513,
      "세상": 0.004489360565041629,
      "이름": 0.004419074498692286
    },
    "NNP": {
      "예수": 0.015992544020876655,
      "요한": 0.014626591064381593,
      "이스라엘": 0.012462017024348244,
      "아브라함": 0.012389463204740889,
      "그리스": 0.007624990574540754,
      "그리스도": 0.006085258281584678
    },
    "VA": {
      "없": 0.02027445007080456,
      "그렇": 0.005963283768021397
    },
    "VV": {
      "있": 0.020253164556962026,
      "받": 0.015431115228652299,
      "임하": 0.013422191033268357,
      "되": 0.012658227848101266,
      "외치": 0.012611695805799907,
      "르": 0.010741073641010682,
      "담": 0.008967188851871814,
      "보내": 0.006310282410341352,
      "따르": 0.006170578232733315,
      "통하": 0.0052089685938174176,
      "보": 0.005100658771127203,
      "믿": 0.004405156698444755,
      "보이": 0.00434994008560554,
      "위하": 0.0043089967093070634
    }
  }
}