{
  "scope": "sermon",
  "idf_scope": "church",
  "church": "S-gA",
  "sermon": "S-gA-0753",
  "document_unit": "sermon_json",
  "document_count": 951,
  "min_count": 5,
  "freq": {
    "MAG": {
      "없이": 8,
      "먼저": 7,
      "더": 7,
      "가장": 5
    },
    "NNB": {
      "수": 32,
      "절": 15,
      "때문": 14,
      "줄": 10,
      "장": 9
    },
    "NNG": {
      "나귀": 24,
      "새끼": 17,
      "하나님": 51,
      "제자": 22,
      "입성": 9,
      "말씀": 33,
      "맞은편": 6,
      "걸음": 12,
      "나라": 22,
      "침묵": 8,
      "세상": 23,
      "마을": 7,
      "자리": 20,
      "두려움": 11,
      "사역": 10,
      "영광": 13,
      "사랑": 16,
      "삶": 15,
      "주": 14,
      "길": 12,
      "가운데": 13,
      "십자가": 10,
      "동역자": 5,
      "교회": 10,
      "감당": 7,
      "믿음": 11,
      "명령": 6,
      "겸손": 5,
      "복음": 8,
      "은혜": 10,
      "상황": 8,
      "주인": 5,
      "사람": 10,
      "인도": 6,
      "왕": 6,
      "말": 9,
      "감사": 6,
      "죽음": 5,
      "땅": 7,
      "성도": 7,
      "뜻": 6,
      "시작": 7,
      "속": 7,
      "인생": 6,
      "이름": 7,
      "기도": 7,
      "역사": 6,
      "힘": 6,
      "오늘": 7,
      "이야기": 5,
      "앞": 6,
      "마음": 5
    },
    "NNP": {
      "예수": 61,
      "예루살렘": 27,
      "로마": 8,
      "누가복음": 7,
      "주님": 5
    },
    "VA": {
      "그렇": 16,
      "없": 14,
      "귀하": 6,
      "많": 5,
      "크": 5
    },
    "VV": {
      "타": 19,
      "있": 41,
      "걸어가": 16,
      "앞서": 10,
      "되": 24,
      "드러내": 13,
      "끌": 7,
      "위하": 14,
      "따르": 11,
      "풀": 5,
      "보": 12,
      "향하": 10,
      "세우": 8,
      "붙잡": 6,
      "걷": 5,
      "믿": 9,
      "살아가": 8,
      "살": 8,
      "쓰": 6,
      "드리": 6,
      "보이": 7,
      "받": 7,
      "가지": 6,
      "통하": 5,
      "주": 5
    }
  },
  "tfidf": {
    "MAG": {
      "없이": 0.005767672496551878,
      "먼저": 0.004930039380616628,
      "더": 0.003673262648721004,
      "가장": 0.0029936360492909303
    },
    "NNB": {
      "수": 0.016494845360824743,
      "절": 0.007912735427660286,
      "때문": 0.007377464229484627,
      "줄": 0.005720646841750959,
      "장": 0.00488946115080344
    },
    "NNG": {
      "나귀": 0.053963597608142906,
      "새끼": 0.037461744143143995,
      "하나님": 0.026288659793814433,
      "제자": 0.021315950483291417,
      "입성": 0.020998579753373946,
      "말씀": 0.01704608281262562,
      "맞은편": 0.016888669366988643,
      "걸음": 0.016252307739815126,
      "나라": 0.014491943167598534,
      "침묵": 0.01389661305179062,
      "세상": 0.012614177546413361,
      "마을": 0.012411376798434728,
      "자리": 0.011974544197163721,
      "두려움": 0.01077399162854506,
      "사역": 0.009848093018611954,
      "영광": 0.009186316088653512,
      "사랑": 0.008756629414569153,
      "삶": 0.007813606393414966,
      "주": 0.007408536375854198,
      "길": 0.0071618593314034295,
      "가운데": 0.007159835768354118,
      "십자가": 0.007113687590632969,
      "동역자": 0.00679950827245629,
      "교회": 0.0066447608988508735,
      "감당": 0.006509731865801013,
      "믿음": 0.00647508911029601,
      "명령": 0.006169898533587427,
      "겸손": 0.006161095086742872,
      "복음": 0.006124722660677743,
      "은혜": 0.005642681063035723,
      "상황": 0.0052869916113119225,
      "주인": 0.005163642042754994,
      "사람": 0.005160056557968943,
      "인도": 0.004829244478940504,
      "왕": 0.004739429572070926,
      "말": 0.004698023935951465,
      "감사": 0.004583004392451768,
      "죽음": 0.00448007117484643,
      "땅": 0.004290447739450724,
      "성도": 0.004146816939036838,
      "뜻": 0.004137970847111348,
      "시작": 0.003979161231778231,
      "속": 0.003924963544420979,
      "인생": 0.0038221506520871923,
      "이름": 0.0037789920584177855,
      "기도": 0.0036655527153972175,
      "역사": 0.0036501739798052574,
      "힘": 0.0036424031628901556,
      "오늘": 0.0036082474226804126,
      "이야기": 0.0034106282571590377,
      "앞": 0.0032086316367058777,
      "마음": 0.002739327988705802
    },
    "NNP": {
      "예수": 0.03310484090919442,
      "예루살렘": 0.029004311448282392,
      "로마": 0.010072019103451318,
      "누가복음": 0.009845703216019611,
      "주님": 0.0038191703270431397
    },
    "VA": {
      "그렇": 0.008325762904395118,
      "없": 0.007224079181156522,
      "귀하": 0.005493853993035832,
      "많": 0.0027829384976963615,
      "크": 0.0027829384976963615
    },
    "VV": {
      "타": 0.02143556604350828,
      "있": 0.021134020618556702,
      "걸어가": 0.016861315488381844,
      "앞서": 0.013434492818271832,
      "되": 0.012371134020618556,
      "드러내": 0.011722230348634535,
      "끌": 0.009310903416972133,
      "위하": 0.007369717052309711,
      "따르": 0.006910093407532539,
      "풀": 0.006364673466430064,
      "보": 0.0062312171585419945,
      "향하": 0.006129211056358177,
      "세우": 0.005813095425338177,
      "붙잡": 0.005410260160908247,
      "걷": 0.005083662379745385,
      "믿": 0.004843401668960135,
      "살아가": 0.004533236140732669,
      "살": 0.004246816342885283,
      "쓰": 0.004239838194763159,
      "드리": 0.004008621467312306,
      "보이": 0.0037198714443399962,
      "받": 0.0036655527153972175,
      "가지": 0.003297589507176977,
      "통하": 0.002651472415667371,
      "주": 0.002645905848519356
    }
  }
}