{
  "scope": "sermon",
  "idf_scope": "church",
  "church": "S-gA",
  "sermon": "S-gA-0125",
  "document_unit": "sermon_json",
  "document_count": 951,
  "min_count": 5,
  "freq": {
    "MAG": {
      "지금": 5
    },
    "NNB": {
      "수": 10,
      "때문": 7
    },
    "NNG": {
      "제자": 26,
      "근심": 16,
      "길": 34,
      "말씀": 38,
      "요동": 9,
      "집": 17,
      "인생": 19,
      "아버지": 17,
      "풍랑": 6,
      "믿음": 19,
      "여정": 8,
      "땅": 17,
      "목적지": 5,
      "걸음": 7,
      "시선": 8,
      "삶": 15,
      "상황": 11,
      "문제": 9,
      "하나님": 11,
      "가운데": 10,
      "오늘": 10,
      "빛": 5,
      "필요": 6,
      "본문": 6,
      "축복": 5,
      "앞": 6,
      "주": 6,
      "기도": 6,
      "사람": 6,
      "절": 5
    },
    "NNP": {
      "예수": 43,
      "베드로": 5
    },
    "VA": {
      "없": 19,
      "그렇": 8,
      "같": 6,
      "어떻": 5
    },
    "VV": {
      "되": 29,
      "흔들리": 14,
      "걸어가": 10,
      "바라보": 13,
      "있": 14,
      "비추": 5,
      "보": 11,
      "붙잡": 5,
      "따르": 7,
      "믿": 8,
      "향하": 7,
      "찾": 6,
      "알": 8,
      "보이": 7,
      "살아가": 6
    }
  },
  "tfidf": {
    "MAG": {
      "지금": 0.004815423961485612
    },
    "NNB": {
      "수": 0.008424599831508003,
      "때문": 0.006028761838753233
    },
    "NNG": {
      "제자": 0.04117241871705672,
      "근심": 0.03527303143699037,
      "길": 0.03316457747117174,
      "말씀": 0.03208080531379747,
      "요동": 0.030076413336248227,
      "집": 0.021125520470450812,
      "인생": 0.01978158846334371,
      "아버지": 0.019677174882606507,
      "풍랑": 0.018545460620547294,
      "믿음": 0.018279220694302743,
      "여정": 0.017425883580304082,
      "땅": 0.017029602412695254,
      "목적지": 0.015717905011568126,
      "걸음": 0.015494688227091368,
      "시선": 0.013983082409176933,
      "삶": 0.012770342378454116,
      "상황": 0.011881255369144526,
      "문제": 0.009543597995119425,
      "하나님": 0.009267059814658803,
      "가운데": 0.009001413641764622,
      "오늘": 0.008424599831508003,
      "빛": 0.007771060988831354,
      "필요": 0.006516008160288472,
      "본문": 0.006186680759543451,
      "축복": 0.005418207633097547,
      "앞": 0.005244098883916936,
      "주": 0.00518927448639685,
      "기도": 0.005135038344833748,
      "사람": 0.005060072311268618,
      "절": 0.004247846961440036
    },
    "NNP": {
      "예수": 0.038140039342121596,
      "베드로": 0.010701116431959345
    },
    "VA": {
      "없": 0.01602356231901729,
      "그렇": 0.00680369841386964,
      "같": 0.0051783806030877505,
      "어떻": 0.004453588880875084
    },
    "VV": {
      "되": 0.02443133951137321,
      "흔들리": 0.023395855311837143,
      "걸어가": 0.017223542569219027,
      "바라보": 0.014477131157203693,
      "있": 0.011794439764111205,
      "비추": 0.010848194212524755,
      "보": 0.00933545171042447,
      "붙잡": 0.007368649755800336,
      "따르": 0.007186878185976249,
      "믿": 0.007036374979150173,
      "향하": 0.00701218922875687,
      "찾": 0.006875903379856436,
      "알": 0.006861118823943913,
      "보이": 0.006079655098584324,
      "살아가": 0.005556746912187054
    }
  }
}