{
  "scope": "sermon",
  "idf_scope": "church",
  "church": "S-gA",
  "sermon": "S-gA-0078",
  "document_unit": "sermon_json",
  "document_count": 951,
  "min_count": 5,
  "freq": {
    "MAG": {
      "철저히": 9,
      "결코": 6,
      "정말": 6,
      "더": 8,
      "다시": 5
    },
    "NNB": {
      "수": 17,
      "줄": 13,
      "절": 14,
      "때문": 7,
      "분": 6
    },
    "NNG": {
      "말씀": 114,
      "하나님": 61,
      "시인": 18,
      "보증": 10,
      "사랑": 42,
      "주의": 23,
      "종": 16,
      "주": 29,
      "삶": 29,
      "마음": 23,
      "간구": 9,
      "공의": 7,
      "소망": 15,
      "정의": 7,
      "연": 5,
      "절": 18,
      "질서": 6,
      "세상": 16,
      "박해": 5,
      "사람": 16,
      "오늘": 16,
      "가치": 7,
      "안": 13,
      "고난": 7,
      "인생": 10,
      "은혜": 11,
      "영원": 7,
      "기준": 5,
      "구원": 8,
      "축복": 7,
      "표현": 6,
      "사용": 5,
      "가운데": 7,
      "의미": 6,
      "말": 7,
      "모습": 5,
      "성도": 5,
      "속": 5,
      "이름": 5,
      "기도": 5
    },
    "NNP": {
      "예수": 5
    },
    "VA": {
      "바르": 6,
      "부끄럽": 5,
      "없": 11,
      "귀하": 5
    },
    "VV": {
      "되": 35,
      "살아가": 24,
      "살": 25,
      "미워하": 8,
      "믿": 21,
      "붙들": 12,
      "따르": 14,
      "있": 15,
      "품": 7,
      "변하": 5,
      "행하": 7,
      "기다리": 5,
      "살펴보": 5,
      "구하": 5,
      "통하": 6
    }
  },
  "tfidf": {
    "MAG": {
      "철저히": 0.016199206384442364,
      "결코": 0.006759745117460763,
      "정말": 0.005905387547730585,
      "더": 0.005372129316636824,
      "다시": 0.003648729085256013
    },
    "NNB": {
      "수": 0.011213720316622692,
      "줄": 0.009516801672094934,
      "절": 0.009450742929430668,
      "때문": 0.004720409170580532,
      "분": 0.004337079925565248
    },
    "NNG": {
      "말씀": 0.07535603411769974,
      "하나님": 0.040237467018469655,
      "시인": 0.03839357518939821,
      "보증": 0.02962578631137791,
      "사랑": 0.029414996895576133,
      "주의": 0.02591235628359959,
      "종": 0.021114848340980538,
      "주": 0.019638346047189836,
      "삶": 0.01933128828907326,
      "마음": 0.01612517346385922,
      "간구": 0.014995129402199185,
      "공의": 0.014104094940901557,
      "소망": 0.013296692057244415,
      "정의": 0.012738054253806181,
      "연": 0.012002167973665101,
      "절": 0.011973548572312375,
      "질서": 0.011659274996261135,
      "세상": 0.011229324051871938,
      "박해": 0.010763341638050051,
      "사람": 0.010565181765129024,
      "오늘": 0.010554089709762533,
      "가치": 0.010418946898009004,
      "안": 0.009181636333946712,
      "고난": 0.008529739460890782,
      "인생": 0.008151904425076026,
      "은혜": 0.007942929675803585,
      "영원": 0.007627918045161653,
      "기준": 0.007117814846308308,
      "구원": 0.006847147065407877,
      "축복": 0.005939299105990438,
      "표현": 0.005365864072067579,
      "사용": 0.005077826256744495,
      "가운데": 0.004933558439935505,
      "의미": 0.004807817816531767,
      "말": 0.004675986884360956,
      "모습": 0.003834980599382829,
      "성도": 0.0037904376468768687,
      "속": 0.003587650431670137,
      "이름": 0.0034542238000991815,
      "기도": 0.003350533484673295
    },
    "NNP": {
      "예수": 0.003472435624585686
    },
    "VA": {
      "바르": 0.011141714714533452,
      "부끄럽": 0.009764924917019966,
      "없": 0.007263562463526204,
      "귀하": 0.005858661360207518
    },
    "VV": {
      "되": 0.02308707124010554,
      "살아가": 0.017403320804132014,
      "살": 0.01698306337647891,
      "미워하": 0.015743365232666034,
      "믿": 0.014462048079260914,
      "붙들": 0.012115790905505306,
      "따르": 0.011254385760888927,
      "있": 0.009894459102902375,
      "품": 0.009680472007967228,
      "변하": 0.0065609106914828194,
      "행하": 0.006560483967931891,
      "기다리": 0.006068508642134336,
      "살펴보": 0.005570429756925822,
      "구하": 0.005292665643851888,
      "통하": 0.004071654210866518
    }
  }
}