{
  "scope": "sermon",
  "idf_scope": "church",
  "church": "S-gA",
  "sermon": "S-gA-0345",
  "document_unit": "sermon_json",
  "document_count": 951,
  "min_count": 5,
  "freq": {
    "MAG": {
      "스스로": 10,
      "가장": 8,
      "더": 7
    },
    "NNB": {
      "절": 12,
      "개": 5,
      "때문": 10,
      "장": 9,
      "수": 9
    },
    "NNG": {
      "금방패": 13,
      "놋방패": 10,
      "겸비": 13,
      "방패": 16,
      "암": 14,
      "방백": 9,
      "우상": 15,
      "하나님": 30,
      "왕": 18,
      "금": 10,
      "두려움": 10,
      "요새": 5,
      "절": 17,
      "배신": 5,
      "왕국": 5,
      "말": 16,
      "성읍": 5,
      "안정": 5,
      "세력": 5,
      "대신": 7,
      "필요": 11,
      "나라": 10,
      "주": 11,
      "인생": 9,
      "단어": 7,
      "구원": 8,
      "실패": 5,
      "영광": 6,
      "성도": 7,
      "오늘": 8,
      "관계": 5,
      "사랑": 7,
      "말씀": 7,
      "손": 5,
      "의미": 5,
      "삶": 5
    },
    "NNP": {
      "르호보암": 15,
      "르호보": 11,
      "이스라엘": 11,
      "여호": 7,
      "여호와": 6,
      "예루살렘": 5
    },
    "VA": {
      "이렇": 15,
      "없": 7
    },
    "VV": {
      "있": 23,
      "버리": 12,
      "위하": 15,
      "만들": 11,
      "쉬": 5,
      "되": 11,
      "치": 5,
      "그러": 5,
      "주": 6,
      "가지": 5,
      "믿": 5,
      "알": 5,
      "보": 5
    }
  },
  "tfidf": {
    "MAG": {
      "스스로": 0.01204895205391347,
      "가장": 0.006498074333565768,
      "더": 0.0049833073695935304
    },
    "NNB": {
      "절": 0.008587807960649485,
      "개": 0.00806155751702709,
      "때문": 0.007148991311288799,
      "장": 0.006633254987803269,
      "수": 0.006293706293706294
    },
    "NNG": {
      "금방패": 0.06514016231119472,
      "놋방패": 0.050107817162457484,
      "겸비": 0.048851439863666954,
      "방패": 0.04509005469429113,
      "암": 0.03204920684314064,
      "방백": 0.029725620538293664,
      "우상": 0.024389953280389984,
      "하나님": 0.02097902097902098,
      "왕": 0.019289146929687268,
      "금": 0.018758148966556195,
      "두려움": 0.01328769469763345,
      "요새": 0.013220376191907851,
      "절": 0.011988434102783004,
      "배신": 0.011705264084875927,
      "왕국": 0.01159185402979497,
      "말": 0.011330743043662272,
      "성읍": 0.01110641191492009,
      "안정": 0.010709001710470714,
      "세력": 0.010651680697269048,
      "대신": 0.010564230929933395,
      "필요": 0.009916027802900535,
      "나라": 0.008936544737807106,
      "주": 0.007897011301734693,
      "인생": 0.007777942935366246,
      "단어": 0.007688772952732215,
      "구원": 0.00725893353227856,
      "실패": 0.006299933641827764,
      "영광": 0.0057519483201682025,
      "성도": 0.005625751651560466,
      "오늘": 0.005594405594405594,
      "관계": 0.005296100002325295,
      "사랑": 0.005197335115815084,
      "말씀": 0.004905399546417799,
      "손": 0.004698784419296627,
      "의미": 0.004247466089663262,
      "삶": 0.0035334257350174906
    },
    "NNP": {
      "르호보암": 0.060620176501169895,
      "르호보": 0.04666773511971777,
      "이스라엘": 0.011359607826040516,
      "여호": 0.008661986793994152,
      "여호와": 0.007950988914012247,
      "예루살렘": 0.007286760451912437
    },
    "VA": {
      "이렇": 0.010734759950811856,
      "없": 0.004900249514490787
    },
    "VV": {
      "있": 0.016083916083916083,
      "버리": 0.015605273897997334,
      "위하": 0.010712226085025605,
      "만들": 0.009557691151219601,
      "쉬": 0.007928594595386394,
      "되": 0.007692307692307693,
      "치": 0.004798616244221246,
      "그러": 0.004358475524329627,
      "주": 0.0043074607100371054,
      "가지": 0.0037280440815404057,
      "믿": 0.0036504270543056185,
      "알": 0.0035595052639953786,
      "보": 0.0035223080674742046
    }
  }
}