{
  "scope": "sermon",
  "idf_scope": "church",
  "church": "S-gA",
  "sermon": "S-gA-0770",
  "document_unit": "sermon_json",
  "document_count": 951,
  "min_count": 5,
  "freq": {
    "MAG": {
      "이제": 8
    },
    "NNB": {
      "수": 25,
      "번": 14,
      "절": 11,
      "때문": 8
    },
    "NNG": {
      "심판": 71,
      "하나님": 44,
      "제국": 13,
      "시행": 7,
      "유황": 5,
      "타협": 8,
      "공의": 8,
      "회개": 10,
      "연기": 5,
      "주권": 7,
      "나팔": 5,
      "세상": 18,
      "메시지": 8,
      "마": 6,
      "특징": 7,
      "계획": 8,
      "지역": 6,
      "죄": 11,
      "핍박": 5,
      "천사": 5,
      "위로": 6,
      "말씀": 12,
      "기록": 7,
      "오늘": 11,
      "생각": 10,
      "당시": 6,
      "수": 5,
      "중요": 8,
      "말": 8,
      "사람": 8,
      "주": 7,
      "모습": 6,
      "성도": 6,
      "삶": 6,
      "앞": 5
    },
    "NNP": {
      "유브라데": 5,
      "로마": 5,
      "예수": 6
    },
    "VA": {
      "그렇": 8,
      "없": 8,
      "많": 6,
      "어떻": 6,
      "같": 6
    },
    "VV": {
      "있": 32,
      "가르치": 17,
      "되": 19,
      "알": 14,
      "행하": 10,
      "보": 14,
      "따르": 10,
      "당하": 7,
      "살아가": 9,
      "보이": 7,
      "통하": 7,
      "대하": 6,
      "나오": 6,
      "죽": 5,
      "위하": 6,
      "받": 6,
      "믿": 5
    }
  },
  "tfidf": {
    "MAG": {
      "이제": 0.00681790487052309
    },
    "NNB": {
      "수": 0.019319938176197836,
      "번": 0.011072122319178432,
      "절": 0.008699524679354483,
      "때문": 0.006320282890351148
    },
    "NNG": {
      "심판": 0.11625411182802264,
      "하나님": 0.03400309119010819,
      "제국": 0.0320994105323268,
      "시행": 0.023935119638441683,
      "유황": 0.022330461719905447,
      "타협": 0.019196135045966,
      "공의": 0.01888435233420778,
      "회개": 0.017466329797472882,
      "연기": 0.016309810181858498,
      "주권": 0.015515399641490265,
      "나팔": 0.015327452614686007,
      "세상": 0.014800318524318077,
      "메시지": 0.01242188720151163,
      "마": 0.012411660670012117,
      "특징": 0.012246503544301917,
      "계획": 0.011795502208368707,
      "지역": 0.011557599782547976,
      "죄": 0.011224634715039141,
      "핍박": 0.010877665834127198,
      "천사": 0.01063608794780056,
      "위로": 0.009397291611319237,
      "말씀": 0.009293073108470901,
      "기록": 0.008649833844733461,
      "오늘": 0.008500772797527048,
      "생각": 0.008274498087185363,
      "당시": 0.007989181500971991,
      "수": 0.007786014751777456,
      "중요": 0.007296586832377331,
      "말": 0.00626080469568665,
      "사람": 0.006188877726404792,
      "주": 0.005553539632595496,
      "모습": 0.005391496681914406,
      "성도": 0.005328874936011127,
      "삶": 0.004685748501769717,
      "앞": 0.0040087231937206355
    },
    "NNP": {
      "유브라데": 0.020454465522912784,
      "로마": 0.009437653139825907,
      "예수": 0.004881804395862658
    },
    "VA": {
      "그렇": 0.0062411051138046856,
      "없": 0.006188877726404792,
      "많": 0.0050067085182667155,
      "어떻": 0.004902389491436222,
      "같": 0.004750183752600588
    },
    "VV": {
      "있": 0.02472952086553323,
      "가르치": 0.023888157264093643,
      "되": 0.014683153013910355,
      "알": 0.011014110569580753,
      "행하": 0.010980010703670509,
      "보": 0.010899011980036101,
      "따르": 0.009418000007456179,
      "당하": 0.008174830584194347,
      "살아가": 0.007645894804597411,
      "보이": 0.005576932459056871,
      "통하": 0.00556522340104527,
      "대하": 0.004949042838014744,
      "나오": 0.004917888509195215,
      "죽": 0.00474451950984928,
      "위하": 0.004735234405436356,
      "받": 0.004710425436876088,
      "믿": 0.004034088630337739
    }
  }
}