{
  "scope": "sermon",
  "idf_scope": "church",
  "church": "S-gA",
  "sermon": "S-gA-0685",
  "document_unit": "sermon_json",
  "document_count": 951,
  "min_count": 5,
  "freq": {
    "MAG": {
      "분명": 5,
      "다": 7,
      "잘": 6,
      "더": 5
    },
    "NNB": {
      "수": 22,
      "거": 15,
      "데": 5
    },
    "NNG": {
      "밭": 21,
      "복음": 30,
      "달란트": 9,
      "꽃": 13,
      "말씀": 36,
      "비유": 12,
      "사인": 7,
      "하나님": 23,
      "이야기": 16,
      "여인": 8,
      "씨": 5,
      "여성": 5,
      "순종": 11,
      "열매": 8,
      "인내": 5,
      "주": 14,
      "등장": 7,
      "나라": 10,
      "사람": 12,
      "인생": 9,
      "안": 10,
      "강조": 5,
      "삶": 10,
      "오늘": 9,
      "성도": 7,
      "마음": 7,
      "위": 5,
      "생각": 6,
      "가운데": 6,
      "본문": 5,
      "기도": 6,
      "절": 6,
      "땅": 5,
      "말": 5
    },
    "NNP": {
      "예수": 17
    },
    "VA": {
      "좋": 12,
      "없": 13,
      "이렇": 11,
      "그렇": 8,
      "어떻": 6,
      "같": 6
    },
    "VV": {
      "되": 43,
      "있": 34,
      "받": 24,
      "뿌리": 7,
      "심기": 5,
      "피우": 5,
      "만지": 5,
      "보": 11,
      "살아가": 9,
      "맺": 5,
      "듣": 8,
      "바라": 6,
      "주": 8,
      "위하": 8,
      "통하": 7,
      "지키": 5,
      "믿": 6,
      "나오": 5
    }
  },
  "tfidf": {
    "MAG": {
      "분명": 0.0065314982139841205,
      "다": 0.0054932094153643625,
      "잘": 0.005069006864781212,
      "더": 0.0038300169507248993
    },
    "NNB": {
      "수": 0.01655379984951091,
      "거": 0.01332080045301392,
      "데": 0.0064823180726472016
    },
    "NNG": {
      "밭": 0.05416306467638005,
      "복음": 0.03352698070461293,
      "달란트": 0.030414915608159534,
      "꽃": 0.027792857467038176,
      "말씀": 0.0271450036170685,
      "비유": 0.022894402308378844,
      "사인": 0.02068260031186552,
      "하나님": 0.01730624529721595,
      "이야기": 0.015931663070310992,
      "여인": 0.015004298087401136,
      "씨": 0.014700230685515191,
      "여성": 0.013978293109103961,
      "순종": 0.013824913490441335,
      "열매": 0.01315420176144393,
      "인내": 0.011138921124305695,
      "주": 0.010814567772127269,
      "등장": 0.010598106710410449,
      "나라": 0.009615695240830823,
      "사람": 0.009038834963846274,
      "인생": 0.008369043188543063,
      "안": 0.008056584292564228,
      "강조": 0.007971302191919228,
      "삶": 0.007603910912076767,
      "오늘": 0.006772009029345372,
      "성도": 0.0060532918447941805,
      "마음": 0.0055982052801542195,
      "위": 0.0053635249889096535,
      "생각": 0.004833950575538536,
      "가운데": 0.004823782389514495,
      "본문": 0.004604709093038673,
      "기도": 0.004586373600690487,
      "절": 0.0045527714160084175,
      "땅": 0.004473540048658714,
      "말": 0.0038099516912239112
    },
    "NNP": {
      "예수": 0.013467511048430745
    },
    "VA": {
      "좋": 0.01036606704594977,
      "없": 0.009792071210833466,
      "이렇": 0.008470417558378254,
      "그렇": 0.006076741924201101,
      "어떻": 0.004773282168486434,
      "같": 0.0046250848576863506
    },
    "VV": {
      "되": 0.03235515425131678,
      "있": 0.025583145221971408,
      "받": 0.01834549440276195,
      "뿌리": 0.017242425051050076,
      "심기": 0.01588028169700895,
      "피우": 0.012941024932260225,
      "만지": 0.01071455884384917,
      "보": 0.008337984334291833,
      "살아가": 0.0074445356487201275,
      "맺": 0.00744180605113117,
      "듣": 0.006808928878498178,
      "바라": 0.006494673167694008,
      "주": 0.0061797530126441545,
      "위하": 0.006147372280546421,
      "통하": 0.005418659955570037,
      "지키": 0.005369578453189942,
      "믿": 0.004713418228132762,
      "나오": 0.003990310842048287
    }
  }
}