{
  "scope": "sermon",
  "idf_scope": "church",
  "church": "S-gA",
  "sermon": "S-gA-0519",
  "document_unit": "sermon_json",
  "document_count": 951,
  "min_count": 5,
  "freq": {
    "MAG": {
      "또는": 7,
      "더": 17,
      "가장": 6,
      "지금": 6
    },
    "NNB": {
      "수": 17,
      "줄": 12,
      "절": 8,
      "때문": 5
    },
    "NNG": {
      "침상": 10,
      "하나님": 45,
      "죄": 34,
      "말": 39,
      "겉옷": 7,
      "말씀": 31,
      "사람": 27,
      "계획": 14,
      "분깃": 5,
      "공동체": 13,
      "이야기": 17,
      "오늘": 18,
      "새벽": 9,
      "질서": 6,
      "아침": 8,
      "가정": 9,
      "마음": 13,
      "앞": 13,
      "길": 11,
      "불편": 5,
      "안전": 5,
      "욕망": 5,
      "판단": 5,
      "하루": 7,
      "절": 12,
      "시대": 8,
      "밤": 6,
      "자리": 9,
      "사랑": 9,
      "힘": 8,
      "삶": 9,
      "축복": 7,
      "시작": 7,
      "집": 5,
      "주": 7,
      "성도": 6,
      "속": 6,
      "문제": 5,
      "은혜": 5,
      "이름": 5
    },
    "VA": {
      "약하": 9,
      "이렇": 16,
      "없": 9,
      "작": 5,
      "쉽": 5
    },
    "VV": {
      "빼앗": 15,
      "되": 39,
      "있": 29,
      "무너뜨리": 6,
      "보": 11,
      "믿": 10,
      "멈추": 5,
      "돌아오": 5,
      "만들": 7,
      "끝나": 5,
      "주": 7,
      "세우": 5,
      "가지": 6,
      "듣": 5,
      "알": 5
    }
  },
  "tfidf": {
    "MAG": {
      "또는": 0.01363223591415389,
      "더": 0.01112231015009353,
      "가장": 0.00447891049019877,
      "지금": 0.0044081554567738475
    },
    "NNB": {
      "수": 0.010925449871465296,
      "줄": 0.008558911213108119,
      "절": 0.005261596136987473,
      "때문": 0.0032850442079508297
    },
    "NNG": {
      "침상": 0.029818054048349384,
      "하나님": 0.02892030848329049,
      "죄": 0.028852478904116737,
      "말": 0.02538221158198285,
      "겉옷": 0.020362804416653685,
      "말씀": 0.01996477799235228,
      "사람": 0.01737042175491088,
      "계획": 0.017166397654788522,
      "분깃": 0.01614830234812066,
      "공동체": 0.015033897114218759,
      "이야기": 0.014457907444872117,
      "오늘": 0.011568123393316195,
      "새벽": 0.011473463197592555,
      "질서": 0.011359550703298124,
      "아침": 0.010943266076184014,
      "가정": 0.009940953947998708,
      "마음": 0.008879929546935774,
      "앞": 0.008667704571307009,
      "길": 0.008185201271001991,
      "불편": 0.008163383807670788,
      "안전": 0.00808557449494394,
      "욕망": 0.00808557449494394,
      "판단": 0.007906177163475619,
      "하루": 0.007899771903113481,
      "절": 0.007777163511407695,
      "시대": 0.007609968386322769,
      "밤": 0.007427968563020647,
      "자리": 0.006718365735298154,
      "사랑": 0.0061411772806224865,
      "힘": 0.00605506609769229,
      "삶": 0.005845140001243586,
      "축복": 0.005786617895039527,
      "시작": 0.004961165031908592,
      "집": 0.004739904884021079,
      "주": 0.004618432059497797,
      "성도": 0.004431596508482262,
      "속": 0.004194507496975779,
      "문제": 0.004044648250573678,
      "은혜": 0.0035176096601186708,
      "이름": 0.003365426273104344
    },
    "VA": {
      "약하": 0.012945679641174768,
      "이렇": 0.010523192273974946,
      "없": 0.005790140584970293,
      "작": 0.005321431611836256,
      "쉽": 0.004675420426916935
    },
    "VV": {
      "빼앗": 0.027076243838770837,
      "되": 0.02506426735218509,
      "있": 0.018637532133676093,
      "무너뜨리": 0.010981734218618673,
      "보": 0.007121581735394503,
      "믿": 0.006709653840176137,
      "멈추": 0.006189973802517206,
      "돌아오": 0.0057449463585760785,
      "만들": 0.005589652279954908,
      "끝나": 0.004884225438908041,
      "주": 0.004618432059497797,
      "세우": 0.004529806043202147,
      "가지": 0.004111390516660242,
      "듣": 0.003634747139911664,
      "알": 0.003271267691203979
    }
  }
}