{
  "scope": "sermon",
  "idf_scope": "church",
  "church": "S-gA",
  "sermon": "S-gA-0057",
  "document_unit": "sermon_json",
  "document_count": 951,
  "min_count": 5,
  "freq": {
    "MAG": {
      "매일": 24,
      "지금": 11,
      "단순히": 5,
      "이제": 7
    },
    "NNB": {
      "수": 7
    },
    "NNG": {
      "성찬": 28,
      "삶": 68,
      "잔": 14,
      "하늘": 30,
      "떡": 15,
      "은혜": 37,
      "하나님": 38,
      "가운데": 31,
      "축복": 24,
      "만찬": 5,
      "기억": 14,
      "제자": 10,
      "임재": 7,
      "주": 14,
      "나라": 11,
      "하루": 8,
      "시작": 11,
      "생명": 8,
      "말씀": 11,
      "오늘": 11,
      "순간": 8,
      "광야": 5,
      "힘": 9,
      "피": 5,
      "소망": 7,
      "자리": 8,
      "길": 7,
      "앞": 7,
      "인생": 5,
      "사랑": 5
    },
    "NNP": {
      "예수": 26,
      "그리스도": 9
    },
    "VA": {
      "놀랍": 33,
      "그렇": 31,
      "같": 11,
      "없": 5
    },
    "VV": {
      "되": 35,
      "통하": 31,
      "나누": 18,
      "살아가": 24,
      "맛보": 9,
      "걷": 11,
      "먹": 13,
      "지치": 6,
      "주": 13,
      "알리": 8,
      "향하": 11,
      "있": 12,
      "만나": 9,
      "위하": 9,
      "살리": 5,
      "나아가": 7,
      "이루어지": 5,
      "살": 5,
      "알": 5
    }
  },
  "tfidf": {
    "MAG": {
      "매일": 0.03862250907601649,
      "지금": 0.009855014210833485,
      "단순히": 0.007632321280371622,
      "이제": 0.006049821935462201
    },
    "NNB": {
      "수": 0.0054858934169279
    },
    "NNG": {
      "성찬": 0.10901991516697931,
      "삶": 0.05385428189233554,
      "잔": 0.038421619838107234,
      "하늘": 0.03416935525299038,
      "떡": 0.033246008386351056,
      "은혜": 0.031742292061497195,
      "하나님": 0.029780564263322883,
      "가운데": 0.02595807349341793,
      "축복": 0.024193401105279455,
      "만찬": 0.020182268157089164,
      "기억": 0.014974417499338172,
      "제자": 0.014731028760895323,
      "임재": 0.011894544720431922,
      "주": 0.01126376220153381,
      "나라": 0.011016602564710485,
      "하루": 0.011009444766004994,
      "시작": 0.009506863041440602,
      "생명": 0.008700724332343346,
      "말씀": 0.008638819398248093,
      "오늘": 0.008620689655172414,
      "순간": 0.008481385421085497,
      "광야": 0.008378735337711418,
      "힘": 0.00830673448590153,
      "피": 0.008277279953962428,
      "소망": 0.007372230726827468,
      "자리": 0.007282324684168532,
      "길": 0.006351753508389406,
      "앞": 0.005691381612652276,
      "인생": 0.004842588992325727,
      "사랑": 0.004160428356255916
    },
    "NNP": {
      "예수": 0.02145290322549677,
      "그리스도": 0.008476917394605616
    },
    "VA": {
      "놀랍": 0.03517972979262754,
      "그렇": 0.02452543990352284,
      "같": 0.008831519792909713,
      "없": 0.003922613527609619
    },
    "VV": {
      "되": 0.0274294670846395,
      "통하": 0.02499366004361061,
      "나누": 0.02277364139051515,
      "살아가": 0.020676672679517345,
      "맛보": 0.018840605846830324,
      "걷": 0.017003974166734565,
      "먹": 0.015557853764631478,
      "지치": 0.011764790408084732,
      "주": 0.01045920775856711,
      "알리": 0.010357298483175159,
      "향하": 0.010250577111495572,
      "있": 0.009404388714733543,
      "만나": 0.009333788302507336,
      "위하": 0.007203048574413768,
      "살리": 0.007060270460669045,
      "나아가": 0.006897605338900803,
      "이루어지": 0.006743095535678413,
      "살": 0.004035473993533233,
      "알": 0.003989100726891372
    }
  }
}