{
  "scope": "sermon",
  "idf_scope": "church",
  "church": "S-gA",
  "sermon": "S-gA-0213",
  "document_unit": "sermon_json",
  "document_count": 951,
  "min_count": 5,
  "freq": {
    "MAG": {
      "다시": 14,
      "도리어": 5,
      "가장": 9,
      "먼저": 5,
      "더": 5
    },
    "NNB": {
      "수": 19,
      "절": 12,
      "때문": 11,
      "명": 6,
      "장": 7,
      "중": 6
    },
    "NNG": {
      "예배": 46,
      "하나님": 55,
      "질투": 12,
      "사랑": 35,
      "범죄": 12,
      "마알": 5,
      "백성": 24,
      "말": 24,
      "신실": 9,
      "세상": 19,
      "회복": 12,
      "자리": 16,
      "제사장": 7,
      "하늘": 12,
      "배신": 5,
      "땅": 14,
      "기록": 10,
      "사람": 14,
      "관계": 9,
      "언약": 5,
      "주인": 6,
      "삶": 11,
      "장": 9,
      "의미": 9,
      "전쟁": 5,
      "교회": 7,
      "성": 5,
      "위": 6,
      "주": 8,
      "절": 8,
      "소망": 6,
      "말씀": 8,
      "처음": 5,
      "경험": 6,
      "마음": 7,
      "인생": 6,
      "아들": 5,
      "이야기": 5,
      "성도": 5
    },
    "NNP": {
      "비느하스": 8,
      "이스라엘": 23,
      "바벨론": 9
    },
    "VA": {
      "이렇": 22,
      "날카롭": 5,
      "없": 9,
      "크": 5,
      "같": 5
    },
    "VV": {
      "있": 22,
      "사로잡히": 6,
      "위하": 11,
      "되": 11,
      "살": 10,
      "깨닫": 6,
      "말미암": 5,
      "만나": 6,
      "죽": 6,
      "듣": 5,
      "통하": 5
    }
  },
  "tfidf": {
    "MAG": {
      "다시": 0.009865047911525301,
      "도리어": 0.009780488191112484,
      "가장": 0.006658456741480209,
      "먼저": 0.004351354139397752,
      "더": 0.003242097151282415
    },
    "NNB": {
      "수": 0.012101910828025478,
      "절": 0.007822016167980105,
      "때문": 0.007162651804240306,
      "명": 0.006685289625580891,
      "장": 0.004699142422357447,
      "중": 0.004549057782320874
    },
    "NNG": {
      "예배": 0.04034486856922737,
      "하나님": 0.03503184713375796,
      "질투": 0.028042626441515464,
      "사랑": 0.02366939240641901,
      "범죄": 0.02334683304503013,
      "마알": 0.021528511930328842,
      "백성": 0.01868970923472182,
      "말": 0.015480537470481259,
      "신실": 0.01375211190179927,
      "세상": 0.012876172372218128,
      "회복": 0.012062439713359263,
      "자리": 0.01183725642929815,
      "제사장": 0.011738680590794363,
      "하늘": 0.011108305045303368,
      "배신": 0.01066148257412266,
      "땅": 0.010603144731890961,
      "기록": 0.010184608730741673,
      "사람": 0.008926569179263471,
      "관계": 0.00868290535413077,
      "언약": 0.007694736701495452,
      "주인": 0.007656661576773011,
      "삶": 0.007080355007875812,
      "장": 0.007023706632865538,
      "의미": 0.006963680073116711,
      "전쟁": 0.006539586197053748,
      "교회": 0.00574750656091687,
      "성": 0.005613823160379428,
      "위": 0.005448248186186697,
      "주": 0.005231141244461198,
      "절": 0.0051385420058388,
      "소망": 0.005135741441728034,
      "말씀": 0.005106257580620529,
      "처음": 0.004812661863488392,
      "경험": 0.0047432944846505275,
      "마음": 0.004738862940971311,
      "인생": 0.004722912270731945,
      "아들": 0.004676192253904508,
      "이야기": 0.004214406891011805,
      "성도": 0.003660065906156263
    },
    "NNP": {
      "비느하스": 0.03297972317794382,
      "이스라엘": 0.021633902802459328,
      "바벨론": 0.01719030170310015
    },
    "VA": {
      "이렇": 0.014340362974630191,
      "날카롭": 0.0129041482325511,
      "없": 0.005738508758097946,
      "크": 0.00343879024556111,
      "같": 0.003262599668718238
    },
    "VV": {
      "있": 0.014012738853503185,
      "사로잡히": 0.009040141113824778,
      "위하": 0.0071551302045627495,
      "되": 0.0070063694267515925,
      "살": 0.0065595730136922365,
      "깨닫": 0.005876930218627197,
      "말미암": 0.005592377198018461,
      "만나": 0.005057288269214166,
      "죽": 0.004692541334327364,
      "듣": 0.0036023353819761464,
      "통하": 0.003276341711079427
    }
  }
}