{
  "scope": "sermon",
  "idf_scope": "church",
  "church": "S-gA",
  "sermon": "S-gA-0768",
  "document_unit": "sermon_json",
  "document_count": 951,
  "min_count": 5,
  "freq": {
    "MAG": {
      "이제": 8,
      "다": 7,
      "더": 7
    },
    "NNB": {
      "수": 28,
      "절": 9
    },
    "NNG": {
      "세례": 29,
      "신랑": 11,
      "비교": 19,
      "본질": 16,
      "제자": 19,
      "사명": 17,
      "기쁨": 21,
      "사람": 33,
      "요한": 7,
      "말": 23,
      "의식": 9,
      "보고": 5,
      "고백": 16,
      "삶": 20,
      "소유": 7,
      "시작": 16,
      "주목": 7,
      "성도": 13,
      "오늘": 14,
      "본문": 11,
      "친구": 6,
      "남": 5,
      "하나님": 11,
      "내용": 6,
      "모습": 9,
      "요": 5,
      "하늘": 7,
      "관심": 5,
      "인생": 8,
      "주": 9,
      "말씀": 9,
      "도": 6,
      "이전": 5,
      "땅": 7,
      "자리": 7,
      "이야기": 6,
      "구원": 6,
      "사랑": 7,
      "시대": 5,
      "영광": 5,
      "안": 5,
      "가운데": 5,
      "마음": 5,
      "절": 5
    },
    "NNP": {
      "요한": 23,
      "메시아": 6,
      "예수": 17,
      "한": 5,
      "그리스도": 8,
      "그리스": 6
    },
    "VA": {
      "없": 15,
      "참되": 5,
      "이렇": 5
    },
    "VV": {
      "되": 48,
      "있": 28,
      "살아내": 8,
      "관하": 7,
      "깨닫": 12,
      "받": 18,
      "인정받": 5,
      "드러나": 9,
      "베풀": 6,
      "붙들": 8,
      "주": 10,
      "높이": 5,
      "누리": 7,
      "말미암": 5,
      "보이": 8,
      "보내": 5,
      "살": 7,
      "통하": 7,
      "보": 7,
      "살아가": 6,
      "가지": 5,
      "믿": 5
    }
  },
  "tfidf": {
    "MAG": {
      "이제": 0.0061651774300886635,
      "다": 0.005101659897288077,
      "더": 0.004979824974506462
    },
    "NNB": {
      "수": 0.019566736547868623,
      "절": 0.00643635502291864
    },
    "NNG": {
      "세례": 0.06124822551177969,
      "신랑": 0.03049209790600148,
      "비교": 0.028260544922807846,
      "본질": 0.0278174927369806,
      "제자": 0.024957306867864865,
      "사명": 0.024358618631576286,
      "기쁨": 0.02340915598615973,
      "사람": 0.023085032902947014,
      "요한": 0.016375918027897698,
      "말": 0.016276560914834565,
      "의식": 0.015977641766963202,
      "보고": 0.015459740846632493,
      "고백": 0.014779856740182364,
      "삶": 0.014123826138574455,
      "소유": 0.012499525427761024,
      "시작": 0.012330354860177327,
      "주목": 0.011632063438256894,
      "성도": 0.010440523430419192,
      "오늘": 0.009783368273934312,
      "본문": 0.009408279836636248,
      "친구": 0.008790413635267037,
      "남": 0.007757548446742207,
      "하나님": 0.007686932215234102,
      "내용": 0.007362710440997051,
      "모습": 0.007312994451150149,
      "요": 0.007249265731871515,
      "하늘": 0.007109263478213604,
      "관심": 0.007000325340981614,
      "인생": 0.006908895658093783,
      "주": 0.006456675907078681,
      "말씀": 0.006302534906897981,
      "도": 0.00604542034498549,
      "이전": 0.006012711323218488,
      "땅": 0.005816539912323134,
      "자리": 0.0056818417259777544,
      "이야기": 0.005548527311436926,
      "구원": 0.005440395676707726,
      "사랑": 0.005193703155566436,
      "시대": 0.00517169409902089,
      "영광": 0.004789940657955119,
      "안": 0.003741160211326995,
      "가운데": 0.003733290703275544,
      "마음": 0.003713694128643785,
      "절": 0.0035235460120400575
    },
    "NNP": {
      "요한": 0.04642997198459356,
      "메시아": 0.013856134772288574,
      "예수": 0.012507562671813039,
      "한": 0.009352835375608945,
      "그리스도": 0.006718873574356248,
      "그리스": 0.006314195549148005
    },
    "VA": {
      "없": 0.010493196774066824,
      "참되": 0.007238531283803835,
      "이렇": 0.0035757527905103553
    },
    "VV": {
      "되": 0.033542976939203356,
      "있": 0.019566736547868623,
      "살아내": 0.01496453660097431,
      "관하": 0.013931172735755252,
      "깨닫": 0.012895570151285394,
      "받": 0.012778386824565323,
      "인정받": 0.012103829070995551,
      "드러나": 0.010809311211101322,
      "베풀": 0.009034727715451421,
      "붙들": 0.008556971354645256,
      "주": 0.007174084341198534,
      "높이": 0.007153822647849983,
      "누리": 0.007093119291490614,
      "말미암": 0.006135592034164209,
      "보이": 0.005763442629146125,
      "보내": 0.005225495916320407,
      "살": 0.005037715403247916,
      "통하": 0.005032424235466513,
      "보": 0.004927785290764051,
      "살아가": 0.004609265258396948,
      "가지": 0.0037254388795267507,
      "믿": 0.0036478760920035185
    }
  }
}