{
  "scope": "sermon",
  "idf_scope": "church",
  "church": "S-gA",
  "sermon": "S-gA-0807",
  "document_unit": "sermon_json",
  "document_count": 951,
  "min_count": 5,
  "freq": {
    "MAG": {
      "무척": 5,
      "멀리": 5
    },
    "NNB": {
      "수": 15,
      "번": 9,
      "때문": 7
    },
    "NNG": {
      "두루마리": 16,
      "환상": 17,
      "하나님": 49,
      "망령": 8,
      "죄악": 17,
      "죄": 32,
      "심판": 19,
      "에바": 5,
      "시날": 5,
      "도둑": 8,
      "맹세": 8,
      "집": 17,
      "공의": 8,
      "크기": 6,
      "저주": 8,
      "날개": 5,
      "경외": 6,
      "이웃": 7,
      "관계": 11,
      "경제": 6,
      "이름": 15,
      "땅": 13,
      "삶": 15,
      "가운데": 14,
      "여인": 6,
      "백성": 12,
      "은혜": 12,
      "말씀": 13,
      "사람": 13,
      "기준": 6,
      "본문": 10,
      "언약": 5,
      "오늘": 12,
      "사랑": 11,
      "속": 9,
      "앞": 9,
      "이야기": 7,
      "인간": 6,
      "표현": 6,
      "절": 8,
      "기록": 5,
      "주": 7,
      "모습": 6,
      "존재": 5,
      "힘": 5
    },
    "NNP": {
      "에바": 5,
      "이스라엘": 7
    },
    "VA": {
      "없": 11,
      "같": 5
    },
    "VV": {
      "날아다니": 12,
      "되": 37,
      "보": 22,
      "있": 22,
      "가리키": 6,
      "말미암": 10,
      "살아가": 12,
      "위하": 12,
      "머무르": 5,
      "짓": 8,
      "들어가": 7,
      "통하": 9,
      "드리": 5,
      "보이": 6
    }
  },
  "tfidf": {
    "MAG": {
      "무척": 0.019811435918150558,
      "멀리": 0.008571184622119268
    },
    "NNB": {
      "수": 0.01122754491017964,
      "번": 0.006894029968410608,
      "때문": 0.005356392442065933
    },
    "NNG": {
      "두루마리": 0.05656372238158342,
      "환상": 0.03796201429418685,
      "하나님": 0.036676646706586824,
      "망령": 0.03269862132929938,
      "죄악": 0.0324513882751742,
      "죄": 0.031626951162244205,
      "심판": 0.030132238270681504,
      "에바": 0.026816683586195437,
      "시날": 0.023387451805229286,
      "도둑": 0.02328307258227092,
      "맹세": 0.0230612685602329,
      "집": 0.018769455687443946,
      "공의": 0.018290682575198256,
      "크기": 0.016024426318755874,
      "저주": 0.015513214824718785,
      "날개": 0.014845601559433902,
      "경외": 0.013905948053863514,
      "이웃": 0.012727945988666521,
      "관계": 0.012471205544397738,
      "경제": 0.012416833086757199,
      "이름": 0.011758839702732842,
      "땅": 0.011570262188724045,
      "삶": 0.011346105092234307,
      "가운데": 0.011196518854703928,
      "여인": 0.011194262064833146,
      "백성": 0.010981603105731009,
      "은혜": 0.009832456223613145,
      "말씀": 0.009751002733950694,
      "사람": 0.009740765448501255,
      "기준": 0.009692162251799455,
      "본문": 0.009161165246479636,
      "언약": 0.009042467530948995,
      "오늘": 0.008982035928143712,
      "사랑": 0.008741882097067074,
      "속": 0.007327829714028046,
      "앞": 0.006988860825459659,
      "이야기": 0.006933582594643673,
      "인간": 0.006337990294536611,
      "표현": 0.0060888098302802765,
      "절": 0.006038556099675836,
      "기록": 0.005984219950323512,
      "주": 0.005378952308816296,
      "모습": 0.005222003522752427,
      "존재": 0.004898631334421987,
      "힘": 0.004407598637728856
    },
    "NNP": {
      "에바": 0.025299224349263683,
      "이스라엘": 0.007737457426419812
    },
    "VA": {
      "없": 0.008242186148731831,
      "같": 0.0038340430238679893
    },
    "VV": {
      "날아다니": 0.04626210928463313,
      "되": 0.027694610778443114,
      "보": 0.016588594581248277,
      "있": 0.016467065868263474,
      "가리키": 0.013573127819640212,
      "말미암": 0.013143760779773927,
      "살아가": 0.00987403979755394,
      "위하": 0.00917274449196803,
      "머무르": 0.009157630924162894,
      "짓": 0.00861419225535463,
      "들어가": 0.007198733977614365,
      "통하": 0.006930345565501842,
      "드리": 0.0048507520250660385,
      "보이": 0.004629951198900508
    }
  }
}