{
  "scope": "sermon",
  "idf_scope": "church",
  "church": "S-gA",
  "sermon": "S-gA-0422",
  "document_unit": "sermon_json",
  "document_count": 951,
  "min_count": 5,
  "freq": {
    "MAG": {
      "늘": 6,
      "다": 5,
      "더": 5
    },
    "NNB": {
      "수": 16,
      "줄": 10,
      "분": 8,
      "절": 8
    },
    "NNG": {
      "평화": 29,
      "하나님": 33,
      "왕": 19,
      "천사": 9,
      "목자": 8,
      "황제": 6,
      "사람": 18,
      "절": 17,
      "평강": 5,
      "주": 13,
      "세상": 11,
      "말": 11,
      "고난": 6,
      "시대": 7,
      "기도": 10,
      "역사": 8,
      "삶": 9,
      "말씀": 9,
      "오늘": 7,
      "영광": 5,
      "안": 6,
      "백성": 5,
      "날": 5,
      "믿음": 5,
      "속": 5
    },
    "NNP": {
      "마리아": 12,
      "요셉": 10,
      "로마": 12,
      "예수": 14,
      "다윗": 6,
      "그리스도": 6
    },
    "VA": {
      "좋": 15,
      "그렇": 15,
      "참되": 7,
      "없": 12,
      "같": 9,
      "많": 7,
      "어떻": 7
    },
    "VV": {
      "되": 19,
      "있": 19,
      "위하": 15,
      "믿": 11,
      "보": 10,
      "살": 9,
      "섬기": 5,
      "전하": 5,
      "받": 8,
      "인하": 5,
      "주": 6,
      "보이": 5
    }
  },
  "tfidf": {
    "MAG": {
      "늘": 0.006367859645065585,
      "다": 0.004023630573753989,
      "더": 0.003927540530488728
    },
    "NNB": {
      "수": 0.012345679012345678,
      "줄": 0.008563313945213627,
      "분": 0.006764416838638802,
      "절": 0.0063171632632349605
    },
    "NNG": {
      "평화": 0.06066438748561686,
      "하나님": 0.02546296296296296,
      "왕": 0.02246596888201316,
      "천사": 0.019115413617297114,
      "목자": 0.018139408080020004,
      "황제": 0.016212297259730432,
      "사람": 0.013903485725638542,
      "절": 0.01322797898686705,
      "평강": 0.01119883478854207,
      "주": 0.010297800231428728,
      "세상": 0.009030681321808278,
      "말": 0.008595321570062093,
      "고난": 0.008552304909200016,
      "시대": 0.007994577128069792,
      "기도": 0.007838593769698634,
      "역사": 0.007285326667512551,
      "삶": 0.007017776112604182,
      "말씀": 0.006959048959699853,
      "오늘": 0.005401234567901234,
      "영광": 0.005288892809825443,
      "안": 0.0049570372800082675,
      "백성": 0.004716892280496601,
      "날": 0.00469669315220206,
      "믿음": 0.004405749464777728,
      "속": 0.004196665165441302
    },
    "NNP": {
      "마리아": 0.032787749270880136,
      "요셉": 0.02290290051365441,
      "로마": 0.02261541326469393,
      "예수": 0.011373298409908425,
      "다윗": 0.010295256627880164,
      "그리스도": 0.0055640671787637675
    },
    "VA": {
      "좋": 0.013287522284015476,
      "그렇": 0.011684013335160972,
      "참되": 0.011189562942880095,
      "없": 0.009268990483759027,
      "같": 0.007114279833177269,
      "많": 0.005832145802271079,
      "어떻": 0.005710628088146772
    },
    "VV": {
      "되": 0.014660493827160493,
      "있": 0.014660493827160493,
      "위하": 0.011819817362335349,
      "믿": 0.008861299006825212,
      "보": 0.0077729946550742475,
      "살": 0.007151756688539452,
      "섬기": 0.006766094916575541,
      "전하": 0.006381200895920814,
      "받": 0.006270875015758908,
      "인하": 0.005456920440165605,
      "주": 0.0047528308760440285,
      "보이": 0.003977375772718029
    }
  }
}