{
  "scope": "sermon",
  "idf_scope": "church",
  "church": "S-gA",
  "sermon": "S-gA-0358",
  "document_unit": "sermon_json",
  "document_count": 951,
  "min_count": 5,
  "freq": {
    "MAG": {
      "다": 5
    },
    "NNB": {
      "수": 22,
      "분": 5
    },
    "NNG": {
      "하나님": 48,
      "사람": 38,
      "여인": 14,
      "사랑": 32,
      "평가": 13,
      "용서": 12,
      "초대": 10,
      "바리새인": 7,
      "경배": 6,
      "말씀": 16,
      "음식": 5,
      "죄인": 7,
      "마음": 12,
      "죄": 9,
      "감사": 8,
      "집": 8,
      "이야기": 7,
      "표현": 6,
      "고백": 6,
      "모습": 6,
      "존재": 5,
      "생각": 6,
      "안": 6,
      "앞": 6,
      "말": 6,
      "자리": 5,
      "기도": 5
    },
    "NNP": {
      "시몬": 15,
      "예수": 47
    },
    "VA": {
      "없": 19,
      "같": 5
    },
    "VV": {
      "있": 26,
      "되": 21,
      "대하": 17,
      "먹": 10,
      "받": 14,
      "보": 12,
      "알": 10,
      "향하": 7,
      "주": 6,
      "나오": 5
    }
  },
  "tfidf": {
    "MAG": {
      "다": 0.004526584395473238
    },
    "NNB": {
      "수": 0.019097222222222224,
      "분": 0.004756230589667908
    },
    "NNG": {
      "하나님": 0.041666666666666664,
      "사람": 0.03302077859839154,
      "여인": 0.03029188044858784,
      "사랑": 0.02949281434768083,
      "평가": 0.02935234862493627,
      "용서": 0.024470590605868626,
      "초대": 0.02438115475296726,
      "바리새인": 0.01902625044492463,
      "경배": 0.01412015915613496,
      "말씀": 0.013918097919399706,
      "음식": 0.012629362605960056,
      "죄인": 0.01231491137374561,
      "마음": 0.011071450621019283,
      "죄": 0.01031582196112262,
      "감사": 0.01029054227008846,
      "집": 0.010243461110467774,
      "이야기": 0.008041029814621481,
      "표현": 0.007061328067061154,
      "고백": 0.00688475748541698,
      "모습": 0.006056073529858716,
      "존재": 0.005681051617003277,
      "생각": 0.005576666940009301,
      "안": 0.005576666940009301,
      "앞": 0.005403424804869273,
      "말": 0.005274401872538102,
      "자리": 0.0050413662635628515,
      "기도": 0.004409208995455482
    },
    "NNP": {
      "시몬": 0.0546224399565328,
      "예수": 0.04295451095885057
    },
    "VA": {
      "없": 0.01651038929919577,
      "같": 0.004446424895735794
    },
    "VV": {
      "있": 0.022569444444444444,
      "되": 0.018229166666666668,
      "대하": 0.015750729796100742,
      "먹": 0.013255756813347869,
      "받": 0.012345785187275351,
      "보": 0.010493542784350234,
      "알": 0.008836966193599638,
      "향하": 0.0072252331723388925,
      "주": 0.005346934735549532,
      "나오": 0.004603405476633832
    }
  }
}