{
  "scope": "sermon",
  "idf_scope": "church",
  "church": "S-gA",
  "sermon": "S-gA-0821",
  "document_unit": "sermon_json",
  "document_count": 951,
  "min_count": 5,
  "freq": {
    "MAG": {
      "이제": 7,
      "잘": 6,
      "다시": 6
    },
    "NNB": {
      "때문": 23,
      "수": 15,
      "절": 7,
      "가지": 5,
      "번": 5
    },
    "NNG": {
      "죄": 45,
      "비": 21,
      "회개": 20,
      "하나님": 44,
      "정체": 18,
      "통혼": 6,
      "문제": 25,
      "이방": 11,
      "여인": 11,
      "자복": 5,
      "결혼": 9,
      "오늘": 21,
      "축복": 16,
      "백성": 16,
      "말": 19,
      "구별": 7,
      "고백": 14,
      "철저": 6,
      "용서": 6,
      "말씀": 14,
      "사람": 14,
      "본문": 11,
      "관계": 8,
      "뜻": 9,
      "행동": 5,
      "중요": 7,
      "주": 8,
      "나라": 6,
      "이야기": 5,
      "앞": 6,
      "의미": 5,
      "절": 6,
      "세상": 5
    },
    "NNP": {
      "에스라": 7,
      "이스라엘": 8
    },
    "VA": {
      "이르": 6,
      "두렵": 5,
      "참되": 5,
      "크": 9,
      "새롭": 5,
      "어렵": 5,
      "이렇": 6,
      "어떻": 5
    },
    "VV": {
      "있": 31,
      "되": 30,
      "떨": 10,
      "끊": 11,
      "가르치": 12,
      "보": 14,
      "모이": 7,
      "알": 12,
      "내리": 6,
      "통하": 8,
      "보이": 7,
      "행하": 5,
      "주": 6,
      "위하": 6,
      "따르": 5,
      "살": 5
    }
  },
  "tfidf": {
    "MAG": {
      "이제": 0.005782451527827542,
      "잘": 0.005046224811456354,
      "다시": 0.004972110825391565
    },
    "NNB": {
      "때문": 0.01761275836916019,
      "수": 0.011235955056179775,
      "절": 0.005366039805624304,
      "가지": 0.004801855676940603,
      "번": 0.003832885575445931
    },
    "NNG": {
      "죄": 0.044508714978326806,
      "비": 0.043491469298634206,
      "회개": 0.033859821360194615,
      "하나님": 0.03295880149812734,
      "정체": 0.032061925098193805,
      "통혼": 0.026573729823532823,
      "문제": 0.02357105871869904,
      "이방": 0.022009716493226004,
      "여인": 0.020538186679748802,
      "자복": 0.01821285678366058,
      "결혼": 0.017430778491422147,
      "오늘": 0.015730337078651686,
      "축복": 0.01541611975547395,
      "백성": 0.014653105367547194,
      "말": 0.014412747588778274,
      "구별": 0.014065098962938392,
      "고백": 0.013862343161648572,
      "철저": 0.011808792889603502,
      "용서": 0.010558097519835455,
      "말씀": 0.01050894584476023,
      "사람": 0.010497912817560788,
      "본문": 0.010084830296798856,
      "관계": 0.0090767616519253,
      "뜻": 0.0090198465656135,
      "행동": 0.006909550107672523,
      "중요": 0.0061884347872353815,
      "주": 0.00615197884180081,
      "나라": 0.005743487179804119,
      "이야기": 0.004956268778193658,
      "앞": 0.004662730618134385,
      "의미": 0.004549720230875255,
      "절": 0.004532309522003886,
      "세상": 0.003984938029643694
    },
    "NNP": {
      "에스라": 0.02256368450420499,
      "이스라엘": 0.008849432313919204
    },
    "VA": {
      "이르": 0.017828066232272982,
      "두렵": 0.00794753834199316,
      "참되": 0.007759054881740291,
      "크": 0.007279416654648461,
      "새롭": 0.005967280232410695,
      "어렵": 0.005267850488217751,
      "이렇": 0.004599462690535118,
      "어떻": 0.003959857679100169
    },
    "VV": {
      "있": 0.023220973782771534,
      "되": 0.02247191011235955,
      "떨": 0.022177717114909765,
      "끊": 0.021827616255767332,
      "가르치": 0.01634436245855237,
      "보": 0.01056428576941327,
      "모이": 0.010156484124369177,
      "알": 0.009150728139349917,
      "내리": 0.007902229585488994,
      "통하": 0.006164921631634098,
      "보이": 0.005405655881662616,
      "행하": 0.005321398445898741,
      "주": 0.004613984131350608,
      "위하": 0.004589807730812468,
      "따르": 0.004564379029830822,
      "살": 0.0038571272028077946
    }
  }
}