{
  "scope": "sermon",
  "idf_scope": "church",
  "church": "S-gA",
  "sermon": "S-gA-0208",
  "document_unit": "sermon_json",
  "document_count": 951,
  "min_count": 5,
  "freq": {
    "MAG": {
      "절대로": 6,
      "못": 9,
      "정말": 9,
      "다": 10,
      "더": 6,
      "다시": 5
    },
    "NNB": {
      "수": 23,
      "때문": 21,
      "번": 9,
      "줄": 6,
      "절": 6
    },
    "NNG": {
      "문": 71,
      "사람": 69,
      "구원": 46,
      "말씀": 49,
      "길": 27,
      "주": 27,
      "생명길": 5,
      "하나님": 24,
      "인도": 15,
      "삶": 21,
      "피": 10,
      "질문": 12,
      "생명": 14,
      "밖": 8,
      "안": 16,
      "신자": 7,
      "영생": 5,
      "교회": 12,
      "봉사": 5,
      "증거": 7,
      "복": 9,
      "대답": 6,
      "말": 12,
      "수": 6,
      "사역": 6,
      "은혜": 10,
      "그날": 5,
      "절": 10,
      "순종": 6,
      "오늘": 10,
      "새벽": 5,
      "고난": 5,
      "도": 6,
      "생각": 8,
      "사랑": 8,
      "후": 5,
      "죄": 6,
      "나라": 6,
      "세상": 7,
      "감사": 5,
      "땅": 6,
      "기도": 7,
      "성도": 6,
      "믿음": 6,
      "신앙": 5,
      "마음": 6,
      "본문": 5,
      "날": 5
    },
    "NNP": {
      "예수": 65,
      "아브라함": 5,
      "그리스": 6,
      "주님": 6
    },
    "VA": {
      "좁": 45,
      "없": 31,
      "적": 8,
      "많": 17,
      "그렇": 12,
      "귀하": 5,
      "쉽": 6
    },
    "VV": {
      "들어가": 40,
      "있": 49,
      "닫히": 11,
      "받": 35,
      "되": 32,
      "힘쓰": 10,
      "살": 18,
      "열리": 9,
      "거하": 6,
      "알": 14,
      "이르": 10,
      "따르": 11,
      "가르치": 6,
      "구하": 6,
      "다니": 5,
      "찾": 6,
      "듣": 7,
      "향하": 6,
      "일어나": 6,
      "서": 5,
      "드리": 5,
      "보이": 6,
      "보": 6,
      "믿": 5,
      "주": 5
    }
  },
  "tfidf": {
    "MAG": {
      "절대로": 0.008100210509481608,
      "못": 0.006661141067418357,
      "정말": 0.006615197676620369,
      "다": 0.005137561796635636,
      "더": 0.0030089216911409213,
      "다시": 0.0027248636912552294
    },
    "NNB": {
      "수": 0.011330049261083743,
      "때문": 0.01057557680187205,
      "번": 0.004537154698421957,
      "줄": 0.0032802132629547376,
      "절": 0.0030247697989479717
    },
    "NNG": {
      "문": 0.07354700507660895,
      "사람": 0.03402587048520802,
      "구원": 0.029402256635054413,
      "말씀": 0.024188694315094662,
      "길": 0.015399761567278805,
      "주": 0.013654438260634864,
      "생명길": 0.013449925522150234,
      "하나님": 0.011822660098522168,
      "인도": 0.011537850109783964,
      "삶": 0.010454066484982781,
      "피": 0.010405723370695626,
      "질문": 0.010058636744073753,
      "생명": 0.009570796765577679,
      "밖": 0.009273826596488679,
      "안": 0.008439172827442647,
      "신자": 0.007897312175966443,
      "영생": 0.007712259152904003,
      "교회": 0.007620198705677258,
      "봉사": 0.006981981561441105,
      "증거": 0.006938366412874625,
      "복": 0.00675448130524126,
      "대답": 0.006300642228189659,
      "말": 0.005986316213954576,
      "수": 0.005955725963822677,
      "사역": 0.0056468868343173976,
      "은혜": 0.0053925129370883266,
      "그날": 0.005323821547502367,
      "절": 0.004967679155890958,
      "순종": 0.0049368499853461355,
      "오늘": 0.0049261083743842365,
      "새벽": 0.004885798778175702,
      "고난": 0.004549994730017743,
      "도": 0.004261574637277949,
      "생각": 0.004219586413721324,
      "사랑": 0.004184202232577379,
      "후": 0.004078890437446903,
      "죄": 0.0039027346138631393,
      "나라": 0.0037771208793293096,
      "세상": 0.0036688912203960903,
      "감사": 0.003649847504661917,
      "땅": 0.003514483581084196,
      "기도": 0.0035030405260446313,
      "성도": 0.0033968296390139902,
      "믿음": 0.0033752815604050856,
      "신앙": 0.0032737591047515766,
      "마음": 0.003141455939757196,
      "본문": 0.0030146100416987174,
      "날": 0.0029984799631792465
    },
    "NNP": {
      "예수": 0.033711705068637784,
      "아브라함": 0.006026894046641196,
      "그리스": 0.004451041295975761,
      "주님": 0.0043798170055943005
    },
    "VA": {
      "좁": 0.06647481200459911,
      "없": 0.015286985290455777,
      "적": 0.010944475546037053,
      "많": 0.00904249375901734,
      "그렇": 0.0059674803083226095,
      "귀하": 0.004375236759642658,
      "쉽": 0.0043004655276548285
    },
    "VV": {
      "들어가": 0.027072508357755928,
      "있": 0.02413793103448276,
      "닫히": 0.018081054697125898,
      "받": 0.017515202630223155,
      "되": 0.015763546798029555,
      "힘쓰": 0.014230304114361403,
      "살": 0.009131701151080918,
      "열리": 0.00884453435110316,
      "거하": 0.007103183998326101,
      "알": 0.007020817279328816,
      "이르": 0.00689766872633781,
      "따르": 0.006603734586508928,
      "가르치": 0.005374316227134831,
      "구하": 0.004743062728716924,
      "다니": 0.004227900564541894,
      "찾": 0.004020540547728862,
      "듣": 0.003900459689450034,
      "향하": 0.003514483581084196,
      "일어나": 0.003492063764170137,
      "서": 0.003339347263240743,
      "드리": 0.0031924161110779446,
      "보이": 0.0030471008875522557,
      "보": 0.0029774781496481454,
      "믿": 0.0025714830973679976,
      "주": 0.002528599677895345
    }
  }
}