{
  "scope": "sermon",
  "idf_scope": "church",
  "church": "S-gA",
  "sermon": "S-gA-0207",
  "document_unit": "sermon_json",
  "document_count": 951,
  "min_count": 5,
  "freq": {
    "MAG": {
      "더": 11,
      "분명히": 5
    },
    "NNB": {
      "절": 14,
      "수": 12
    },
    "NNG": {
      "신하": 17,
      "기적": 27,
      "높": 7,
      "이틀": 7,
      "아들": 19,
      "말씀": 25,
      "영접": 6,
      "환영": 9,
      "움": 5,
      "병": 8,
      "사람": 19,
      "왕": 12,
      "증거": 9,
      "하나님": 18,
      "믿음": 15,
      "눈": 13,
      "요구": 7,
      "요청": 5,
      "거리": 6,
      "지역": 5,
      "등장": 6,
      "응답": 6,
      "자녀": 7,
      "이야기": 8,
      "주": 10,
      "절": 10,
      "방법": 5,
      "단어": 6,
      "목적": 5,
      "신앙": 6,
      "고백": 6,
      "복": 5,
      "처음": 5,
      "본문": 6,
      "의미": 6,
      "정도": 5,
      "순간": 5,
      "마음": 6,
      "문제": 5,
      "곳": 5,
      "기도": 6,
      "말": 6,
      "길": 5,
      "삶": 5,
      "오늘": 5
    },
    "NNP": {
      "갈릴리": 21,
      "예수": 60,
      "사마리아": 5
    },
    "VA": {
      "그렇": 9,
      "이렇": 8,
      "없": 8,
      "크": 7,
      "어떻": 5
    },
    "VV": {
      "되": 36,
      "믿": 30,
      "있": 27,
      "살": 18,
      "보이": 17,
      "보": 16,
      "내려오": 6,
      "가지": 14,
      "바라": 7,
      "받": 9,
      "죽": 5,
      "일어나": 5,
      "듣": 5,
      "위하": 5,
      "알": 5
    }
  },
  "tfidf": {
    "MAG": {
      "더": 0.007891616321726188,
      "분명히": 0.0064747769043052815
    },
    "NNB": {
      "절": 0.010096776801280401,
      "수": 0.008456659619450317
    },
    "NNG": {
      "신하": 0.0490875289814395,
      "기적": 0.04197607334186984,
      "높": 0.02288782555987466,
      "이틀": 0.020328589087777293,
      "아들": 0.01966043903227223,
      "말씀": 0.017655092498181445,
      "영접": 0.01444361005624122,
      "환영": 0.013992024447289947,
      "움": 0.013906067756741436,
      "병": 0.013720169230782033,
      "사람": 0.013403783278839695,
      "왕": 0.012959116800306692,
      "증거": 0.012761900167443812,
      "하나님": 0.012684989429175475,
      "믿음": 0.012071567243873016,
      "눈": 0.011758533843899003,
      "요구": 0.010762987052615634,
      "요청": 0.01010617494014316,
      "거리": 0.009950247352469355,
      "지역": 0.008782907046404206,
      "등장": 0.008507933444962541,
      "응답": 0.008351977362803749,
      "자녀": 0.0075418667405783525,
      "이야기": 0.007460599091065295,
      "주": 0.007234753130553278,
      "절": 0.007106686882634704,
      "방법": 0.00702936525438079,
      "단어": 0.006641465009004571,
      "목적": 0.006432272068331797,
      "신앙": 0.005620068484266977,
      "고백": 0.005589316859196872,
      "복": 0.005368255050364011,
      "처음": 0.005324791490963196,
      "본문": 0.005175186794628665,
      "의미": 0.005136470620057899,
      "정도": 0.004967144611150486,
      "순간": 0.004766670100997664,
      "마음": 0.004494119490984572,
      "문제": 0.004435146355104048,
      "곳": 0.004430355588662753,
      "기도": 0.004295483097475447,
      "말": 0.004281966847895627,
      "길": 0.0040797530840153435,
      "삶": 0.0035608166321881686,
      "오늘": 0.0035236081747709656
    },
    "NNP": {
      "갈릴리": 0.04906319612610894,
      "예수": 0.04451765248940296,
      "사마리아": 0.01203634171353435
    },
    "VA": {
      "그렇": 0.0064027404999444475,
      "이렇": 0.005769586743588802,
      "없": 0.005643698222669346,
      "크": 0.005326610965287751,
      "어떻": 0.0037254474993648526
    },
    "VV": {
      "되": 0.02536997885835095,
      "믿": 0.022072349630685138,
      "있": 0.019027484143763214,
      "살": 0.013063673951158745,
      "보이": 0.012350886966106218,
      "보": 0.011358760899761776,
      "내려오": 0.011087201149942563,
      "가지": 0.01051944221457913,
      "바라": 0.007096540342853812,
      "받": 0.00644322464621317,
      "죽": 0.004326573816592649,
      "일어나": 0.0041630781308817115,
      "듣": 0.003985670577662121,
      "위하": 0.003598422199104208,
      "알": 0.003587098328057358
    }
  }
}