{
  "scope": "sermon",
  "idf_scope": "church",
  "church": "S-gA",
  "sermon": "S-gA-0121",
  "document_unit": "sermon_json",
  "document_count": 951,
  "min_count": 5,
  "freq": {
    "MAG": {
      "다": 12,
      "더": 9,
      "정말": 5
    },
    "NNB": {
      "수": 41,
      "가지": 6,
      "때문": 7
    },
    "NNG": {
      "하나님": 114,
      "기도": 87,
      "신뢰": 26,
      "윗": 16,
      "굴": 10,
      "원통": 7,
      "마음": 33,
      "피난처": 7,
      "약점": 8,
      "하소연": 5,
      "영혼": 17,
      "상황": 19,
      "가운데": 22,
      "토로": 5,
      "원어": 7,
      "옥": 5,
      "사람": 17,
      "표현": 12,
      "자리": 14,
      "대적": 6,
      "탄식": 5,
      "고백": 12,
      "앞": 15,
      "간구": 6,
      "절": 15,
      "공격": 6,
      "소리": 8,
      "응답": 7,
      "과정": 7,
      "아버지": 9,
      "말": 10,
      "말씀": 10,
      "어려움": 5,
      "길": 8,
      "계속": 6,
      "부분": 5,
      "기대": 5,
      "순간": 6,
      "시작": 7,
      "사용": 5,
      "관계": 5,
      "주": 6,
      "삶": 6
    },
    "NNP": {
      "다윗": 41,
      "다": 18
    },
    "VA": {
      "그렇": 21,
      "없": 19,
      "약하": 7,
      "강": 5,
      "이렇": 8
    },
    "VV": {
      "있": 52,
      "상하": 11,
      "부르짖": 15,
      "쏟": 12,
      "되": 21,
      "향하": 14,
      "바라보": 9,
      "이끌": 6,
      "받": 11,
      "통하": 10,
      "원하": 8,
      "내": 7,
      "보": 9,
      "계시": 6,
      "알": 8,
      "주": 7,
      "나아가": 5,
      "듣": 5
    }
  },
  "tfidf": {
    "MAG": {
      "다": 0.0075803152856477336,
      "더": 0.005549464899772323,
      "정말": 0.004518760106177855
    },
    "NNB": {
      "수": 0.02483343428225318,
      "가지": 0.004659341486649817,
      "때문": 0.004334427802907382
    },
    "NNG": {
      "하나님": 0.06904906117504543,
      "기도": 0.05353223044948882,
      "신뢰": 0.03128263378450314,
      "윗": 0.02936645715313448,
      "굴": 0.0272033264979097,
      "원통": 0.021306760651208994,
      "마음": 0.021244309853052146,
      "피난처": 0.0178963368415838,
      "약점": 0.017424034683222532,
      "하소연": 0.016537461423358556,
      "영혼": 0.01585290591021431,
      "상황": 0.014754581374391085,
      "가운데": 0.014237608470081245,
      "토로": 0.014051148424964155,
      "원어": 0.01401139733636328,
      "옥": 0.01145071953629814,
      "사람": 0.01030761146467691,
      "표현": 0.009854209489102907,
      "자리": 0.009849443379617405,
      "대적": 0.00974832938419456,
      "탄식": 0.00964789885018007,
      "고백": 0.009607802087462583,
      "앞": 0.009425719829208666,
      "간구": 0.00917933219209932,
      "절": 0.009162073306897618,
      "공격": 0.00876497030814678,
      "소리": 0.00844420549634564,
      "응답": 0.008374741686324412,
      "과정": 0.008362947924523603,
      "아버지": 0.007489623375169606,
      "말": 0.006133768379935286,
      "말씀": 0.006069673229538334,
      "어려움": 0.0059152125582580106,
      "길": 0.005610340037521766,
      "계속": 0.005530245803676286,
      "부분": 0.005435432544227005,
      "기대": 0.005251004372795762,
      "순간": 0.004916224014523817,
      "시작": 0.004675695208752132,
      "사용": 0.0046626193853571505,
      "관계": 0.004587173230360492,
      "주": 0.003730871481134501,
      "삶": 0.003672536984427628
    },
    "NNP": {
      "다윗": 0.05522398103967701,
      "다": 0.024283681740436096
    },
    "VA": {
      "그렇": 0.012840383885715366,
      "없": 0.011520271636991838,
      "약하": 0.00948949072290703,
      "강": 0.008921593425364365,
      "이렇": 0.004958839242369781
    },
    "VV": {
      "있": 0.031496062992125984,
      "상하": 0.017505766564085142,
      "부르짖": 0.01712376217070355,
      "쏟": 0.016729766006724368,
      "되": 0.012719563900666263,
      "향하": 0.010082941992167662,
      "바라보": 0.007205851565596937,
      "이끌": 0.00684026938398582,
      "받": 0.006768442930395139,
      "통하": 0.00623120107376705,
      "원하": 0.005848543482503394,
      "내": 0.005697738587178588,
      "보": 0.005491472420156634,
      "계시": 0.004959943773251408,
      "알": 0.0049328576886865086,
      "주": 0.004352683394656918,
      "나아가": 0.003807798049856115,
      "듣": 0.0034256005752286794
    }
  }
}