{
  "scope": "sermon",
  "idf_scope": "church",
  "church": "S-gA",
  "sermon": "S-gA-0333",
  "document_unit": "sermon_json",
  "document_count": 951,
  "min_count": 5,
  "freq": {
    "MAG": {
      "실제로": 6,
      "가득": 7,
      "다": 5,
      "더": 5
    },
    "NNB": {
      "장": 17,
      "수": 10,
      "때문": 6,
      "절": 5
    },
    "NNG": {
      "짐승": 25,
      "양": 27,
      "노래": 20,
      "땅": 32,
      "말": 30,
      "산": 14,
      "시온": 7,
      "죽음": 14,
      "생물": 5,
      "하나님": 20,
      "오늘": 19,
      "성도": 16,
      "이야기": 12,
      "소리": 9,
      "장로": 5,
      "하늘": 10,
      "우상": 6,
      "장면": 6,
      "현실": 7,
      "절": 11,
      "본문": 9,
      "권세": 5,
      "왕": 7,
      "뜻": 8,
      "불": 5,
      "요": 5,
      "물": 5,
      "주": 9,
      "앞": 8,
      "영광": 6,
      "세상": 7,
      "아들": 5,
      "백성": 6,
      "이름": 7,
      "역사": 6,
      "모습": 6,
      "마음": 6,
      "경험": 5,
      "말씀": 6,
      "길": 5,
      "성경": 5,
      "삶": 5,
      "사람": 5
    },
    "NNP": {
      "시온": 9,
      "요한": 5,
      "시편": 5,
      "여호": 5,
      "예수": 8
    },
    "VA": {
      "어리": 30,
      "새롭": 27,
      "없": 15,
      "같": 14,
      "이렇": 10,
      "많": 5
    },
    "VV": {
      "있": 42,
      "보": 23,
      "변하": 11,
      "서": 13,
      "당하": 11,
      "부르": 13,
      "죽이": 9,
      "받": 15,
      "외치": 7,
      "죽": 12,
      "나오": 12,
      "터지": 5,
      "읽": 9,
      "살": 11,
      "향하": 9,
      "듣": 9,
      "지나": 6,
      "되": 9,
      "계시": 6,
      "위하": 6,
      "살아가": 5
    }
  },
  "tfidf": {
    "MAG": {
      "실제로": 0.008089071389959162,
      "가득": 0.006958420901201354,
      "다": 0.003207026582770707,
      "더": 0.0031304382088028237
    },
    "NNB": {
      "장": 0.011019162823117224,
      "수": 0.006150061500615006,
      "때문": 0.003772345968687447,
      "절": 0.003146926348843984
    },
    "NNG": {
      "짐승": 0.04773946561631305,
      "양": 0.03528969339675753,
      "노래": 0.026710820153155544,
      "땅": 0.023401071487005883,
      "말": 0.01868422803555933,
      "산": 0.018242810403794486,
      "시온": 0.017256409613511162,
      "죽음": 0.01496663383872436,
      "생물": 0.014803329019274116,
      "하나님": 0.012300123001230012,
      "오늘": 0.011685116851168511,
      "성도": 0.011308838322588602,
      "이야기": 0.009766227038949865,
      "소리": 0.009645791010931722,
      "장로": 0.009628466224105243,
      "하늘": 0.008938109328170504,
      "우상": 0.008579983564811235,
      "장면": 0.007975909772272917,
      "현실": 0.007910696062787744,
      "절": 0.006822157167960953,
      "본문": 0.006774529577101546,
      "권세": 0.006626022632641956,
      "왕": 0.006597114963993766,
      "뜻": 0.006582749851083243,
      "불": 0.006505417733646626,
      "요": 0.006379888845207957,
      "물": 0.005850946080339896,
      "주": 0.0056823513056762556,
      "앞": 0.005104342251094221,
      "영광": 0.0050586015361872875,
      "세상": 0.004580473048833987,
      "아들": 0.004515142582183319,
      "백성": 0.004511507302969443,
      "이름": 0.004508760512503384,
      "역사": 0.004355066125966913,
      "모습": 0.004290649880933113,
      "마음": 0.003921989887888749,
      "경험": 0.0038166114908268385,
      "말씀": 0.0036977972331984463,
      "길": 0.0035603749238731688,
      "성경": 0.0035565949224748614,
      "삶": 0.0031075023376845087,
      "사람": 0.003078262522281596
    },
    "NNP": {
      "시온": 0.02974349659595958,
      "요한": 0.008883000415791405,
      "시편": 0.007236265371645149,
      "여호": 0.00544132890327343,
      "예수": 0.005180036808730037
    },
    "VA": {
      "어리": 0.0362391549912641,
      "새롭": 0.026456410329304243,
      "없": 0.009234787566844788,
      "같": 0.008820656914935655,
      "이렇": 0.006293852697687968,
      "많": 0.003320357125172781
    },
    "VV": {
      "있": 0.025830258302583026,
      "보": 0.014249534113066,
      "변하": 0.013457533418347786,
      "서": 0.010839529431355866,
      "당하": 0.010223206689107568,
      "부르": 0.010139871971544177,
      "죽이": 0.010090868647232153,
      "받": 0.009371602883329734,
      "외치": 0.009191180522677053,
      "죽": 0.009061857189291466,
      "나오": 0.007827487983885127,
      "터지": 0.007737487032061974,
      "읽": 0.0071897590256353675,
      "살": 0.006967024965957253,
      "향하": 0.006581551355720403,
      "듣": 0.006260885479375516,
      "지나": 0.0061408104933088304,
      "되": 0.005535055350553505,
      "계시": 0.00503620367136413,
      "위하": 0.003768384576036067,
      "살아가": 0.00338041132880588
    }
  }
}