{
  "scope": "sermon",
  "idf_scope": "church",
  "church": "S-gA",
  "sermon": "S-gA-0346",
  "document_unit": "sermon_json",
  "document_count": 951,
  "min_count": 5,
  "freq": {
    "MAG": {
      "지금": 10,
      "다": 5
    },
    "NNB": {
      "절": 10,
      "장": 8,
      "수": 5
    },
    "NNG": {
      "등불": 15,
      "광풍": 12,
      "제자": 22,
      "호수": 8,
      "가르침": 10,
      "배": 12,
      "주": 23,
      "동생": 6,
      "가족": 10,
      "말씀": 20,
      "어머니": 7,
      "비유": 7,
      "바람": 6,
      "상황": 10,
      "반응": 7,
      "하나님": 10,
      "삶": 8,
      "사람": 8,
      "믿음": 6,
      "나라": 5,
      "인생": 5,
      "세상": 5,
      "말": 5,
      "절": 5,
      "오늘": 5
    },
    "NNP": {
      "예수": 32,
      "갈릴리": 7
    },
    "VA": {
      "없": 11,
      "같": 9,
      "크": 6,
      "그렇": 5
    },
    "VV": {
      "있": 21,
      "타": 8,
      "행하": 11,
      "보": 15,
      "드러나": 8,
      "되": 13,
      "숨기": 5,
      "두": 6,
      "알": 8,
      "대하": 6,
      "보이": 6,
      "향하": 5,
      "일어나": 5,
      "듣": 5,
      "살": 5,
      "위하": 5
    }
  },
  "tfidf": {
    "MAG": {
      "지금": 0.010027909196988458,
      "다": 0.004574232652267692
    },
    "NNB": {
      "절": 0.00897702147933389,
      "장": 0.007396143963008713,
      "수": 0.0043859649122807015
    },
    "NNG": {
      "등불": 0.053025311030293024,
      "광풍": 0.049268538994141256,
      "제자": 0.036274512225952064,
      "호수": 0.030826871101695713,
      "가르침": 0.02827926356633096,
      "배": 0.0236361781937189,
      "주": 0.020712336659812924,
      "동생": 0.018232188842731194,
      "가족": 0.01795986001591811,
      "말씀": 0.017580755266610154,
      "어머니": 0.017285946864127044,
      "비유": 0.015569197710149738,
      "바람": 0.014058838047108476,
      "상황": 0.011246451453887203,
      "반응": 0.011077964754082426,
      "하나님": 0.008771929824561403,
      "삶": 0.007091647440105279,
      "사람": 0.007024919103480527,
      "믿음": 0.006010369796159933,
      "나라": 0.005604938146957966,
      "인생": 0.0054203013633400245,
      "세상": 0.0046665721662932725,
      "말": 0.0044416015768741915,
      "절": 0.0044229774940608094,
      "오늘": 0.0043859649122807015
    },
    "NNP": {
      "예수": 0.029553473161386106,
      "갈릴리": 0.020356922603201343
    },
    "VA": {
      "없": 0.009659263767285724,
      "같": 0.008087812862980475,
      "크": 0.005683053353190465,
      "그렇": 0.004427626105955737
    },
    "VV": {
      "있": 0.018421052631578946,
      "타": 0.015359186749549792,
      "행하": 0.013709602838249652,
      "보": 0.013255001411810822,
      "드러나": 0.01206091566712358,
      "되": 0.011403508771929825,
      "숨기": 0.011078272989149105,
      "두": 0.008018477806806876,
      "알": 0.007143989512299497,
      "대하": 0.005617597747711473,
      "보이": 0.005425977896255332,
      "향하": 0.00521520589883108,
      "일어나": 0.005181936726071182,
      "듣": 0.004961111008511008,
      "살": 0.004516898961182811,
      "위하": 0.004479088684674448
    }
  }
}