{
  "scope": "sermon",
  "idf_scope": "church",
  "church": "S-gA",
  "sermon": "S-gA-0342",
  "document_unit": "sermon_json",
  "document_count": 951,
  "min_count": 5,
  "freq": {
    "MAG": {
      "스스로": 13,
      "더": 19,
      "열심히": 10,
      "완전히": 10,
      "다": 15,
      "없이": 11,
      "많이": 7,
      "잘": 8,
      "때로": 5,
      "아주": 5,
      "안": 6,
      "가장": 6,
      "늘": 5,
      "너무": 5,
      "이제": 6
    },
    "NNB": {
      "수": 49,
      "거": 41,
      "번": 7,
      "분": 6
    },
    "NNG": {
      "가난": 70,
      "하나님": 87,
      "상태": 36,
      "복": 39,
      "겸손": 22,
      "심령": 21,
      "교만": 18,
      "팔복": 10,
      "나라": 33,
      "사람": 42,
      "심": 19,
      "파산": 7,
      "안": 27,
      "의존": 8,
      "거지": 5,
      "부패": 6,
      "마음": 21,
      "성찰": 5,
      "바리새인": 7,
      "갈망": 8,
      "존재": 15,
      "문제": 15,
      "평가": 7,
      "앞": 17,
      "주": 17,
      "비교": 8,
      "부자": 5,
      "유지": 6,
      "천국": 7,
      "아무것": 9,
      "인정": 8,
      "태도": 7,
      "말": 12,
      "은혜": 11,
      "신앙": 9,
      "성공": 5,
      "시작": 10,
      "오늘": 11,
      "의지": 7,
      "실패": 6,
      "세상": 10,
      "관계": 7,
      "고백": 8,
      "교회": 8,
      "인간": 7,
      "절망": 5,
      "의미": 8,
      "모습": 8,
      "기도": 9,
      "끝": 7,
      "필요": 7,
      "순간": 6,
      "성경": 7,
      "말씀": 8,
      "삶": 7,
      "역사": 5,
      "중요": 5
    },
    "NNP": {
      "멘": 11,
      "예수": 12,
      "그리스도": 10,
      "주님": 6,
      "누가": 5
    },
    "VA": {
      "없": 61,
      "나쁘": 5,
      "어렵": 7,
      "그렇": 9,
      "크": 8,
      "쉽": 5,
      "같": 6,
      "많": 5
    },
    "VV": {
      "있": 73,
      "되": 58,
      "비우": 6,
      "보": 18,
      "모르": 14,
      "붙들": 11,
      "대하": 14,
      "임하": 8,
      "다루": 6,
      "무너지": 8,
      "망하": 5,
      "알": 11,
      "찾아오": 7,
      "보이": 10,
      "가지": 9,
      "만나": 7,
      "살리": 5,
      "나오": 8,
      "쓰": 6,
      "받": 8,
      "살": 7,
      "찾": 5,
      "살아가": 6,
      "나아가": 5,
      "만들": 5
    }
  },
  "tfidf": {
    "MAG": {
      "스스로": 0.008853360422223375,
      "더": 0.007645198262668335,
      "열심히": 0.007429562331581989,
      "완전히": 0.0068967701777040875,
      "다": 0.006183350067492295,
      "없이": 0.006081132958321003,
      "많이": 0.003551155873257792,
      "잘": 0.003550308365372454,
      "때로": 0.003341993169768822,
      "아주": 0.00303557271712269,
      "안": 0.0029625670947604384,
      "가장": 0.0027546184674898367,
      "늘": 0.0027182958168659416,
      "너무": 0.002664637735707936,
      "이제": 0.0026153267497401812
    },
    "NNB": {
      "수": 0.019367588932806323,
      "거": 0.01912614218403888,
      "번": 0.002831487407315591,
      "분": 0.00259881943365886
    },
    "NNG": {
      "가난": 0.07182262419448758,
      "하나님": 0.03438735177865613,
      "상태": 0.024333392331799947,
      "복": 0.023484948833375076,
      "겸손": 0.020786999075271602,
      "심령": 0.01885282367755472,
      "교만": 0.018109273914423872,
      "팔복": 0.018034498690857846,
      "나라": 0.016668598663127168,
      "사람": 0.01661823748392528,
      "심": 0.014289259146721009,
      "파산": 0.012624149083600494,
      "안": 0.011426656686564514,
      "의존": 0.009790959999979792,
      "거지": 0.009169346264670284,
      "부패": 0.009090624531358615,
      "마음": 0.008822151957302323,
      "성찰": 0.008681480498007191,
      "바리새인": 0.008663336170969635,
      "갈망": 0.008224726206367062,
      "존재": 0.007760361418325424,
      "문제": 0.007462615823588114,
      "평가": 0.007196635430571179,
      "앞": 0.006971058720590241,
      "주": 0.006898179832740582,
      "비교": 0.006730324906933726,
      "부자": 0.0065730544301148405,
      "유지": 0.0062566226317305315,
      "천국": 0.006036631868640943,
      "아무것": 0.005963763301451622,
      "인정": 0.005911790096131231,
      "태도": 0.005623697427619132,
      "말": 0.004803249768509007,
      "은혜": 0.004759478809691001,
      "신앙": 0.004728188050894174,
      "성공": 0.0044448482996174024,
      "시작": 0.0043588779162336356,
      "오늘": 0.004347826086956522,
      "의지": 0.00429992633461885,
      "실패": 0.004272998470109267,
      "세상": 0.0042054484344461115,
      "관계": 0.004190826958361755,
      "고백": 0.004179836955573313,
      "교회": 0.004076153721350417,
      "인간": 0.0039046696465419232,
      "절망": 0.00385470770083485,
      "의미": 0.003841186724565037,
      "모습": 0.00367673080706047,
      "기도": 0.0036138086059195602,
      "끝": 0.0035939322454888786,
      "필요": 0.0035666345061816152,
      "순간": 0.003208176224497558,
      "성경": 0.003200091968980939,
      "말씀": 0.0031687052970649134,
      "삶": 0.002796015146839927,
      "역사": 0.0023324563639071805,
      "중요": 0.0023324563639071805
    },
    "NNP": {
      "멘": 0.0071563432132167246,
      "예수": 0.004993719279246071,
      "그리스도": 0.004750349844320055,
      "주님": 0.003514240522275269,
      "누가": 0.0029624331346225054
    },
    "VA": {
      "없": 0.024136011583796236,
      "나쁘": 0.005020642373413337,
      "어렵": 0.003891546467382995,
      "그렇": 0.003591102280403625,
      "크": 0.003414324544209291,
      "쉽": 0.0028754759621670953,
      "같": 0.002429540622871605,
      "많": 0.002133952840130807
    },
    "VV": {
      "있": 0.028853754940711462,
      "되": 0.02292490118577075,
      "비우": 0.009048649249699958,
      "보": 0.007167131198164903,
      "모르": 0.006758220572765501,
      "붙들": 0.006654905439400741,
      "대하": 0.005906249015380442,
      "임하": 0.005588158585655864,
      "다루": 0.00536882289768267,
      "무너지": 0.0053604750379659255,
      "망하": 0.004626703830685094,
      "알": 0.004426167415229036,
      "찾아오": 0.004123575074737593,
      "보이": 0.0040748450604289055,
      "가지": 0.0037928796307845863,
      "만나": 0.0036613700974086746,
      "살리": 0.003560832058424388,
      "나오": 0.003353753744874102,
      "쓰": 0.003251101224442897,
      "받": 0.003212274316372943,
      "살": 0.002849395550216509,
      "찾": 0.002688306097460339,
      "살아가": 0.002607058729156535,
      "나아가": 0.0024848516127717176,
      "만들": 0.0024555332997204505
    }
  }
}