{
  "scope": "sermon",
  "idf_scope": "church",
  "church": "S-gA",
  "sermon": "S-gA-0662",
  "document_unit": "sermon_json",
  "document_count": 951,
  "min_count": 5,
  "freq": {
    "MAG": {
      "분명": 12,
      "단순히": 5,
      "다시": 8,
      "더": 5
    },
    "NNB": {
      "수": 14,
      "대": 5,
      "번": 10,
      "장": 6,
      "분": 5
    },
    "NNG": {
      "하나님": 101,
      "족보": 18,
      "말씀": 65,
      "율법": 13,
      "언약": 11,
      "역사": 22,
      "손": 18,
      "이야기": 14,
      "지식": 7,
      "오늘": 17,
      "왕": 11,
      "학자": 5,
      "신학": 5,
      "삶": 15,
      "단순": 6,
      "약속": 7,
      "회복": 6,
      "사람": 9,
      "인간": 6,
      "이후": 5,
      "기록": 5,
      "사실": 6,
      "마음": 7,
      "이름": 7,
      "절": 7,
      "뜻": 5,
      "신앙": 5,
      "존재": 5,
      "축복": 5,
      "인생": 5,
      "백성": 5,
      "자리": 5,
      "믿음": 5,
      "속": 5,
      "주": 5
    },
    "NNP": {
      "에스라": 24,
      "에스": 10,
      "바벨": 5,
      "호": 7,
      "이스라엘": 5
    },
    "VA": {
      "이렇": 5,
      "없": 5
    },
    "VV": {
      "있": 32,
      "되": 25,
      "넘어지": 6,
      "받": 13,
      "향하": 11,
      "붙들": 7,
      "읽": 5,
      "가지": 5,
      "믿": 5,
      "주": 5,
      "위하": 5
    }
  },
  "tfidf": {
    "MAG": {
      "분명": 0.01598838580454624,
      "단순히": 0.007474168805644044,
      "다시": 0.006792292608746727,
      "더": 0.003906440926717875
    },
    "NNB": {
      "수": 0.010744435917114352,
      "대": 0.010380941827680684,
      "번": 0.00785403260663134,
      "장": 0.004853187327991135,
      "분": 0.004205048073136938
    },
    "NNG": {
      "하나님": 0.07751343054489639,
      "족보": 0.060683748561665,
      "말씀": 0.04998979145264054,
      "율법": 0.023119661830566546,
      "언약": 0.020397252929367067,
      "역사": 0.01992701783807731,
      "손": 0.018564345503099797,
      "이야기": 0.01421836737750414,
      "지식": 0.013315943030511389,
      "오늘": 0.013046815042210284,
      "왕": 0.012936739200306163,
      "학자": 0.012681074993057654,
      "신학": 0.01208378677467011,
      "삶": 0.011633458482904861,
      "단순": 0.0103229191272055,
      "약속": 0.008683340280394016,
      "회복": 0.007267087624702242,
      "사람": 0.006914396584968362,
      "인간": 0.0064985073165778305,
      "이후": 0.006194927606015461,
      "기록": 0.006135777324353195,
      "사실": 0.006120396914178696,
      "마음": 0.005709911601937804,
      "이름": 0.0056264348375521895,
      "절": 0.0054175534002463945,
      "뜻": 0.005134090204269643,
      "신앙": 0.0051003307618155795,
      "존재": 0.005022694906207041,
      "축복": 0.004935849931302217,
      "인생": 0.004742243710059576,
      "백성": 0.004691552107078737,
      "자리": 0.004457140395720955,
      "믿음": 0.004382080818382146,
      "속": 0.004174119765473467,
      "주": 0.003939414693881467
    },
    "NNP": {
      "에스라": 0.07926109544071132,
      "에스": 0.03592103763962717,
      "바벨": 0.012681074993057654,
      "호": 0.011927453997086213,
      "이스라엘": 0.005666726851056281
    },
    "VA": {
      "이렇": 0.00392701630331567,
      "없": 0.003841331436093534
    },
    "VV": {
      "있": 0.024558710667689946,
      "되": 0.01918649270913277,
      "넘어지": 0.010911560899315484,
      "받": 0.010135428076122993,
      "향하": 0.01003817067864033,
      "붙들": 0.008222868578231153,
      "읽": 0.004984458163077986,
      "가지": 0.004091406781736593,
      "믿": 0.00400622462598391,
      "주": 0.003939414693881467,
      "위하": 0.003918772909078182
    }
  }
}