{
  "scope": "sermon",
  "idf_scope": "church",
  "church": "S-gA",
  "sermon": "S-gA-0644",
  "document_unit": "sermon_json",
  "document_count": 951,
  "min_count": 5,
  "freq": {
    "MAG": {
      "잘": 5
    },
    "NNB": {
      "수": 26,
      "장": 6
    },
    "NNG": {
      "성령": 43,
      "책망": 16,
      "심판": 21,
      "죄": 33,
      "말씀": 38,
      "십자가": 21,
      "죄인": 13,
      "은사": 6,
      "복음": 15,
      "구원": 17,
      "임금": 5,
      "사역": 11,
      "인간": 13,
      "개인": 9,
      "용서": 7,
      "세상": 15,
      "사람": 15,
      "육신": 6,
      "역사": 12,
      "인정": 7,
      "안": 9,
      "의지": 6,
      "몸": 6,
      "오늘": 9,
      "하나님": 9,
      "절": 8,
      "교회": 6,
      "도": 5,
      "필요": 5,
      "가운데": 6,
      "믿음": 5,
      "마음": 5
    },
    "NNP": {
      "예수": 57,
      "신": 6,
      "성령": 7,
      "요한복음": 5,
      "그리스도": 9
    },
    "VA": {
      "없": 19,
      "어떻": 6
    },
    "VV": {
      "깨닫": 28,
      "있": 28,
      "대하": 26,
      "되": 23,
      "받": 20,
      "믿": 19,
      "전하": 9,
      "이루": 11,
      "통하": 11,
      "떠나": 7,
      "입": 6,
      "세우": 6,
      "알": 8,
      "계시": 5,
      "살아가": 6,
      "위하": 5
    }
  },
  "tfidf": {
    "MAG": {
      "잘": 0.004358637502131361
    },
    "NNB": {
      "수": 0.020186335403726708,
      "장": 0.004909707366748796
    },
    "NNG": {
      "성령": 0.05528669973365531,
      "책망": 0.03992762901428562,
      "심판": 0.03454519765128474,
      "죄": 0.0338307701582158,
      "말씀": 0.02956515210207888,
      "십자가": 0.02250090313993689,
      "죄인": 0.02045564693136804,
      "은사": 0.017856583900882995,
      "복음": 0.01729711077501187,
      "구원": 0.01712584182547475,
      "임금": 0.016489313362372443,
      "사역": 0.016316638588290307,
      "인간": 0.014244075496313648,
      "개인": 0.014161601721716335,
      "용서": 0.012767264663931459,
      "세상": 0.012391053422921579,
      "사람": 0.011658202316529212,
      "육신": 0.01163325870690345,
      "역사": 0.010995865715562422,
      "인정": 0.010160889227725551,
      "안": 0.007481739497155336,
      "의지": 0.007239671889919492,
      "몸": 0.00719728410798573,
      "오늘": 0.006987577639751553,
      "하나님": 0.006987577639751553,
      "절": 0.00626359545742773,
      "교회": 0.0060050478930608825,
      "도": 0.005597176833381364,
      "필요": 0.005004206577550735,
      "가운데": 0.0049773344686838234,
      "믿음": 0.004433114368285665,
      "마음": 0.004126006442615882
    },
    "NNP": {
      "예수": 0.046593184346537,
      "신": 0.014345224573042714,
      "성령": 0.011515065883761581,
      "요한복음": 0.00863266860101753,
      "그리스도": 0.008397939903351526
    },
    "VA": {
      "없": 0.014767056267603669,
      "어떻": 0.00492522670956403
    },
    "VV": {
      "깨닫": 0.03343036392479963,
      "있": 0.021739130434782608,
      "대하": 0.021545755336719468,
      "되": 0.017857142857142856,
      "받": 0.0157745613750457,
      "믿": 0.015400947680975724,
      "전하": 0.011557504231369625,
      "이루": 0.011527759996907236,
      "통하": 0.00878609027179219,
      "떠나": 0.008416558459591569,
      "입": 0.00797625362013572,
      "세우": 0.006566811990580006,
      "알": 0.0063230963074700506,
      "계시": 0.005298180104579499,
      "살아가": 0.00512100821798605,
      "위하": 0.00396441079233608
    }
  }
}