{
  "scope": "sermon",
  "idf_scope": "church",
  "church": "S-gA",
  "sermon": "S-gA-0087",
  "document_unit": "sermon_json",
  "document_count": 951,
  "min_count": 5,
  "freq": {
    "MAG": {
      "때로": 9,
      "지금": 13,
      "멀리": 6,
      "홀로": 5,
      "더": 10,
      "계속": 6,
      "매우": 5,
      "가장": 7,
      "다시": 7,
      "안": 5,
      "잘": 5
    },
    "NNB": {
      "거": 25,
      "수": 23,
      "적": 10,
      "분": 10,
      "절": 10,
      "줄": 5,
      "번": 5
    },
    "NNG": {
      "하나님": 123,
      "시인": 35,
      "우울": 31,
      "낙심": 24,
      "감정": 24,
      "사람": 46,
      "불안": 17,
      "느낌": 12,
      "조롱": 10,
      "우울증": 8,
      "상태": 16,
      "절망": 13,
      "찬송": 11,
      "소망": 18,
      "영혼": 15,
      "말": 20,
      "순간": 14,
      "시선": 9,
      "속": 17,
      "갈급": 5,
      "비난": 6,
      "갈망": 7,
      "기억": 12,
      "삶": 16,
      "찬양": 10,
      "반석": 5,
      "얼굴": 7,
      "오늘": 15,
      "세상": 14,
      "고통": 8,
      "과거": 6,
      "대화": 5,
      "시대": 9,
      "두려움": 7,
      "눈물": 6,
      "절": 13,
      "임재": 6,
      "불": 6,
      "질문": 7,
      "가운데": 11,
      "상황": 9,
      "물": 6,
      "경험": 9,
      "기쁨": 7,
      "의지": 7,
      "구원": 8,
      "아래": 5,
      "시": 6,
      "문제": 8,
      "시작": 9,
      "주": 9,
      "현실": 5,
      "곳": 7,
      "소리": 5,
      "인생": 7,
      "안": 8,
      "의미": 7,
      "예배": 5,
      "고백": 5,
      "마음": 6,
      "기도": 6,
      "길": 5,
      "믿음": 5,
      "이름": 5
    },
    "NNP": {
      "멘": 46,
      "엘리야": 11
    },
    "VA": {
      "없": 40,
      "같": 16,
      "나쁘": 5,
      "깊": 7,
      "많": 7,
      "힘들": 5,
      "그렇": 7
    },
    "VV": {
      "있": 57,
      "되": 28,
      "빠지": 16,
      "빠져나오": 6,
      "보": 20,
      "두": 12,
      "바라보": 12,
      "잊": 7,
      "찾아오": 10,
      "죽": 12,
      "건지": 5,
      "떨어지": 7,
      "놓이": 5,
      "울": 5,
      "떠나": 8,
      "살": 12,
      "채우": 6,
      "드러내": 6,
      "변하": 5,
      "구하": 6,
      "찾": 7,
      "일어나": 8,
      "느끼": 6,
      "믿": 8,
      "살아가": 7,
      "끝나": 5,
      "향하": 6,
      "받": 7,
      "계시": 5,
      "만나": 5,
      "보이": 6
    }
  },
  "tfidf": {
    "MAG": {
      "때로": 0.006302044262992636,
      "지금": 0.006153772848835153,
      "멀리": 0.005689988896969611,
      "홀로": 0.0049232424667688904,
      "더": 0.004215397538313368,
      "계속": 0.003883972753668867,
      "매우": 0.0037449929183424593,
      "가장": 0.0033667559047098,
      "다시": 0.0032066511844916616,
      "안": 0.0025863680986003825,
      "잘": 0.0023246066678033928
    },
    "NNB": {
      "거": 0.012217628572847136,
      "수": 0.009523809523809525,
      "적": 0.007393459630190312,
      "분": 0.004537621233372613,
      "절": 0.004237600201424695,
      "줄": 0.0022977339281567,
      "번": 0.0021188001007123474
    },
    "NNG": {
      "하나님": 0.05093167701863354,
      "시인": 0.046863655384160784,
      "우울": 0.04202133508892116,
      "낙심": 0.024958583891417606,
      "감정": 0.02092911697854144,
      "사람": 0.019067637566590002,
      "불안": 0.015382654264818982,
      "느낌": 0.014529645225643099,
      "조롱": 0.013555269383522955,
      "우울증": 0.012006487884700972,
      "상태": 0.011329833466658177,
      "절망": 0.010499489547035877,
      "찬송": 0.010362631878304898,
      "소망": 0.010016290762127966,
      "영혼": 0.009562713795310129,
      "말": 0.008386626579936362,
      "순간": 0.007842208548771809,
      "시선": 0.007731949760726563,
      "속": 0.007657219621118242,
      "갈급": 0.007596087562660331,
      "비난": 0.007568647650730305,
      "갈망": 0.007539332355836474,
      "기억": 0.0067816705338617595,
      "삶": 0.006695219943453431,
      "찬양": 0.006527115063748898,
      "반석": 0.006375655365796762,
      "얼굴": 0.006374153098642738,
      "오늘": 0.006211180124223602,
      "세상": 0.00616799103718763,
      "고통": 0.0058393059125768625,
      "과거": 0.005836463846368667,
      "대화": 0.005600980207647177,
      "시대": 0.00551604540797433,
      "두려움": 0.005507653164526329,
      "눈물": 0.005446306451376231,
      "절": 0.005428449396437366,
      "임재": 0.005386846162651689,
      "불": 0.005256054278215858,
      "질문": 0.0049321334759588695,
      "가운데": 0.004866727036046405,
      "상황": 0.004777995524508601,
      "물": 0.00472727370267462,
      "경험": 0.004625448658944924,
      "기쁨": 0.004623671803477512,
      "의지": 0.004504684731505461,
      "구원": 0.004298250497374054,
      "아래": 0.004282825805163793,
      "시": 0.004280745698657456,
      "문제": 0.004169588523655582,
      "시작": 0.004109799178163142,
      "주": 0.0038258812517720873,
      "현실": 0.003804434131349563,
      "곳": 0.003644449032065186,
      "소리": 0.003608018445772943,
      "인생": 0.003582112205337755,
      "안": 0.0035468987245773445,
      "의미": 0.0035210878308512845,
      "예배": 0.002850906636676883,
      "고백": 0.0027367980066253838,
      "마음": 0.0026406441232741645,
      "기도": 0.0025239298200073123,
      "길": 0.0023971716878748543,
      "믿음": 0.002364327663085688,
      "이름": 0.002168365747805532
    },
    "NNP": {
      "멘": 0.031351598838854224,
      "엘리야": 0.01707022893449217
    },
    "VA": {
      "없": 0.016580554405730436,
      "같": 0.006787288089292102,
      "나쁘": 0.005259720581671116,
      "깊": 0.004690693303248104,
      "많": 0.003129797498858517,
      "힘들": 0.0030679877575419015,
      "그렇": 0.002926083339588139
    },
    "VV": {
      "있": 0.02360248447204969,
      "되": 0.011594202898550725,
      "빠지": 0.010644545932094256,
      "빠져나오": 0.008486742306338009,
      "보": 0.008342692399980312,
      "두": 0.007570239916985373,
      "바라보": 0.00656831521590092,
      "잊": 0.006314180944273328,
      "찾아오": 0.0061713368465460584,
      "죽": 0.006101275275274503,
      "건지": 0.005896334866863581,
      "떨어지": 0.005717278270554231,
      "놓이": 0.005518857523604876,
      "울": 0.005141380180346171,
      "떠나": 0.005130092775370099,
      "살": 0.0051172818044704655,
      "채우": 0.004413282296683029,
      "드러내": 0.004346130315595031,
      "변하": 0.0041185675396637495,
      "구하": 0.0039869222937040805,
      "찾": 0.003942848942941831,
      "일어나": 0.003913810595591651,
      "느끼": 0.003711339820967588,
      "믿": 0.003458458426605075,
      "살아가": 0.0031864051134135422,
      "끝나": 0.0031469377983192183,
      "향하": 0.0029542035898968604,
      "받": 0.002944584790008531,
      "계시": 0.0028256960557757334,
      "만나": 0.002739800753162954,
      "보이": 0.0025613311808410266
    }
  }
}