{
  "scope": "sermon",
  "idf_scope": "church",
  "church": "S-gA",
  "sermon": "S-gA-0278",
  "document_unit": "sermon_json",
  "document_count": 951,
  "min_count": 5,
  "freq": {
    "MAG": {
      "간절히": 5,
      "다시": 7,
      "안": 5
    },
    "NNB": {
      "번": 16,
      "수": 11,
      "장": 9,
      "분": 6,
      "절": 5,
      "때문": 5
    },
    "NNG": {
      "족보": 28,
      "하나님": 51,
      "역대기": 11,
      "포로": 12,
      "번성": 8,
      "범죄": 10,
      "귀환": 8,
      "태초": 7,
      "역대상": 5,
      "자포자기": 5,
      "시작": 23,
      "조상": 9,
      "사랑": 23,
      "언약": 10,
      "용서": 10,
      "낙심": 9,
      "저자": 6,
      "교훈": 7,
      "오늘": 21,
      "담": 6,
      "백성": 16,
      "인류": 8,
      "이후": 11,
      "설명": 9,
      "소망": 11,
      "절": 12,
      "이야기": 9,
      "기억": 8,
      "대답": 5,
      "축복": 8,
      "반복": 5,
      "말씀": 10,
      "설교": 5,
      "말": 9,
      "은혜": 8,
      "마음": 8,
      "영원": 5,
      "주": 8,
      "이름": 7,
      "생각": 6,
      "사람": 6,
      "성도": 5,
      "앞": 5
    },
    "NNP": {
      "에노스": 5,
      "아담": 10,
      "이스라엘": 17,
      "노아": 6,
      "아브라함": 7
    },
    "VA": {
      "같": 15,
      "이렇": 14,
      "놀랍": 6,
      "없": 8,
      "그렇": 6,
      "좋": 5
    },
    "VV": {
      "되": 25,
      "있": 21,
      "내리": 7,
      "무너지": 7,
      "읽": 8,
      "주": 9,
      "돌아오": 5,
      "맞": 5,
      "알": 5
    }
  },
  "tfidf": {
    "MAG": {
      "간절히": 0.0074560274424947184,
      "다시": 0.005805144385717663,
      "안": 0.004682218109535175
    },
    "NNB": {
      "번": 0.012274428169643942,
      "수": 0.008245877061469266,
      "장": 0.007110610669084464,
      "분": 0.004928795477628872,
      "절": 0.0038357588030137318,
      "때문": 0.0038317307253159603
    },
    "NNG": {
      "족보": 0.09220331011676604,
      "하나님": 0.03823088455772114,
      "역대기": 0.03341149025129798,
      "포로": 0.024599109943521193,
      "번성": 0.024167458100763237,
      "범죄": 0.022897631109880873,
      "귀환": 0.02267482813124825,
      "태초": 0.021261857432644166,
      "역대상": 0.02082451252547721,
      "자포자기": 0.02082451252547721,
      "시작": 0.019013726082881204,
      "조상": 0.018992698096588507,
      "사랑": 0.018305884767526034,
      "언약": 0.018112048907568002,
      "용서": 0.017610020226112355,
      "낙심": 0.016943866219389106,
      "저자": 0.016048450945920424,
      "교훈": 0.015776419337407973,
      "오늘": 0.015742128935532233,
      "담": 0.015057146304083275,
      "백성": 0.014664089704404425,
      "인류": 0.01413677255920023,
      "이후": 0.0133121285422818,
      "설명": 0.012889632991376668,
      "소망": 0.011081241216722031,
      "절": 0.009071414110757401,
      "이야기": 0.008927971419789625,
      "기억": 0.00818477478224695,
      "대답": 0.007989944854588336,
      "축복": 0.007713838033567362,
      "반복": 0.007552551041079481,
      "말씀": 0.0075120168680418205,
      "설교": 0.0068873376515811045,
      "말": 0.006832208722448157,
      "은혜": 0.006564798358194485,
      "마음": 0.006373968573420397,
      "영원": 0.006191863223637324,
      "주": 0.006156590520093015,
      "이름": 0.005495685602196779,
      "생각": 0.004815832320008032,
      "사람": 0.0045024781360388675,
      "성도": 0.004307573817590204,
      "앞": 0.003888521598706524
    },
    "NNP": {
      "에노스": 0.025337154220851782,
      "아담": 0.02381134788356181,
      "이스라엘": 0.018819140401461425,
      "노아": 0.018643146783000258,
      "아브라함": 0.012839904708061678
    },
    "VA": {
      "같": 0.011519373642925714,
      "이렇": 0.010740124648438449,
      "놀랍": 0.006118213876978702,
      "없": 0.006003304181385158,
      "그렇": 0.0045404741476367675,
      "좋": 0.004303005717162433
    },
    "VV": {
      "되": 0.018740629685157422,
      "있": 0.015742128935532233,
      "내리": 0.009226178845126767,
      "무너지": 0.008895615903521042,
      "읽": 0.007789803881847815,
      "주": 0.006926164335104641,
      "돌아오": 0.006701001899508529,
      "맞": 0.0059504370424777586,
      "알": 0.003815661564852617
    }
  }
}