{
  "scope": "sermon",
  "idf_scope": "church",
  "church": "S-gA",
  "sermon": "S-gA-0012",
  "document_unit": "sermon_json",
  "document_count": 951,
  "min_count": 5,
  "freq": {
    "MAG": {
      "가장": 12,
      "매일": 5,
      "더": 10,
      "잘": 8,
      "전혀": 5,
      "안": 6,
      "없이": 5
    },
    "NNB": {
      "수": 25,
      "데": 6,
      "때문": 8
    },
    "NNG": {
      "염려": 127,
      "평강": 39,
      "기도": 74,
      "불안": 22,
      "하나님": 42,
      "마음": 35,
      "공장": 7,
      "평안": 15,
      "주": 26,
      "성령": 16,
      "세력": 8,
      "짐": 9,
      "교회": 17,
      "삶": 19,
      "두려움": 10,
      "어린아이": 6,
      "감사": 12,
      "사람": 17,
      "사회": 8,
      "강": 5,
      "문제": 11,
      "주장": 5,
      "응답": 6,
      "임재": 5,
      "안": 10,
      "세상": 10,
      "명령": 5,
      "은혜": 9,
      "속": 9,
      "믿음": 8,
      "해결": 5,
      "말씀": 9,
      "생각": 8,
      "아버지": 6,
      "의지": 5,
      "곳": 6,
      "오늘": 7,
      "가운데": 6,
      "나라": 5
    },
    "VA": {
      "없": 26,
      "무겁": 5,
      "작": 8,
      "깊": 7,
      "많": 9,
      "그렇": 7,
      "크": 6,
      "좋": 5,
      "어떻": 5,
      "이렇": 5
    },
    "VV": {
      "되": 44,
      "던지": 12,
      "있": 26,
      "살": 20,
      "아뢰": 5,
      "구하": 10,
      "모이": 8,
      "임하": 7,
      "지키": 8,
      "맡기": 5,
      "주": 9,
      "위하": 9,
      "받": 9,
      "믿": 8,
      "나오": 7,
      "보": 7,
      "가지": 6,
      "알": 6,
      "일어나": 5
    }
  },
  "tfidf": {
    "MAG": {
      "가장": 0.007129600739385459,
      "매일": 0.005251739298912729,
      "더": 0.005207255782622396,
      "잘": 0.004594516708129058,
      "전혀": 0.004214744137510774,
      "안": 0.003833910357925273,
      "없이": 0.0035771370343064724
    },
    "NNB": {
      "수": 0.01278772378516624,
      "데": 0.005287979980694506,
      "때문": 0.004183348368344954
    },
    "NNG": {
      "염려": 0.15639686742488973,
      "평강": 0.057906281897910014,
      "기도": 0.038452813140111404,
      "불안": 0.024590955952755605,
      "하나님": 0.021483375959079284,
      "마음": 0.019028170888299126,
      "공장": 0.01608127081004309,
      "평안": 0.01594236459590053,
      "주": 0.013653144859265097,
      "성령": 0.013553182752764747,
      "세력": 0.012466007895320501,
      "짐": 0.012427410547412544,
      "교회": 0.011209422733713647,
      "삶": 0.00982129690234529,
      "두려움": 0.009719387937399404,
      "어린아이": 0.009476870824529006,
      "감사": 0.009095681351771284,
      "사람": 0.008704791063008479,
      "사회": 0.00807145167607656,
      "강": 0.007370412512457266,
      "문제": 0.007082168742385583,
      "주장": 0.006586601805763113,
      "응답": 0.0060621257687051245,
      "임재": 0.005545282814494386,
      "안": 0.005476828912950312,
      "세상": 0.005442345032812616,
      "명령": 0.005102132632207847,
      "은혜": 0.00503944815143753,
      "속": 0.00500766265879359,
      "믿음": 0.004673024087039948,
      "해결": 0.004614132195708428,
      "말씀": 0.004613262123668036,
      "생각": 0.004381463130360249,
      "아버지": 0.004216664345236153,
      "의지": 0.003974721821916584,
      "곳": 0.00385882838689255,
      "오늘": 0.0035805626598465474,
      "가운데": 0.0032791850617211074,
      "나라": 0.0032683526790445432
    },
    "VA": {
      "없": 0.013313209861071791,
      "무겁": 0.007102712710503587,
      "작": 0.006776591376382373,
      "깊": 0.005794385845188834,
      "많": 0.004970854851128232,
      "그렇": 0.0036145735371382894,
      "크": 0.003313903234085489,
      "좋": 0.0029361686070049544,
      "어떻": 0.0027040460366233895,
      "이렇": 0.0026173413008799586
    },
    "VV": {
      "되": 0.022506393861892585,
      "던지": 0.013606084688613311,
      "있": 0.01329923273657289,
      "살": 0.010535580185674487,
      "아뢰": 0.009160866792264221,
      "구하": 0.008208369428214284,
      "모이": 0.00792628793922271,
      "임하": 0.006327767810227964,
      "지키": 0.0058403435411064405,
      "맡기": 0.0049063779592607,
      "주": 0.004726088605130225,
      "위하": 0.0047013247984409035,
      "받": 0.004676693490013549,
      "믿": 0.004272213350512151,
      "나오": 0.0037976329169897923,
      "보": 0.0036069875964620758,
      "가지": 0.0032722883089121926,
      "알": 0.0031243534695734373,
      "일어나": 0.0030216920039494366
    }
  }
}