{
  "scope": "sermon",
  "idf_scope": "church",
  "church": "S-gA",
  "sermon": "S-gA-0165",
  "document_unit": "sermon_json",
  "document_count": 951,
  "min_count": 5,
  "freq": {
    "MAG": {
      "다시금": 6,
      "친히": 6,
      "더": 5
    },
    "NNB": {
      "수": 21,
      "절": 17,
      "장": 11,
      "번": 7
    },
    "NNG": {
      "하나님": 87,
      "나귀": 16,
      "겸손": 27,
      "왕": 41,
      "말씀": 57,
      "평강": 12,
      "모습": 26,
      "심판": 13,
      "공의": 9,
      "무기": 7,
      "교만": 9,
      "궁핍": 5,
      "경고": 7,
      "절": 21,
      "구원": 16,
      "목자": 7,
      "도구": 8,
      "백성": 16,
      "언약": 8,
      "가운데": 18,
      "보호": 8,
      "이방": 7,
      "사용": 11,
      "삶": 16,
      "장": 13,
      "주관": 5,
      "형통": 5,
      "가난": 6,
      "승리": 9,
      "오늘": 15,
      "피": 7,
      "회복": 9,
      "말": 14,
      "평안": 6,
      "동행": 5,
      "돌": 5,
      "소망": 8,
      "자녀": 7,
      "확신": 5,
      "길": 9,
      "앞": 10,
      "땅": 8,
      "찬양": 6,
      "인정": 5,
      "역사": 7,
      "표현": 5,
      "필요": 5,
      "세상": 6,
      "기도": 6,
      "시작": 5
    },
    "NNP": {
      "예수": 30,
      "스가랴": 6,
      "북": 6,
      "이스라엘": 12,
      "그리스도": 12,
      "예루살렘": 5
    },
    "VA": {
      "그렇": 26,
      "낮": 7,
      "없": 8,
      "크": 6,
      "많": 5
    },
    "VV": {
      "되": 30,
      "있": 30,
      "타": 9,
      "다스리": 8,
      "이어지": 8,
      "통하": 16,
      "나타나": 9,
      "보이": 11,
      "나누": 7,
      "따르": 9,
      "돌아오": 6,
      "나아가": 7,
      "누리": 6,
      "전하": 5,
      "주": 8,
      "보": 8,
      "받": 7,
      "행하": 5,
      "읽": 5,
      "부르": 5,
      "위하": 5
    }
  },
  "tfidf": {
    "MAG": {
      "다시금": 0.011542545013314524,
      "친히": 0.009330609306553847,
      "더": 0.0029818936892287004
    },
    "NNB": {
      "수": 0.012302284710017574,
      "절": 0.010191838094287687,
      "장": 0.006791713920337526,
      "번": 0.00419663921529493
    },
    "NNG": {
      "하나님": 0.050966608084358524,
      "나귀": 0.04088630320632581,
      "겸손": 0.03781114946029193,
      "왕": 0.03680670066027353,
      "말씀": 0.03346214051623691,
      "평강": 0.020405890876556095,
      "모습": 0.01771055598187154,
      "심판": 0.016135932978299766,
      "공의": 0.016104801353557692,
      "무기": 0.013728142178044292,
      "교만": 0.0134201707684512,
      "궁핍": 0.012604619136795408,
      "경고": 0.012559707922883639,
      "절": 0.01240610207472944,
      "구원": 0.012162009315944161,
      "목자": 0.012050432784266365,
      "도구": 0.011952184358008955,
      "백성": 0.01145980999746661,
      "언약": 0.011323478965528162,
      "가운데": 0.01126679577445477,
      "보호": 0.01097182021477051,
      "이방": 0.010953869128678543,
      "사용": 0.00992124553690348,
      "삶": 0.009472147723163465,
      "장": 0.009331110614905007,
      "주관": 0.00930414120582058,
      "형통": 0.009277144559350385,
      "가난": 0.009124340407333847,
      "승리": 0.008982637649077052,
      "오늘": 0.008787346221441126,
      "피": 0.00866229227285207,
      "회복": 0.008320751471869088,
      "말": 0.008305560769409736,
      "평안": 0.007303414829522094,
      "동행": 0.006697161694826013,
      "돌": 0.006421026205855106,
      "소망": 0.0062980777688053215,
      "자녀": 0.006269425251834026,
      "확신": 0.006159410724090374,
      "길": 0.006104572540827177,
      "앞": 0.0060776658613643855,
      "땅": 0.0055726628936543,
      "찬양": 0.005540591521600557,
      "인정": 0.005476284762453139,
      "역사": 0.00483981279493804,
      "표현": 0.003971221408540544,
      "필요": 0.00377587467597267,
      "세상": 0.0037398188186814276,
      "기도": 0.003570761871890837,
      "시작": 0.003230217084965172
    },
    "NNP": {
      "예수": 0.018503382800955714,
      "스가랴": 0.016451708978711493,
      "북": 0.015786534990526856,
      "이스라엘": 0.010381363918349856,
      "그리스도": 0.008448776876013876,
      "예루살렘": 0.006104316020055527
    },
    "VA": {
      "그렇": 0.015376079411895493,
      "낮": 0.010623871195135477,
      "없": 0.004691510121832338,
      "크": 0.0037953607631148975,
      "많": 0.0031628006359290814
    },
    "VV": {
      "되": 0.01757469244288225,
      "있": 0.01757469244288225,
      "타": 0.011539635035909554,
      "다스리": 0.011144352016165782,
      "이어지": 0.0103885551908764,
      "통하": 0.009642847543329256,
      "나타나": 0.00840033649588922,
      "보이": 0.006643405860090009,
      "나누": 0.006620261827119745,
      "따르": 0.0064254263671256395,
      "돌아오": 0.006284103011560195,
      "나아가": 0.005156030704415597,
      "누리": 0.005096788202923961,
      "전하": 0.004844778184600689,
      "주": 0.004811301554659684,
      "보": 0.0047211721490222494,
      "받": 0.0041658888505393095,
      "행하": 0.004161726376845237,
      "읽": 0.0038047738643764593,
      "부르": 0.0037148915834642046,
      "위하": 0.002991307030186802
    }
  }
}