{
  "scope": "sermon",
  "idf_scope": "church",
  "church": "S-gA",
  "sermon": "S-gA-0314",
  "document_unit": "sermon_json",
  "document_count": 951,
  "min_count": 5,
  "freq": {
    "MAG": {
      "너무나": 5,
      "다": 9
    },
    "NNB": {
      "절": 11,
      "수": 11
    },
    "NNG": {
      "술람미": 15,
      "여인": 28,
      "연못": 11,
      "배꼽": 8,
      "춤": 13,
      "왕": 28,
      "혼신": 6,
      "웨딩": 5,
      "댄스": 5,
      "허리": 7,
      "머리카락": 6,
      "호칭": 6,
      "시선": 11,
      "눈빛": 5,
      "주": 22,
      "헌신": 9,
      "확신": 10,
      "포도주": 6,
      "발": 9,
      "새벽": 8,
      "이름": 14,
      "영광": 10,
      "하나님": 13,
      "눈": 9,
      "절": 11,
      "단어": 7,
      "사랑": 10,
      "문": 5,
      "머리": 5,
      "오늘": 10,
      "예배": 7,
      "말": 9,
      "생각": 8,
      "축복": 6,
      "말씀": 7,
      "표현": 5,
      "소망": 5,
      "뜻": 5,
      "본문": 5,
      "사람": 6,
      "힘": 5,
      "시작": 5,
      "가운데": 5,
      "마음": 5,
      "앞": 5
    },
    "NNP": {
      "바드랍빔": 6
    },
    "VA": {
      "아름답": 13,
      "같": 18,
      "귀하": 6,
      "이렇": 10,
      "쉽": 5,
      "없": 6,
      "좋": 5
    },
    "VV": {
      "춤추": 10,
      "추": 11,
      "되": 29,
      "있": 22,
      "위하": 21,
      "받": 13,
      "가지": 5
    }
  },
  "tfidf": {
    "MAG": {
      "너무나": 0.008102899509314655,
      "다": 0.007624959709547771
    },
    "NNB": {
      "절": 0.009144748119483917,
      "수": 0.008935824532900082
    },
    "NNG": {
      "술람미": 0.0636008250021459,
      "여인": 0.056695769742929635,
      "연못": 0.05164123348840522,
      "배꼽": 0.04061171159939734,
      "춤": 0.03907056488108206,
      "왕": 0.03485591854249834,
      "혼신": 0.028818789045017317,
      "웨딩": 0.02745715981366066,
      "댄스": 0.026288670486074226,
      "허리": 0.025160068896948447,
      "머리카락": 0.024789486494971168,
      "호칭": 0.021411027450812213,
      "시선": 0.018539511273012108,
      "눈빛": 0.01838489246391617,
      "주": 0.01834723990492382,
      "헌신": 0.01735492519228789,
      "확신": 0.01708223250369174,
      "포도주": 0.016480397499495494,
      "발": 0.015561484375597172,
      "새벽": 0.012891205874504206,
      "이름": 0.011911039144322507,
      "영광": 0.01113632019745536,
      "하나님": 0.010560519902518278,
      "눈": 0.009383755278412433,
      "절": 0.009011232782375719,
      "단어": 0.008931718377260004,
      "사랑": 0.008625031003383509,
      "문": 0.00854111625184587,
      "머리": 0.008208101493198316,
      "오늘": 0.008123476848090982,
      "예배": 0.007830150559386304,
      "말": 0.007403872003042925,
      "생각": 0.0069583756456980395,
      "축복": 0.006269451626794595,
      "말씀": 0.005698392649372423,
      "표현": 0.005506803366676447,
      "소망": 0.00545837670153873,
      "뜻": 0.005434378177224488,
      "본문": 0.004971290320591711,
      "사람": 0.004879208638079489,
      "힘": 0.0047835514053661665,
      "시작": 0.004479269345276643,
      "가운데": 0.004339836715180587,
      "마음": 0.004317056294142368,
      "앞": 0.004213881245064583
    },
    "NNP": {
      "바드랍빔": 0.03492486362744803
    },
    "VA": {
      "아름답": 0.019227476436474378,
      "같": 0.014979864604058068,
      "귀하": 0.008658063969528444,
      "이렇": 0.008313407381349013,
      "쉽": 0.005909792188694355,
      "없": 0.004879208638079489,
      "좋": 0.004663046000564326
    },
    "VV": {
      "춤추": 0.03648472140377653,
      "추": 0.030419492383360225,
      "되": 0.023558082859463852,
      "있": 0.017871649065800164,
      "위하": 0.017421508222763005,
      "받": 0.010728239466440505,
      "가지": 0.004330709209263021
    }
  }
}