{
  "scope": "sermon",
  "idf_scope": "church",
  "church": "S-gA",
  "sermon": "S-gA-0054",
  "document_unit": "sermon_json",
  "document_count": 951,
  "min_count": 5,
  "freq": {
    "MAG": {
      "온전히": 7,
      "더": 13,
      "다시": 7,
      "다": 7
    },
    "NNB": {
      "수": 17,
      "번": 10,
      "장": 6,
      "분": 5
    },
    "NNG": {
      "하나님": 87,
      "영생": 17,
      "나라": 39,
      "관리": 12,
      "어린아이": 12,
      "말씀": 35,
      "부자": 9,
      "자녀": 19,
      "이야기": 20,
      "부모": 12,
      "걸림돌": 5,
      "선생": 7,
      "세리": 5,
      "기도": 19,
      "절": 19,
      "아기": 5,
      "자격": 6,
      "제자": 9,
      "오늘": 16,
      "근심": 5,
      "새벽": 6,
      "인": 6,
      "당시": 6,
      "믿음": 9,
      "주": 10,
      "질문": 6,
      "삶": 10,
      "손": 7,
      "존재": 7,
      "사람": 9,
      "축복": 7,
      "의지": 5,
      "시대": 5,
      "아들": 5,
      "앞": 7,
      "고백": 5,
      "구원": 5,
      "생각": 6,
      "사랑": 6,
      "이름": 6,
      "인생": 5,
      "본문": 5,
      "백성": 5,
      "은혜": 5
    },
    "NNP": {
      "예수": 44,
      "새": 5
    },
    "VA": {
      "어리": 8,
      "선하": 6,
      "없": 13,
      "같": 6,
      "이렇": 5
    },
    "VV": {
      "있": 35,
      "되": 25,
      "얻": 18,
      "꾸짖": 5,
      "향하": 16,
      "내세우": 5,
      "위하": 17,
      "맡기": 8,
      "버리": 8,
      "관하": 5,
      "갖추": 5,
      "데리": 5,
      "내려놓": 5,
      "부르": 9,
      "보": 11,
      "받아들이": 5,
      "드리": 6,
      "살아가": 7,
      "받": 7,
      "들어가": 5,
      "가지": 6,
      "따르": 5,
      "나오": 5,
      "살": 5
    }
  },
  "tfidf": {
    "MAG": {
      "온전히": 0.00897713058280163,
      "더": 0.008822827047689878,
      "다시": 0.005162708407031575,
      "다": 0.004866983542012825
    },
    "NNB": {
      "수": 0.011333333333333334,
      "번": 0.006822536324293758,
      "장": 0.004215802058914966,
      "분": 0.0036527850928649535
    },
    "NNG": {
      "하나님": 0.058,
      "영생": 0.035486675115562284,
      "나라": 0.03322607333516682,
      "관리": 0.026870042915688803,
      "어린아이": 0.024703043282605607,
      "말씀": 0.02338240450459151,
      "부자": 0.019955793249828657,
      "자녀": 0.019365358970736473,
      "이야기": 0.017644316850369424,
      "부모": 0.017027722014542328,
      "걸림돌": 0.015209093895956786,
      "선생": 0.01457104406985206,
      "세리": 0.014069929583549932,
      "기도": 0.01286783553233728,
      "절": 0.012773559002847617,
      "아기": 0.012033565975806688,
      "자격": 0.011391718962780437,
      "제자": 0.01127807561934146,
      "오늘": 0.010666666666666666,
      "근심": 0.008722726732439078,
      "새벽": 0.00793453721575734,
      "인": 0.007867683291862378,
      "당시": 0.0068920005748385055,
      "믿음": 0.006851821567622323,
      "주": 0.006844076461503402,
      "질문": 0.00680634419682324,
      "삶": 0.006737065068100016,
      "손": 0.006271310938287899,
      "존재": 0.006108266698601924,
      "사람": 0.006006305833475851,
      "축복": 0.006002651629787669,
      "의지": 0.005180387441231281,
      "시대": 0.004933796170465929,
      "아들": 0.0048944145590867185,
      "앞": 0.004841468625162869,
      "고백": 0.004406244790666868,
      "구원": 0.004325114562982643,
      "생각": 0.004282880209927144,
      "사랑": 0.00424696526606604,
      "이름": 0.004189282624760288,
      "인생": 0.004119429036138419,
      "본문": 0.004079772256432265,
      "백성": 0.004075394930349064,
      "은혜": 0.0036489337540964346
    },
    "NNP": {
      "예수": 0.03088337945364848,
      "새": 0.013736318055026658
    },
    "VA": {
      "어리": 0.01047553173614141,
      "선하": 0.010221040506929157,
      "없": 0.00867577509279845,
      "같": 0.004097825183910107,
      "이렇": 0.003411268162146879
    },
    "VV": {
      "있": 0.023333333333333334,
      "되": 0.016666666666666666,
      "얻": 0.015452184869421369,
      "꾸짖": 0.014250153654450854,
      "향하": 0.012683380745957186,
      "내세우": 0.012229700975883133,
      "위하": 0.011573965161198775,
      "맡기": 0.010231433504378313,
      "버리": 0.009918018521838306,
      "관하": 0.009493099135650366,
      "갖추": 0.009155257488116074,
      "데리": 0.008534158894144429,
      "내려놓": 0.007844111662863341,
      "부르": 0.007609583919568077,
      "보": 0.007387454120182565,
      "받아들이": 0.006765398057270528,
      "드리": 0.005184483764390582,
      "살아가": 0.005130112232595804,
      "받": 0.004740781511913735,
      "들어가": 0.004579765997187044,
      "가지": 0.004264882429282225,
      "따르": 0.004062297336549432,
      "나오": 0.0035354154060547828,
      "살": 0.0034328432104989374
    }
  }
}