{
  "scope": "sermon",
  "idf_scope": "church",
  "church": "S-gA",
  "sermon": "S-gA-0170",
  "document_unit": "sermon_json",
  "document_count": 951,
  "min_count": 5,
  "freq": {
    "MAG": {
      "속히": 25,
      "다시": 10,
      "더": 6
    },
    "NNB": {
      "수": 28,
      "장": 5
    },
    "NNG": {
      "말씀": 55,
      "기록": 20,
      "갈망": 11,
      "성도": 21,
      "고백": 18,
      "주": 23,
      "삶": 23,
      "가운데": 19,
      "세속": 6,
      "순종": 10,
      "마지막": 12,
      "조롱": 5,
      "말": 16,
      "약속": 10,
      "오늘": 16,
      "강조": 7,
      "소망": 11,
      "하나님": 13,
      "확신": 6,
      "전도": 5,
      "세상": 11,
      "절": 11,
      "사도": 5,
      "사랑": 9,
      "처음": 6,
      "교회": 7,
      "고통": 5,
      "하루": 5,
      "본문": 6,
      "역사": 6,
      "모습": 6,
      "시작": 6,
      "장": 5,
      "땅": 5
    },
    "NNP": {
      "예수여": 8,
      "계시록": 8,
      "그리스도": 11,
      "예수": 12,
      "주님": 7
    },
    "VA": {
      "없": 13,
      "좋": 6
    },
    "VV": {
      "있": 35,
      "되": 23,
      "지키": 15,
      "믿": 20,
      "살아가": 17,
      "깨": 6,
      "관하": 5,
      "이루어지": 5,
      "보": 8,
      "붙들": 5,
      "행하": 5,
      "읽": 5,
      "살": 6,
      "대하": 5,
      "통하": 5
    }
  },
  "tfidf": {
    "MAG": {
      "속히": 0.07736240403399867,
      "다시": 0.008972381659769855,
      "더": 0.004953861340645636
    },
    "NNB": {
      "수": 0.0227088402270884,
      "장": 0.0042739274725415305
    },
    "NNG": {
      "말씀": 0.044700460471064754,
      "기록": 0.025936473166690063,
      "갈망": 0.023205001046552653,
      "성도": 0.019573783118568045,
      "고백": 0.01929742244087679,
      "주": 0.01915009228887813,
      "삶": 0.01885066868203167,
      "가운데": 0.016464629510358278,
      "세속": 0.015457098820764698,
      "순종": 0.013546641619698098,
      "마지막": 0.013341907701282286,
      "조롱": 0.013274929262452528,
      "말": 0.01314108885031391,
      "약속": 0.013109016782937553,
      "오늘": 0.012976480129764802,
      "강조": 0.01202871440250196,
      "소망": 0.011988950351262928,
      "하나님": 0.010543390105433901,
      "확신": 0.010232714458415832,
      "전도": 0.010184336999488631,
      "세상": 0.009492102995185344,
      "절": 0.008996616021982571,
      "사도": 0.008945968590927474,
      "사랑": 0.007749936616908831,
      "처음": 0.007353653650293699,
      "교회": 0.007318398459561627,
      "고통": 0.007148177097968939,
      "하루": 0.007120869587095687,
      "본문": 0.005955871907200386,
      "역사": 0.005743177226944202,
      "모습": 0.005658229283371648,
      "시작": 0.005366404441883746,
      "장": 0.004968558805802872,
      "땅": 0.004821844869965475
    },
    "NNP": {
      "예수여": 0.030644417316218753,
      "계시록": 0.02892047139094378,
      "그리스도": 0.010721998067106824,
      "예수": 0.010246642154495183,
      "주님": 0.008412706089415384
    },
    "VA": {
      "없": 0.0105544709158132,
      "좋": 0.005586578712111616
    },
    "VV": {
      "있": 0.028386050283860504,
      "되": 0.0186536901865369,
      "지키": 0.017362943465424413,
      "믿": 0.016934665653388595,
      "살아가": 0.015156744517575366,
      "깨": 0.012221204399386358,
      "관하": 0.011548782403467597,
      "이루어지": 0.006978256207238975,
      "보": 0.006536123972733966,
      "붙들": 0.006206927214364031,
      "행하": 0.0057616114560217506,
      "읽": 0.0052674363231878475,
      "살": 0.005011449942334214,
      "대하": 0.004328238329542497,
      "통하": 0.004171821967878913
    }
  }
}