{
  "scope": "sermon",
  "idf_scope": "church",
  "church": "S-gA",
  "sermon": "S-gA-0297",
  "document_unit": "sermon_json",
  "document_count": 951,
  "min_count": 5,
  "freq": {
    "MAG": {
      "만": 6,
      "이제": 7,
      "더": 6,
      "지금": 5
    },
    "NNB": {
      "수": 16,
      "거": 11,
      "번": 8,
      "절": 6,
      "장": 5
    },
    "NNG": {
      "하만": 19,
      "왕": 50,
      "이야기": 46,
      "내러티브": 9,
      "하나님": 43,
      "왕후": 5,
      "상황": 18,
      "등장": 11,
      "말": 20,
      "통제": 6,
      "절": 17,
      "침묵": 5,
      "인물": 7,
      "잔치": 5,
      "만": 6,
      "사용": 10,
      "후": 9,
      "삶": 14,
      "분노": 5,
      "아내": 6,
      "사람": 12,
      "유대인": 5,
      "가운데": 11,
      "자리": 10,
      "본문": 9,
      "민족": 5,
      "장": 8,
      "계획": 5,
      "표현": 7,
      "앞": 9,
      "사실": 7,
      "성경": 8,
      "속": 8,
      "이전": 5,
      "오늘": 8,
      "시작": 7,
      "나라": 5
    },
    "NNP": {
      "에스더": 32,
      "모르드게": 6,
      "드": 6
    },
    "VA": {
      "그렇": 32,
      "같": 5,
      "이렇": 5,
      "없": 5
    },
    "VV": {
      "있": 28,
      "살펴보": 16,
      "죽이": 12,
      "르": 12,
      "되": 19,
      "내려가": 6,
      "쓰": 9,
      "통하": 10,
      "보": 9,
      "읽": 6,
      "대하": 7,
      "알": 7,
      "만들": 5,
      "받": 5
    }
  },
  "tfidf": {
    "MAG": {
      "만": 0.018062284006295424,
      "이제": 0.005470994181183394,
      "더": 0.004328923481939099,
      "지금": 0.004050962609697677
    },
    "NNB": {
      "수": 0.011339475549255847,
      "거": 0.009200887400076093,
      "번": 0.00580229878749292,
      "절": 0.004351724090619689,
      "장": 0.003734764403716306
    },
    "NNG": {
      "하만": 0.07353134335780787,
      "왕": 0.05430246497648002,
      "이야기": 0.043141667706431255,
      "내러티브": 0.038696846272196876,
      "하나님": 0.03047484053862509,
      "왕후": 0.01968809334442707,
      "상황": 0.016355576458806902,
      "등장": 0.015686313860432354,
      "말": 0.014354148256942815,
      "통제": 0.013429133957472498,
      "절": 0.012149865887299573,
      "침묵": 0.011941632406304838,
      "인물": 0.011714938105235398,
      "잔치": 0.011710446999258769,
      "만": 0.011528294364186727,
      "사용": 0.010911388526186611,
      "후": 0.010562909750836983,
      "삶": 0.010026815480517386,
      "분노": 0.009690294313919582,
      "아내": 0.009517352951414097,
      "사람": 0.00851354476750652,
      "유대인": 0.008353319717387096,
      "가운데": 0.008329656833488354,
      "자리": 0.008231968725194053,
      "본문": 0.00780679312003339,
      "민족": 0.007508051462126616,
      "장": 0.006946826939821338,
      "계획": 0.006760887605257401,
      "표현": 0.006726027584783976,
      "앞": 0.006617376373362229,
      "사실": 0.006593921598656258,
      "성경": 0.006557645180943019,
      "속": 0.006167402471338826,
      "이전": 0.00609793756451145,
      "오늘": 0.005669737774627924,
      "시작": 0.005470994181183394,
      "나라": 0.004528440458917138
    },
    "NNP": {
      "에스더": 0.11144722450743982,
      "모르드게": 0.02657318407806066,
      "드": 0.015867174981203148
    },
    "VA": {
      "그렇": 0.022894372834197773,
      "같": 0.0036302490998494923,
      "이렇": 0.0036264367421830744,
      "없": 0.0035473103197943834
    },
    "VV": {
      "있": 0.019844082211197732,
      "살펴보": 0.01915185601474029,
      "죽이": 0.015504608949113612,
      "르": 0.015464014090834453,
      "되": 0.013465627214741318,
      "내려가": 0.012053938400900448,
      "쓰": 0.008744102868009066,
      "통하": 0.007291079357044224,
      "보": 0.006425528678723318,
      "읽": 0.005523528549814839,
      "대하": 0.00529511339791372,
      "알": 0.005050410728928949,
      "만들": 0.004402905207861615,
      "받": 0.003599864466877899
    }
  }
}