{
  "scope": "sermon",
  "idf_scope": "church",
  "church": "S-gA",
  "sermon": "S-gA-0215",
  "document_unit": "sermon_json",
  "document_count": 951,
  "min_count": 5,
  "freq": {
    "MAG": {
      "깊이": 5,
      "다": 6,
      "더": 5
    },
    "NNB": {
      "절": 18,
      "분": 15,
      "수": 7,
      "때문": 6
    },
    "NNG": {
      "하나님": 79,
      "표현": 17,
      "이야기": 16,
      "주": 19,
      "기도": 18,
      "마음": 15,
      "본문": 11,
      "속": 12,
      "노래": 6,
      "앞": 12,
      "사용": 8,
      "절": 12,
      "사실": 9,
      "묵상": 6,
      "아침": 5,
      "최고": 5,
      "고백": 7,
      "오늘": 9,
      "시작": 8,
      "곳": 7,
      "생각": 8,
      "의미": 7,
      "영혼": 5,
      "사랑": 7,
      "땅": 6,
      "말씀": 7,
      "자리": 6,
      "길": 6,
      "마지막": 5,
      "믿음": 6,
      "순간": 5,
      "존재": 5,
      "축복": 5,
      "말": 6,
      "사람": 6,
      "가운데": 5,
      "세상": 5
    },
    "NNP": {
      "다윗": 17,
      "주님": 7
    },
    "VA": {
      "깊": 12,
      "이렇": 11,
      "많": 7,
      "같": 7,
      "그렇": 7
    },
    "VV": {
      "되": 26,
      "보": 24,
      "있": 22,
      "짓": 14,
      "멈추": 9,
      "미워하": 5,
      "알": 13,
      "이어지": 5,
      "대하": 9,
      "믿": 8,
      "구하": 5,
      "주": 7,
      "받": 6,
      "보이": 5
    }
  },
  "tfidf": {
    "MAG": {
      "깊이": 0.006846032461198587,
      "다": 0.0042948183035704905,
      "더": 0.003493543258416878
    },
    "NNB": {
      "절": 0.01264299799285734,
      "분": 0.011281765901092856,
      "수": 0.004804392587508579,
      "때문": 0.004209907031630604
    },
    "NNG": {
      "하나님": 0.05422100205902539,
      "표현": 0.015818925745290053,
      "이야기": 0.014532038586440156,
      "주": 0.01338752087528119,
      "기도": 0.012550357958787216,
      "마음": 0.010942271032441844,
      "본문": 0.009240390148405267,
      "속": 0.008959030425935915,
      "노래": 0.008942716589368068,
      "앞": 0.00854460586850982,
      "사용": 0.00845351775453634,
      "절": 0.008305604957961822,
      "사실": 0.008210237315554056,
      "묵상": 0.007814247200417675,
      "아침": 0.007304273341859269,
      "최고": 0.007304273341859269,
      "고백": 0.006350798943308457,
      "오늘": 0.0061770761839396015,
      "시작": 0.00605516053703286,
      "곳": 0.006040730550746345,
      "생각": 0.0058790394096460445,
      "의미": 0.005836257454705457,
      "영혼": 0.005283448596585213,
      "사랑": 0.0051010221109235206,
      "땅": 0.0048966380711056405,
      "말씀": 0.004814496466285142,
      "자리": 0.004783242774707815,
      "길": 0.004768018909719511,
      "마지막": 0.004704464709357429,
      "믿음": 0.004702691535773729,
      "순간": 0.004642350633710148,
      "존재": 0.004491812946319681,
      "축복": 0.0044141471931961485,
      "말": 0.004170288920496839,
      "사람": 0.004122378746380131,
      "가운데": 0.003666670553457312,
      "세상": 0.003651264426612444
    },
    "NNP": {
      "다윗": 0.025946590485638958,
      "주님": 0.007119331920555366
    },
    "VA": {
      "깊": 0.013328394149243068,
      "이렇": 0.007726276551190597,
      "많": 0.005187687686851969,
      "같": 0.004921890234620925,
      "그렇": 0.004850028321966613
    },
    "VV": {
      "되": 0.017844886753603295,
      "보": 0.01659376978390044,
      "있": 0.015099519560741249,
      "짓": 0.013822911113945862,
      "멈추": 0.011899024451674805,
      "미워하": 0.01023804979955461,
      "알": 0.009083212471883883,
      "이어지": 0.007606925064698874,
      "대하": 0.006593062559084844,
      "믿": 0.005732448250000861,
      "구하": 0.005506987725517819,
      "주": 0.004932244532998333,
      "받": 0.004183452652929073,
      "보이": 0.003537871655073827
    }
  }
}