{
  "scope": "sermon",
  "idf_scope": "church",
  "church": "S-gA",
  "sermon": "S-gA-0174",
  "document_unit": "sermon_json",
  "document_count": 951,
  "min_count": 5,
  "freq": {
    "MAG": {
      "안": 26,
      "그냥": 23,
      "다": 22,
      "없이": 12,
      "더": 13,
      "열심히": 7,
      "너무": 6,
      "못": 5
    },
    "NNB": {
      "거": 157,
      "수": 38,
      "줄": 7,
      "분": 6,
      "때문": 6
    },
    "NNG": {
      "말씀": 124,
      "하나님": 121,
      "은혜": 87,
      "떡": 32,
      "만족": 27,
      "수고": 20,
      "값": 15,
      "돈": 25,
      "물": 23,
      "계산": 13,
      "사람": 37,
      "결핍": 11,
      "노력": 18,
      "소진": 7,
      "귀": 15,
      "입": 15,
      "초청": 8,
      "세상": 25,
      "갈망": 9,
      "공짜": 5,
      "정보": 7,
      "영혼": 14,
      "양식": 6,
      "필요": 15,
      "초대": 6,
      "문제": 13,
      "시험": 7,
      "방식": 8,
      "말": 15,
      "지식": 6,
      "시대": 10,
      "오늘": 13,
      "삶": 12,
      "선물": 5,
      "광야": 5,
      "백성": 8,
      "생명": 7,
      "안": 9,
      "얘기": 6,
      "현실": 5,
      "해결": 5,
      "인생": 7,
      "진짜": 5,
      "절": 8,
      "복": 5,
      "곳": 6,
      "생각": 7,
      "주": 7,
      "인간": 5,
      "구원": 5,
      "능력": 5,
      "중요": 5,
      "힘": 5
    },
    "NNP": {
      "멘": 28,
      "마리아": 5,
      "이스라엘": 6,
      "여호": 5,
      "예수": 8
    },
    "VA": {
      "없": 62,
      "목마르": 13,
      "배부르": 7,
      "헛되": 9,
      "그렇": 14,
      "다르": 7,
      "많": 8,
      "어떻": 8,
      "이렇": 8,
      "좋": 5
    },
    "VV": {
      "되": 69,
      "살": 57,
      "있": 48,
      "주": 37,
      "기울이": 14,
      "구하": 21,
      "나오": 31,
      "매기": 6,
      "보": 24,
      "받": 23,
      "채우": 12,
      "얻": 16,
      "알": 20,
      "위하": 19,
      "찾": 14,
      "누리": 13,
      "듣": 16,
      "아끼": 5,
      "먹": 10,
      "바꾸": 7,
      "만나": 9,
      "빠지": 7,
      "모르": 9,
      "살아가": 9,
      "죽": 8,
      "들리": 5,
      "만들": 7,
      "일어나": 7,
      "들어가": 6,
      "깨닫": 5,
      "가지": 7,
      "믿": 7,
      "보이": 5
    }
  },
  "tfidf": {
    "MAG": {
      "안": 0.010680569083269847,
      "그냥": 0.010231490436452533,
      "다": 0.007545001967699686,
      "없이": 0.005519213076279503,
      "더": 0.004351937050817105,
      "열심히": 0.0043267855604181855,
      "너무": 0.002660256549032981,
      "못": 0.002470334386871874
    },
    "NNB": {
      "거": 0.060932258619373306,
      "수": 0.012495889510029596,
      "줄": 0.002554632821801316,
      "분": 0.002162122054310068,
      "때문": 0.0020170452302156494
    },
    "NNG": {
      "말씀": 0.040861814608484245,
      "하나님": 0.03978954291351529,
      "은혜": 0.031317714890469237,
      "떡": 0.029759969624717445,
      "만족": 0.018098986129514334,
      "수고": 0.01583378218497642,
      "값": 0.01553289131936385,
      "돈": 0.01454718973482834,
      "물": 0.01439090309191394,
      "계산": 0.01346183914344867,
      "사람": 0.01217983754459095,
      "결핍": 0.011661360247345947,
      "노력": 0.011141024090391898,
      "소진": 0.010184822365058709,
      "귀": 0.009647805169631696,
      "입": 0.009334519708982275,
      "초청": 0.009017423836759096,
      "세상": 0.00874694552708703,
      "갈망": 0.007698002948001398,
      "공짜": 0.007628558385273206,
      "정보": 0.007311751612518914,
      "영혼": 0.00708791742671129,
      "양식": 0.006934744385934261,
      "필요": 0.006358518321491629,
      "초대": 0.005541681737997689,
      "문제": 0.005380805314870395,
      "시험": 0.005185577369111337,
      "방식": 0.005046744576312881,
      "말": 0.004995158629697381,
      "지식": 0.004890498548998827,
      "시대": 0.004867276721932846,
      "오늘": 0.004274909569220651,
      "삶": 0.003987739928503791,
      "선물": 0.0038036625950539343,
      "광야": 0.003515707428779931,
      "백성": 0.003216359037434315,
      "생명": 0.0031944619260313527,
      "안": 0.003168852506522878,
      "얘기": 0.0031473201687597665,
      "현실": 0.003021278667283523,
      "해결": 0.0029663362192074894,
      "인생": 0.0028447224517891083,
      "진짜": 0.002808224706256307,
      "절": 0.00265291382741431,
      "복": 0.002504950317812079,
      "곳": 0.0024807660297188213,
      "생각": 0.0024646630606289053,
      "주": 0.002363130642742049,
      "인간": 0.002320386669270227,
      "구원": 0.0021334008038388567,
      "능력": 0.002117201697553076,
      "중요": 0.0019405177904259017,
      "힘": 0.0019363866425536837
    },
    "NNP": {
      "멘": 0.01515516287179076,
      "마리아": 0.00582222446769986,
      "이스라엘": 0.0029136777718880643,
      "여호": 0.002909437946965668,
      "예수": 0.0027697270144672937
    },
    "VA": {
      "없": 0.020409457507152402,
      "목마르": 0.015951528591483577,
      "배부르": 0.010974238102608135,
      "헛되": 0.008128640321576256,
      "그렇": 0.00464747863538662,
      "다르": 0.003248541336978318,
      "많": 0.00284059227124285,
      "어떻": 0.002781406117250234,
      "이렇": 0.0026922208448380497,
      "좋": 0.0018876059278838163
    },
    "VV": {
      "되": 0.022689904636632688,
      "살": 0.019303393258642495,
      "있": 0.015784281486353174,
      "주": 0.012490833397350829,
      "기울이": 0.011540248805792234,
      "구하": 0.01108170361313178,
      "나오": 0.01081202343844442,
      "매기": 0.009498275429926884,
      "보": 0.007950385588669168,
      "받": 0.007683420029173855,
      "채우": 0.0070095868112394055,
      "얻": 0.006775045432169843,
      "알": 0.006695287770487854,
      "위하": 0.006380602493261989,
      "찾": 0.006262400655839869,
      "누리": 0.006198773814046127,
      "듣": 0.005951375520897125,
      "아끼": 0.005237974679923478,
      "먹": 0.00502158232455664,
      "바꾸": 0.004052428565727023,
      "만나": 0.003916446522196435,
      "빠지": 0.0036983321477732116,
      "모르": 0.003614522535863918,
      "살아가": 0.0032534652670664415,
      "죽": 0.003230204930349211,
      "들리": 0.0030413545697940978,
      "만들": 0.0028600785753402943,
      "일어나": 0.0027196221686318998,
      "들어가": 0.0027108118365460968,
      "깨닫": 0.002528439231405431,
      "가지": 0.002454305903072638,
      "믿": 0.0024032078141137283,
      "보이": 0.0016950605068867365
    }
  }
}