{
  "scope": "sermon",
  "idf_scope": "church",
  "church": "S-gA",
  "sermon": "S-gA-0942",
  "document_unit": "sermon_json",
  "document_count": 951,
  "min_count": 5,
  "freq": {
    "NNB": {
      "수": 17,
      "분": 8,
      "줄": 7,
      "절": 6,
      "때문": 6,
      "번": 5
    },
    "NNG": {
      "하나님": 77,
      "병거": 15,
      "평화": 16,
      "안식": 12,
      "왕관": 7,
      "의논": 8,
      "주권": 12,
      "환상": 11,
      "구리": 5,
      "성전": 13,
      "평강": 10,
      "말씀": 28,
      "천사": 7,
      "행사": 5,
      "절": 17,
      "통치": 7,
      "비전": 5,
      "구원": 12,
      "심판": 7,
      "결론": 6,
      "말": 14,
      "세상": 13,
      "대답": 6,
      "전쟁": 6,
      "안": 11,
      "주": 11,
      "이름": 9,
      "삶": 9,
      "오늘": 9,
      "백성": 7,
      "소망": 6,
      "장": 6,
      "앞": 7,
      "이야기": 5,
      "가운데": 6,
      "나라": 5,
      "사람": 6
    },
    "NNP": {
      "예수": 7
    },
    "VA": {
      "이렇": 16,
      "없": 12,
      "같": 7,
      "그렇": 6
    },
    "VV": {
      "있": 30,
      "되": 25,
      "보": 15,
      "나오": 12,
      "믿": 10,
      "받": 10,
      "짓": 6,
      "주": 7,
      "이루": 5,
      "위하": 6,
      "일어나": 5,
      "보이": 5,
      "알": 5
    }
  },
  "tfidf": {
    "NNB": {
      "수": 0.011904761904761904,
      "분": 0.006139134609857064,
      "줄": 0.005440222976959245,
      "절": 0.004299917851445645,
      "때문": 0.004295402342497051,
      "번": 0.0035832648762047048
    },
    "NNG": {
      "하나님": 0.05392156862745098,
      "병거": 0.04682108879337406,
      "평화": 0.03037614070563487,
      "안식": 0.02631241358049601,
      "왕관": 0.024353888612231374,
      "의논": 0.024107658113736424,
      "주권": 0.02410195334464394,
      "환상": 0.022981123828776158,
      "구리": 0.021880697207133284,
      "성전": 0.02044165270955381,
      "평강": 0.020327296759034347,
      "말씀": 0.019649079415623116,
      "천사": 0.013493233141621493,
      "행사": 0.013065233367458942,
      "절": 0.012005224626736482,
      "통치": 0.011207897071635296,
      "비전": 0.010994629424006551,
      "구원": 0.01090365015877977,
      "심판": 0.01038613785594182,
      "결론": 0.009991286182560394,
      "말": 0.00992828587771878,
      "세상": 0.009686078361970071,
      "대답": 0.00895679532438726,
      "전쟁": 0.00862785741964234,
      "안": 0.008247843541526363,
      "주": 0.00790807154165309,
      "이름": 0.006600760438172722,
      "삶": 0.006369074119002115,
      "오늘": 0.0063025210084033615,
      "백성": 0.005993227838748622,
      "소망": 0.00564643841982704,
      "장": 0.005148094964331884,
      "앞": 0.005085576286935786,
      "이야기": 0.004633486567849113,
      "가운데": 0.004489360501165801,
      "나라": 0.004474530453453839,
      "사람": 0.004206096522041912
    },
    "NNP": {
      "예수": 0.005160992555756764
    },
    "VA": {
      "이렇": 0.011466447603855056,
      "없": 0.008412193044083823,
      "같": 0.005021844588125131,
      "그렇": 0.004241591395621462
    },
    "VV": {
      "있": 0.02100840336134454,
      "되": 0.01750700280112045,
      "보": 0.010581723816151498,
      "나오": 0.008912811948037266,
      "믿": 0.00731107939447764,
      "받": 0.00711401787502061,
      "짓": 0.0060444122127908525,
      "주": 0.005032409162870148,
      "이루": 0.004726176112814018,
      "위하": 0.0042908916811166984,
      "일어나": 0.004136840243502205,
      "보이": 0.0036097191886852705,
      "알": 0.003564490565485568
    }
  }
}