{
  "scope": "sermon",
  "idf_scope": "church",
  "church": "S-gA",
  "sermon": "S-gA-0606",
  "document_unit": "sermon_json",
  "document_count": 951,
  "min_count": 5,
  "freq": {
    "MAG": {
      "덜": 5,
      "더": 17
    },
    "NNB": {
      "분": 7,
      "때문": 7,
      "거": 5,
      "번": 5,
      "수": 5
    },
    "NNG": {
      "사랑": 33,
      "탐심": 7,
      "곡식": 7,
      "유산": 7,
      "창고": 6,
      "곳간": 5,
      "하나님": 24,
      "주인": 10,
      "부자": 5,
      "음식": 5,
      "남": 6,
      "삶": 10,
      "오늘": 10,
      "인생": 8,
      "영혼": 6,
      "존재": 7,
      "말씀": 9,
      "앞": 7,
      "손": 5,
      "사실": 5,
      "이야기": 5,
      "축복": 5,
      "마음": 6,
      "주": 5
    },
    "NNP": {
      "예수": 16
    },
    "VA": {
      "같": 10,
      "없": 9,
      "쉽": 5,
      "그렇": 6
    },
    "VV": {
      "되": 34,
      "쌓": 9,
      "위하": 19,
      "먹": 10,
      "있": 13,
      "짓": 8,
      "살": 10,
      "보": 7,
      "주": 6,
      "죽": 5,
      "알": 5
    }
  },
  "tfidf": {
    "MAG": {
      "덜": 0.017792902168533416,
      "더": 0.015761670850223616
    },
    "NNB": {
      "분": 0.006986200997282698,
      "때문": 0.0065174319695811365,
      "거": 0.0053744213120994234,
      "번": 0.00466020240730448,
      "수": 0.004553734061930784
    },
    "NNG": {
      "사랑": 0.03191025814667106,
      "탐심": 0.029088430948551233,
      "곡식": 0.02800528590522903,
      "유산": 0.026271646553329673,
      "창고": 0.023514846848644546,
      "곳간": 0.023160183572639274,
      "하나님": 0.02185792349726776,
      "주인": 0.018246749659279946,
      "부자": 0.015145562575765527,
      "음식": 0.013250478799695797,
      "남": 0.012132297079003386,
      "삶": 0.009203640803415323,
      "오늘": 0.009107468123861567,
      "인생": 0.009004216472433702,
      "영혼": 0.008413097929207273,
      "존재": 0.008344626637434321,
      "말씀": 0.00821395942784245,
      "앞": 0.006614028176452008,
      "손": 0.006119546192708723,
      "사실": 0.006052578308420493,
      "이야기": 0.006026064498076989,
      "축복": 0.005857388397528951,
      "마음": 0.005807974096272411,
      "주": 0.004674915615781012
    },
    "NNP": {
      "예수": 0.015341966941703169
    },
    "VA": {
      "같": 0.009330203059904616,
      "없": 0.008205335838081763,
      "쉽": 0.006625641333590849,
      "그렇": 0.0055163866238137045
    },
    "VV": {
      "되": 0.030965391621129327,
      "쌓": 0.019733824436275943,
      "위하": 0.017671595794180064,
      "먹": 0.013907679279578092,
      "있": 0.011839708561020037,
      "짓": 0.010481385112161916,
      "살": 0.009379353034150103,
      "보": 0.0064222775510777395,
      "주": 0.005609898738937214,
      "죽": 0.005591446489749516,
      "알": 0.004635785544183417
    }
  }
}