{
  "scope": "sermon",
  "idf_scope": "church",
  "church": "S-gA",
  "sermon": "S-gA-0189",
  "document_unit": "sermon_json",
  "document_count": 951,
  "min_count": 5,
  "freq": {
    "MAG": {
      "다": 8,
      "안": 6
    },
    "NNB": {
      "수": 26,
      "때문": 14,
      "줄": 6,
      "분": 5
    },
    "NNG": {
      "왕": 37,
      "하나님": 55,
      "아합": 10,
      "요람": 9,
      "예후": 6,
      "왕가": 7,
      "결정": 21,
      "왕위": 9,
      "어머니": 13,
      "말씀": 20,
      "상황": 15,
      "아들": 13,
      "사람": 18,
      "나라": 14,
      "왕국": 5,
      "집": 11,
      "절": 16,
      "힘": 13,
      "사명": 7,
      "딸": 5,
      "인생": 11,
      "길": 11,
      "뜻": 9,
      "오늘": 10,
      "어려움": 5,
      "은혜": 8,
      "순간": 6,
      "의지": 5,
      "앞": 7,
      "기도": 7,
      "자리": 6,
      "소망": 5,
      "지금": 5,
      "날": 5,
      "삶": 6,
      "역사": 5,
      "속": 5
    },
    "NNP": {
      "북이스라엘": 13,
      "아하시야": 6,
      "남유다": 6
    },
    "VA": {
      "없": 17,
      "같": 10,
      "이렇": 10,
      "힘들": 5,
      "그렇": 6,
      "크": 5
    },
    "VV": {
      "되": 64,
      "있": 32,
      "지키": 15,
      "가져오": 7,
      "죽이": 9,
      "죽": 12,
      "보이": 11,
      "살아가": 9,
      "내리": 5,
      "행하": 6,
      "통하": 8,
      "이루": 6,
      "믿": 6,
      "보": 6
    }
  },
  "tfidf": {
    "MAG": {
      "다": 0.006045942288214689,
      "안": 0.005431373007060803
    },
    "NNB": {
      "수": 0.01884057971014493,
      "때문": 0.010371217829855199,
      "줄": 0.00482524124912907,
      "분": 0.003970418579201036
    },
    "NNG": {
      "왕": 0.04108650418879844,
      "하나님": 0.03985507246376811,
      "아합": 0.03732257125861707,
      "요람": 0.03692178559209878,
      "예후": 0.02939109889618807,
      "왕가": 0.028716944349410158,
      "결정": 0.028223360377812572,
      "왕위": 0.026572013483955027,
      "어머니": 0.02651943400894025,
      "말씀": 0.014523232611547521,
      "상황": 0.013935820279816751,
      "아들": 0.013832041145245073,
      "사람": 0.013057186594512717,
      "나라": 0.012964465626876686,
      "왕국": 0.012011848741019427,
      "집": 0.011757711883319533,
      "절": 0.011692044853865095,
      "힘": 0.011094372918851417,
      "사명": 0.010400694067881485,
      "딸": 0.010199782311130865,
      "인생": 0.009850808564678827,
      "길": 0.009229110998318187,
      "뜻": 0.008725721134126103,
      "오늘": 0.007246376811594203,
      "어려움": 0.007076823140350707,
      "은혜": 0.006345971746254668,
      "순간": 0.005881656411578857,
      "의지": 0.005630855914381827,
      "앞": 0.005262465896916162,
      "기도": 0.005153023382514928,
      "자리": 0.0050501338570647,
      "소망": 0.004869030231589983,
      "지금": 0.004625144550357025,
      "날": 0.004410807482068022,
      "삶": 0.004393738087891314,
      "역사": 0.004276170000496498,
      "속": 0.003941215981457919
    },
    "NNP": {
      "북이스라엘": 0.04081062219730265,
      "아하시야": 0.027170117923292457,
      "남유다": 0.0213657654592388
    },
    "VA": {
      "없": 0.012331787339262013,
      "같": 0.007423596347663237,
      "이렇": 0.0074158003524932145,
      "힘들": 0.0053689785756983275,
      "그렇": 0.004389125009382208,
      "크": 0.003912246873573146
    },
    "VV": {
      "되": 0.0463768115942029,
      "있": 0.02318840579710145,
      "지키": 0.015513412531063983,
      "가져오": 0.012667326147517088,
      "죽이": 0.011889675666956145,
      "죽": 0.01067723173173038,
      "보이": 0.008217604205198292,
      "살아가": 0.00716941150518047,
      "내리": 0.006370456821635149,
      "행하": 0.006177449500238973,
      "통하": 0.005963891578428638,
      "이루": 0.00586867781660732,
      "믿": 0.004539226684919161,
      "보": 0.004379913509989663
    }
  }
}