{
  "scope": "sermon",
  "idf_scope": "church",
  "church": "S-gA",
  "sermon": "S-gA-0182",
  "document_unit": "sermon_json",
  "document_count": 951,
  "min_count": 5,
  "freq": {
    "MAG": {
      "지금": 9,
      "너무나": 5,
      "끊임없이": 5,
      "잘": 8,
      "다시": 6,
      "더": 6,
      "가장": 5
    },
    "NNB": {
      "수": 27,
      "장": 16,
      "절": 10,
      "중": 8
    },
    "NNG": {
      "사람": 86,
      "안식일": 16,
      "수종병": 8,
      "바리새인": 18,
      "선대": 8,
      "식사": 11,
      "하나님": 32,
      "함정": 7,
      "청": 8,
      "이야기": 22,
      "초대": 10,
      "내리막길": 5,
      "병": 11,
      "허락": 15,
      "집": 15,
      "주": 21,
      "교회": 16,
      "초청": 6,
      "은혜": 18,
      "교제": 7,
      "절": 18,
      "도구": 7,
      "성도": 14,
      "가운데": 15,
      "앞": 15,
      "말씀": 15,
      "오늘": 15,
      "지도자": 6,
      "마음": 14,
      "배경": 5,
      "기대": 8,
      "목적": 7,
      "길": 11,
      "기도": 12,
      "율법": 5,
      "행동": 6,
      "영광": 8,
      "내용": 6,
      "등장": 5,
      "사랑": 9,
      "하루": 5,
      "당시": 5,
      "십자가": 6,
      "예배": 6,
      "말": 8,
      "기쁨": 5,
      "상황": 6,
      "관계": 5,
      "안": 7,
      "경험": 6,
      "복음": 5,
      "아들": 5,
      "아버지": 5,
      "능력": 5,
      "곳": 5,
      "땅": 5,
      "생각": 5,
      "이름": 5
    },
    "NNP": {
      "예수": 45,
      "누가복음": 6,
      "주님": 9
    },
    "VA": {
      "낮": 12,
      "높": 14,
      "같": 13,
      "그렇": 12,
      "없": 11,
      "많": 10,
      "이렇": 10,
      "귀하": 5,
      "크": 7
    },
    "VV": {
      "되": 55,
      "있": 45,
      "갚": 14,
      "위하": 25,
      "받": 22,
      "고치": 7,
      "보": 19,
      "행하": 11,
      "앉": 8,
      "르시": 6,
      "걸리": 5,
      "나누": 7,
      "세우": 7,
      "대하": 9,
      "가지": 8,
      "드리": 6,
      "바라": 5,
      "들어가": 5,
      "얻": 5,
      "나오": 6,
      "주": 6,
      "알": 6,
      "일어나": 5
    }
  },
  "tfidf": {
    "MAG": {
      "지금": 0.004812270737189037,
      "너무나": 0.0046654206248673245,
      "끊임없이": 0.004274742222942241,
      "잘": 0.004201253584842053,
      "다시": 0.0031046622787173706,
      "더": 0.002856927517781136,
      "가장": 0.0027163956668028086
    },
    "NNB": {
      "수": 0.012628624883068288,
      "장": 0.007887375227156157,
      "절": 0.004786625110589633,
      "중": 0.004454019780632225
    },
    "NNG": {
      "사람": 0.04026678372925812,
      "안식일": 0.028553891614269897,
      "수종병": 0.02681166643304554,
      "바리새인": 0.026361641669514713,
      "선대": 0.0190307813378918,
      "식사": 0.018799156487092794,
      "하나님": 0.014967259120673527,
      "함정": 0.014704810305722283,
      "청": 0.013962322356393915,
      "이야기": 0.013616989150191557,
      "초대": 0.01313708619056047,
      "내리막길": 0.012993404915335172,
      "병": 0.012520937881388958,
      "허락": 0.011661278580426879,
      "집": 0.010348866229471653,
      "주": 0.010083648668725778,
      "교회": 0.009647024242297995,
      "초청": 0.009619499258974887,
      "은혜": 0.009216203120730003,
      "교제": 0.00905224688395333,
      "절": 0.0084901307930896,
      "도구": 0.008349897737011752,
      "성도": 0.007525561142873214,
      "가운데": 0.007496266131506974,
      "앞": 0.007278701327419789,
      "말씀": 0.007030657508396484,
      "오늘": 0.007015902712815715,
      "지도자": 0.006968998953528158,
      "마음": 0.0069597893520345734,
      "배경": 0.00659871943961117,
      "기대": 0.006487863962197047,
      "목적": 0.005976778152922333,
      "길": 0.0059570501298779705,
      "기도": 0.0057018620349089414,
      "율법": 0.005419320602509212,
      "행동": 0.005177314907619916,
      "영광": 0.0051295828486688675,
      "내용": 0.004927988138946108,
      "등장": 0.004705627361397664,
      "사랑": 0.0044694442697140275,
      "하루": 0.0041066567824550905,
      "당시": 0.0040294671274780786,
      "십자가": 0.0038729337490630384,
      "예배": 0.003864325272726663,
      "말": 0.003789280297576485,
      "기쁨": 0.0037305116281565517,
      "상황": 0.003598022822478413,
      "관계": 0.0035422932662886675,
      "안": 0.0035056316030741357,
      "경험": 0.0034831488965862147,
      "복음": 0.0034734453816986735,
      "아들": 0.0034338736382741237,
      "아버지": 0.0032131192683725754,
      "능력": 0.003011417381786204,
      "곳": 0.002940446482840246,
      "땅": 0.002780792668226114,
      "생각": 0.002504022573624382,
      "이름": 0.002449299944317287
    },
    "NNP": {
      "예수": 0.02215992126372643,
      "누가복음": 0.007657622974373129,
      "주님": 0.006237859112270649
    },
    "VA": {
      "낮": 0.01454091791802453,
      "높": 0.011339448975435233,
      "같": 0.006229154278628554,
      "그렇": 0.005666036027078996,
      "없": 0.005150402570021387,
      "많": 0.005050421595445221,
      "이렇": 0.004786625110589633,
      "귀하": 0.004154223864394104,
      "크": 0.0035352951168116553
    },
    "VV": {
      "되": 0.025724976613657625,
      "있": 0.021047708138447148,
      "갚": 0.020922246571333104,
      "위하": 0.011941443172424862,
      "받": 0.010453413730666394,
      "고치": 0.008953324316050863,
      "보": 0.008952395714992904,
      "행하": 0.0073100782205821335,
      "앉": 0.006786004567840425,
      "르시": 0.006113355731826842,
      "걸리": 0.00532936204117199,
      "나누": 0.005285681449435643,
      "세우": 0.004615402003981083,
      "대하": 0.004493027197655107,
      "가지": 0.003989600027392164,
      "드리": 0.0036373833707136916,
      "바라": 0.003364289304593599,
      "들어가": 0.0032131192683725754,
      "얻": 0.003011417381786204,
      "나오": 0.0029764956645924267,
      "주": 0.0028810424767787934,
      "알": 0.002856927517781136,
      "일어나": 0.002763053258990247
    }
  }
}