{
  "scope": "sermon",
  "idf_scope": "church",
  "church": "S-gA",
  "sermon": "S-gA-0711",
  "document_unit": "sermon_json",
  "document_count": 951,
  "min_count": 5,
  "freq": {
    "MAG": {
      "안": 29,
      "더": 16,
      "굉장히": 10,
      "너무": 9,
      "다": 11,
      "이제": 9,
      "잘": 8,
      "막": 5,
      "때로": 5,
      "가장": 7,
      "그냥": 5
    },
    "NNB": {
      "거": 57,
      "수": 28,
      "편": 5
    },
    "NNG": {
      "부모": 74,
      "자녀": 91,
      "훈계": 18,
      "양육": 15,
      "세대": 21,
      "하나님": 50,
      "교육": 13,
      "사춘기": 7,
      "아빠": 10,
      "징계": 7,
      "일방": 7,
      "음악": 6,
      "역할": 10,
      "가정": 14,
      "교훈": 8,
      "신앙": 18,
      "자식": 8,
      "말": 22,
      "아비": 6,
      "엄마": 7,
      "영향": 8,
      "중요": 16,
      "공부": 7,
      "교회": 13,
      "아버지": 12,
      "통제": 5,
      "문제": 12,
      "행동": 8,
      "축복": 11,
      "어머니": 5,
      "인격": 5,
      "학교": 5,
      "애": 6,
      "상처": 5,
      "기도": 11,
      "말씀": 11,
      "복음": 7,
      "오늘": 10,
      "포기": 5,
      "길": 8,
      "주": 9,
      "믿음": 8,
      "관계": 6,
      "진짜": 5,
      "마음": 8,
      "앞": 8,
      "사랑": 7,
      "시대": 5,
      "삶": 7,
      "절": 7,
      "정도": 5,
      "영광": 5,
      "안": 6,
      "모습": 5,
      "사람": 5
    },
    "NNP": {
      "한국": 5
    },
    "VA": {
      "노엽": 10,
      "없": 21,
      "많": 14,
      "좋": 10,
      "어리": 5,
      "힘들": 6,
      "어떻": 8,
      "그렇": 7
    },
    "VV": {
      "되": 82,
      "있": 43,
      "보": 22,
      "기르": 5,
      "따라오": 6,
      "가르치": 9,
      "맡기": 8,
      "키우": 5,
      "흘러가": 5,
      "살": 13,
      "주": 13,
      "대하": 10,
      "가지": 10,
      "믿": 10,
      "통하": 10,
      "알": 10,
      "들어가": 7,
      "보이": 9,
      "듣": 8,
      "전하": 5,
      "살아가": 7,
      "따르": 6,
      "받": 7,
      "일어나": 5
    }
  },
  "tfidf": {
    "MAG": {
      "안": 0.01586826892557843,
      "더": 0.007134601878249169,
      "굉장히": 0.006696645331882036,
      "너무": 0.005315269491201901,
      "다": 0.005025044017471473,
      "이제": 0.004347422258109499,
      "잘": 0.0039344196953098156,
      "막": 0.003870466825916923,
      "때로": 0.0037035666752146825,
      "가장": 0.003561417218516937,
      "그냥": 0.002962726619936787
    },
    "NNB": {
      "거": 0.029466800896982434,
      "수": 0.012264564169951819,
      "편": 0.004661553332934277
    },
    "NNG": {
      "부모": 0.0689909893274273,
      "자녀": 0.06093947252012653,
      "훈계": 0.04115249176222949,
      "양육": 0.02441150005518944,
      "세대": 0.02368926299917692,
      "하나님": 0.021901007446342532,
      "교육": 0.01858291169537367,
      "사춘기": 0.013374683448652737,
      "아빠": 0.013135140737755992,
      "징계": 0.01164557782291486,
      "일방": 0.011593163879193834,
      "음악": 0.010830211344304855,
      "역할": 0.010564291121879349,
      "가정": 0.010539433533031776,
      "교훈": 0.010535382464727983,
      "신앙": 0.010479470669086517,
      "자식": 0.010374858466370403,
      "말": 0.009758683096627658,
      "아비": 0.009682464559515712,
      "엄마": 0.009010113343295089,
      "영향": 0.008954043370064965,
      "중요": 0.008271382707924895,
      "공부": 0.008190212265726795,
      "교회": 0.0073403797577318896,
      "아버지": 0.007221707222896784,
      "통제": 0.006916523585192617,
      "문제": 0.006616002815130242,
      "행동": 0.006464651349097026,
      "축복": 0.006197594136255337,
      "어머니": 0.006165440030381337,
      "인격": 0.005963133153178063,
      "학교": 0.005887168286800731,
      "애": 0.005807071738844046,
      "상처": 0.005007470439363996,
      "기도": 0.004894743441998412,
      "말씀": 0.004828354600159688,
      "복음": 0.004553971404511813,
      "오늘": 0.004380201489268506,
      "포기": 0.004344358966139585,
      "길": 0.004057236706941934,
      "주": 0.004047088577761538,
      "믿음": 0.004001647871293516,
      "관계": 0.003980774246163034,
      "진짜": 0.0037406094313295795,
      "마음": 0.003724430169488747,
      "앞": 0.0036354185283745967,
      "사랑": 0.003255448627076465,
      "시대": 0.003241653200043317,
      "삶": 0.0030985187566820046,
      "절": 0.0030920158039952047,
      "정도": 0.0030873316702683044,
      "영광": 0.0030023675346183853,
      "안": 0.002813981741082223,
      "모습": 0.002546574940282246,
      "사람": 0.002192402479732753
    },
    "NNP": {
      "한국": 0.004925740778813853
    },
    "VA": {
      "노엽": 0.029609955085953814,
      "없": 0.009208090414877563,
      "많": 0.00662151639048911,
      "좋": 0.005028654951112295,
      "어리": 0.004301713097955572,
      "힘들": 0.00389444963703742,
      "어떻": 0.0037048865539018663,
      "그렇": 0.0030952655563317374
    },
    "VV": {
      "되": 0.03591765221200175,
      "있": 0.018834866403854577,
      "보": 0.00970756126173793,
      "기르": 0.008068720466263092,
      "따라오": 0.007398528036457605,
      "가르치": 0.007168109028307297,
      "맡기": 0.006722361040984437,
      "키우": 0.006451840011071646,
      "흘러가": 0.006326657326358661,
      "살": 0.0058642525277905625,
      "주": 0.005845794612322222,
      "대하": 0.004675179903921068,
      "가지": 0.00467026109207427,
      "믿": 0.004573027321644358,
      "통하": 0.004506225568457906,
      "알": 0.00445912617390573,
      "들어가": 0.004212662546689791,
      "보이": 0.004064135874987568,
      "듣": 0.003963673447010109,
      "전하": 0.0036224425585253506,
      "살아가": 0.003370638786199608,
      "따르": 0.0032028625518129555,
      "받": 0.0031148367358171712,
      "일어나": 0.0025875636739908663
    }
  }
}