{
  "scope": "sermon",
  "idf_scope": "church",
  "church": "S-gA",
  "sermon": "S-gA-0417",
  "document_unit": "sermon_json",
  "document_count": 951,
  "min_count": 5,
  "freq": {
    "MAG": {
      "더": 15
    },
    "NNB": {
      "수": 13,
      "절": 10
    },
    "NNG": {
      "율법": 40,
      "교사": 12,
      "음식": 14,
      "거미줄": 5,
      "형식주의": 6,
      "신앙": 25,
      "겉": 13,
      "사람": 31,
      "진저": 5,
      "무덤": 7,
      "부정": 10,
      "부패": 6,
      "인": 11,
      "바리": 5,
      "정죄": 7,
      "그릇": 6,
      "하나님": 20,
      "형식": 6,
      "화": 6,
      "속": 14,
      "손": 11,
      "짐": 5,
      "의식": 5,
      "바": 5,
      "선지자": 5,
      "사랑": 11,
      "말씀": 11,
      "완전": 5,
      "시작": 8,
      "안": 8,
      "순종": 5,
      "예배": 6,
      "기도": 8,
      "마음": 7,
      "죄": 5,
      "믿음": 5,
      "삶": 5
    },
    "NNP": {
      "리새": 5,
      "예수": 25,
      "새": 5
    },
    "VA": {
      "없": 9,
      "그렇": 6
    },
    "VV": {
      "되": 35,
      "있": 26,
      "씻": 8,
      "지키": 13,
      "받": 13,
      "만들": 10,
      "위하": 11,
      "죽이": 5,
      "보": 7,
      "그러": 5,
      "통하": 6,
      "살아가": 5,
      "보이": 5
    }
  },
  "tfidf": {
    "MAG": {
      "더": 0.01184660789956569
    },
    "NNB": {
      "수": 0.01008533747090768,
      "절": 0.007939336296695606
    },
    "NNG": {
      "율법": 0.07191005398395467,
      "교사": 0.03272080322362465,
      "음식": 0.03160377969106653,
      "거미줄": 0.027794483530765787,
      "형식주의": 0.026352244177448313,
      "신앙": 0.025778630654172612,
      "겉": 0.024678003706883035,
      "사람": 0.024074926407777524,
      "진저": 0.021960203481206926,
      "무덤": 0.019230053102238468,
      "부정": 0.01819345452774541,
      "부패": 0.017842730848981612,
      "인": 0.016785204850753712,
      "바리": 0.016582800994318293,
      "정죄": 0.01632718649813983,
      "그릇": 0.015531930757528277,
      "하나님": 0.015515903801396431,
      "형식": 0.014533901876168516,
      "화": 0.01253892503119248,
      "속": 0.011814475215169432,
      "손": 0.01146809603033917,
      "짐": 0.010471333342035828,
      "의식": 0.009854325217017644,
      "바": 0.009491539887262705,
      "선지자": 0.009256378437237745,
      "사랑": 0.009060631870970991,
      "말씀": 0.008551693989266538,
      "완전": 0.006952897380479509,
      "시작": 0.006844351359547617,
      "안": 0.006645275733013411,
      "순종": 0.006479057066364529,
      "예배": 0.006409563563296824,
      "기도": 0.0063049294184821915,
      "마음": 0.005771927709328905,
      "죄": 0.00512189763779556,
      "믿음": 0.0044296751794817195,
      "삶": 0.003919937006264555
    },
    "NNP": {
      "리새": 0.02155151257485384,
      "예수": 0.02041975332378549,
      "새": 0.01598485421453839
    },
    "VA": {
      "없": 0.006989494763548314,
      "그렇": 0.004698985657833552
    },
    "VV": {
      "되": 0.027152831652443754,
      "있": 0.02017067494181536,
      "씻": 0.01971409655650672,
      "지키": 0.01439413606450933,
      "받": 0.010245510305033562,
      "만들": 0.00963925407027578,
      "위하": 0.008714937487326234,
      "죽이": 0.007071697448667994,
      "보": 0.0054706444926946145,
      "그러": 0.004835236617371115,
      "통하": 0.004788694944665353,
      "살아가": 0.00426419613703519,
      "보이": 0.0039989751756730535
    }
  }
}