{
  "scope": "sermon",
  "idf_scope": "church",
  "church": "S-gA",
  "sermon": "S-gA-0693",
  "document_unit": "sermon_json",
  "document_count": 951,
  "min_count": 5,
  "freq": {
    "MAG": {
      "먼저": 24,
      "충분히": 8,
      "깊이": 7,
      "더": 11,
      "오래": 5,
      "분명히": 5,
      "스스로": 5,
      "많이": 6,
      "다": 7,
      "다시": 5
    },
    "NNB": {
      "수": 27,
      "때문": 8,
      "거": 5
    },
    "NNG": {
      "열매": 43,
      "말씀": 84,
      "포도나무": 18,
      "안": 70,
      "주": 63,
      "사랑": 48,
      "가지": 10,
      "교제": 9,
      "기도": 24,
      "계명": 7,
      "아버지": 17,
      "농부": 5,
      "친구": 11,
      "하나님": 23,
      "오늘": 21,
      "해당": 5,
      "사랑방": 6,
      "사람": 18,
      "연결": 8,
      "절": 16,
      "가운데": 15,
      "기쁨": 10,
      "주일": 6,
      "새벽": 7,
      "성도": 12,
      "묵상": 7,
      "경험": 10,
      "아무것": 7,
      "생명": 8,
      "이야기": 8,
      "자리": 9,
      "주님": 5,
      "이름": 9,
      "앞": 9,
      "삶": 9,
      "교회": 7,
      "하루": 5,
      "생각": 8,
      "마음": 8,
      "순종": 5,
      "능력": 6,
      "중요": 6,
      "힘": 6,
      "십자가": 5,
      "은혜": 6,
      "날": 5,
      "말": 6
    },
    "NNP": {
      "주님": 38,
      "예수": 16
    },
    "VA": {
      "없": 21,
      "많": 8,
      "그렇": 6,
      "좋": 5,
      "같": 5
    },
    "VV": {
      "거하": 34,
      "맺": 28,
      "붙": 18,
      "되": 41,
      "있": 40,
      "자르": 7,
      "머물": 7,
      "라": 6,
      "그러": 11,
      "받": 11,
      "떠나": 6,
      "섬기": 5,
      "지": 6,
      "통하": 8,
      "붙들": 5,
      "가지": 7,
      "지키": 5,
      "알": 6,
      "듣": 5,
      "나오": 5,
      "믿": 5,
      "위하": 5,
      "보": 5
    }
  },
  "tfidf": {
    "MAG": {
      "먼저": 0.01787993718347953,
      "충분히": 0.011954509148853263,
      "깊이": 0.007614251370966672,
      "더": 0.006105890709121843,
      "오래": 0.005957583881188312,
      "분명히": 0.005009655630975569,
      "스스로": 0.004697383161694728,
      "많이": 0.004198983187104944,
      "다": 0.0039806299416680685,
      "다시": 0.0030160704979542616
    },
    "NNB": {
      "수": 0.014721919302071973,
      "때문": 0.004459348996790832,
      "거": 0.003217619738650582
    },
    "NNG": {
      "열매": 0.05123522137821949,
      "말씀": 0.045897849627333384,
      "포도나무": 0.041172334239864196,
      "안": 0.040867177575640685,
      "주": 0.03526527947721218,
      "사랑": 0.02778821330032305,
      "가지": 0.02061629002663929,
      "교제": 0.013567793623697616,
      "기도": 0.013293981494695002,
      "계명": 0.012905451222569309,
      "아버지": 0.012735445248448161,
      "농부": 0.012649098173182017,
      "친구": 0.012574509363207783,
      "하나님": 0.012540894220283533,
      "오늘": 0.011450381679389313,
      "해당": 0.009961484229553978,
      "사랑방": 0.009835991616810516,
      "사람": 0.009824927753777291,
      "연결": 0.008853301710713886,
      "절": 0.008797721863867958,
      "가운데": 0.008738831509902897,
      "기쁨": 0.008697746849507861,
      "주일": 0.008631000686084103,
      "새벽": 0.007571123297478377,
      "성도": 0.007519699200870664,
      "묵상": 0.007242594256366763,
      "경험": 0.006767513941204405,
      "아무것": 0.00639877911478906,
      "생명": 0.006053502861543134,
      "이야기": 0.00577240464025172,
      "자리": 0.00569998750497488,
      "주님": 0.005339879174506199,
      "이름": 0.005139523394607768,
      "앞": 0.005091122171654364,
      "삶": 0.004959126413268822,
      "교회": 0.004920166467088051,
      "하루": 0.004787367612262259,
      "생각": 0.004670534580073221,
      "마음": 0.004636245407275251,
      "순종": 0.004553710228213674,
      "능력": 0.00421270034607998,
      "중요": 0.003861143686380698,
      "힘": 0.0038529237382807537,
      "십자가": 0.0037624192818505892,
      "은혜": 0.0035812872177609497,
      "날": 0.0033189282035190133,
      "말": 0.0033130375993260055
    },
    "NNP": {
      "주님": 0.030703297329293378,
      "예수": 0.009185103436199608
    },
    "VA": {
      "없": 0.011462415712740173,
      "많": 0.004710055123691117,
      "그렇": 0.0033026131477357948,
      "좋": 0.0031298852926361425,
      "같": 0.0027929560959038353
    },
    "VV": {
      "거하": 0.04455304976049323,
      "맺": 0.030198962570849846,
      "붙": 0.023297614952787777,
      "되": 0.022355507088331516,
      "있": 0.021810250817884406,
      "자르": 0.01388953179242465,
      "머물": 0.010152931311166182,
      "라": 0.009785269087249016,
      "그러": 0.0074764252996406795,
      "받": 0.00609307485173521,
      "떠나": 0.005066456128347378,
      "섬기": 0.004781275360895257,
      "지": 0.004674521995917867,
      "통하": 0.004487552005578801,
      "붙들": 0.0041729232580757095,
      "가지": 0.004069544302750213,
      "지키": 0.0038910413109538894,
      "알": 0.0033304858413391873,
      "듣": 0.0030837876497832877,
      "나오": 0.0028915611281800295,
      "믿": 0.0028462980848729742,
      "위하": 0.0027841663579764838,
      "보": 0.0027464016011385563
    }
  }
}