{
  "scope": "sermon",
  "idf_scope": "church",
  "church": "S-gA",
  "sermon": "S-gA-0421",
  "document_unit": "sermon_json",
  "document_count": 951,
  "min_count": 5,
  "freq": {
    "MAG": {
      "가장": 9,
      "다": 9,
      "지금": 8,
      "끊임없이": 5,
      "굉장히": 5,
      "다시": 6
    },
    "NNB": {
      "수": 35,
      "번": 16,
      "절": 15,
      "거": 13,
      "때문": 13,
      "분": 6
    },
    "NNG": {
      "하나님": 115,
      "도움": 22,
      "시선": 25,
      "주무": 9,
      "삶": 41,
      "인생": 31,
      "시인": 9,
      "저자": 8,
      "공간": 10,
      "속": 24,
      "실족": 5,
      "눈동자": 5,
      "절": 20,
      "말씀": 19,
      "손길": 7,
      "산": 8,
      "가운데": 15,
      "의식": 6,
      "마음": 13,
      "질문": 8,
      "불안": 6,
      "사람": 13,
      "단어": 8,
      "경험": 10,
      "상황": 9,
      "생각": 10,
      "고백": 8,
      "존재": 8,
      "어려움": 5,
      "의미": 8,
      "답": 5,
      "손": 7,
      "주": 9,
      "앞": 8,
      "순간": 6,
      "뜻": 6,
      "신앙": 6,
      "지금": 6,
      "본문": 6,
      "믿음": 6,
      "기도": 6,
      "오늘": 6,
      "자리": 5,
      "시작": 5
    },
    "NNP": {
      "요셉": 8,
      "여호": 6,
      "여호와": 5
    },
    "VA": {
      "없": 27,
      "같": 11,
      "많": 7,
      "어렵": 5,
      "크": 6
    },
    "VV": {
      "지키": 35,
      "있": 42,
      "되": 28,
      "졸": 6,
      "되돌아보": 5,
      "보": 24,
      "지켜보": 7,
      "내밀": 6,
      "향하": 14,
      "시": 8,
      "나오": 11,
      "믿": 10,
      "읽": 6,
      "살아가": 7,
      "두": 5,
      "가지": 7,
      "보이": 7,
      "위하": 7,
      "바라보": 5,
      "살": 6,
      "주": 6
    }
  },
  "tfidf": {
    "MAG": {
      "가장": 0.005781956351838456,
      "다": 0.005191551660648952,
      "지금": 0.005058325878126922,
      "끊임없이": 0.005054977252572185,
      "굉장히": 0.004227998145101408,
      "다시": 0.003671331831801847
    },
    "NNB": {
      "수": 0.019358407079646017,
      "번": 0.009056464147292598,
      "절": 0.008490435138086812,
      "거": 0.00848611612930389,
      "때문": 0.007350649805135993,
      "분": 0.003636622326967321
    },
    "NNG": {
      "하나님": 0.06360619469026549,
      "도움": 0.0292430122939937,
      "시선": 0.028688327605940648,
      "주무": 0.024206579010584275,
      "삶": 0.02291645473938888,
      "인생": 0.021189540949163324,
      "시인": 0.01609642145661717,
      "저자": 0.015788077847977762,
      "공간": 0.015224665712891508,
      "속": 0.014439499259500692,
      "실족": 0.013897543392519772,
      "눈동자": 0.012063212039062183,
      "절": 0.0111552972195339,
      "말씀": 0.010530950195651992,
      "손길": 0.010407393406124168,
      "산": 0.009375097887664297,
      "가운데": 0.008864500547102827,
      "의식": 0.008430680445621069,
      "마음": 0.007642240251677027,
      "질문": 0.0075291418106451765,
      "불안": 0.00725190852086241,
      "사람": 0.007197822256193405,
      "단어": 0.006950028648803455,
      "경험": 0.006864834385049159,
      "상황": 0.006382112384783335,
      "생각": 0.005922124184080674,
      "고백": 0.0058489975097347794,
      "존재": 0.005791656161759093,
      "어려움": 0.005401557485444677,
      "의미": 0.005375111954175633,
      "답": 0.005290775514891565,
      "손": 0.005202968145703456,
      "주": 0.0051103447030030925,
      "앞": 0.004590520188207524,
      "순간": 0.004489317393793596,
      "뜻": 0.004440079338161512,
      "신앙": 0.004410883395561305,
      "지금": 0.004236304964265063,
      "본문": 0.004061720166802033,
      "믿음": 0.003789724318375179,
      "기도": 0.0033712890018349883,
      "오늘": 0.00331858407079646,
      "자리": 0.003212197973243587,
      "시작": 0.0030497680110816087
    },
    "NNP": {
      "요셉": 0.01313369870163545,
      "여호": 0.0058723014137539355,
      "여호와": 0.005240557774261391
    },
    "VA": {
      "없": 0.01494932314747861,
      "같": 0.006232864632606634,
      "많": 0.004180564690123517,
      "어렵": 0.0038897015496519344,
      "크": 0.0035833411629630145
    },
    "VV": {
      "지키": 0.02762897585731528,
      "있": 0.023230088495575223,
      "되": 0.015486725663716814,
      "졸": 0.014792149291357998,
      "되돌아보": 0.013448099450324597,
      "보": 0.013372302309260476,
      "지켜보": 0.012596108374791437,
      "내밀": 0.011415014691354317,
      "향하": 0.009207376785989384,
      "시": 0.008228444570109213,
      "나오": 0.006452915287599991,
      "믿": 0.0057744587252843305,
      "읽": 0.004310674106077842,
      "살아가": 0.004256177184122624,
      "두": 0.00421324884760317,
      "가지": 0.004128066510643746,
      "보이": 0.003991454978993138,
      "위하": 0.003953885807931648,
      "바라보": 0.0036556234435842373,
      "살": 0.0034176536387710657,
      "주": 0.0034068964686687284
    }
  }
}