{
  "scope": "sermon",
  "idf_scope": "church",
  "church": "S-gA",
  "sermon": "S-gA-0526",
  "document_unit": "sermon_json",
  "document_count": 951,
  "min_count": 5,
  "freq": {
    "MAG": {
      "진정": 9,
      "다시": 6,
      "다": 6
    },
    "NNB": {
      "수": 19,
      "때문": 15,
      "장": 13,
      "절": 11,
      "중": 5,
      "거": 5,
      "번": 5
    },
    "NNG": {
      "심판": 31,
      "하나님": 63,
      "굴욕": 6,
      "두루마리": 7,
      "상인": 6,
      "하늘": 19,
      "경배": 10,
      "주": 23,
      "보좌": 9,
      "본문": 17,
      "성도": 18,
      "사탄": 7,
      "슬픔": 7,
      "천사": 7,
      "사랑": 18,
      "선지자": 8,
      "괴로움": 5,
      "지혜": 9,
      "신부": 5,
      "이야기": 13,
      "권력": 6,
      "찬양": 10,
      "사도": 7,
      "오늘": 15,
      "땅": 12,
      "절": 14,
      "인": 7,
      "시작": 12,
      "속": 12,
      "이유": 11,
      "부": 5,
      "장": 10,
      "세상": 10,
      "양": 5,
      "승리": 6,
      "축원": 6,
      "왕": 6,
      "사람": 9,
      "말씀": 8,
      "구원": 6,
      "은혜": 7,
      "마음": 7,
      "이름": 6,
      "기도": 6,
      "삶": 6
    },
    "NNP": {
      "요한계시록": 9,
      "욥기": 5,
      "요한": 7,
      "예수": 8
    },
    "VA": {
      "어리": 6,
      "그렇": 9,
      "크": 8,
      "같": 8,
      "없": 7,
      "이렇": 5
    },
    "VV": {
      "있": 37,
      "바라보": 25,
      "원하": 26,
      "즐거워하": 6,
      "되": 17,
      "위하": 14,
      "기": 7,
      "떼": 5,
      "당하": 9,
      "살": 12,
      "나오": 11,
      "죽이": 6,
      "말미암": 6,
      "드리": 8,
      "살펴보": 6,
      "보": 10,
      "보이": 8,
      "행하": 5,
      "받": 5
    }
  },
  "tfidf": {
    "MAG": {
      "진정": 0.02651062852040275,
      "다시": 0.004771939577209014,
      "다": 0.004498598323725523
    },
    "NNB": {
      "수": 0.013659237958303379,
      "때문": 0.011024145480024783,
      "장": 0.009850004810548986,
      "절": 0.008092871987839468,
      "중": 0.004278708793580021,
      "거": 0.004242354134209322,
      "번": 0.003678578176290667
    },
    "NNG": {
      "심판": 0.047219220561449365,
      "하나님": 0.04529115744069015,
      "굴욕": 0.023965405931548465,
      "두루마리": 0.023768149340068663,
      "상인": 0.020975554685423614,
      "하늘": 0.01985147013547804,
      "경배": 0.019490083091142432,
      "주": 0.016974884106532518,
      "보좌": 0.016437099474136838,
      "본문": 0.014958187280952228,
      "성도": 0.01487181344471258,
      "사탄": 0.014467799346931131,
      "슬픔": 0.014102253491086557,
      "천사": 0.013852147322958658,
      "사랑": 0.013739283750752824,
      "선지자": 0.01372419474403963,
      "괴로움": 0.01341276293941867,
      "지혜": 0.01338421551045795,
      "신부": 0.013355249131559428,
      "이야기": 0.012367511811006603,
      "권력": 0.011403145695970006,
      "찬양": 0.01133212284612048,
      "사도": 0.011101747650365928,
      "오늘": 0.010783608914450037,
      "땅": 0.01025794632581009,
      "절": 0.010149636348700291,
      "인": 0.00989823562958962,
      "시작": 0.009513697594310077,
      "속": 0.0093841174195461,
      "이유": 0.009313309788650363,
      "부": 0.008860307291297642,
      "장": 0.008808386782969004,
      "세상": 0.007649018360279412,
      "양": 0.007639193953607548,
      "승리": 0.00734884374166045,
      "축원": 0.0070567452194967495,
      "왕": 0.006609988044441119,
      "사람": 0.006476965312878343,
      "말씀": 0.005763353272159764,
      "구원": 0.005596841274887675,
      "은혜": 0.005508814438247672,
      "마음": 0.005348680673849719,
      "이름": 0.004517558545751568,
      "기도": 0.004381948609142817,
      "삶": 0.004358992495535595
    },
    "NNP": {
      "요한계시록": 0.02308623317238445,
      "욥기": 0.015268321790607983,
      "요한": 0.01453721218296733,
      "예수": 0.006055168836085579
    },
    "VA": {
      "어리": 0.008472302806009408,
      "그렇": 0.006531623845737722,
      "크": 0.0062100942464770005,
      "같": 0.005891912557742785,
      "없": 0.005037639687794268,
      "이렇": 0.003678578176290667
    },
    "VV": {
      "있": 0.026599568655643422,
      "바라보": 0.02375761030194213,
      "원하": 0.022560619835544634,
      "즐거워하": 0.012738850854146382,
      "되": 0.012221423436376708,
      "위하": 0.01027839761429248,
      "기": 0.010184241613300735,
      "떼": 0.01007303820791897,
      "당하": 0.009777557459538603,
      "살": 0.008884425275194948,
      "나오": 0.008387398159583595,
      "죽이": 0.007863768234075955,
      "말미암": 0.007574434680853184,
      "드리": 0.007454326045133835,
      "살펴보": 0.007285209068152017,
      "보": 0.007242128736862851,
      "보이": 0.005929177859315677,
      "행하": 0.005107165294949546,
      "받": 0.0036516238409523474
    }
  }
}