{
  "scope": "sermon",
  "idf_scope": "church",
  "church": "S-gA",
  "sermon": "S-gA-0779",
  "document_unit": "sermon_json",
  "document_count": 951,
  "min_count": 5,
  "freq": {
    "MAG": {
      "더": 11,
      "지금": 9,
      "많이": 8,
      "다": 9,
      "이제": 7,
      "잘": 5
    },
    "NNB": {
      "수": 37,
      "채": 7,
      "번": 10,
      "장": 6,
      "때문": 5
    },
    "NNG": {
      "하나님": 112,
      "주": 70,
      "조연": 8,
      "주의": 25,
      "안기": 8,
      "사람": 42,
      "은혜": 37,
      "사랑": 34,
      "동침": 6,
      "율법": 14,
      "정금": 6,
      "이름": 28,
      "영광": 19,
      "잉태": 6,
      "길": 22,
      "고백": 18,
      "가운데": 22,
      "마음": 22,
      "기간": 8,
      "족보": 5,
      "임신": 5,
      "말": 21,
      "삶": 21,
      "아버지": 15,
      "주가": 6,
      "이야기": 14,
      "속": 17,
      "영원": 11,
      "남편": 6,
      "생각": 15,
      "고통": 9,
      "소식": 6,
      "계획": 8,
      "정죄": 5,
      "말씀": 15,
      "손": 11,
      "땅": 12,
      "찬양": 9,
      "품": 5,
      "아내": 6,
      "순종": 8,
      "오늘": 13,
      "나라": 10,
      "사명": 6,
      "앞": 11,
      "가치": 5,
      "인도": 7,
      "감사": 7,
      "예배": 7,
      "역사": 8,
      "결정": 5,
      "인생": 7,
      "날": 7,
      "후": 5,
      "기도": 8,
      "뜻": 6,
      "구원": 6,
      "복": 5,
      "아들": 5,
      "인간": 5,
      "자리": 6,
      "생명": 5,
      "십자가": 5,
      "곳": 5,
      "본문": 5,
      "모습": 5,
      "성경": 5
    },
    "NNP": {
      "요셉": 64,
      "마리아": 29,
      "예수": 21,
      "주님": 14,
      "마태복음": 6
    },
    "VA": {
      "없": 23,
      "의롭": 5,
      "어떻": 13,
      "이렇": 12,
      "그렇": 11,
      "같": 9,
      "좋": 6
    },
    "VV": {
      "되": 58,
      "있": 48,
      "낳": 13,
      "쓰임받": 7,
      "나아오": 6,
      "알": 18,
      "받": 18,
      "살": 17,
      "부르": 12,
      "흘러가": 5,
      "맡기": 7,
      "보": 13,
      "보이": 12,
      "모르": 10,
      "통하": 11,
      "나아가": 9,
      "일어나": 9,
      "드리": 8,
      "이루": 7,
      "행하": 6,
      "나오": 8,
      "서": 6,
      "살아가": 7,
      "가지": 7,
      "찾아오": 5,
      "지키": 5,
      "만들": 5,
      "향하": 5,
      "위하": 5
    }
  },
  "tfidf": {
    "MAG": {
      "더": 0.004293789708791971,
      "지금": 0.003945028694827515,
      "많이": 0.003937083417766088,
      "다": 0.0035990511512474332,
      "이제": 0.0029599588917368744,
      "잘": 0.0021525786436906416
    },
    "NNB": {
      "수": 0.014187116564417178,
      "채": 0.00687183039789237,
      "번": 0.003924004787745643,
      "장": 0.002424732779283915,
      "때문": 0.0019599420197743446
    },
    "NNG": {
      "하나님": 0.04294478527607362,
      "주": 0.027554755692402497,
      "조연": 0.017727372678256227,
      "주의": 0.016372337675853967,
      "안기": 0.01623808489978475,
      "사람": 0.01612121964506555,
      "은혜": 0.015530354551560743,
      "사랑": 0.013841719617163089,
      "동침": 0.013602733632828342,
      "율법": 0.012439501861526514,
      "정금": 0.011849343942536401,
      "이름": 0.011244240173819791,
      "영광": 0.009987246667878966,
      "잉태": 0.00977219429941827,
      "길": 0.009767003970612807,
      "고백": 0.009123359612577103,
      "가운데": 0.009013148613536862,
      "마음": 0.008965837312727272,
      "기간": 0.008655252860054407,
      "족보": 0.008421834992315259,
      "임신": 0.008305606806317492,
      "말": 0.0081542900115313,
      "삶": 0.008137175983326323,
      "아버지": 0.007902203599440836,
      "주가": 0.007676632954928662,
      "이야기": 0.007103731860769898,
      "속": 0.007090561880751745,
      "영원": 0.006967745471139117,
      "남편": 0.0061712008486599764,
      "생각": 0.006158282510439719,
      "고통": 0.006083076783447954,
      "소식": 0.005924910980184149,
      "계획": 0.005852522951544903,
      "정죄": 0.005764062060720376,
      "말씀": 0.005763629506499879,
      "손": 0.005668088873890794,
      "땅": 0.005471166924540582,
      "찬양": 0.005439679674485517,
      "품": 0.005397124075675074,
      "아내": 0.005149150695722888,
      "순종": 0.0051236224285545265,
      "오늘": 0.004984662576687116,
      "나라": 0.004900022613138099,
      "사명": 0.004717229781006722,
      "앞": 0.004375779596581252,
      "가치": 0.00432600884568954,
      "인도": 0.004191023774540647,
      "감사": 0.003977326153469773,
      "예배": 0.0036959031206305754,
      "역사": 0.00362031570594182,
      "결정": 0.0035557476374325657,
      "인생": 0.003317024914068512,
      "날": 0.00326751535864855,
      "후": 0.0031749032162642693,
      "기도": 0.0031162016949476783,
      "뜻": 0.003078091811118104,
      "구원": 0.0029851250818131734,
      "복": 0.0029208412256390075,
      "아들": 0.0028150390485544774,
      "인간": 0.002705634916123758,
      "자리": 0.0026722334059621497,
      "생명": 0.0026605934260137336,
      "십자가": 0.0026458117189087347,
      "곳": 0.002410534731714895,
      "본문": 0.0023464947793897226,
      "모습": 0.002229229520193393,
      "성경": 0.0022174169263589434
    },
    "NNP": {
      "요셉": 0.07283965414894752,
      "마리아": 0.039375471900458814,
      "예수": 0.008477642679778366,
      "주님": 0.007954652306939546,
      "마태복음": 0.005461122932440284
    },
    "VA": {
      "없": 0.008828286948488277,
      "의롭": 0.007033953782141372,
      "어떻": 0.00527019401999873,
      "이렇": 0.004708805745294772,
      "그렇": 0.004257855166310194,
      "같": 0.0035353169723150845,
      "좋": 0.00264120074847915
    },
    "VV": {
      "되": 0.02223926380368098,
      "있": 0.018404907975460124,
      "낳": 0.013204764365548035,
      "쓰임받": 0.01205478697608675,
      "나아오": 0.007203628564598984,
      "알": 0.007026201341659589,
      "받": 0.007011453813632276,
      "살": 0.006712998609487952,
      "부르": 0.005835570490466317,
      "흘러가": 0.005538251026103076,
      "맡기": 0.005149063065374439,
      "보": 0.005021449921345511,
      "보이": 0.004743569633229356,
      "모르": 0.004682925626943667,
      "통하": 0.004339142741590621,
      "나아가": 0.004338962517086811,
      "일어나": 0.004077198681709381,
      "드리": 0.003975831107661489,
      "이루": 0.0036229184373994575,
      "행하": 0.003268742450279825,
      "나오": 0.003253449760173113,
      "서": 0.003119114238211062,
      "살아가": 0.0029506013607721263,
      "가지": 0.0028617884398941303,
      "찾아오": 0.0028573194947102624,
      "지키": 0.002736261412687666,
      "만들": 0.002382093270050897,
      "향하": 0.002279652885225242,
      "위하": 0.001957883857564751
    }
  }
}