{
  "scope": "sermon",
  "idf_scope": "church",
  "church": "S-gA",
  "sermon": "S-gA-0006",
  "document_unit": "sermon_json",
  "document_count": 951,
  "min_count": 5,
  "freq": {
    "MAG": {
      "너무": 11,
      "이제": 10,
      "그냥": 7,
      "때로": 5,
      "전혀": 5,
      "잘": 6,
      "안": 5,
      "더": 6,
      "다": 5
    },
    "NNB": {
      "거": 65,
      "수": 23,
      "때문": 11,
      "절": 8,
      "번": 6
    },
    "NNG": {
      "인": 45,
      "사람": 82,
      "사울": 23,
      "교회": 56,
      "스도인": 25,
      "이름": 52,
      "도인": 12,
      "리스도인": 14,
      "바나바": 5,
      "기독교": 11,
      "세속": 8,
      "크리": 5,
      "인물": 10,
      "도시": 9,
      "옥": 6,
      "모델": 6,
      "불신자": 5,
      "신자": 9,
      "말": 18,
      "오늘": 18,
      "바": 7,
      "세상": 16,
      "가짜": 5,
      "스": 6,
      "선교": 6,
      "삶": 15,
      "복음": 10,
      "시작": 13,
      "오늘날": 7,
      "하나님": 13,
      "도": 9,
      "지혜": 6,
      "제자": 6,
      "문화": 5,
      "시대": 7,
      "성도": 9,
      "순간": 7,
      "기도": 8,
      "눈": 6,
      "속": 7,
      "처음": 5,
      "안": 7,
      "필요": 5,
      "말씀": 6,
      "모습": 5,
      "성경": 5,
      "사랑": 5,
      "주": 5
    },
    "NNP": {
      "안디옥": 31,
      "바": 29,
      "그리스도": 67,
      "그리": 30,
      "안디": 6,
      "바나바": 6,
      "그리스": 22,
      "스천": 5,
      "도": 9,
      "예루살렘": 12,
      "예수": 23
    },
    "VA": {
      "없": 26,
      "많": 11,
      "다르": 8,
      "새롭": 6,
      "그렇": 9,
      "좋": 6,
      "크": 6,
      "어떻": 6
    },
    "VV": {
      "되": 51,
      "있": 45,
      "믿": 34,
      "보": 32,
      "살": 25,
      "붙이": 9,
      "떼": 7,
      "흩어지": 6,
      "전하": 10,
      "가르치": 9,
      "받": 14,
      "세우": 10,
      "대하": 12,
      "알": 12,
      "모이": 5,
      "다니": 5,
      "그러": 6,
      "향하": 6,
      "쓰": 5,
      "살아가": 6,
      "나오": 6,
      "모르": 5
    }
  },
  "tfidf": {
    "MAG": {
      "너무": 0.00593492342414981,
      "이제": 0.004412949631080872,
      "그냥": 0.0037893024500367982,
      "때로": 0.0033834504679932454,
      "전혀": 0.0032972488150594488,
      "잘": 0.002695762354259396,
      "안": 0.0024994313557902856,
      "더": 0.0024442221020472463,
      "다": 0.002086684763339404
    },
    "NNB": {
      "거": 0.030698075153624316,
      "수": 0.009203681472589036,
      "때문": 0.0044999453111873875,
      "절": 0.00327612788681573,
      "번": 0.0024570959151117974
    },
    "NNG": {
      "인": 0.03541874231030482,
      "사람": 0.0328476109340416,
      "사울": 0.03176968912089779,
      "교회": 0.02888702777315562,
      "스도인": 0.02541461625597388,
      "이름": 0.021792986843490892,
      "도인": 0.01612847714026939,
      "리스도인": 0.015735064580066266,
      "바나바": 0.011327211799630144,
      "기독교": 0.011075845782749939,
      "세속": 0.010168655646793584,
      "크리": 0.009631937969323615,
      "인물": 0.009449366984786569,
      "도시": 0.009293338687494051,
      "옥": 0.009078097457108393,
      "모델": 0.008845564861694424,
      "불신자": 0.008342708244652719,
      "신자": 0.008248093148968554,
      "말": 0.007294250848936247,
      "오늘": 0.007202881152460984,
      "바": 0.006854114798140967,
      "세상": 0.006812186979847083,
      "가짜": 0.006698090292666097,
      "스": 0.0065514197355781316,
      "선교": 0.006257602897346303,
      "삶": 0.00606578487524011,
      "복음": 0.005943358324187086,
      "시작": 0.005736834520405133,
      "오늘날": 0.005222979292674498,
      "하나님": 0.005202080832332933,
      "도": 0.00519267497819582,
      "지혜": 0.0049666383286773395,
      "제자": 0.004513035461921352,
      "문화": 0.004265140630660601,
      "시대": 0.004146047202072209,
      "성도": 0.004138994097958223,
      "순간": 0.0037893024500367982,
      "기도": 0.0032521224571522792,
      "눈": 0.0030816067087436846,
      "속": 0.003046990506673349,
      "처음": 0.0030235610747005905,
      "안": 0.0029992158332823133,
      "필요": 0.002579198908317466,
      "말씀": 0.002406009724362014,
      "모습": 0.0023264628205939848,
      "성경": 0.0023141349915742795,
      "사랑": 0.0021243323659794117,
      "주": 0.00205404455627353
    },
    "NNP": {
      "안디옥": 0.06474779466204854,
      "바": 0.03507251328825799,
      "그리스도": 0.03222216094880723,
      "그리": 0.02885046722009201,
      "안디": 0.013875446562092508,
      "바나바": 0.013592654159556171,
      "그리스": 0.013257536633205114,
      "스천": 0.01075161741697352,
      "도": 0.010185331740932519,
      "예루살렘": 0.010007267655447571,
      "예수": 0.009690026839380047
    },
    "VA": {
      "없": 0.010415096149818068,
      "많": 0.0047529337767779406,
      "다르": 0.004517836485794805,
      "새롭": 0.003825363318256075,
      "그렇": 0.003635649767675539,
      "좋": 0.0027564031820862833,
      "크": 0.002592509332787967,
      "어떻": 0.002538492197646447
    },
    "VV": {
      "되": 0.02040816326530612,
      "있": 0.01800720288115246,
      "믿": 0.014204382823556556,
      "보": 0.012899625223498969,
      "살": 0.01030265069177352,
      "붙이": 0.00993528910072209,
      "떼": 0.007849633695918928,
      "흩어지": 0.007256382059639585,
      "전하": 0.006618676559514506,
      "가르치": 0.006548536579281937,
      "받": 0.005691214300016488,
      "세우": 0.005640958946156494,
      "대하": 0.005125299265619111,
      "알": 0.004888444204094493,
      "모이": 0.003875523439670968,
      "다니": 0.003434429030020026,
      "그러": 0.0029928547417965743,
      "향하": 0.0028549026288919237,
      "쓰": 0.0027428591762840232,
      "살아가": 0.0026393991935838466,
      "나오": 0.002546517699439219,
      "모르": 0.0024435914435912533
    }
  }
}