{
  "scope": "sermon",
  "idf_scope": "church",
  "church": "S-gA",
  "sermon": "S-gA-0029",
  "document_unit": "sermon_json",
  "document_count": 951,
  "min_count": 5,
  "freq": {
    "MAG": {
      "너무너무": 10,
      "굳이": 5,
      "다": 7,
      "가장": 6,
      "다시": 6,
      "더": 6
    },
    "NNB": {
      "수": 40,
      "장": 12,
      "절": 11,
      "분": 6,
      "가지": 5
    },
    "NNG": {
      "놋뱀": 23,
      "하나님": 102,
      "백성": 38,
      "나라": 34,
      "말씀": 38,
      "결과": 19,
      "불순종": 10,
      "영생": 11,
      "불뱀": 6,
      "사랑": 31,
      "순종": 19,
      "간헐": 5,
      "불평": 10,
      "땅": 23,
      "독생자": 8,
      "데모": 5,
      "원망": 9,
      "세상": 21,
      "지옥": 6,
      "대화": 7,
      "주제": 8,
      "신뢰": 9,
      "광야": 8,
      "종교": 8,
      "대부분": 6,
      "신": 9,
      "은혜": 13,
      "죽음": 8,
      "멸망": 5,
      "사람": 13,
      "빛": 7,
      "존재": 8,
      "곳": 8,
      "방법": 5,
      "약속": 6,
      "이유": 8,
      "이야기": 7,
      "도": 6,
      "이해": 5,
      "사건": 5,
      "절": 8,
      "아들": 5,
      "말": 7,
      "인간": 5,
      "오늘": 7
    },
    "NNP": {
      "니고데모": 7,
      "예수": 31,
      "이스라엘": 22,
      "요한복음": 12,
      "가나안": 5,
      "그리스": 7,
      "누가": 6
    },
    "VA": {
      "없": 30,
      "이렇": 13,
      "그렇": 12,
      "어떻": 9,
      "높": 5,
      "같": 5
    },
    "VV": {
      "있": 42,
      "쳐다보": 11,
      "되": 33,
      "죽": 24,
      "믿": 25,
      "주": 20,
      "거듭나": 5,
      "얻": 13,
      "들어가": 12,
      "쏟": 5,
      "살": 11,
      "보내": 7,
      "받": 10,
      "살리": 5,
      "말미암": 5,
      "내": 6,
      "위하": 7,
      "나오": 6
    }
  },
  "tfidf": {
    "MAG": {
      "너무너무": 0.015198713535179962,
      "굳이": 0.01045045193886601,
      "다": 0.004451509337206853,
      "가장": 0.004249502879725174,
      "다시": 0.004047419482864475,
      "더": 0.0037244579469610183
    },
    "NNB": {
      "수": 0.024390243902439025,
      "장": 0.0077118330346005485,
      "절": 0.006864137155539451,
      "분": 0.004009154370217632,
      "가지": 0.003908827639460796
    },
    "NNG": {
      "놋뱀": 0.07536228222870572,
      "하나님": 0.06219512195121951,
      "백성": 0.02832896475974349,
      "나라": 0.026493585680011072,
      "말씀": 0.023219460919193656,
      "결과": 0.02210397997674947,
      "불순종": 0.021756741424652285,
      "영생": 0.021001798400530045,
      "불뱀": 0.02032675588462434,
      "사랑": 0.02006950049512915,
      "순종": 0.019351047147845572,
      "간헐": 0.01905221683645508,
      "불평": 0.01814489702564021,
      "땅": 0.016675938861872065,
      "독생자": 0.01643867641492305,
      "데모": 0.01591313324748813,
      "원망": 0.015105839053668938,
      "세상": 0.013624114348909871,
      "지옥": 0.012168166615749182,
      "대화": 0.011546898830521407,
      "주제": 0.011400507887459117,
      "신뢰": 0.010901234882831429,
      "광야": 0.010430503698458313,
      "종교": 0.009703746934915077,
      "대부분": 0.0090514755073254,
      "신": 0.008733097790396356,
      "은혜": 0.008677342464009813,
      "죽음": 0.008479354223611782,
      "멸망": 0.008109963425382744,
      "사람": 0.007935160145852242,
      "빛": 0.007874359238560943,
      "존재": 0.006384947768573439,
      "곳": 0.006133341053963362,
      "방법": 0.00608211542436972,
      "약속": 0.005913445497571465,
      "이유": 0.00574492856585927,
      "이야기": 0.005648333138075578,
      "도": 0.005274997874191607,
      "이해": 0.005067441789624526,
      "사건": 0.005042705098239863,
      "절": 0.004919213993394461,
      "아들": 0.00447659868209151,
      "말": 0.004322436656519031,
      "인간": 0.004302619427591928,
      "오늘": 0.00426829268292683
    },
    "NNP": {
      "니고데모": 0.020755993493086357,
      "예수": 0.019901290806466937,
      "이스라엘": 0.01981004779419261,
      "요한복음": 0.016271527548454505,
      "가나안": 0.008662454871879393,
      "그리스": 0.006427774066647923,
      "누가": 0.005484114022386541
    },
    "VA": {
      "없": 0.018311908028889788,
      "이렇": 0.00811216209291026,
      "그렇": 0.007386576235301766,
      "어떻": 0.005802157318827869,
      "높": 0.005279560520357257,
      "같": 0.0031233423657851425
    },
    "VV": {
      "있": 0.025609756097560974,
      "쳐다보": 0.022990994265505223,
      "되": 0.020121951219512196,
      "죽": 0.017968999743643813,
      "믿": 0.01591497160871047,
      "주": 0.012519652063725734,
      "거듭나": 0.011741560516947849,
      "얻": 0.010207235940166556,
      "들어가": 0.010053144871874,
      "쏟": 0.007017490771621426,
      "살": 0.006907550362589324,
      "보내": 0.006383389340705063,
      "받": 0.006194400930200873,
      "살리": 0.005493234821837624,
      "말미암": 0.00535367817127377,
      "내": 0.004916532965556716,
      "위하": 0.004358918012646597,
      "나오": 0.0038803339822552495
    }
  }
}