{
  "scope": "sermon",
  "idf_scope": "church",
  "church": "J-7g",
  "sermon": "J-7g-0162",
  "document_unit": "sermon_json",
  "document_count": 559,
  "min_count": 5,
  "freq": {
    "MAG": {
      "지금": 38,
      "더": 13,
      "역시": 5,
      "이제": 12,
      "사실": 7,
      "가장": 9,
      "특별히": 5,
      "다": 6,
      "잘": 5
    },
    "NNB": {
      "수": 26,
      "번": 17,
      "때문": 14,
      "절": 7,
      "가지": 6
    },
    "NNG": {
      "폭풍": 29,
      "제자": 43,
      "작품": 14,
      "박물관": 9,
      "폭풍우": 10,
      "주": 35,
      "마비": 7,
      "속": 25,
      "형통": 8,
      "바다": 11,
      "그림": 8,
      "순종": 14,
      "안심": 5,
      "안전": 7,
      "말씀": 20,
      "사건": 11,
      "생각": 19,
      "진짜": 8,
      "본문": 14,
      "고난": 8,
      "모습": 11,
      "성공": 5,
      "축복": 10,
      "이야기": 9,
      "인생": 9,
      "기적": 5,
      "산": 5,
      "상황": 7,
      "오늘": 10,
      "삶": 9,
      "자리": 7,
      "절": 7,
      "사실": 5,
      "의미": 5,
      "기도": 6,
      "앞": 6,
      "시작": 6,
      "기억": 5,
      "뜻": 5,
      "가운데": 5,
      "말": 5
    },
    "NNP": {
      "예수": 33
    },
    "VA": {
      "크": 9,
      "이렇": 9,
      "없": 7,
      "그렇": 6,
      "같": 5,
      "어떻": 5
    },
    "VV": {
      "있": 50,
      "보": 34,
      "깨닫": 12,
      "보이": 15,
      "되": 17,
      "넘어지": 6,
      "바라보": 8,
      "위하": 10,
      "가지": 9,
      "기다리": 5,
      "알": 9,
      "느끼": 5,
      "지나": 5,
      "내": 5,
      "대하": 6,
      "만나": 5,
      "읽": 6,
      "나오": 5
    }
  },
  "tfidf": {
    "MAG": {
      "지금": 0.02210066337595272,
      "더": 0.006790272227570455,
      "역시": 0.0067639530566958725,
      "이제": 0.006577867540262322,
      "사실": 0.006093932792896257,
      "가장": 0.005085993345292747,
      "특별히": 0.004573523189455188,
      "다": 0.0031283796036211814,
      "잘": 0.002692189224123526
    },
    "NNB": {
      "수": 0.013340174448435094,
      "번": 0.008738011431380003,
      "때문": 0.0072735263986126435,
      "절": 0.0037155579959871694,
      "가지": 0.003527507061095628
    },
    "NNG": {
      "폭풍": 0.04940867334859158,
      "제자": 0.038076024834545016,
      "작품": 0.02844996067336998,
      "박물관": 0.024236253041787705,
      "폭풍우": 0.022491009771999766,
      "주": 0.01811898586423633,
      "마비": 0.01804897990515446,
      "속": 0.015632237057014234,
      "형통": 0.015257132359507318,
      "바다": 0.015145718178792223,
      "그림": 0.014275173656312513,
      "순종": 0.012035026397356399,
      "안심": 0.01064618510359479,
      "안전": 0.01027922044921615,
      "말씀": 0.01026167265264238,
      "사건": 0.010218226146695413,
      "생각": 0.009977563696683971,
      "진짜": 0.009403731888416894,
      "본문": 0.007592240598354304,
      "고난": 0.00739859966997398,
      "모습": 0.006878184305086262,
      "성공": 0.006740524417487888,
      "축복": 0.006230141631077289,
      "이야기": 0.006159968295435419,
      "인생": 0.0058161112156827925,
      "기적": 0.005811548873017516,
      "산": 0.005747410078237073,
      "상황": 0.00513877907267685,
      "오늘": 0.00513083632632119,
      "삶": 0.004880726098942053,
      "자리": 0.004565453767831705,
      "절": 0.003630274334978644,
      "사실": 0.003303442977044076,
      "의미": 0.003255037424698302,
      "기도": 0.0032076101258706933,
      "앞": 0.0031734041984461552,
      "시작": 0.0031283796036211814,
      "기억": 0.0030478507734811176,
      "뜻": 0.0030039964036522302,
      "가운데": 0.0026873805663648028,
      "말": 0.0025884265520337616
    },
    "NNP": {
      "예수": 0.017453723091453856
    },
    "VA": {
      "크": 0.005187486500997713,
      "이렇": 0.004626006051907061,
      "없": 0.003598004707038825,
      "그렇": 0.0030785017957927143,
      "같": 0.002649232381450869,
      "어떻": 0.0026397833167605238
    },
    "VV": {
      "있": 0.025654181631605953,
      "보": 0.017444843509492047,
      "깨닫": 0.010833815987489573,
      "보이": 0.008850636246885028,
      "되": 0.008722421754746024,
      "넘어지": 0.00860545086888437,
      "바라보": 0.005537407978770952,
      "위하": 0.005167616672542907,
      "가지": 0.005058696205545434,
      "기다리": 0.004782208770404271,
      "알": 0.004659167793660771,
      "느끼": 0.004192418278415842,
      "지나": 0.0038606744182816217,
      "내": 0.0037565562035174393,
      "대하": 0.003390662230195165,
      "만나": 0.003315688433053973,
      "읽": 0.0031172255994054185,
      "나오": 0.0028204868654130625
    }
  }
}