{
  "scope": "sermon",
  "idf_scope": "church",
  "church": "J-7g",
  "sermon": "J-7g-0153",
  "document_unit": "sermon_json",
  "document_count": 559,
  "min_count": 5,
  "freq": {
    "MAG": {
      "그냥": 12,
      "더": 8,
      "다": 8
    },
    "NNB": {
      "거": 35,
      "수": 21,
      "번": 17,
      "때문": 6,
      "장": 5,
      "절": 5
    },
    "NNG": {
      "하나님": 107,
      "선물": 38,
      "정의": 24,
      "인자": 11,
      "삶": 32,
      "제물": 10,
      "이야기": 23,
      "사랑": 25,
      "사람": 25,
      "남유다": 5,
      "사장": 5,
      "겸손": 7,
      "앞": 18,
      "말씀": 18,
      "불의": 5,
      "지도자": 7,
      "돈": 7,
      "동행": 6,
      "백성": 10,
      "절": 13,
      "인": 6,
      "예배": 8,
      "이웃": 6,
      "어머니": 5,
      "정도": 7,
      "말": 11,
      "목사": 7,
      "주": 10,
      "친구": 5,
      "필요": 8,
      "축복": 8,
      "당시": 6,
      "장": 8,
      "끝": 5,
      "생각": 8,
      "아들": 6,
      "교회": 7,
      "자녀": 6,
      "소망": 5,
      "성도": 6,
      "가운데": 7,
      "땅": 6,
      "기도": 6,
      "중요": 5,
      "은혜": 5,
      "마음": 5,
      "시작": 5,
      "오늘": 5
    },
    "NNP": {
      "이스라엘": 10
    },
    "VA": {
      "사이좋": 5,
      "이렇": 18,
      "없": 15,
      "옳": 5,
      "선하": 5,
      "좋": 7,
      "같": 7,
      "많": 6,
      "어떻": 5
    },
    "VV": {
      "행하": 20,
      "받": 29,
      "있": 26,
      "되": 24,
      "바치": 7,
      "드리": 16,
      "원하": 13,
      "알": 15,
      "살아가": 13,
      "좋아하": 7,
      "지내": 5,
      "주": 12,
      "울": 5,
      "향하": 10,
      "기뻐하": 6,
      "대하": 9,
      "나오": 8,
      "섬기": 5,
      "말미암": 5,
      "읽": 8,
      "먹": 5,
      "모르": 6,
      "통하": 7,
      "위하": 7,
      "보": 7,
      "나누": 5,
      "따르": 5,
      "보이": 5,
      "그러": 5
    }
  },
  "tfidf": {
    "MAG": {
      "그냥": 0.007905039149171116,
      "더": 0.004021801503220458,
      "다": 0.0040146250847458
    },
    "NNB": {
      "거": 0.0179125271832003,
      "수": 0.01037037037037037,
      "번": 0.00841006631099241,
      "때문": 0.003000233428761067,
      "장": 0.00259114903595889,
      "절": 0.0025543642095869463
    },
    "NNG": {
      "하나님": 0.05293394678095222,
      "선물": 0.039148252449107655,
      "정의": 0.031919499798513294,
      "인자": 0.02034004755456984,
      "삶": 0.016702393708577117,
      "제물": 0.015350267054583151,
      "이야기": 0.015151325035911304,
      "사랑": 0.01295574517979445,
      "사람": 0.012345679012345678,
      "남유다": 0.011098082567093777,
      "사장": 0.010696801259691862,
      "겸손": 0.009343579157093565,
      "앞": 0.009162910789291195,
      "말씀": 0.008888888888888889,
      "불의": 0.008385459632110787,
      "지도자": 0.007941971375978922,
      "돈": 0.007380177545616242,
      "동행": 0.006807404036553361,
      "백성": 0.006788609626871164,
      "절": 0.0064889072892665885,
      "인": 0.005969572754629355,
      "예배": 0.005945247953565141,
      "이웃": 0.00588326676078336,
      "어머니": 0.005822527121365912,
      "정도": 0.0055121819989235295,
      "말": 0.005480817466573019,
      "목사": 0.005232910500409333,
      "주": 0.004982561333248199,
      "친구": 0.004962510592308589,
      "필요": 0.004939435221254956,
      "축복": 0.004797055225271955,
      "당시": 0.00464899262178345,
      "장": 0.004398335546891865,
      "끝": 0.004076995015952872,
      "생각": 0.004043409308868005,
      "아들": 0.004042540563291106,
      "교회": 0.0040113294073511,
      "자녀": 0.0038867544415728634,
      "소망": 0.0037230959342637853,
      "성도": 0.0036842588760119216,
      "가운데": 0.0036211291917940744,
      "땅": 0.0033828982513442996,
      "기도": 0.0030872257458380153,
      "중요": 0.002865235290965071,
      "은혜": 0.0027887853512021895,
      "마음": 0.002595785912068026,
      "시작": 0.0025091406779661246,
      "오늘": 0.0024691358024691358
    },
    "NNP": {
      "이스라엘": 0.007701806360174927
    },
    "VA": {
      "사이좋": 0.015381048135953297,
      "이렇": 0.008904776093991961,
      "없": 0.007420646744993302,
      "옳": 0.007400502329488552,
      "선하": 0.005927612589066643,
      "좋": 0.0038693468165076363,
      "같": 0.0035697261610009093,
      "많": 0.003199685656950417,
      "어떻": 0.002540709967588277
    },
    "VV": {
      "행하": 0.014718087274698814,
      "받": 0.014527048585733773,
      "있": 0.012839506172839505,
      "되": 0.011851851851851851,
      "바치": 0.010183393107845528,
      "드리": 0.009489916836464277,
      "원하": 0.00834348514838541,
      "알": 0.007473841999872299,
      "살아가": 0.007250841913125692,
      "좋아하": 0.0071570814231653795,
      "지내": 0.006698311770093668,
      "주": 0.006011192518234665,
      "울": 0.0059455700195088146,
      "향하": 0.0057201286480876,
      "기뻐하": 0.0052363115635960505,
      "대하": 0.0048951116197410195,
      "나오": 0.004343410489434121,
      "섬기": 0.004085465472981981,
      "말미암": 0.004010257553266651,
      "읽": 0.00400031123834809,
      "먹": 0.0038509031800874633,
      "모르": 0.003759447668584883,
      "통하": 0.0035506453943020527,
      "위하": 0.003481570087086562,
      "보": 0.0034567901234567903,
      "나누": 0.0032753627302914688,
      "따르": 0.002922842344700121,
      "보이": 0.002839488073280481,
      "그러": 0.002729285223846485
    }
  }
}