{
  "scope": "sermon",
  "idf_scope": "church",
  "church": "J-7g",
  "sermon": "J-7g-0496",
  "document_unit": "sermon_json",
  "document_count": 559,
  "min_count": 5,
  "freq": {
    "MAG": {
      "이제": 24,
      "다시": 16,
      "다": 12,
      "가장": 7
    },
    "NNB": {
      "수": 23,
      "번": 15,
      "명": 5,
      "절": 7,
      "때문": 6,
      "장": 5
    },
    "NNG": {
      "설교": 41,
      "말씀": 52,
      "모세": 22,
      "율법": 20,
      "백성": 34,
      "땅": 35,
      "토": 9,
      "하나님": 38,
      "승리": 18,
      "신명기": 8,
      "약속": 19,
      "토라": 6,
      "토론": 6,
      "광야": 11,
      "유대인": 11,
      "방황": 8,
      "시내산": 6,
      "전쟁": 10,
      "민족": 12,
      "성공": 8,
      "절": 19,
      "축복": 15,
      "행복": 8,
      "순종": 9,
      "경험": 11,
      "말": 13,
      "실패": 5,
      "정신": 5,
      "시작": 12,
      "준비": 8,
      "왕": 6,
      "사람": 11,
      "이유": 8,
      "세계": 5,
      "복": 5,
      "사건": 5,
      "처음": 6,
      "기록": 6,
      "사역": 5,
      "후": 5,
      "의미": 6,
      "이름": 7,
      "앞": 7,
      "신앙": 5,
      "성경": 6,
      "장": 5,
      "본문": 5,
      "주": 5,
      "오늘": 5
    },
    "NNP": {
      "이스라엘": 23,
      "신명기": 9,
      "바네아": 5,
      "데스": 5,
      "라": 9,
      "모압": 5,
      "가나안": 7,
      "예수": 7
    },
    "VA": {
      "작": 6,
      "새롭": 6,
      "이렇": 8,
      "그렇": 5
    },
    "VV": {
      "있": 42,
      "되": 22,
      "들어가": 13,
      "보": 14,
      "위하": 13,
      "통하": 12,
      "받": 9,
      "살": 8,
      "주": 8,
      "일어나": 6,
      "향하": 5,
      "듣": 5,
      "대하": 5
    }
  },
  "tfidf": {
    "MAG": {
      "이제": 0.013973039603238436,
      "다시": 0.009020316118868346,
      "다": 0.0066454625040410715,
      "가장": 0.004201526322121039
    },
    "NNB": {
      "수": 0.012534059945504087,
      "번": 0.008188997089161544,
      "명": 0.004489820639542582,
      "절": 0.003946388302004901,
      "때문": 0.003310884301493821,
      "장": 0.0028594423966303824
    },
    "NNG": {
      "설교": 0.04054214143876443,
      "말씀": 0.028337874659400544,
      "모세": 0.028024573478425116,
      "율법": 0.027598324121334644,
      "백성": 0.02547115928120325,
      "땅": 0.0217768313863785,
      "토": 0.02149944427305983,
      "하나님": 0.02074545929254258,
      "승리": 0.02046398683163594,
      "신명기": 0.019346332537691684,
      "약속": 0.01614861033829593,
      "토라": 0.015573800848831582,
      "토론": 0.014696643399475682,
      "광야": 0.014478529088787231,
      "유대인": 0.01365607004974182,
      "방황": 0.013425358219857596,
      "시내산": 0.012950324644390368,
      "전쟁": 0.01231080425890443,
      "민족": 0.01227399452967953,
      "성공": 0.011454850868389228,
      "절": 0.01046576013223777,
      "축복": 0.009925786952836215,
      "행복": 0.009848643407123546,
      "순종": 0.008217454185910028,
      "경험": 0.007578020340848749,
      "말": 0.007148006926308383,
      "실패": 0.007085964482334752,
      "정신": 0.007085964482334752,
      "시작": 0.0066454625040410715,
      "준비": 0.006612733692653927,
      "왕": 0.0060538634282213104,
      "사람": 0.005994550408719346,
      "이유": 0.005332505945784021,
      "세계": 0.005270597377048592,
      "복": 0.0049331986029005105,
      "사건": 0.0049331986029005105,
      "처음": 0.004863090331408599,
      "기록": 0.004750973469898085,
      "사역": 0.004452873691897807,
      "후": 0.00416578781817076,
      "의미": 0.0041487092800459886,
      "이름": 0.0040391735695697725,
      "앞": 0.003932311850990091,
      "신앙": 0.003795756370870864,
      "성경": 0.003505787712182544,
      "장": 0.0030335931479754854,
      "본문": 0.002879968261228598,
      "주": 0.0027492334331955318,
      "오늘": 0.0027247956403269754
    },
    "NNP": {
      "이스라엘": 0.019548317777937176,
      "신명기": 0.01569875835866863,
      "바네아": 0.015581740793719602,
      "데스": 0.015084951810629809,
      "라": 0.01302232781656981,
      "모압": 0.011544671199920649,
      "가나안": 0.010311034219680909,
      "예수": 0.003932311850990091
    },
    "VA": {
      "작": 0.005854831117310055,
      "새롭": 0.005182344182843747,
      "이렇": 0.0043674651142194916,
      "그렇": 0.0027247956403269754
    },
    "VV": {
      "있": 0.022888283378746595,
      "되": 0.011989100817438692,
      "들어가": 0.009982320481160016,
      "보": 0.007629427792915531,
      "위하": 0.007135253603935674,
      "통하": 0.006717063688714666,
      "받": 0.00497520361693128,
      "살": 0.004502106952760976,
      "주": 0.004422403215050026,
      "일어나": 0.004058295553624702,
      "향하": 0.003156201774489752,
      "듣": 0.0030172932251483803,
      "대하": 0.003001090230086456
    }
  }
}