{
  "scope": "sermon",
  "idf_scope": "church",
  "church": "J-7g",
  "sermon": "J-7g-0310",
  "document_unit": "sermon_json",
  "document_count": 559,
  "min_count": 5,
  "freq": {
    "MAG": {
      "항상": 13,
      "더": 19,
      "많이": 11,
      "굉장히": 7,
      "결코": 5,
      "너무나": 5,
      "안": 7,
      "너무": 6,
      "정말": 5,
      "이제": 5,
      "다": 5
    },
    "NNB": {
      "개월": 7,
      "수": 22,
      "번": 16,
      "분": 14,
      "거": 14
    },
    "NNG": {
      "염려": 38,
      "하나님": 66,
      "기쁨": 31,
      "기도": 49,
      "평강": 17,
      "삶": 33,
      "걱정": 15,
      "자극": 7,
      "집중": 11,
      "상황": 19,
      "이야기": 20,
      "장모": 5,
      "말씀": 26,
      "주": 25,
      "마음": 23,
      "문제": 16,
      "감사": 17,
      "대화": 8,
      "시선": 8,
      "안정": 5,
      "불안": 6,
      "해결": 8,
      "대신": 8,
      "사람": 16,
      "말": 15,
      "안": 13,
      "근심": 5,
      "선택": 7,
      "주인": 7,
      "간구": 5,
      "가운데": 11,
      "현실": 5,
      "절": 11,
      "선포": 6,
      "신뢰": 5,
      "생각": 9,
      "목사": 6,
      "오늘": 9,
      "관계": 5,
      "고백": 6,
      "자리": 6,
      "모습": 6,
      "뜻": 6,
      "시작": 6,
      "믿음": 5,
      "속": 5
    },
    "NNP": {
      "바울": 15,
      "예수": 7
    },
    "VA": {
      "기쁘": 12,
      "좋": 13,
      "깊": 7,
      "없": 13,
      "그렇": 11,
      "어떻": 10,
      "같": 9,
      "이렇": 9,
      "힘들": 5,
      "어렵": 5,
      "놀랍": 5,
      "많": 6
    },
    "VV": {
      "있": 54,
      "되": 51,
      "기뻐하": 15,
      "지키": 14,
      "찾": 9,
      "돌리": 5,
      "두": 7,
      "보": 12,
      "배우": 5,
      "드리": 8,
      "받": 9,
      "읽": 9,
      "대하": 8,
      "계시": 7,
      "주": 8,
      "알": 8,
      "원하": 6,
      "일어나": 6,
      "믿": 7,
      "나오": 6,
      "살아가": 5,
      "듣": 5,
      "살": 5
    }
  },
  "tfidf": {
    "MAG": {
      "항상": 0.011297256152967505,
      "더": 0.010158798111633869,
      "많이": 0.007157463755832898,
      "굉장히": 0.007145006326985683,
      "결코": 0.0047229718913281826,
      "너무나": 0.004465114679723103,
      "안": 0.0043916865468108315,
      "너무": 0.004356668619083886,
      "정말": 0.003516216824683118,
      "이제": 0.002805554936093152,
      "다": 0.002668597622311661
    },
    "NNB": {
      "개월": 0.011650932721946776,
      "수": 0.011554621848739496,
      "번": 0.008418380761126856,
      "분": 0.00794039639132916,
      "거": 0.007620350324785843
    },
    "NNG": {
      "염려": 0.05190171253710108,
      "하나님": 0.034725820639648276,
      "기쁨": 0.02710833267404975,
      "기도": 0.026814598619640848,
      "평강": 0.02597407299939819,
      "삶": 0.018318957779274975,
      "걱정": 0.017797000379534897,
      "자극": 0.01674760316724049,
      "집중": 0.014487503886221505,
      "상황": 0.014277770696300752,
      "이야기": 0.014012346180909937,
      "장모": 0.013782813135633823,
      "말씀": 0.01365546218487395,
      "주": 0.013248012998723217,
      "마음": 0.012699446308252975,
      "문제": 0.012696013645092359,
      "감사": 0.011977542664685332,
      "대화": 0.011745114666285458,
      "시선": 0.011155915753223902,
      "안정": 0.009189326121954045,
      "불안": 0.008877344360963272,
      "해결": 0.008810202381826084,
      "대신": 0.008506856620462685,
      "사람": 0.008403361344537815,
      "말": 0.00794880779923393,
      "안": 0.007670129871368991,
      "근심": 0.007639433235117115,
      "선택": 0.007335360259058183,
      "주인": 0.007094757655189125,
      "간구": 0.006671336767193143,
      "가운데": 0.006051969743938551,
      "현실": 0.005982354980251204,
      "절": 0.005839544677941713,
      "선포": 0.005544933655361654,
      "신뢰": 0.005437083539131863,
      "생각": 0.004837915878027795,
      "목사": 0.00477039785263906,
      "오늘": 0.004726890756302521,
      "관계": 0.0047229718913281826,
      "고백": 0.00407286350169466,
      "자리": 0.00400573352048499,
      "모습": 0.0038404071458975723,
      "뜻": 0.003689993061377015,
      "시작": 0.0032023171467739932,
      "믿음": 0.003200339288247977,
      "속": 0.003200339288247977
    },
    "NNP": {
      "바울": 0.013035295561116352,
      "예수": 0.003789806852188454
    },
    "VA": {
      "기쁘": 0.012077462595845516,
      "좋": 0.007642598660306387,
      "깊": 0.006980114539613066,
      "없": 0.0068399343684155695,
      "그렇": 0.005777310924369748,
      "어떻": 0.005404346307107418,
      "같": 0.00488132197510816,
      "이렇": 0.004735339178133856,
      "힘들": 0.00415371216698803,
      "어렵": 0.0040227915781613005,
      "놀랍": 0.0035228066660839214,
      "많": 0.0034030270248553546
    },
    "VV": {
      "있": 0.028361344537815126,
      "되": 0.026785714285714284,
      "기뻐하": 0.013922703408983722,
      "지키": 0.010893367710819637,
      "찾": 0.007599067785764731,
      "돌리": 0.006852515526350055,
      "두": 0.006372152221056455,
      "보": 0.0063025210084033615,
      "배우": 0.005369572098191193,
      "드리": 0.005046502519390798,
      "받": 0.0047949047463597145,
      "읽": 0.0047863492856416705,
      "대하": 0.004627731573284577,
      "계시": 0.004605113061178349,
      "주": 0.004262137552319746,
      "알": 0.004239364159591429,
      "원하": 0.004095561754722153,
      "일어나": 0.003911224968960782,
      "믿": 0.0038581447042770234,
      "나오": 0.0034645770382500376,
      "살아가": 0.00296601383202964,
      "듣": 0.0029079480399933186,
      "살": 0.0027118455417267564
    }
  }
}