{
  "scope": "sermon",
  "idf_scope": "church",
  "church": "J-7g",
  "sermon": "J-7g-0104",
  "document_unit": "sermon_json",
  "document_count": 559,
  "min_count": 5,
  "freq": {
    "MAG": {
      "다": 10,
      "스스로": 5,
      "더": 6,
      "다시": 5
    },
    "NNB": {
      "분": 20,
      "장": 17,
      "절": 11,
      "거": 9,
      "수": 9,
      "번": 8
    },
    "NNG": {
      "멜기세덱": 22,
      "대제사장": 21,
      "제사장": 28,
      "존귀": 22,
      "상놈": 9,
      "반차": 8,
      "양반": 8,
      "의사": 13,
      "사람": 35,
      "백정": 5,
      "병사": 8,
      "하나님": 28,
      "말": 26,
      "인간": 16,
      "절": 24,
      "속죄": 6,
      "시작": 19,
      "교회": 16,
      "친구": 9,
      "존재": 11,
      "곁": 6,
      "형상": 5,
      "죽음": 8,
      "인생": 12,
      "아들": 11,
      "제사": 5,
      "역할": 6,
      "기자": 5,
      "고민": 6,
      "중요": 12,
      "이해": 8,
      "말씀": 13,
      "병": 5,
      "부르심": 5,
      "영향": 5,
      "대신": 6,
      "세계": 6,
      "편지": 5,
      "선교사": 5,
      "장": 9,
      "본문": 9,
      "왕": 5,
      "오늘": 9,
      "끝": 5,
      "세상": 7,
      "삶": 7,
      "이유": 6,
      "가운데": 7,
      "땅": 6,
      "성경": 6
    },
    "NNP": {
      "히브리서": 20,
      "예수": 35,
      "한국": 5
    },
    "VA": {
      "없": 12,
      "같": 11,
      "크": 8,
      "이렇": 6
    },
    "VV": {
      "되": 26,
      "있": 25,
      "받": 23,
      "읽": 18,
      "택하": 5,
      "위하": 13,
      "닮": 5,
      "보": 12,
      "떠나": 8,
      "따르": 9,
      "살": 10,
      "계시": 6,
      "그러": 6,
      "드리": 5
    }
  },
  "tfidf": {
    "MAG": {
      "다": 0.005589669827152258,
      "스스로": 0.005582011598408027,
      "더": 0.003359797047863625,
      "다시": 0.002845207659193381
    },
    "NNB": {
      "분": 0.011880021003528777,
      "장": 0.009813014913408667,
      "절": 0.006259456850225438,
      "거": 0.005130532891935023,
      "수": 0.0049504950495049506,
      "번": 0.004408304997025723
    },
    "NNG": {
      "멜기세덱": 0.07538236462670181,
      "대제사장": 0.04067478557378238,
      "제사장": 0.04046687552377877,
      "존귀": 0.033697537971453355,
      "상놈": 0.032845493084996284,
      "반차": 0.026145841243605295,
      "양반": 0.02309568863388057,
      "의사": 0.022550134037313672,
      "사람": 0.019251925192519254,
      "백정": 0.01824749615833127,
      "병사": 0.017582980301667727,
      "하나님": 0.015429067489590033,
      "말": 0.014429694950248498,
      "인간": 0.013535547747695855,
      "절": 0.0133435260327645,
      "속죄": 0.012010090196750027,
      "시작": 0.01062037267158929,
      "교회": 0.01021271984898441,
      "친구": 0.009949588068737518,
      "존재": 0.008963959348397237,
      "곁": 0.008732031539950414,
      "형상": 0.008715769252941484,
      "죽음": 0.008393407192329632,
      "인생": 0.00831360525072663,
      "아들": 0.008255188031473177,
      "제사": 0.007967876746110785,
      "역할": 0.007875558947590398,
      "기자": 0.007871365965551736,
      "고민": 0.007669935570243352,
      "중요": 0.007659539886738309,
      "이해": 0.007235894461564414,
      "말씀": 0.007150715071507151,
      "병": 0.007056553489910448,
      "부르심": 0.007009937542952876,
      "영향": 0.006704036456291092,
      "대신": 0.006681953385049897,
      "세계": 0.006383858869230473,
      "편지": 0.006354942098224067,
      "선교사": 0.006247774968044244,
      "장": 0.005511528145084175,
      "본문": 0.005232417583519285,
      "왕": 0.005092060593502982,
      "오늘": 0.0049504950495049506,
      "끝": 0.004541207319749487,
      "세상": 0.004348848443706385,
      "삶": 0.004069658120514999,
      "이유": 0.0040367773970766,
      "가운데": 0.004033435980958746,
      "땅": 0.003768079735408255,
      "성경": 0.0035385701055307855
    },
    "NNP": {
      "히브리서": 0.029521956926158662,
      "예수": 0.019845413219380683,
      "한국": 0.005554645451947168
    },
    "VA": {
      "없": 0.006612457495538586,
      "같": 0.006248283061157885,
      "크": 0.004943362029309151,
      "이렇": 0.003306228747769293
    },
    "VV": {
      "되": 0.014301430143014302,
      "있": 0.013751375137513752,
      "받": 0.012833300858854946,
      "읽": 0.010025532497097625,
      "택하": 0.0077176793363040565,
      "위하": 0.007201974897261806,
      "닮": 0.007033146752649974,
      "보": 0.006600660066006601,
      "떠나": 0.0065192431624707175,
      "따르": 0.005860154205958164,
      "살": 0.005680257328325351,
      "계시": 0.004133962880001686,
      "그러": 0.003648054507121539,
      "드리": 0.003303266225563834
    }
  }
}