{
  "scope": "sermon",
  "idf_scope": "church",
  "church": "J-7g",
  "sermon": "J-7g-0421",
  "document_unit": "sermon_json",
  "document_count": 559,
  "min_count": 5,
  "freq": {
    "MAG": {
      "더": 17,
      "이미": 8,
      "다시": 10,
      "지금": 8
    },
    "NNB": {
      "수": 35,
      "때문": 12,
      "거": 6,
      "절": 6,
      "번": 6,
      "장": 5
    },
    "NNG": {
      "신분": 44,
      "하나님": 84,
      "허물": 19,
      "종족": 9,
      "적응": 8,
      "과거": 17,
      "삶": 29,
      "은혜": 25,
      "죄": 19,
      "변화": 14,
      "세상": 21,
      "물건": 7,
      "단절": 6,
      "속": 19,
      "사랑": 22,
      "화목": 6,
      "복음": 16,
      "분열": 6,
      "시선": 7,
      "시작": 18,
      "혼란": 6,
      "권세": 7,
      "말씀": 18,
      "소유": 7,
      "존재": 12,
      "구원": 12,
      "지배": 5,
      "사람": 15,
      "가치": 6,
      "주일": 6,
      "특별": 7,
      "육체": 6,
      "대학": 5,
      "안": 12,
      "상태": 6,
      "어둠": 5,
      "평화": 5,
      "관계": 7,
      "본질": 5,
      "나님": 7,
      "가운데": 11,
      "절": 11,
      "주": 11,
      "자녀": 8,
      "예배": 6,
      "의미": 7,
      "마음": 8,
      "중요": 7,
      "나라": 6,
      "도": 5,
      "앞": 7,
      "교회": 6,
      "장": 6,
      "지금": 5,
      "이유": 5,
      "전": 5,
      "오늘": 6,
      "뜻": 5
    },
    "NNP": {
      "예수": 25,
      "에베소서": 7,
      "그리스도": 13,
      "바울": 9,
      "그리스": 5
    },
    "VA": {
      "걸맞": 7,
      "새롭": 17,
      "선하": 8,
      "없": 17,
      "같": 9,
      "이렇": 8,
      "그렇": 8
    },
    "VV": {
      "되": 40,
      "있": 40,
      "살아가": 24,
      "죽": 21,
      "받": 25,
      "주": 20,
      "위하": 17,
      "살": 15,
      "통하": 14,
      "믿": 13,
      "느끼": 8,
      "따르": 11,
      "쓰": 10,
      "인하": 7,
      "가지": 11,
      "보": 11,
      "이루": 7,
      "살리": 5,
      "읽": 10,
      "전하": 7,
      "드리": 8,
      "나누": 7,
      "알": 9,
      "행하": 6,
      "나아가": 7,
      "깨닫": 5,
      "끝나": 5,
      "만들": 6,
      "원하": 6,
      "대하": 6,
      "일어나": 5
    }
  },
  "tfidf": {
    "MAG": {
      "더": 0.007767645688305893,
      "이미": 0.005467870071140778,
      "다시": 0.004643256305577708,
      "지금": 0.0040701306736966696
    },
    "NNB": {
      "수": 0.01570915619389587,
      "때문": 0.005453745685135692,
      "거": 0.0027909362051280286,
      "절": 0.002785953783346625,
      "번": 0.0026978114288350873,
      "장": 0.002355061399379153
    },
    "NNG": {
      "신분": 0.06385909234574154,
      "하나님": 0.03776936000369122,
      "허물": 0.02743455811111391,
      "종족": 0.021740682096977076,
      "적응": 0.017102288783725883,
      "과거": 0.01624796938594133,
      "삶": 0.013757406734405732,
      "은혜": 0.012673452280485713,
      "죄": 0.012390985190604185,
      "변화": 0.010844457576253554,
      "세상": 0.010645699915607999,
      "물건": 0.010490426014431977,
      "단절": 0.010486399225971407,
      "속": 0.010392771462446932,
      "사랑": 0.010362270157268271,
      "화목": 0.010318032016865479,
      "복음": 0.00947305995178887,
      "분열": 0.008942379529165325,
      "시선": 0.008341901097338879,
      "시작": 0.008209890279341584,
      "혼란": 0.008143281033729872,
      "권세": 0.008142804464696094,
      "말씀": 0.00807899461400359,
      "소유": 0.00798164959004939,
      "존재": 0.007979342955142571,
      "구원": 0.006999954740566409,
      "지배": 0.006755944053395163,
      "사람": 0.006732495511669659,
      "가치": 0.006484620802247047,
      "주일": 0.006484620802247047,
      "특별": 0.006392470248219442,
      "육체": 0.006369188923166843,
      "대학": 0.006297460068851335,
      "안": 0.006050515374293562,
      "상태": 0.006000189468325845,
      "어둠": 0.005896446180289001,
      "평화": 0.005757995621479889,
      "관계": 0.005650607663161761,
      "본질": 0.005504352469766704,
      "나님": 0.005468948329130439,
      "가운데": 0.00517188078656149,
      "절": 0.004990346977917872,
      "주": 0.004981443164187775,
      "자녀": 0.004710160229913255,
      "예배": 0.004052668460267979,
      "의미": 0.003986398167428989,
      "마음": 0.003774841272486717,
      "중요": 0.003645844726160672,
      "나라": 0.003592393239917305,
      "도": 0.0033972312654940045,
      "앞": 0.0032386859275434546,
      "교회": 0.0031250097652805757,
      "장": 0.0029981921507369926,
      "지금": 0.002800726186341124,
      "이유": 0.0027449361564502012,
      "전": 0.0027299583577794356,
      "오늘": 0.0026929982046678637,
      "뜻": 0.0026278227067855465
    },
    "NNP": {
      "예수": 0.011566735455512338,
      "에베소서": 0.009028333219178552,
      "그리스도": 0.006844714078216384,
      "바울": 0.006683806844263608,
      "그리스": 0.0034309787461146075
    },
    "VA": {
      "걸맞": 0.014964502685760148,
      "새롭": 0.012093299430267107,
      "선하": 0.008620047032574473,
      "없": 0.007643799048366081,
      "같": 0.004171470844078069,
      "이렇": 0.0035970819051134497,
      "그렇": 0.003590664272890485
    },
    "VV": {
      "되": 0.017953321364452424,
      "있": 0.017953321364452424,
      "살아가": 0.012166514189266285,
      "죽": 0.012092262506084759,
      "받": 0.011382279369974189,
      "주": 0.00910582349597935,
      "위하": 0.007684858312897852,
      "살": 0.006952451406796782,
      "통하": 0.006454270128780661,
      "믿": 0.006123159638385797,
      "느끼": 0.0058678802331292475,
      "따르": 0.005844372821202442,
      "쓰": 0.005736998781405912,
      "인하": 0.005433843704270979,
      "가지": 0.005408607019284288,
      "보": 0.004937163375224416,
      "이루": 0.004591688100346179,
      "살리": 0.004577355819198069,
      "읽": 0.00454478807094641,
      "전하": 0.00441854064120182,
      "드리": 0.00431263051926395,
      "나누": 0.004167707962466927,
      "알": 0.004075726225244543,
      "행하": 0.0040131229889495195,
      "나아가": 0.003964452807620345,
      "깨닫": 0.0039488157090846005,
      "끝나": 0.003752120675290266,
      "만들": 0.003545788894053052,
      "원하": 0.0034999773702832043,
      "대하": 0.0029660685308125568,
      "일어나": 0.0027853726589247936
    }
  }
}