{
  "scope": "sermon",
  "idf_scope": "church",
  "church": "J-7g",
  "sermon": "J-7g-0024",
  "document_unit": "sermon_json",
  "document_count": 559,
  "min_count": 5,
  "freq": {
    "MAG": {
      "서로": 10,
      "다": 11,
      "다시": 10,
      "이제": 8,
      "더": 8
    },
    "NNB": {
      "수": 23,
      "절": 13,
      "번": 7,
      "장": 5,
      "때문": 5
    },
    "NNG": {
      "가인": 14,
      "하나님": 64,
      "피": 20,
      "사랑": 41,
      "주": 39,
      "마귀": 12,
      "형제": 18,
      "자녀": 27,
      "물": 16,
      "흑인": 6,
      "습관": 9,
      "제사": 10,
      "시작": 27,
      "앞": 23,
      "죄": 16,
      "말씀": 23,
      "소망": 15,
      "말": 21,
      "대제사장": 6,
      "준비": 13,
      "성소": 5,
      "범죄": 6,
      "민족": 10,
      "제물": 6,
      "단어": 12,
      "절": 16,
      "반복": 7,
      "악": 7,
      "양": 6,
      "행위": 5,
      "필요": 9,
      "장": 10,
      "번역": 5,
      "나라": 8,
      "가정": 7,
      "삶": 10,
      "마음": 10,
      "부모": 5,
      "자리": 8,
      "모습": 8,
      "당시": 6,
      "생각": 9,
      "사람": 9,
      "제자": 5,
      "책": 5,
      "기도": 8,
      "아버지": 6,
      "계속": 5,
      "성경": 7,
      "교회": 6,
      "구원": 5,
      "이름": 6,
      "본문": 6,
      "믿음": 5,
      "오늘": 6,
      "안": 5,
      "가운데": 5
    },
    "NNP": {
      "아벨": 13,
      "하버드": 5,
      "주님": 15,
      "미국": 5,
      "예수": 11
    },
    "VA": {
      "새롭": 11,
      "그렇": 17,
      "없": 15,
      "이렇": 9,
      "같": 6
    },
    "VV": {
      "닮": 22,
      "있": 43,
      "되": 40,
      "받": 24,
      "읽": 24,
      "서": 16,
      "범하": 7,
      "본받": 6,
      "보": 19,
      "죽이": 8,
      "속하": 8,
      "드리": 14,
      "씻": 5,
      "들어가": 8,
      "알": 10,
      "가지": 9,
      "리": 5,
      "짓": 6,
      "위하": 9,
      "향하": 7,
      "만들": 5,
      "쓰": 5,
      "부르": 5,
      "주": 6,
      "살": 5
    }
  },
  "tfidf": {
    "MAG": {
      "서로": 0.010381185728474044,
      "다": 0.005520109491525474,
      "다시": 0.0051087284191738925,
      "이제": 0.00422066299126626,
      "더": 0.004021801503220458
    },
    "NNB": {
      "수": 0.011358024691358024,
      "절": 0.00664134694492606,
      "번": 0.0034629684809968746,
      "장": 0.00259114903595889,
      "때문": 0.002500194523967556
    },
    "NNG": {
      "가인": 0.03953530083858337,
      "하나님": 0.031661426111971425,
      "피": 0.021308175690775737,
      "사랑": 0.021247422094862897,
      "주": 0.019431989199667977,
      "마귀": 0.01842032046549978,
      "형제": 0.01769243292469224,
      "자녀": 0.017490394987077888,
      "물": 0.01644177944943177,
      "흑인": 0.015202110241164371,
      "습관": 0.014758238215540995,
      "제사": 0.014306765357461141,
      "시작": 0.013549359661017073,
      "앞": 0.011708163786316526,
      "죄": 0.01148054165236278,
      "말씀": 0.011358024691358024,
      "소망": 0.011169287802791356,
      "말": 0.010463378799821217,
      "대제사장": 0.010433405315433703,
      "준비": 0.009737454459151815,
      "성소": 0.009536298471430787,
      "범죄": 0.009389788741835624,
      "민족": 0.009268633729202442,
      "제물": 0.00921016023274989,
      "단어": 0.008146331552245397,
      "절": 0.007986347432943495,
      "반복": 0.007765791077142284,
      "악": 0.0074382762262160795,
      "양": 0.0070284732626012866,
      "행위": 0.006356411339809457,
      "필요": 0.005556864623911825,
      "장": 0.005497919433614831,
      "번역": 0.00535526292472757,
      "나라": 0.005270026099447411,
      "가정": 0.00526400627342664,
      "삶": 0.0052194980339303485,
      "마음": 0.005191571824136052,
      "부모": 0.005023782614826426,
      "자리": 0.005021838105681266,
      "모습": 0.004814574621095623,
      "당시": 0.00464899262178345,
      "생각": 0.004548835472476505,
      "사람": 0.0044444444444444444,
      "제자": 0.004261278920616035,
      "책": 0.004207208092695942,
      "기도": 0.004116300994450687,
      "아버지": 0.0038867544415728634,
      "계속": 0.0038509031800874633,
      "성경": 0.0037063245401633563,
      "교회": 0.0034382823491580852,
      "구원": 0.003209032749379004,
      "이름": 0.0031373051852531357,
      "본문": 0.003131698820358209,
      "믿음": 0.0030091091381847642,
      "오늘": 0.002962962962962963,
      "안": 0.0027737753608901346,
      "가운데": 0.0025865208512814816
    },
    "NNP": {
      "아벨": 0.03671135077868455,
      "하버드": 0.012408275779592961,
      "주님": 0.009680840254664211,
      "미국": 0.005754875333247111,
      "예수": 0.00559955659345573
    },
    "VA": {
      "새롭": 0.008609515829687327,
      "그렇": 0.008395061728395062,
      "없": 0.007420646744993302,
      "이렇": 0.004452388046995981,
      "같": 0.003059765280857922
    },
    "VV": {
      "닮": 0.027782492594467984,
      "있": 0.02123456790123457,
      "되": 0.019753086419753086,
      "받": 0.01202238503646933,
      "읽": 0.012000933715044269,
      "서": 0.011069714629205207,
      "범하": 0.010452889794407496,
      "본받": 0.010368282628859556,
      "보": 0.009382716049382716,
      "죽이": 0.008545780977010099,
      "속하": 0.00850088711567552,
      "드리": 0.008303677231906243,
      "씻": 0.007568535572068839,
      "들어가": 0.0055665893509374755,
      "알": 0.004982561333248199,
      "가지": 0.004868838965238543,
      "리": 0.00455096259318158,
      "짓": 0.004520943432154465,
      "위하": 0.004476304397682722,
      "향하": 0.00400409005366132,
      "만들": 0.0032510360724074894,
      "쓰": 0.003156057601227746,
      "부르": 0.0030871470132843473,
      "주": 0.0030055962591173323,
      "살": 0.002549804400714935
    }
  }
}