{
  "scope": "sermon",
  "idf_scope": "church",
  "church": "J-7g",
  "sermon": "J-7g-0209",
  "document_unit": "sermon_json",
  "document_count": 559,
  "min_count": 5,
  "freq": {
    "MAG": {
      "장차": 5,
      "가장": 5,
      "다시": 5,
      "더": 5,
      "다": 5
    },
    "NNB": {
      "수": 22,
      "때문": 10,
      "번": 9,
      "줄": 5
    },
    "NNG": {
      "하나님": 66,
      "훈장": 8,
      "나라": 28,
      "동행": 16,
      "상급": 8,
      "곡": 8,
      "공연": 6,
      "말씀": 28,
      "시록": 5,
      "성도": 18,
      "땅": 19,
      "상": 7,
      "소망": 13,
      "예비": 6,
      "오늘": 17,
      "삶": 16,
      "영원": 8,
      "모습": 11,
      "당시": 8,
      "주": 12,
      "기억": 10,
      "전쟁": 5,
      "요": 5,
      "마지막": 9,
      "메시지": 5,
      "세상": 9,
      "하늘": 6,
      "교회": 8,
      "경험": 7,
      "사도": 5,
      "곳": 6,
      "이야기": 6,
      "위": 5,
      "약속": 5,
      "역사": 6,
      "예배": 5,
      "가운데": 7,
      "한": 5,
      "사랑": 6,
      "속": 5,
      "절": 6,
      "사람": 6,
      "성경": 5
    },
    "NNP": {
      "요한": 6,
      "미국": 7
    },
    "VA": {
      "이렇": 20,
      "없": 10,
      "기쁘": 5,
      "새롭": 5,
      "그렇": 7,
      "놀랍": 5,
      "같": 5
    },
    "VV": {
      "있": 40,
      "되": 23,
      "보": 20,
      "내려오": 7,
      "위하": 15,
      "올라가": 6,
      "원하": 8,
      "들어가": 6,
      "믿": 7,
      "살": 7,
      "주": 7,
      "향하": 6,
      "바라보": 5,
      "대하": 6,
      "만들": 5,
      "계시": 5,
      "가지": 5,
      "통하": 5,
      "받": 5
    }
  },
  "tfidf": {
    "MAG": {
      "장차": 0.010153802899884325,
      "가장": 0.0034226231026778416,
      "다시": 0.003214784042519308,
      "더": 0.003163513068684519,
      "다": 0.0031578681621388456
    },
    "NNB": {
      "수": 0.013673088875077687,
      "때문": 0.006293218037332879,
      "번": 0.005603533744665545,
      "줄": 0.003800943291840304
    },
    "NNG": {
      "하나님": 0.041092580794214,
      "훈장": 0.029542038148461423,
      "나라": 0.023213990043401817,
      "동행": 0.022846477189178465,
      "상급": 0.019866909999025434,
      "곡": 0.018617366539580283,
      "공연": 0.01838424429184894,
      "말씀": 0.01740211311373524,
      "시록": 0.014155836114013092,
      "성도": 0.013910424283264403,
      "땅": 0.01348218460953718,
      "상": 0.012208227126638337,
      "소망": 0.0121827843964567,
      "예비": 0.010715684850748367,
      "오늘": 0.010565568676196395,
      "삶": 0.010510362728361918,
      "영원": 0.008544263460754431,
      "모습": 0.008331622877944764,
      "당시": 0.007801292777386771,
      "주": 0.007524937252823569,
      "기억": 0.007383792613442757,
      "전쟁": 0.007019989376970053,
      "요": 0.0068861062628112245,
      "마지막": 0.006526143665821669,
      "메시지": 0.006354049269705427,
      "세상": 0.006317664763910492,
      "하늘": 0.006068961629602891,
      "교회": 0.005769647198711516,
      "경험": 0.005499727175445064,
      "사도": 0.005363014179146967,
      "곳": 0.005059073749926908,
      "이야기": 0.0049744264378718175,
      "위": 0.004885626383288636,
      "약속": 0.004846537563503489,
      "역사": 0.00481959733202401,
      "예배": 0.004676478832337403,
      "가운데": 0.004557356503034805,
      "한": 0.0043953815353975296,
      "사랑": 0.003913295312231263,
      "속": 0.0037871013081567113,
      "절": 0.003769193649404267,
      "사람": 0.0037290242386575512,
      "성경": 0.0033318419576626106
    },
    "NNP": {
      "요한": 0.010423880511781005,
      "미국": 0.010139882889841864
    },
    "VA": {
      "이렇": 0.012452297210367879,
      "없": 0.006226148605183939,
      "기쁘": 0.005954912156227953,
      "새롭": 0.004925213163206068,
      "그렇": 0.00435052827843381,
      "놀랍": 0.004168691045508879,
      "같": 0.0032090453147593186
    },
    "VV": {
      "있": 0.024860161591050343,
      "되": 0.014294592914853946,
      "보": 0.012430080795525171,
      "내려오": 0.012114663772662732,
      "위하": 0.00938938927419465,
      "올라가": 0.008263327515373469,
      "원하": 0.006461942888743301,
      "들어가": 0.005254355237250647,
      "믿": 0.004565511197603141,
      "살": 0.004492663440663046,
      "주": 0.004413126887610129,
      "향하": 0.004319425921334017,
      "바라보": 0.004192203290329624,
      "대하": 0.0041071477232134095,
      "만들": 0.004091577406230681,
      "계시": 0.0038924510647623087,
      "가지": 0.00340425347165529,
      "통하": 0.0031918924458233405,
      "받": 0.0031522334911500923
    }
  }
}