{
  "scope": "sermon",
  "idf_scope": "church",
  "church": "J-7g",
  "sermon": "J-7g-0330",
  "document_unit": "sermon_json",
  "document_count": 559,
  "min_count": 5,
  "freq": {
    "MAG": {
      "가득": 9,
      "먼저": 8,
      "가장": 7
    },
    "NNB": {
      "절": 17,
      "거": 16,
      "수": 16,
      "외": 5,
      "가지": 10,
      "분": 6,
      "번": 5
    },
    "NNG": {
      "하나님": 142,
      "축복": 62,
      "복": 40,
      "솔": 15,
      "수저": 9,
      "마음": 42,
      "실험군": 5,
      "우상": 12,
      "백성": 22,
      "말씀": 28,
      "땅": 24,
      "이야기": 20,
      "식물": 5,
      "세상": 22,
      "계명": 7,
      "가운데": 20,
      "민족": 11,
      "무릎": 6,
      "조상": 6,
      "서로": 6,
      "길": 12,
      "공동체": 8,
      "삶": 13,
      "유일": 6,
      "신": 8,
      "사람": 13,
      "의미": 10,
      "선포": 7,
      "단어": 8,
      "방법": 5,
      "성경": 9,
      "생각": 9,
      "은혜": 8,
      "약속": 5,
      "주": 7,
      "절": 6,
      "이름": 5,
      "사랑": 5,
      "앞": 5
    },
    "NNP": {
      "이스라엘": 37,
      "로몬": 13,
      "아브라함": 19,
      "솔로몬": 9,
      "가나안": 5
    },
    "VA": {
      "그렇": 20,
      "없": 12,
      "이렇": 10,
      "많": 7
    },
    "VV": {
      "나타내": 16,
      "있": 31,
      "향하": 26,
      "원하": 23,
      "다스리": 11,
      "구하": 13,
      "떠나": 13,
      "통하": 18,
      "꿇": 6,
      "위하": 17,
      "말미암": 10,
      "받": 15,
      "주": 14,
      "지키": 9,
      "섬기": 8,
      "누리": 8,
      "살아가": 11,
      "행하": 8,
      "되": 11,
      "보이": 9,
      "보": 10,
      "가르치": 6,
      "계시": 7,
      "가지": 8,
      "인하": 5,
      "살": 8,
      "얻": 5,
      "부르": 5
    }
  },
  "tfidf": {
    "MAG": {
      "가득": 0.00968416259331497,
      "먼저": 0.0051575446783417005,
      "가장": 0.0038958063674037926
    },
    "NNB": {
      "절": 0.00888670923850739,
      "거": 0.008378919811386557,
      "수": 0.00808489135927236,
      "외": 0.006829115640335837,
      "가지": 0.005790054962165555,
      "분": 0.003274059350846182,
      "번": 0.0025310442409653758
    },
    "NNG": {
      "하나님": 0.07188165644341668,
      "축복": 0.03804132665063757,
      "복": 0.036593913840616214,
      "솔": 0.029763057620518237,
      "수저": 0.02702111258387253,
      "마음": 0.022311429188619062,
      "실험군": 0.01676298535414161,
      "우상": 0.01669464864209689,
      "백성": 0.015282089887676117,
      "말씀": 0.01414855987872663,
      "땅": 0.013846122201055498,
      "이야기": 0.013481307290779442,
      "식물": 0.012696694519290425,
      "세상": 0.012555875431637954,
      "계명": 0.011100542845841024,
      "가운데": 0.010586568416058616,
      "민족": 0.010432481875592946,
      "무릎": 0.008316228312456665,
      "조상": 0.008224809298295914,
      "서로": 0.007554284618830874,
      "길": 0.007512229863258306,
      "공동체": 0.0071752489087724206,
      "삶": 0.006943066485256009,
      "유일": 0.006792340925205086,
      "신": 0.006744636959957853,
      "사람": 0.006568974229408792,
      "의미": 0.006411387509587661,
      "선포": 0.006223924183818437,
      "단어": 0.005557123595518588,
      "방법": 0.005004621659958884,
      "성경": 0.0048760387457213,
      "생각": 0.004654568889219265,
      "은혜": 0.004565772884231984,
      "약속": 0.003940413814894954,
      "주": 0.003568863410752563,
      "절": 0.003064493472405996,
      "이름": 0.0026751907529634494,
      "사랑": 0.0026513778665066966,
      "앞": 0.002604415017168417
    },
    "NNP": {
      "이스라엘": 0.029159062230222653,
      "로몬": 0.026486760449935955,
      "아브라함": 0.02643319368332007,
      "솔로몬": 0.015444669206186873,
      "가나안": 0.006829115640335837
    },
    "VA": {
      "그렇": 0.01010611419909045,
      "없": 0.006074506178316902,
      "이렇": 0.0050620884819307516,
      "많": 0.003819735909320546
    },
    "VV": {
      "나타내": 0.01935088711954323,
      "있": 0.015664477008590198,
      "향하": 0.01521802795966711,
      "원하": 0.015104669055313501,
      "다스리": 0.013548996569268243,
      "구하": 0.011145742811926115,
      "떠나": 0.009731922239883334,
      "통하": 0.009342454675688287,
      "꿇": 0.008856647407170112,
      "위하": 0.008651775806536843,
      "말미암": 0.008206944462218261,
      "받": 0.007688646317221574,
      "주": 0.007176069896073469,
      "지키": 0.006737484627611539,
      "섬기": 0.006688685261476311,
      "누리": 0.0064987367645145365,
      "살아가": 0.006277937715818977,
      "행하": 0.0060240781670065895,
      "되": 0.0055583628094997475,
      "보이": 0.005229880761549951,
      "보": 0.005053057099545225,
      "가르치": 0.004854236592648806,
      "계시": 0.004430588816818381,
      "가지": 0.004428453833971388,
      "인하": 0.004369668581937393,
      "살": 0.004174515542352901,
      "얻": 0.0035464400866969756,
      "부르": 0.0031589048518953023
    }
  }
}