{
  "scope": "sermon",
  "idf_scope": "church",
  "church": "J-7g",
  "sermon": "J-7g-0311",
  "document_unit": "sermon_json",
  "document_count": 559,
  "min_count": 5,
  "freq": {
    "MAG": {
      "이제": 17,
      "다시": 8,
      "더": 6,
      "다": 5
    },
    "NNB": {
      "수": 34,
      "거": 25,
      "때문": 13,
      "번": 10
    },
    "NNG": {
      "코리": 17,
      "절망": 39,
      "언니": 15,
      "하나님": 70,
      "뼈": 17,
      "여사": 11,
      "수용소": 11,
      "무덤": 11,
      "사람": 33,
      "사랑": 30,
      "원수": 9,
      "말씀": 25,
      "유대인": 10,
      "골짜기": 6,
      "소망": 14,
      "백성": 13,
      "어려움": 8,
      "주": 15,
      "박해": 5,
      "곳": 11,
      "세상": 13,
      "기도": 14,
      "가운데": 13,
      "속": 11,
      "말": 12,
      "가족": 7,
      "천국": 5,
      "집": 7,
      "절": 10,
      "죽음": 5,
      "예배": 6,
      "복음": 6,
      "자리": 6,
      "가정": 5,
      "성경": 7,
      "존재": 5,
      "모습": 6,
      "믿음": 6,
      "상황": 5,
      "생각": 6,
      "날": 5,
      "앞": 5
    },
    "NNP": {
      "네덜란드": 9,
      "에스겔": 8,
      "이스라엘": 11,
      "여호와": 5,
      "예수": 9
    },
    "VA": {
      "없": 21,
      "이렇": 19,
      "그렇": 13,
      "같": 11,
      "힘들": 7,
      "작": 5,
      "많": 6
    },
    "VV": {
      "있": 47,
      "되": 32,
      "마르": 8,
      "당하": 11,
      "전하": 14,
      "끌려가": 5,
      "기뻐하": 10,
      "살아나": 6,
      "넘어지": 6,
      "바라": 12,
      "빠지": 7,
      "위하": 12,
      "이기": 6,
      "들어오": 6,
      "보": 11,
      "들어가": 7,
      "믿": 9,
      "알": 9,
      "죽": 7,
      "이르": 6,
      "그러": 7,
      "나오": 7,
      "살": 7,
      "읽": 7,
      "얻": 5,
      "듣": 6,
      "원하": 5,
      "통하": 6,
      "받": 5
    }
  },
  "tfidf": {
    "MAG": {
      "이제": 0.009640148850473793,
      "다시": 0.004392855647060353,
      "더": 0.003242097151282415,
      "다": 0.0026969266841196404
    },
    "NNB": {
      "수": 0.018046709129511677,
      "거": 0.013752224577638996,
      "때문": 0.006987008582106785,
      "번": 0.005317342412813671
    },
    "NNG": {
      "코리": 0.05620940361785481,
      "절망": 0.05157884299062152,
      "언니": 0.0385591571173662,
      "하나님": 0.0372213968896957,
      "뼈": 0.036383067198154304,
      "여사": 0.02827671521940188,
      "수용소": 0.02737668471085631,
      "무덤": 0.025593670833434338,
      "사람": 0.01751592356687898,
      "사랑": 0.01671043566183679,
      "원수": 0.014072819183385255,
      "말씀": 0.01326963906581741,
      "유대인": 0.012091723866664851,
      "골짜기": 0.011669984514648244,
      "소망": 0.011204858783055023,
      "백성": 0.009485676668120138,
      "어려움": 0.008194369775844765,
      "주": 0.008033190047633441,
      "박해": 0.008025137182922042,
      "곳": 0.00792113820771022,
      "세상": 0.007793500463948794,
      "기도": 0.00774264418741222,
      "가운데": 0.0072282549267500005,
      "속": 0.00711548896529359,
      "말": 0.006426552038106753,
      "가족": 0.006344347890702927,
      "천국": 0.005802211324911186,
      "집": 0.005526043463105401,
      "절": 0.005365032361899739,
      "죽음": 0.0050621066466478475,
      "예배": 0.0047926461409113896,
      "복음": 0.0042010305677917205,
      "자리": 0.0040482572308935365,
      "가정": 0.004041406090267268,
      "성경": 0.003983708701608702,
      "존재": 0.003931788770359529,
      "모습": 0.0038811757992510496,
      "믿음": 0.0038811757992510496,
      "상황": 0.003797194575616917,
      "생각": 0.003259515864035713,
      "날": 0.0032284220918962748,
      "앞": 0.002735741676739011
    },
    "NNP": {
      "네덜란드": 0.026446706916406718,
      "에스겔": 0.020564883795928638,
      "이스라엘": 0.009106036978391532,
      "여호와": 0.0052069022524080235,
      "예수": 0.004924335018130221
    },
    "VA": {
      "없": 0.01116641906690871,
      "이렇": 0.010102950584345976,
      "그렇": 0.006900212314225053,
      "같": 0.006029394164110953,
      "힘들": 0.005876929486371175,
      "작": 0.004752129821418945,
      "많": 0.003439152577136197
    },
    "VV": {
      "있": 0.024946921443736732,
      "되": 0.016985138004246284,
      "마르": 0.013730752532938829,
      "당하": 0.010785709375933778,
      "전하": 0.01045064601761959,
      "끌려가": 0.009528309887064296,
      "기뻐하": 0.009380335205486555,
      "살아나": 0.009114740971575195,
      "넘어지": 0.008902348059159043,
      "바라": 0.008278078111455393,
      "빠지": 0.0070217634414235655,
      "위하": 0.00641508592024594,
      "이기": 0.006338849375884959,
      "들어오": 0.005896411566234663,
      "보": 0.00583864118895966,
      "들어가": 0.00523529750859466,
      "믿": 0.005013130698551037,
      "알": 0.004819914028580064,
      "죽": 0.0047667305137220175,
      "이르": 0.004718146524431435,
      "그러": 0.004106965822507847,
      "나오": 0.00408491531898412,
      "살": 0.0038368871953433337,
      "읽": 0.0037622353903651916,
      "얻": 0.0037252680103892323,
      "듣": 0.00352658157206833,
      "원하": 0.003449199213106413,
      "통하": 0.0032711814938406083,
      "받": 0.002692114483683916
    }
  }
}