{
  "scope": "sermon",
  "idf_scope": "church",
  "church": "J-7g",
  "sermon": "J-7g-0360",
  "document_unit": "sermon_json",
  "document_count": 559,
  "min_count": 5,
  "freq": {
    "MAG": {
      "더": 14,
      "지금": 7,
      "이제": 7,
      "안": 5
    },
    "NNB": {
      "수": 53,
      "절": 13,
      "분": 11,
      "때문": 8,
      "번": 7,
      "장": 5
    },
    "NNG": {
      "기도": 79,
      "귀신": 23,
      "하나님": 64,
      "제자": 34,
      "질병": 16,
      "능력": 28,
      "자리": 30,
      "아버지": 27,
      "모습": 26,
      "병": 10,
      "경험": 15,
      "선교사": 8,
      "주": 17,
      "믿음": 14,
      "일하심": 5,
      "마음": 16,
      "말씀": 16,
      "말": 14,
      "본문": 13,
      "앞": 13,
      "계획": 6,
      "해결": 6,
      "선포": 7,
      "질문": 7,
      "이야기": 8,
      "고백": 8,
      "시작": 10,
      "이름": 9,
      "삶": 9,
      "교회": 8,
      "생각": 9,
      "오늘": 9,
      "사람": 7,
      "아들": 5,
      "안": 6,
      "인생": 5,
      "축복": 5,
      "성경": 5
    },
    "NNP": {
      "예수": 44
    },
    "VA": {
      "없": 25,
      "놀랍": 10,
      "어떻": 12,
      "이렇": 6
    },
    "VV": {
      "있": 50,
      "고치": 18,
      "내쫓": 7,
      "보": 22,
      "데리": 8,
      "되": 20,
      "도와주": 10,
      "알": 16,
      "부르짖": 6,
      "가지": 11,
      "위하": 11,
      "나가": 6,
      "갖": 6,
      "믿": 8,
      "통하": 8,
      "먹": 5,
      "듣": 7,
      "받": 6,
      "주": 6,
      "향하": 5,
      "그러": 5
    }
  },
  "tfidf": {
    "MAG": {
      "더": 0.008727654058198099,
      "지금": 0.004858983311923856,
      "이제": 0.004579600268003616,
      "안": 0.003657497675237435
    },
    "NNB": {
      "수": 0.032455603184323334,
      "절": 0.008235595568570285,
      "분": 0.007274239437494442,
      "때문": 0.004960581909157919,
      "번": 0.0042942505658411945,
      "장": 0.003213151743917178
    },
    "NNG": {
      "기도": 0.05040609702903005,
      "귀신": 0.046769064767559494,
      "하나님": 0.03926171945911949,
      "제자": 0.035932523415115,
      "질병": 0.0315205185014661,
      "능력": 0.0247221782387098,
      "자리": 0.02335246975812438,
      "아버지": 0.021688946631250903,
      "모습": 0.019403502281130174,
      "병": 0.015711958658490132,
      "경험": 0.011611925061618985,
      "선교사": 0.011128920898375442,
      "주": 0.010503654249667437,
      "믿음": 0.010448039689839324,
      "일하심": 0.0103983807440443,
      "마음": 0.010300485431843729,
      "말씀": 0.009797917942437232,
      "말": 0.008650068205608478,
      "본문": 0.008414163242083064,
      "앞": 0.00820621985874977,
      "계획": 0.007885437477417427,
      "해결": 0.007704206369410686,
      "선포": 0.007542649087432142,
      "질문": 0.007034127367866275,
      "이야기": 0.006535090539731173,
      "고백": 0.0063316857376824924,
      "시작": 0.006222914724900676,
      "이름": 0.005835618187511573,
      "삶": 0.005825189936826736,
      "교회": 0.0056848514039968346,
      "생각": 0.0056407788314543315,
      "오늘": 0.005511328842620943,
      "사람": 0.004286589099816289,
      "아들": 0.004177456950737135,
      "안": 0.004127540800344781,
      "인생": 0.0038564335440449617,
      "축복": 0.003717864678190336,
      "성경": 0.0032828742865150884
    },
    "NNP": {
      "예수": 0.027774897983460757
    },
    "VA": {
      "없": 0.01533660916371855,
      "놀랍": 0.00821484861264395,
      "어떻": 0.0075614515875560475,
      "이렇": 0.0036807861992924525
    },
    "VV": {
      "있": 0.03061849357011635,
      "고치": 0.030462091035336467,
      "내쫓": 0.01980355546747636,
      "보": 0.013472137170851195,
      "데리": 0.012284900027552522,
      "되": 0.01224739742804654,
      "도와주": 0.01041222088204873,
      "알": 0.009885792234981117,
      "부르짖": 0.009213675020664391,
      "가지": 0.00737928747027887,
      "위하": 0.006784356022207434,
      "나가": 0.005684727255126267,
      "갖": 0.005507622165777053,
      "믿": 0.005141042790267485,
      "통하": 0.005031970552680715,
      "먹": 0.004775308597475268,
      "듣": 0.004746739923702505,
      "받": 0.003727086604233067,
      "주": 0.003727086604233067,
      "향하": 0.0035466198751920967,
      "그러": 0.0033844473841329646
    }
  }
}