{
  "scope": "sermon",
  "idf_scope": "church",
  "church": "J-7g",
  "sermon": "J-7g-0143",
  "document_unit": "sermon_json",
  "document_count": 559,
  "min_count": 5,
  "freq": {
    "MAG": {
      "너무나": 29,
      "또는": 16,
      "가만히": 10,
      "지금": 14,
      "다": 15,
      "더": 14,
      "너무": 10,
      "가장": 11,
      "도대체": 5,
      "이제": 9,
      "잘": 9
    },
    "NNB": {
      "때문": 38,
      "수": 35,
      "번": 11,
      "분": 10,
      "장": 7,
      "거": 6,
      "중": 5
    },
    "NNG": {
      "하나님": 77,
      "공유": 14,
      "심장": 16,
      "말씀": 56,
      "고통": 28,
      "전도": 24,
      "전파": 17,
      "복음": 31,
      "메시지": 19,
      "권유": 8,
      "지상": 10,
      "아버지": 24,
      "선지자": 11,
      "삶": 24,
      "기사": 7,
      "신문": 5,
      "부담": 7,
      "명령": 12,
      "이유": 16,
      "사람": 19,
      "마음": 18,
      "사진": 6,
      "답": 7,
      "주위": 5,
      "오늘": 16,
      "제자": 9,
      "말": 15,
      "단어": 11,
      "아픔": 6,
      "교회": 12,
      "경우": 6,
      "질문": 8,
      "사역": 8,
      "사명": 6,
      "아들": 9,
      "목숨": 5,
      "그날": 6,
      "눈물": 5,
      "번역": 5,
      "내용": 6,
      "본문": 10,
      "사랑": 10,
      "십자가": 7,
      "물": 5,
      "생각": 10,
      "발견": 5,
      "선택": 5,
      "영혼": 5,
      "사실": 7,
      "상황": 6,
      "순종": 5,
      "백성": 6,
      "뜻": 7,
      "성경": 7,
      "기도": 7,
      "앞": 7,
      "주": 7,
      "중요": 6,
      "지금": 5,
      "길": 5,
      "시작": 6,
      "세상": 5,
      "이름": 5,
      "절": 5
    },
    "NNP": {
      "예레미야": 16,
      "예수": 14
    },
    "VA": {
      "없": 24,
      "그렇": 14,
      "힘들": 8,
      "같": 8,
      "이렇": 8,
      "어떻": 7,
      "크": 6,
      "많": 5
    },
    "VV": {
      "전하": 36,
      "되": 49,
      "있": 39,
      "뛰어들": 6,
      "외치": 12,
      "보": 19,
      "앉": 7,
      "알": 14,
      "돌아보": 6,
      "원하": 8,
      "위하": 10,
      "당하": 5,
      "향하": 7,
      "바라": 6,
      "지나": 5,
      "지키": 5,
      "바라보": 5,
      "받": 6,
      "살아가": 5,
      "대하": 5,
      "통하": 5
    }
  },
  "tfidf": {
    "MAG": {
      "너무나": 0.021808560119910735,
      "또는": 0.018096432794434538,
      "가만히": 0.01170192638923032,
      "지금": 0.00701877023296918,
      "다": 0.006741720308997881,
      "더": 0.006303520157911321,
      "너무": 0.00611462262327563,
      "가장": 0.005358426032224248,
      "도대체": 0.0046017530109878566,
      "이제": 0.004252630639972777,
      "잘": 0.004177239379066853
    },
    "NNB": {
      "때문": 0.017018130793392608,
      "수": 0.015479876160990712,
      "번": 0.0048737993880208115,
      "분": 0.004776178280498743,
      "장": 0.003248963961496441,
      "거": 0.002750201620975342,
      "중": 0.0024887246053544284
    },
    "NNG": {
      "하나님": 0.03411659571614568,
      "공유": 0.026522689448952152,
      "심장": 0.026114820868662073,
      "말씀": 0.02476780185758514,
      "고통": 0.022672056451219728,
      "전도": 0.021491006199063627,
      "전파": 0.018441650079158222,
      "복음": 0.018086170520515085,
      "메시지": 0.017182630714211816,
      "권유": 0.0163463479261459,
      "지상": 0.01620687809641552,
      "아버지": 0.013924241918062892,
      "선지자": 0.011609570089482,
      "삶": 0.011219266008359794,
      "기사": 0.011115378221194511,
      "신문": 0.010216467453841188,
      "부담": 0.009860068288971091,
      "명령": 0.009804323009573837,
      "이유": 0.00865559346352382,
      "사람": 0.008403361344537815,
      "마음": 0.008369429145942464,
      "사진": 0.008060532532279887,
      "답": 0.007387908238761272,
      "주위": 0.00715080102058181,
      "오늘": 0.007076514816452897,
      "제자": 0.006869686716340313,
      "말": 0.006693732883565415,
      "단어": 0.006688026512098859,
      "아픔": 0.006185027447939178,
      "교회": 0.006158798546700684,
      "경우": 0.005880448461846931,
      "질문": 0.005806143927074304,
      "사역": 0.005782236691469245,
      "사명": 0.0056952319330485,
      "아들": 0.005430878797433321,
      "목숨": 0.005373942909726413,
      "그날": 0.005181755973582565,
      "눈물": 0.0048477185906212585,
      "번역": 0.0047962881125932465,
      "내용": 0.004710244667335456,
      "본문": 0.004674694170149914,
      "사랑": 0.0046413770878520584,
      "십자가": 0.004613641908864567,
      "물": 0.0046017530109878566,
      "생각": 0.004526704915113727,
      "발견": 0.004466318191791221,
      "선택": 0.004412246772365825,
      "영혼": 0.004085134587322432,
      "사실": 0.003986631803256288,
      "상황": 0.003796858689320976,
      "순종": 0.0037051030593997004,
      "백성": 0.0036480144611448317,
      "뜻": 0.00362525634100198,
      "성경": 0.003319463597448384,
      "기도": 0.00322581637529514,
      "앞": 0.003191416296579751,
      "주": 0.0031237420123305273,
      "중요": 0.003079399273350342,
      "지금": 0.0027598487143600282,
      "길": 0.0027396990452948893,
      "시작": 0.0026966881235991522,
      "세상": 0.0024976958585512755,
      "이름": 0.002341531402085213,
      "절": 0.002235232412609268
    },
    "NNP": {
      "예레미야": 0.025077379211399797,
      "예수": 0.006382832593159502
    },
    "VA": {
      "없": 0.010633744119318134,
      "그렇": 0.006191950464396285,
      "힘들": 0.005596580603941767,
      "같": 0.003653855045694998,
      "이렇": 0.0035445813731060445,
      "어떻": 0.003185719928400162,
      "크": 0.002981103107900499,
      "많": 0.0023880891402493715
    },
    "VV": {
      "전하": 0.02239226055155845,
      "되": 0.021671826625386997,
      "있": 0.017249004865103935,
      "뛰어들": 0.014282246708555192,
      "외치": 0.01233431478699904,
      "보": 0.008403361344537815,
      "앉": 0.006750595377448118,
      "알": 0.006247484024661055,
      "돌아보": 0.005912614832122946,
      "원하": 0.004598525478986278,
      "위하": 0.004454526711537429,
      "당하": 0.004085134587322432,
      "향하": 0.0035861487654419164,
      "바라": 0.003448894109239708,
      "지나": 0.0033279320836934463,
      "지키": 0.0032762008152841015,
      "바라보": 0.0029833061009024173,
      "받": 0.0026918763488335243,
      "살아가": 0.0024976958585512755,
      "대하": 0.0024356481964655672,
      "통하": 0.002271452872768578
    }
  }
}