{
  "scope": "sermon",
  "idf_scope": "church",
  "church": "J-7g",
  "sermon": "J-7g-0043",
  "document_unit": "sermon_json",
  "document_count": 559,
  "min_count": 5,
  "freq": {
    "MAG": {
      "그냥": 8,
      "서로": 5,
      "다시": 8,
      "더": 7
    },
    "NNB": {
      "거": 48,
      "번": 25,
      "수": 20,
      "때문": 7,
      "분": 5
    },
    "NNG": {
      "환난": 26,
      "위로": 25,
      "유형": 12,
      "탓": 10,
      "위로자": 9,
      "신앙": 30,
      "하나님": 40,
      "다이돌핀": 6,
      "디모": 9,
      "말씀": 38,
      "핸드폰": 8,
      "기도": 32,
      "아빠": 10,
      "승리": 13,
      "산": 11,
      "기쁨": 14,
      "대비": 6,
      "믿음": 19,
      "사랑": 22,
      "미안": 5,
      "말": 19,
      "사람": 16,
      "응답": 7,
      "교회": 12,
      "교인": 5,
      "나이": 5,
      "소식": 5,
      "능력": 8,
      "오늘": 10,
      "자리": 7,
      "인생": 7,
      "가운데": 8,
      "시작": 8,
      "목사": 5,
      "소망": 5,
      "주": 7,
      "이유": 5,
      "날": 5,
      "기억": 5,
      "안": 5,
      "본문": 5
    },
    "NNP": {
      "데살로니가": 10,
      "데": 9,
      "디모데": 7,
      "바울": 8,
      "주님": 5,
      "그리스도": 5
    },
    "VA": {
      "이렇": 19,
      "없": 18,
      "어떻": 11,
      "기쁘": 5,
      "힘들": 6,
      "크": 7,
      "그렇": 7
    },
    "VV": {
      "있": 68,
      "되": 62,
      "보": 22,
      "이기": 8,
      "넘": 7,
      "기뻐하": 8,
      "먹": 8,
      "받": 12,
      "세우": 7,
      "보내": 6,
      "향하": 7,
      "읽": 8,
      "통하": 7,
      "주": 7,
      "대하": 6,
      "가지": 5,
      "믿": 5,
      "알": 5,
      "위하": 5
    }
  },
  "tfidf": {
    "MAG": {
      "그냥": 0.006036087585622741,
      "서로": 0.0059451077771945525,
      "다시": 0.00468107468272721,
      "더": 0.004030616254818296
    },
    "NNB": {
      "거": 0.02813667812228619,
      "번": 0.014165544549973074,
      "수": 0.011312217194570135,
      "때문": 0.004009078888828066,
      "분": 0.003053998612049677
    },
    "NNG": {
      "환난": 0.04507730745129235,
      "위로": 0.030426853098916372,
      "유형": 0.026652077389595293,
      "탓": 0.025099349693625737,
      "위로자": 0.023868730252842436,
      "신앙": 0.02363760047697297,
      "하나님": 0.02266487127995692,
      "다이돌핀": 0.022516254309397906,
      "디모": 0.02205307725767921,
      "말씀": 0.021493212669683258,
      "핸드폰": 0.019381965366541958,
      "기도": 0.018858618809417742,
      "아빠": 0.016123302993501065,
      "승리": 0.015339630651982003,
      "산": 0.013938769758747126,
      "기쁨": 0.013184201499041565,
      "대비": 0.013107016564240279,
      "믿음": 0.01309677308729172,
      "사랑": 0.013058335922168386,
      "미안": 0.011736094325173215,
      "말": 0.010842989100493465,
      "사람": 0.00904977375565611,
      "응답": 0.00821812414580201,
      "교회": 0.007876155833761452,
      "교인": 0.007875118782407214,
      "나이": 0.00685141969822049,
      "소식": 0.006610588792280709,
      "능력": 0.006524130100810133,
      "오늘": 0.005656108597285068,
      "자리": 0.005032844679583706,
      "인생": 0.004986752470811986,
      "가운데": 0.004740004274972852,
      "시작": 0.00459819897998317,
      "목사": 0.004281126278009413,
      "소망": 0.004264292571767062,
      "주": 0.003994785458076539,
      "이유": 0.0034591163781510456,
      "날": 0.003440241640912094,
      "기억": 0.0033598762203137433,
      "안": 0.003176976869797807,
      "본문": 0.0029891073299516276
    },
    "NNP": {
      "데살로니가": 0.025765543334216136,
      "데": 0.018524613103245095,
      "디모데": 0.013769527304374408,
      "바울": 0.00748693898894888,
      "주님": 0.0036960221560510985,
      "그리스도": 0.0033175302310881707
    },
    "VA": {
      "이렇": 0.010765813857979535,
      "없": 0.010199192075980613,
      "어떻": 0.006402071779188786,
      "기쁘": 0.005419374241725551,
      "힘들": 0.005367874185030685,
      "크": 0.00444776761771693,
      "그렇": 0.003959276018099547
    },
    "VV": {
      "있": 0.038461538461538464,
      "되": 0.03506787330316742,
      "보": 0.012443438914027148,
      "이기": 0.009006328977501707,
      "넘": 0.008115811578897479,
      "기뻐하": 0.007996629650288087,
      "먹": 0.007057085013282456,
      "받": 0.00688499143067036,
      "세우": 0.0056215932799331715,
      "보내": 0.004855598131535479,
      "향하": 0.004586132555805527,
      "읽": 0.004581804444374934,
      "통하": 0.00406677427797605,
      "주": 0.004016245001224376,
      "대하": 0.0037377831938067737,
      "가지": 0.0030981017171342537,
      "믿": 0.0029678036186746334,
      "알": 0.0028534181843403853,
      "위하": 0.002848327176127298
    }
  }
}