{
  "scope": "sermon",
  "idf_scope": "church",
  "church": "J-7g",
  "sermon": "J-7g-0049",
  "document_unit": "sermon_json",
  "document_count": 559,
  "min_count": 5,
  "freq": {
    "NNB": {
      "번": 20,
      "수": 20,
      "거": 13,
      "절": 6,
      "때문": 6,
      "분": 5
    },
    "NNG": {
      "기도": 140,
      "현실": 26,
      "하나님": 57,
      "왕": 26,
      "비전": 17,
      "자리": 36,
      "삶": 39,
      "습관": 12,
      "심판자": 7,
      "타협": 10,
      "영화": 12,
      "무파사": 5,
      "파사": 5,
      "앞": 27,
      "마음": 26,
      "위기": 10,
      "주": 25,
      "역사": 19,
      "상황": 16,
      "취업": 5,
      "창문": 5,
      "이름": 19,
      "졸업": 5,
      "사자": 6,
      "소망": 11,
      "포로": 5,
      "뜻": 13,
      "축복": 12,
      "응답": 7,
      "이방인": 5,
      "해": 7,
      "과정": 6,
      "통치": 5,
      "나라": 9,
      "말씀": 12,
      "인생": 9,
      "감사": 8,
      "가정": 7,
      "제목": 6,
      "믿음": 8,
      "가운데": 9,
      "중요": 8,
      "생각": 9,
      "고난": 5,
      "경험": 7,
      "본문": 8,
      "순간": 6,
      "사람": 8,
      "은혜": 7,
      "생명": 5,
      "찬양": 5,
      "성도": 6,
      "집": 5,
      "전": 6,
      "능력": 5,
      "기억": 6,
      "오늘": 7,
      "신앙": 5,
      "땅": 6,
      "시작": 6,
      "속": 5,
      "성경": 5,
      "사랑": 5,
      "절": 5
    },
    "NNP": {
      "다니엘": 40,
      "다니엘이": 14,
      "다리오": 5,
      "예루살렘": 9,
      "바벨론": 6,
      "이스라엘": 5,
      "멘": 5,
      "주님": 5
    },
    "VA": {
      "같": 9,
      "어떻": 8,
      "힘들": 5,
      "많": 6,
      "없": 6,
      "이렇": 6,
      "그렇": 6
    },
    "VV": {
      "되": 44,
      "있": 35,
      "나아가": 25,
      "드리": 17,
      "향하": 15,
      "따르": 13,
      "위하": 15,
      "보이": 13,
      "지키": 10,
      "올라가": 6,
      "통하": 10,
      "구하": 6,
      "보": 10,
      "열": 5,
      "바라보": 7,
      "받": 9,
      "주": 9,
      "두": 5,
      "인하": 5,
      "돌아가": 5,
      "느끼": 5,
      "나누": 6,
      "바라": 6,
      "나오": 7,
      "알": 7,
      "살아가": 6,
      "대하": 5
    }
  },
  "tfidf": {
    "NNB": {
      "번": 0.008964539691938217,
      "수": 0.008948545861297539,
      "거": 0.006028089205468175,
      "절": 0.0027772282010274183,
      "때문": 0.00271833230122647,
      "분": 0.002415870042999476
    },
    "NNG": {
      "기도": 0.06526685301603859,
      "현실": 0.026501163395289087,
      "하나님": 0.02554893812202392,
      "왕": 0.02153839106341825,
      "비전": 0.021262073351136897,
      "자리": 0.020474943954371605,
      "삶": 0.018443394059492135,
      "습관": 0.017828744153002545,
      "심판자": 0.017339257808280977,
      "타협": 0.016630956917606132,
      "영화": 0.014894281300019617,
      "무파사": 0.014842929761005031,
      "파사": 0.014842929761005031,
      "앞": 0.012452949227056826,
      "마음": 0.012229810136052044,
      "위기": 0.011292687870227911,
      "주": 0.01128600301994139,
      "역사": 0.010987316184735722,
      "상황": 0.010242741233771486,
      "취업": 0.009691732684955713,
      "창문": 0.009478510806198834,
      "이름": 0.009001328635541716,
      "졸업": 0.00850464487497323,
      "사자": 0.008344776049806948,
      "소망": 0.007421204647492244,
      "포로": 0.007388333541373704,
      "뜻": 0.006810940212916024,
      "축복": 0.006519487806158194,
      "응답": 0.0065009590558290625,
      "이방인": 0.00620595054167484,
      "해": 0.005683022936442725,
      "과정": 0.0056290689043613645,
      "통치": 0.005628081495205319,
      "나라": 0.005371712844654869,
      "말씀": 0.005369127516778523,
      "인생": 0.005071857163027187,
      "감사": 0.004801735224858192,
      "가정": 0.00476940165713152,
      "제목": 0.004633068356642937,
      "믿음": 0.004362198482200733,
      "가운데": 0.004218285683633557,
      "중요": 0.00415362968354668,
      "생각": 0.004121428112646499,
      "고난": 0.00403240233690696,
      "경험": 0.0039593114207119055,
      "본문": 0.003783260319895823,
      "순간": 0.0036558122002832293,
      "사람": 0.0035794183445190158,
      "은혜": 0.0035374525595786165,
      "생명": 0.003524304574728326,
      "찬양": 0.0034612824786059634,
      "성도": 0.003338086901084627,
      "집": 0.003327282161869791,
      "전": 0.0032656897831584335,
      "능력": 0.003225576627022459,
      "기억": 0.0031894019637662805,
      "오늘": 0.003131991051454139,
      "신앙": 0.0031164263716098595,
      "땅": 0.003065042039808594,
      "시작": 0.0027280589921510885,
      "속": 0.0027263740513754574,
      "성경": 0.002398628058111472,
      "사랑": 0.002347685368150672,
      "절": 0.0022612351162906285
    },
    "NNP": {
      "다니엘": 0.08667615452243749,
      "다니엘이": 0.03371291851697286,
      "다리오": 0.01279306235189059,
      "예루살렘": 0.009523861020681696,
      "바벨론": 0.009224473786895485,
      "이스라엘": 0.003489073351085957,
      "멘": 0.00335344779892391,
      "주님": 0.0029237437010730836
    },
    "VA": {
      "같": 0.004158405834723015,
      "어떻": 0.003683176865765556,
      "힘들": 0.003538553899751771,
      "많": 0.002899044051599371,
      "없": 0.0026893619075814648,
      "이렇": 0.0026893619075814648,
      "그렇": 0.0026845637583892616
    },
    "VV": {
      "되": 0.019686800894854587,
      "있": 0.015659955257270694,
      "나아가": 0.014114414917510594,
      "드리": 0.009135637223022446,
      "향하": 0.007774000343877442,
      "따르": 0.006885353442884178,
      "위하": 0.006759520063614849,
      "보이": 0.0066889953941036825,
      "지키": 0.006628626437008817,
      "올라가": 0.0059488563634165145,
      "통하": 0.004595753866066895,
      "구하": 0.004554966448074709,
      "보": 0.0044742729306487695,
      "열": 0.004463574922737865,
      "바라보": 0.004225215718924614,
      "받": 0.004084786862223221,
      "주": 0.004084786862223221,
      "두": 0.003877461754199901,
      "인하": 0.0038691606817244295,
      "돌아가": 0.0038608902972024476,
      "느끼": 0.003655938802967551,
      "나누": 0.0035611326329343484,
      "바라": 0.0034890154724791854,
      "나오": 0.0034433917051302386,
      "알": 0.0031600808455835893,
      "살아가": 0.003032102193924528,
      "대하": 0.0024639823589300432
    }
  }
}