{
  "scope": "sermon",
  "idf_scope": "church",
  "church": "J-7g",
  "sermon": "J-7g-0546",
  "document_unit": "sermon_json",
  "document_count": 559,
  "min_count": 5,
  "freq": {
    "MAG": {
      "다시금": 16,
      "너무나": 8,
      "다시": 13,
      "다": 13,
      "더": 11,
      "정말": 7,
      "많이": 7,
      "너무": 6,
      "안": 5,
      "가장": 5,
      "잘": 5
    },
    "NNB": {
      "수": 14,
      "분": 11,
      "거": 10,
      "절": 7,
      "때문": 7,
      "장": 5,
      "번": 5
    },
    "NNG": {
      "피로": 25,
      "하나님": 112,
      "피곤": 28,
      "회복": 30,
      "리프레시": 7,
      "잠": 11,
      "백성": 23,
      "심령": 10,
      "할아버지": 8,
      "말씀": 30,
      "처소": 7,
      "삶": 27,
      "만족": 11,
      "약속": 15,
      "영혼": 10,
      "오늘": 18,
      "여름": 6,
      "공의": 5,
      "포로": 5,
      "메시지": 8,
      "목표": 5,
      "산": 7,
      "정신": 6,
      "위로": 7,
      "자녀": 11,
      "육체": 6,
      "시대": 8,
      "인사": 5,
      "예배": 8,
      "말": 11,
      "마음": 10,
      "방법": 5,
      "가운데": 9,
      "나라": 7,
      "관계": 5,
      "나님": 5,
      "축복": 7,
      "몸": 5,
      "소망": 5,
      "이름": 7,
      "사랑": 7,
      "시작": 7,
      "절": 7,
      "주": 7,
      "땅": 6,
      "아들": 5,
      "순간": 5,
      "성경": 6,
      "의미": 5,
      "본문": 6,
      "은혜": 5,
      "사람": 5
    },
    "NNP": {
      "예레미야": 7,
      "이스라엘": 8
    },
    "VA": {
      "같": 32,
      "그렇": 19,
      "새롭": 6,
      "힘들": 6,
      "없": 9,
      "크": 7,
      "이렇": 6
    },
    "VV": {
      "겁": 11,
      "있": 29,
      "돌아오": 14,
      "되": 22,
      "깨우": 5,
      "살아가": 16,
      "주": 17,
      "떠나": 11,
      "사로잡히": 5,
      "잃어버리": 6,
      "읽": 9,
      "부르": 7,
      "향하": 7,
      "살": 7,
      "원하": 5,
      "나아가": 5,
      "믿": 6,
      "통하": 6,
      "위하": 6,
      "그러": 5,
      "보": 5
    }
  },
  "tfidf": {
    "MAG": {
      "다시금": 0.024579833467496575,
      "너무나": 0.006972078606001262,
      "다시": 0.006893248366722333,
      "다": 0.006771207416448819,
      "더": 0.00573972504383878,
      "정말": 0.004804114591427637,
      "많이": 0.00444502478625138,
      "너무": 0.004251715556502163,
      "안": 0.0030613499249937115,
      "가장": 0.0028226553419829045,
      "잘": 0.0026894294196908005
    },
    "NNB": {
      "수": 0.007175807278318811,
      "분": 0.006088586879255983,
      "거": 0.005311981774325344,
      "절": 0.0037117491205427952,
      "때문": 0.0036330350976155924,
      "장": 0.0026894294196908005,
      "번": 0.002567368812337508
    },
    "NNG": {
      "피로": 0.06317326385098443,
      "하나님": 0.05750906139636019,
      "피곤": 0.04846099734707201,
      "회복": 0.026312132538123374,
      "리프레시": 0.021318040470663827,
      "잠": 0.01653939719099145,
      "백성": 0.016206022212789568,
      "심령": 0.016008427290303582,
      "할아버지": 0.015588216336701316,
      "말씀": 0.015376729882111738,
      "처소": 0.015368477920061714,
      "삶": 0.014627168375455756,
      "만족": 0.014184150031739904,
      "약속": 0.011990895345479929,
      "영혼": 0.00946846673699233,
      "오늘": 0.009226037929267043,
      "여름": 0.00898375459702186,
      "공의": 0.008604933034795164,
      "포로": 0.008463826481276386,
      "메시지": 0.008384348764699973,
      "목표": 0.00837389485695227,
      "산": 0.008038125648117723,
      "정신": 0.007997587796053883,
      "위로": 0.007720404591536422,
      "자녀": 0.007395989679312791,
      "육체": 0.00727347663803984,
      "시대": 0.006578581985758335,
      "인사": 0.006208769875168543,
      "예배": 0.0061707468508300405,
      "말": 0.005688700855874097,
      "마음": 0.005388484338224247,
      "방법": 0.005076446061024413,
      "가운데": 0.004832326244449513,
      "나라": 0.004786175035857704,
      "관계": 0.004609194505939958,
      "나님": 0.004461015185363775,
      "축복": 0.004356628512187978,
      "몸": 0.0042758958687072616,
      "소망": 0.0038643102341794798,
      "이름": 0.0037990176833216467,
      "사랑": 0.003765201187567121,
      "시작": 0.0036460347627032103,
      "절": 0.0036265528851221816,
      "주": 0.0036200823628289706,
      "땅": 0.0035112091024972875,
      "아들": 0.0034965593032054037,
      "순간": 0.003489979612007952,
      "성경": 0.0032973451829087486,
      "의미": 0.0032517006359492518,
      "본문": 0.0032504818612123904,
      "은혜": 0.0028945619355122674,
      "사람": 0.0025627883136852894
    },
    "NNP": {
      "예레미야": 0.01271462329506742,
      "이스라엘": 0.006395144184255961
    },
    "VA": {
      "같": 0.016937706321509767,
      "그렇": 0.009738595592004101,
      "새롭": 0.004874219157108292,
      "힘들": 0.004864378041585982,
      "없": 0.004621263862207515,
      "크": 0.004030575678177105,
      "이렇": 0.0030808425748050103
    },
    "VV": {
      "겁": 0.024150465302954123,
      "있": 0.01486417221937468,
      "돌아오": 0.012464017040008577,
      "되": 0.011276268580215274,
      "깨우": 0.009457587452595614,
      "살아가": 0.009262598193639256,
      "주": 0.008838856246379137,
      "떠나": 0.0083528847234168,
      "사로잡히": 0.008244651254628097,
      "잃어버리": 0.00685208720421834,
      "읽": 0.0046710451255057624,
      "부르": 0.004485936331451114,
      "향하": 0.004155962254569027,
      "살": 0.0037051232578302618,
      "원하": 0.0033307490094784636,
      "나아가": 0.003233799829896071,
      "믿": 0.003227315303628961,
      "통하": 0.003158844661402207,
      "위하": 0.003097391561697425,
      "그러": 0.002832805011937023,
      "보": 0.0025627883136852894
    }
  }
}