{
  "scope": "sermon",
  "idf_scope": "church",
  "church": "J-7g",
  "sermon": "J-7g-0517",
  "document_unit": "sermon_json",
  "document_count": 559,
  "min_count": 5,
  "freq": {
    "MAG": {
      "다시": 7,
      "더": 7,
      "다": 6
    },
    "NNB": {
      "거": 28,
      "번": 24,
      "수": 18,
      "장": 8,
      "때문": 7
    },
    "NNG": {
      "기쁨": 84,
      "칸": 8,
      "그룹": 11,
      "주": 35,
      "아빠": 11,
      "풍랑": 7,
      "자리": 19,
      "거": 8,
      "성도": 19,
      "가지": 6,
      "안": 20,
      "근원": 7,
      "그림": 6,
      "집": 14,
      "사람": 20,
      "포도나무": 5,
      "충만": 9,
      "상황": 12,
      "조건": 6,
      "선물": 8,
      "환경": 7,
      "말씀": 15,
      "세상": 13,
      "단어": 10,
      "사랑": 13,
      "가운데": 13,
      "노래": 5,
      "순종": 7,
      "기도": 11,
      "자체": 5,
      "말": 10,
      "삶": 9,
      "마음": 9,
      "옆": 6,
      "오늘": 9,
      "뜻": 7,
      "이야기": 6,
      "사용": 5,
      "약속": 5,
      "찬양": 5,
      "경험": 6,
      "소망": 5,
      "하나님": 7,
      "곳": 5,
      "이름": 6,
      "의미": 5,
      "인생": 5,
      "이유": 5,
      "앞": 5,
      "시작": 5,
      "절": 5
    },
    "NNP": {
      "타빌레": 8,
      "칸타빌레": 6,
      "예수": 25
    },
    "VA": {
      "없": 21,
      "기쁘": 6,
      "이렇": 11,
      "어떻": 9,
      "좋": 7,
      "같": 7,
      "크": 6,
      "그렇": 5
    },
    "VV": {
      "있": 34,
      "되": 32,
      "빼앗": 6,
      "빼앗기": 5,
      "거": 5,
      "웃": 6,
      "구하": 9,
      "기뻐하": 7,
      "보": 12,
      "거하": 5,
      "주": 11,
      "알": 11,
      "나오": 10,
      "붙잡": 5,
      "원하": 8,
      "알리": 5,
      "믿": 6
    }
  },
  "tfidf": {
    "MAG": {
      "다시": 0.0042472859437999964,
      "더": 0.004179548116433283,
      "다": 0.003576077329887204
    },
    "NNB": {
      "거": 0.017019527294301753,
      "번": 0.014101404958227742,
      "수": 0.010557184750733138,
      "장": 0.004923943036074372,
      "때문": 0.004157214941611743
    },
    "NNG": {
      "기쁨": 0.08202815806559116,
      "칸": 0.024626370637181746,
      "그룹": 0.02433928207896633,
      "주": 0.02071196683249068,
      "아빠": 0.018390967543554765,
      "풍랑": 0.01721237417865121,
      "자리": 0.014165338791501957,
      "거": 0.013941245546226876,
      "성도": 0.01385648682840261,
      "가지": 0.01370304837270633,
      "안": 0.013177466523876887,
      "근원": 0.012947124103715487,
      "그림": 0.0122385543062257,
      "집": 0.012212393999402434,
      "사람": 0.011730205278592375,
      "포도나무": 0.01114831747540479,
      "충만": 0.010929016249450274,
      "상황": 0.0100700263889205,
      "조건": 0.009913468424207665,
      "선물": 0.009788573694637197,
      "환경": 0.00940580015789382,
      "말씀": 0.008797653958944282,
      "세상": 0.008611703738463067,
      "단어": 0.008062718178541999,
      "사랑": 0.008001407433620853,
      "가운데": 0.00798711570791613,
      "노래": 0.007377573103685565,
      "순종": 0.006878670512741237,
      "기도": 0.006722185091744066,
      "자체": 0.00669944770325498,
      "말": 0.005917704809283051,
      "삶": 0.0055791995113419705,
      "마음": 0.005549348768028126,
      "옆": 0.0055104471587648736,
      "오늘": 0.005278592375366569,
      "뜻": 0.0048074513706776985,
      "이야기": 0.004694341430226249,
      "사용": 0.004610541261414319,
      "약속": 0.004573653337054026,
      "찬양": 0.0045372236596389025,
      "경험": 0.004448627243548106,
      "소망": 0.004421858807556695,
      "하나님": 0.0041129097794830915,
      "곳": 0.003978518897181034,
      "이름": 0.0037261249267669205,
      "의미": 0.003720860962309085,
      "인생": 0.003693581218431333,
      "이유": 0.0035869312355255416,
      "앞": 0.003022954439282286,
      "시작": 0.00298006444157267,
      "절": 0.002964141046867774
    },
    "NNP": {
      "타빌레": 0.031130977610178294,
      "칸타빌레": 0.023348233207633722,
      "예수": 0.01511477219641143
    },
    "VA": {
      "없": 0.012338729338449273,
      "기쁘": 0.006743545097504358,
      "이렇": 0.006463143939187715,
      "어떻": 0.005431605766486375,
      "좋": 0.004595558535734876,
      "같": 0.004239704091511343,
      "크": 0.003953239957163066,
      "그렇": 0.002932551319648094
    },
    "VV": {
      "있": 0.01994134897360704,
      "되": 0.0187683284457478,
      "빼앗": 0.011882790845094783,
      "빼앗기": 0.009582093176489078,
      "거": 0.009203173142823371,
      "웃": 0.009089752452900685,
      "구하": 0.008956319658164494,
      "기뻐하": 0.0072555930023435015,
      "보": 0.007038123167155425,
      "거하": 0.0070189526410513285,
      "주": 0.006544443467432901,
      "알": 0.0065094752902113565,
      "나오": 0.006448245044797724,
      "붙잡": 0.006360356259573801,
      "원하": 0.006098103289142506,
      "알리": 0.005632741971463567,
      "믿": 0.0036929572770557787
    }
  }
}