{
  "scope": "sermon",
  "idf_scope": "church",
  "church": "J-7g",
  "sermon": "J-7g-0189",
  "document_unit": "sermon_json",
  "document_count": 559,
  "min_count": 5,
  "freq": {
    "MAG": {
      "가장": 10,
      "다시": 8,
      "더": 7,
      "먼저": 5
    },
    "NNB": {
      "수": 42,
      "거": 40,
      "번": 21,
      "절": 9,
      "줄": 7,
      "중": 5
    },
    "NNG": {
      "싸움": 39,
      "전신갑주": 14,
      "전쟁": 29,
      "마귀": 20,
      "무장": 13,
      "직시": 10,
      "허리띠": 10,
      "가운데": 48,
      "하나님": 40,
      "기도": 38,
      "공격": 12,
      "레이더": 5,
      "시험": 13,
      "승리": 15,
      "공동체": 17,
      "경기": 7,
      "투구": 5,
      "성도": 21,
      "장구": 5,
      "말씀": 25,
      "이야기": 18,
      "병사": 6,
      "삶": 22,
      "진리": 11,
      "부분": 11,
      "방패": 5,
      "전략": 5,
      "전투": 5,
      "사랑": 17,
      "자세": 5,
      "상대": 5,
      "믿음": 12,
      "절대": 5,
      "중심": 7,
      "주": 14,
      "감옥": 5,
      "상황": 9,
      "밤": 6,
      "집중": 5,
      "서로": 5,
      "주변": 6,
      "인사": 5,
      "마음": 11,
      "끝": 7,
      "시작": 11,
      "사용": 7,
      "단어": 8,
      "능력": 7,
      "사람": 10,
      "모습": 8,
      "중요": 8,
      "의지": 5,
      "말": 9,
      "자리": 7,
      "신앙": 6,
      "앞": 8,
      "생각": 8,
      "순간": 6,
      "세상": 7,
      "도": 5,
      "성령": 5,
      "뜻": 6,
      "마지막": 6,
      "장": 6,
      "사실": 5,
      "성경": 6,
      "본문": 6,
      "오늘": 6,
      "교회": 5,
      "안": 5,
      "절": 5
    },
    "NNP": {
      "바울": 21,
      "영국": 9,
      "베드로": 9,
      "독일": 6,
      "예수": 19,
      "그리스": 5
    },
    "VA": {
      "없": 27,
      "어떻": 15,
      "이렇": 15,
      "그렇": 6
    },
    "VV": {
      "있": 58,
      "되": 44,
      "싸우": 19,
      "지": 20,
      "위하": 29,
      "띠": 6,
      "보이": 18,
      "알": 17,
      "서": 12,
      "나오": 15,
      "넘어지": 5,
      "구하": 8,
      "이기": 6,
      "잃": 5,
      "통하": 10,
      "알리": 5,
      "찾아오": 5,
      "만들": 6,
      "믿": 7,
      "보": 7,
      "나아가": 5,
      "읽": 6,
      "가지": 5
    }
  },
  "tfidf": {
    "MAG": {
      "가장": 0.0048012210742882705,
      "다시": 0.003607733234115827,
      "더": 0.0031064208973490617,
      "먼저": 0.0027808361264271535
    },
    "NNB": {
      "수": 0.018308631211857017,
      "거": 0.01807092666383391,
      "번": 0.009170677211009594,
      "절": 0.004058699888380305,
      "줄": 0.003732347366695496,
      "중": 0.0024529234231501144
    },
    "NNG": {
      "싸움": 0.04545993064921325,
      "전신갑주": 0.03203092126795599,
      "전쟁": 0.028557953297192646,
      "마귀": 0.02710051507021001,
      "무장": 0.02455041788678189,
      "직시": 0.023461319244437145,
      "허리띠": 0.0223657899145291,
      "가운데": 0.02191890381382389,
      "하나님": 0.017467956592399227,
      "기도": 0.017259664424748276,
      "공격": 0.015475966510525754,
      "레이더": 0.014461180477701065,
      "시험": 0.01444401603227099,
      "승리": 0.013641171111614336,
      "공동체": 0.013153710714790242,
      "경기": 0.011882147800657515,
      "투구": 0.011439614738555709,
      "성도": 0.01138281812717284,
      "장구": 0.010953251287565713,
      "말씀": 0.010897994768962511,
      "이야기": 0.010467112648477448,
      "병사": 0.010450912659687858,
      "삶": 0.01013638349658226,
      "진리": 0.009253493855416682,
      "부분": 0.008999948400958344,
      "방패": 0.008709093883073215,
      "전략": 0.008632608879125371,
      "전투": 0.00816132921811919,
      "사랑": 0.007776835707313408,
      "자세": 0.00731831924624471,
      "상대": 0.006873473221084476,
      "믿음": 0.006375008897810792,
      "절대": 0.0062632726405311406,
      "중심": 0.006254906221225259,
      "주": 0.006157611761010743,
      "감옥": 0.005707076247639191,
      "상황": 0.005613359304634738,
      "밤": 0.005613304010733504,
      "집중": 0.005465682689895724,
      "서로": 0.005430808362636697,
      "주변": 0.0052824823530810555,
      "인사": 0.005280431572124597,
      "마음": 0.005041075082067592,
      "끝": 0.005038483378477067,
      "시작": 0.0048728080733823394,
      "사용": 0.004797455096336521,
      "단어": 0.004794048646700647,
      "능력": 0.004399664021775621,
      "사람": 0.004359197907585004,
      "모습": 0.004250005931873861,
      "중요": 0.004046801369976823,
      "의지": 0.003990341234603297,
      "말": 0.003958464703506906,
      "자리": 0.003878844548170877,
      "신앙": 0.0036435290011585194,
      "앞": 0.0035948647386059617,
      "생각": 0.003569269333242245,
      "순간": 0.003561787387808639,
      "세상": 0.003446471870382828,
      "도": 0.0032994905228947873,
      "성령": 0.003248052172108228,
      "뜻": 0.0030626620701228583,
      "마지막": 0.0030516027777701443,
      "장": 0.0029119320452667915,
      "사실": 0.0028066304979332624,
      "성경": 0.0028043245212968477,
      "본문": 0.0027644682263406163,
      "오늘": 0.0026155187445510027,
      "교회": 0.0025292508562355137,
      "안": 0.0024485157392338808,
      "절": 0.0022030778051044266
    },
    "NNP": {
      "바울": 0.015146854336404423,
      "영국": 0.012557638007043126,
      "베드로": 0.010272737245750544,
      "독일": 0.009518022658104424,
      "예수": 0.008537803754189159,
      "그리스": 0.0033322670646657995
    },
    "VA": {
      "없": 0.011790870699869479,
      "어떻": 0.0067283404765033925,
      "이렇": 0.00655048372214971,
      "그렇": 0.0026155187445510027
    },
    "VV": {
      "있": 0.025283347863993024,
      "되": 0.01918047079337402,
      "싸우": 0.0189750215540522,
      "지": 0.014189129994232856,
      "위하": 0.01273229563857008,
      "띠": 0.011606534505230245,
      "보이": 0.009023482150921842,
      "알": 0.0074770999955130445,
      "서": 0.007328739796471408,
      "나오": 0.007188921840483948,
      "넘어지": 0.006092714234036485,
      "구하": 0.0059170880624510175,
      "이기": 0.005205925119514935,
      "잃": 0.005201164692937861,
      "통하": 0.004477554442310161,
      "알리": 0.004186497411222921,
      "찾아오": 0.0038269022483684184,
      "만들": 0.00344377404357027,
      "믿": 0.0032022264677172853,
      "보": 0.003051438535309503,
      "나아가": 0.002750280500491384,
      "읽": 0.00264841878519667,
      "가지": 0.002387726170834072
    }
  }
}