{
  "scope": "sermon",
  "idf_scope": "church",
  "church": "J-7g",
  "sermon": "J-7g-0053",
  "document_unit": "sermon_json",
  "document_count": 559,
  "min_count": 5,
  "freq": {
    "MAG": {
      "이제": 12,
      "이미": 5,
      "다시": 7,
      "다": 5
    },
    "NNB": {
      "대": 7,
      "수": 12,
      "절": 9,
      "때문": 7,
      "장": 5,
      "거": 5
    },
    "NNG": {
      "이삭": 40,
      "야곱": 32,
      "코카콜라": 12,
      "하나님": 54,
      "믿음": 39,
      "축복": 29,
      "뜻": 28,
      "비전": 11,
      "일관": 7,
      "제단": 8,
      "아들": 18,
      "약속": 15,
      "실현": 7,
      "죽음": 11,
      "땅": 18,
      "나라": 15,
      "건너편": 5,
      "병": 7,
      "자손": 7,
      "사람": 17,
      "궁극": 5,
      "성공": 5,
      "절": 12,
      "말씀": 12,
      "순종": 7,
      "말": 11,
      "예배": 7,
      "마지막": 9,
      "아버지": 8,
      "생각": 10,
      "시작": 9,
      "사건": 5,
      "기도": 8,
      "중요": 6,
      "본문": 6,
      "장": 5,
      "오늘": 5
    },
    "NNP": {
      "요셉": 26,
      "아브라함": 25,
      "곱": 6,
      "창세기": 6,
      "멘": 5,
      "예수": 7
    },
    "VA": {
      "이렇": 12,
      "그렇": 6,
      "크": 5
    },
    "VV": {
      "이루어지": 11,
      "넘어서": 7,
      "있": 18,
      "잇": 6,
      "되": 13,
      "보": 12,
      "죽": 9,
      "살": 9,
      "읽": 9,
      "통하": 8,
      "받": 7,
      "바라보": 5,
      "대하": 6,
      "나오": 6,
      "알": 6,
      "드리": 5
    }
  },
  "tfidf": {
    "MAG": {
      "이제": 0.008524111593066,
      "이미": 0.005062506033286923,
      "다시": 0.004814908599853054,
      "다": 0.0033783310325009325
    },
    "NNB": {
      "대": 0.011380281933510483,
      "수": 0.007978723404255319,
      "절": 0.006190596771239641,
      "때문": 0.004712800183143631,
      "장": 0.003488747870888798,
      "거": 0.003445371157482961
    },
    "NNG": {
      "이삭": 0.09548582886824007,
      "야곱": 0.0790855078954249,
      "코카콜라": 0.05293715108911635,
      "하나님": 0.035968427374335886,
      "믿음": 0.031601648163316724,
      "축복": 0.023413153931523902,
      "뜻": 0.02179974624203584,
      "비전": 0.020444621141180407,
      "일관": 0.02040191797336388,
      "제단": 0.018972003553381026,
      "아들": 0.016328745958772258,
      "약속": 0.015554678736058073,
      "실현": 0.014749585041613472,
      "죽음": 0.013950411987384307,
      "땅": 0.013664299785183924,
      "나라": 0.013304275496236294,
      "건너편": 0.013054319820701595,
      "병": 0.011941715387313877,
      "자손": 0.011941715387313877,
      "사람": 0.011303191489361703,
      "궁극": 0.00947672862118015,
      "성공": 0.00873489500643876,
      "절": 0.0080646709865578,
      "말씀": 0.007978723404255319,
      "순종": 0.007797960920361576,
      "말": 0.007379425112905826,
      "예배": 0.007004146421358532,
      "마지막": 0.0069817587488743785,
      "아버지": 0.006977551191653412,
      "생각": 0.006805106258691581,
      "시작": 0.006080995858501678,
      "사건": 0.006018895901810131,
      "기도": 0.005542227070320905,
      "중요": 0.004629336274631066,
      "본문": 0.0042165492760807,
      "장": 0.00370122568253658,
      "오늘": 0.003324468085106383
    },
    "NNP": {
      "요셉": 0.05905170095467239,
      "아브라함": 0.04576505660282267,
      "곱": 0.017931077551886884,
      "창세기": 0.01013475415271469,
      "멘": 0.004983348291618976,
      "예수": 0.004797734206493894
    },
    "VA": {
      "이렇": 0.00799298386096353,
      "그렇": 0.003989361702127659,
      "크": 0.0037346377033261454
    },
    "VV": {
      "이루어지": 0.013480411138712725,
      "넘어서": 0.013428855512414992,
      "있": 0.011968085106382979,
      "잇": 0.009218046330775014,
      "되": 0.008643617021276596,
      "보": 0.007978723404255319,
      "죽": 0.007677116507472505,
      "살": 0.006179545904658203,
      "읽": 0.006059314521184668,
      "통하": 0.005463569090776335,
      "받": 0.004721224176971208,
      "바라보": 0.004484877057274179,
      "대하": 0.004393883435272856,
      "나오": 0.004386007101614409,
      "알": 0.004025140970675905,
      "드리": 0.003992910902975432
    }
  }
}