{
  "scope": "sermon",
  "idf_scope": "church",
  "church": "J-7g",
  "sermon": "J-7g-0241",
  "document_unit": "sermon_json",
  "document_count": 559,
  "min_count": 5,
  "freq": {
    "MAG": {
      "다": 17,
      "도리어": 5,
      "더": 11,
      "잘": 8,
      "안": 6,
      "많이": 5
    },
    "NNB": {
      "거": 40,
      "뻔": 6,
      "수": 12,
      "분": 9,
      "번": 9,
      "절": 8
    },
    "NNG": {
      "착각": 34,
      "하나님": 87,
      "삽": 13,
      "악인": 17,
      "형통": 17,
      "아삽": 8,
      "성공": 18,
      "여학생": 8,
      "이야기": 26,
      "사람": 32,
      "복": 17,
      "고백": 21,
      "수업": 6,
      "말씀": 24,
      "말": 21,
      "무지": 5,
      "임재": 8,
      "절": 18,
      "고난": 10,
      "친구": 8,
      "시선": 6,
      "가운데": 14,
      "답": 6,
      "생각": 13,
      "악": 6,
      "앞": 12,
      "아픔": 5,
      "선": 6,
      "오늘": 11,
      "모습": 9,
      "삶": 10,
      "세상": 9,
      "시작": 10,
      "성경": 9,
      "마음": 9,
      "제자": 5,
      "땅": 7,
      "기록": 5,
      "주": 7,
      "나라": 5,
      "자리": 5,
      "인생": 5,
      "믿음": 5,
      "속": 5,
      "본문": 5
    },
    "NNP": {
      "샬": 6,
      "요셉": 7,
      "예수": 17
    },
    "VA": {
      "그렇": 21,
      "이렇": 18,
      "없": 16,
      "같": 14,
      "어떻": 6,
      "많": 5
    },
    "VV": {
      "되": 46,
      "알": 33,
      "있": 30,
      "미끄러지": 5,
      "보": 21,
      "살": 17,
      "깨닫": 9,
      "바라보": 10,
      "누리": 8,
      "느끼": 7,
      "살아가": 9,
      "보이": 8,
      "대하": 8,
      "읽": 8,
      "주": 7,
      "그러": 6,
      "드리": 5,
      "나오": 5,
      "받": 5
    }
  },
  "tfidf": {
    "MAG": {
      "다": 0.009465990996053024,
      "도리어": 0.009097544105470477,
      "더": 0.006136001950975047,
      "잘": 0.004600176918633864,
      "안": 0.003927250654463166,
      "많이": 0.0033942244062530108
    },
    "NNB": {
      "거": 0.022714907269498624,
      "뻔": 0.012498332906672988,
      "수": 0.006575342465753425,
      "분": 0.0053255042098558315,
      "번": 0.004940320983653075,
      "절": 0.004534871254280387
    },
    "NNG": {
      "착각": 0.05535438385717616,
      "하나님": 0.047756436175313055,
      "삽": 0.0394357836101451,
      "악인": 0.03657784648500804,
      "형통": 0.03462428537449013,
      "아삽": 0.02730662792355544,
      "성공": 0.02591463864266412,
      "여학생": 0.0230071024309013,
      "이야기": 0.019004580420267543,
      "사람": 0.017534246575342465,
      "복": 0.016864781415614403,
      "고백": 0.014872088972763405,
      "수업": 0.01392951560669878,
      "말씀": 0.01315068493150685,
      "말": 0.011610050449116694,
      "무지": 0.011150247248514282,
      "임재": 0.010992461230133296,
      "절": 0.009969259038725697,
      "고난": 0.00987662380601321,
      "친구": 0.008810155791276617,
      "시선": 0.008729122024988347,
      "가운데": 0.008035930535214246,
      "답": 0.007845351324229779,
      "생각": 0.0072905993189007,
      "악": 0.007074368387360108,
      "앞": 0.0067780435975578705,
      "아픔": 0.006385546602644055,
      "선": 0.006359372835211507,
      "오늘": 0.006027397260273973,
      "모습": 0.006009974141744365,
      "삶": 0.005791497818470661,
      "세상": 0.005569930194592866,
      "시작": 0.005568229997678249,
      "성경": 0.005287496261798604,
      "마음": 0.005184460081911208,
      "제자": 0.004728268391368477,
      "땅": 0.004379231297973101,
      "기록": 0.003980838501033327,
      "주": 0.003870016816372231,
      "나라": 0.003654727003897605,
      "자리": 0.0034826103301385486,
      "인생": 0.003450715604068725,
      "믿음": 0.003338874523191314,
      "속": 0.003338874523191314,
      "본문": 0.0028957489092353303
    },
    "NNP": {
      "샬": 0.014589254879451058,
      "요셉": 0.013102135040058817,
      "예수": 0.00960222842987365
    },
    "VA": {
      "그렇": 0.011506849315068493,
      "이렇": 0.00988064196730615,
      "없": 0.008782792859827688,
      "같": 0.007921858055919825,
      "어떻": 0.0033829727239668567,
      "많": 0.002958613449919906
    },
    "VV": {
      "되": 0.025205479452054796,
      "알": 0.01824436499146909,
      "있": 0.01643835616438356,
      "미끄러지": 0.014745278451161319,
      "보": 0.011506849315068493,
      "살": 0.009619399067902644,
      "깨닫": 0.008677441380664593,
      "바라보": 0.007392060377140127,
      "누리": 0.007047123318890008,
      "느끼": 0.006268182199718064,
      "살아가": 0.005569930194592866,
      "보이": 0.005041063757495209,
      "대하": 0.004828055296182923,
      "읽": 0.00443870151104377,
      "주": 0.003890806116254629,
      "그러": 0.003634061969286005,
      "드리": 0.0032905961633287943,
      "나오": 0.003012125425035649,
      "받": 0.0027791472258961634
    }
  }
}