{
  "scope": "sermon",
  "idf_scope": "church",
  "church": "J-7g",
  "sermon": "J-7g-0158",
  "document_unit": "sermon_json",
  "document_count": 559,
  "min_count": 5,
  "freq": {
    "MAG": {
      "다": 17,
      "서로": 7,
      "다시": 13,
      "지금": 7,
      "이제": 5
    },
    "NNB": {
      "수": 28,
      "명": 9,
      "거": 7,
      "분": 6,
      "절": 6,
      "때문": 6,
      "중": 5,
      "번": 5
    },
    "NNG": {
      "계명": 49,
      "사랑": 83,
      "미움": 16,
      "용서": 23,
      "형제": 24,
      "이판일": 5,
      "실천": 12,
      "옛것": 5,
      "교회": 26,
      "빛": 13,
      "어둠": 10,
      "강조": 12,
      "사람": 21,
      "극복": 7,
      "신자": 5,
      "시작": 18,
      "목사": 12,
      "말": 18,
      "이웃": 9,
      "사도": 10,
      "구약": 8,
      "하나님": 16,
      "안": 14,
      "목회": 5,
      "말씀": 15,
      "장로": 5,
      "능력": 10,
      "초대": 5,
      "가족": 8,
      "주": 13,
      "교훈": 5,
      "필요": 10,
      "지식": 5,
      "절": 12,
      "명령": 6,
      "오늘": 11,
      "가운데": 10,
      "장": 9,
      "아들": 7,
      "당시": 6,
      "뜻": 8,
      "책": 5,
      "마음": 8,
      "사용": 5,
      "옆": 5,
      "지금": 6,
      "본문": 7,
      "속": 6,
      "힘": 5,
      "중요": 6,
      "나라": 5,
      "아버지": 5,
      "기도": 5
    },
    "NNP": {
      "예수": 20,
      "요한": 6,
      "로마": 5,
      "그리스도": 5
    },
    "VA": {
      "새롭": 37,
      "참되": 8,
      "없": 12,
      "같": 7,
      "이렇": 5
    },
    "VV": {
      "있": 51,
      "가르치": 12,
      "미워하": 6,
      "되": 18,
      "거하": 7,
      "읽": 13,
      "쓰": 10,
      "죽": 9,
      "싸우": 5,
      "도와주": 5,
      "받": 8,
      "그러": 7,
      "믿": 7,
      "알": 7,
      "대하": 6,
      "주": 6,
      "향하": 5,
      "살아가": 5,
      "듣": 5,
      "보": 5
    }
  },
  "tfidf": {
    "MAG": {
      "다": 0.008642037802799785,
      "서로": 0.0073613460580850216,
      "다시": 0.006727727645560417,
      "지금": 0.003969344546459058,
      "이제": 0.0026722244113663632
    },
    "NNB": {
      "수": 0.014007003501750876,
      "명": 0.007418648110259704,
      "거": 0.0036291013052506867,
      "분": 0.003241302378851723,
      "절": 0.003105105067181731,
      "때문": 0.0030392559746078842,
      "중": 0.002814910621664013,
      "번": 0.002505721137003741
    },
    "NNG": {
      "계명": 0.076926373208322,
      "사랑": 0.04357252368372091,
      "미움": 0.031429630031552094,
      "용서": 0.025154719472841577,
      "형제": 0.023896732814741896,
      "이판일": 0.016595271643744997,
      "실천": 0.015882774726993346,
      "옛것": 0.015581101788546986,
      "교회": 0.015093010312087143,
      "빛": 0.013741377358460594,
      "어둠": 0.013143854016692241,
      "강조": 0.012985397557612893,
      "사람": 0.010505252626313157,
      "극복": 0.010229376065660127,
      "신자": 0.009297195775600226,
      "시작": 0.009150392967670359,
      "목사": 0.009087381202025784,
      "말": 0.00908526066017493,
      "이웃": 0.008939681233556505,
      "사도": 0.008633406517506223,
      "구약": 0.00832781475365166,
      "하나님": 0.008018307638411971,
      "안": 0.00786758694159433,
      "목회": 0.007738444920289984,
      "말씀": 0.007503751875937969,
      "장로": 0.007368459602439503,
      "능력": 0.0072127701464684306,
      "초대": 0.007130064955605274,
      "가족": 0.006833560452274317,
      "주": 0.006561577143459671,
      "교훈": 0.006375220836962645,
      "필요": 0.006254600001901754,
      "지식": 0.006232253318603593,
      "절": 0.006067666415099015,
      "명령": 0.00554466591411867,
      "오늘": 0.005502751375687844,
      "가운데": 0.005240324886288145,
      "장": 0.0050124853265447866,
      "아들": 0.004777639860317779,
      "당시": 0.004709459759435461,
      "뜻": 0.004686174279714414,
      "책": 0.004261929158433857,
      "마음": 0.0042072768159581815,
      "사용": 0.003932452651681548,
      "옆": 0.003916671838291691,
      "지금": 0.0037458837077546914,
      "본문": 0.0037011698164563624,
      "속": 0.003657896551170074,
      "힘": 0.003655499566773132,
      "중요": 0.0034830023797124176,
      "나라": 0.003336606694403766,
      "아버지": 0.003281089604879543,
      "기도": 0.0026061497979498003
    },
    "NNP": {
      "예수": 0.010313431353629408,
      "요한": 0.008390206975215425,
      "로마": 0.0059866504517221185,
      "그리스도": 0.0029341638061850354
    },
    "VA": {
      "새롭": 0.02933593949426181,
      "참되": 0.009091309568307702,
      "없": 0.006013730728808979,
      "같": 0.003616155815921381,
      "이렇": 0.002505721137003741
    },
    "VV": {
      "있": 0.025512756378189096,
      "가르치": 0.009611339886795385,
      "미워하": 0.00928613390434798,
      "되": 0.009004502251125562,
      "거하": 0.008381310632410967,
      "읽": 0.006585054611650416,
      "쓰": 0.006394213749360866,
      "죽": 0.005776079653446046,
      "싸우": 0.005730325616096963,
      "도와주": 0.004252915632912851,
      "받": 0.004059584742179488,
      "그러": 0.0038706971533790818,
      "믿": 0.003674791154048751,
      "알": 0.0035331569234013614,
      "대하": 0.003305853269960168,
      "주": 0.0030446885566346163,
      "향하": 0.0028972637599743345,
      "살아가": 0.002825057696940687,
      "듣": 0.0027697514097785284,
      "보": 0.0025012506253126563
    }
  }
}