{
  "scope": "sermon",
  "idf_scope": "church",
  "church": "J-7g",
  "sermon": "J-7g-0020",
  "document_unit": "sermon_json",
  "document_count": 559,
  "min_count": 5,
  "freq": {
    "MAG": {
      "지금": 13,
      "다시": 9,
      "먼저": 7,
      "이제": 7,
      "더": 5
    },
    "NNB": {
      "분": 17,
      "번": 15,
      "수": 12,
      "대로": 5,
      "가지": 6,
      "장": 6,
      "절": 5,
      "때문": 5
    },
    "NNG": {
      "긍휼": 23,
      "허물": 19,
      "하나님": 54,
      "말씀": 40,
      "사랑": 33,
      "인간": 22,
      "죄": 22,
      "포로": 9,
      "삽": 5,
      "존재": 18,
      "감옥": 10,
      "어머님": 6,
      "편지": 11,
      "소망": 16,
      "간수": 5,
      "도": 14,
      "본문": 19,
      "육체": 8,
      "구원": 14,
      "선생": 6,
      "오늘": 16,
      "세상": 14,
      "죽음": 8,
      "말": 15,
      "생명": 9,
      "조건": 5,
      "교회": 12,
      "마음": 13,
      "절": 13,
      "행위": 5,
      "이야기": 9,
      "믿음": 9,
      "속": 9,
      "아들": 8,
      "메시지": 5,
      "사람": 10,
      "설명": 5,
      "시작": 9,
      "고백": 7,
      "성도": 7,
      "성경": 7,
      "모습": 6,
      "안": 6,
      "아버지": 5,
      "가운데": 6,
      "날": 5
    },
    "NNP": {
      "에베소": 10,
      "바울": 15,
      "예수": 24,
      "그리스": 13,
      "그리스도": 11
    },
    "VA": {
      "없": 17,
      "이렇": 14,
      "크": 9,
      "같": 8,
      "그렇": 8,
      "새롭": 5,
      "많": 6,
      "어떻": 6
    },
    "VV": {
      "죽": 35,
      "살리": 17,
      "있": 31,
      "갇히": 8,
      "되": 22,
      "보": 15,
      "살": 13,
      "믿": 12,
      "대하": 10,
      "인하": 6,
      "위하": 10,
      "얻": 7,
      "받": 9,
      "전하": 6,
      "말미암": 5,
      "읽": 8,
      "향하": 6,
      "알": 6,
      "따르": 5,
      "나오": 5,
      "가지": 5
    }
  },
  "tfidf": {
    "MAG": {
      "지금": 0.0075724090976972205,
      "다시": 0.004784510557011521,
      "먼저": 0.004589379909369706,
      "이제": 0.0038430047469937847,
      "더": 0.002615669335823942
    },
    "NNB": {
      "분": 0.00943381112885561,
      "번": 0.0077218960218969354,
      "수": 0.006166495375128468,
      "대로": 0.005176595078847398,
      "가지": 0.0035329451500901226,
      "장": 0.0032356074806680897,
      "절": 0.002658061420561956,
      "때문": 0.002601692657263258
    },
    "NNG": {
      "긍휼": 0.0322994807156608,
      "허물": 0.03141017239031953,
      "하나님": 0.027798825678828968,
      "말씀": 0.020554984583761562,
      "사랑": 0.017795841143674496,
      "인간": 0.01738719706182051,
      "죄": 0.016426584359351293,
      "포로": 0.015274031776437005,
      "삽": 0.014224504919067677,
      "존재": 0.013703475928101989,
      "감옥": 0.013455326733899592,
      "어머님": 0.013206827377201764,
      "편지": 0.013061267428600705,
      "소망": 0.012397565084290508,
      "간수": 0.011548621376343729,
      "도": 0.010890692459741932,
      "본문": 0.010319639612305764,
      "육체": 0.00972288655074733,
      "구원": 0.009350059449629472,
      "선생": 0.008364284481668866,
      "오늘": 0.008221993833504625,
      "세상": 0.008125597606020768,
      "죽음": 0.007841322854910212,
      "말": 0.007777250796372767,
      "생명": 0.007285856785268272,
      "조건": 0.007238122500545593,
      "교회": 0.007155726369008348,
      "마음": 0.007023028174223102,
      "절": 0.006752331583126846,
      "행위": 0.0066144568155776726,
      "이야기": 0.006169464649436605,
      "믿음": 0.005636280991101473,
      "속": 0.005636280991101473,
      "아들": 0.005608869229643365,
      "메시지": 0.005253682052906491,
      "사람": 0.0051387461459403904,
      "설명": 0.004878188989657642,
      "시작": 0.004699803582315788,
      "고백": 0.004649119968361291,
      "성도": 0.004472796297316632,
      "성경": 0.003856786841639669,
      "모습": 0.0037575206607343152,
      "안": 0.0034636557692512985,
      "아버지": 0.0033704512436558104,
      "가운데": 0.0032298281955878724,
      "날": 0.00312556383408663
    },
    "NNP": {
      "에베소": 0.01636588929772694,
      "바울": 0.012753958246847654,
      "예수": 0.012713185576097753,
      "그리스": 0.010213244440129854,
      "그리스도": 0.00663096895521097
    },
    "VA": {
      "없": 0.00875148215814986,
      "이렇": 0.007207102953770473,
      "크": 0.005195483653876948,
      "같": 0.004245306402012533,
      "그렇": 0.0041109969167523125,
      "새롭": 0.0040722857038019335,
      "많": 0.003329580398419627,
      "어떻": 0.0031726234435968718
    },
    "VV": {
      "죽": 0.0230743070088702,
      "살리": 0.017818286640076675,
      "있": 0.01593011305241521,
      "갇히": 0.011765791017778462,
      "되": 0.011305241521068859,
      "보": 0.007708119218910586,
      "살": 0.006898622903270366,
      "믿": 0.006471214961336179,
      "대하": 0.005659815593225741,
      "인하": 0.005332522583959363,
      "위하": 0.005175583193620825,
      "얻": 0.005049212180987996,
      "받": 0.004691417593560584,
      "전하": 0.004336151173952865,
      "말미암": 0.004173058348080662,
      "읽": 0.004162708251621214,
      "향하": 0.003571406118924169,
      "알": 0.0031109003185491066,
      "따르": 0.0030414983288888724,
      "나오": 0.0028248349952158577,
      "가지": 0.0028147193401301955
    }
  }
}