{
  "scope": "sermon",
  "idf_scope": "church",
  "church": "J-7g",
  "sermon": "J-7g-0211",
  "document_unit": "sermon_json",
  "document_count": 559,
  "min_count": 5,
  "freq": {
    "MAG": {
      "이제": 12,
      "늘": 7,
      "다": 11,
      "더": 10,
      "안": 8,
      "가장": 8,
      "많이": 7,
      "너무나": 5,
      "지금": 6,
      "잘": 6,
      "다시": 6
    },
    "NNB": {
      "거": 38,
      "수": 23,
      "때문": 19,
      "중": 7,
      "분": 6
    },
    "NNG": {
      "삭개오": 33,
      "사람": 69,
      "과나무": 11,
      "돌무": 11,
      "세리": 14,
      "영혼": 32,
      "죄인": 23,
      "외로움": 11,
      "나무": 14,
      "이름": 34,
      "친구": 17,
      "집": 21,
      "처치": 6,
      "세리장": 5,
      "관원": 5,
      "부자": 7,
      "평가": 8,
      "교회": 21,
      "말씀": 21,
      "회개": 9,
      "예배당": 5,
      "하나님": 20,
      "가난": 7,
      "위": 12,
      "부": 6,
      "돈": 8,
      "키": 5,
      "시대": 10,
      "존재": 10,
      "가치": 6,
      "소식": 6,
      "인생": 11,
      "인간": 9,
      "우상": 5,
      "예수": 5,
      "구원": 10,
      "부모": 6,
      "변화": 7,
      "마음": 11,
      "생각": 11,
      "상태": 5,
      "주": 11,
      "설교": 6,
      "사회": 5,
      "과거": 5,
      "예배": 7,
      "해결": 5,
      "이제": 6,
      "삶": 9,
      "관계": 5,
      "능력": 6,
      "앞": 8,
      "오늘": 8,
      "정도": 5,
      "길": 6,
      "기도": 6,
      "시작": 6,
      "속": 5,
      "중요": 5,
      "안": 5
    },
    "NNP": {
      "예수": 96,
      "르": 5,
      "그리스도": 5
    },
    "VA": {
      "외롭": 5,
      "젊": 6,
      "없": 15,
      "같": 14,
      "이렇": 13,
      "많": 11,
      "그렇": 9,
      "크": 5
    },
    "VV": {
      "잃어버리": 36,
      "있": 55,
      "되": 54,
      "떠들": 7,
      "올라가": 14,
      "보": 29,
      "알": 28,
      "찾": 17,
      "붙이": 9,
      "불리": 6,
      "부르": 14,
      "내려오": 6,
      "외치": 7,
      "놀라": 6,
      "위하": 14,
      "살아오": 5,
      "머무르": 5,
      "주": 12,
      "나가": 7,
      "찾아오": 6,
      "만나": 8,
      "모르": 8,
      "받": 10,
      "가지": 8,
      "느끼": 5,
      "원하": 6,
      "대하": 7,
      "일어나": 6,
      "살아가": 6,
      "믿": 6,
      "보이": 5,
      "듣": 5,
      "나오": 5,
      "살": 5
    }
  },
  "tfidf": {
    "MAG": {
      "이제": 0.005200918391874753,
      "늘": 0.004757863376967063,
      "다": 0.004534775545776505,
      "더": 0.004129892517252244,
      "안": 0.0038767991585640445,
      "가장": 0.0035745236979853284,
      "많이": 0.0035181514636821267,
      "너무나": 0.003448916166406811,
      "지금": 0.0027591027812361602,
      "잘": 0.002554357873176512,
      "다시": 0.002518095346570499
    },
    "NNB": {
      "거": 0.0159764586119648,
      "수": 0.009330628803245436,
      "때문": 0.007804866881107644,
      "중": 0.003195865665634445,
      "분": 0.002628545012302067
    },
    "NNG": {
      "삭개오": 0.0765559686623684,
      "사람": 0.027991886409736308,
      "과나무": 0.027798202614877053,
      "돌무": 0.027798202614877053,
      "세리": 0.027051449885495828,
      "영혼": 0.02398114869468175,
      "죄인": 0.021498293730753393,
      "외로움": 0.01783085395906446,
      "나무": 0.014719812046525676,
      "이름": 0.014604696552040459,
      "친구": 0.01386080544748261,
      "집": 0.012670668419258306,
      "처치": 0.011788308642453213,
      "세리장": 0.011599389191267939,
      "관원": 0.011229568589251806,
      "부자": 0.010555428842837644,
      "평가": 0.01033607158568004,
      "교회": 0.009885933529272993,
      "말씀": 0.008519269776876268,
      "회개": 0.008317536303576845,
      "예배당": 0.008255254048088667,
      "하나님": 0.00812809176936386,
      "가난": 0.008095010054668122,
      "위": 0.007653685534161215,
      "부": 0.006966398373406761,
      "돈": 0.006928940958503803,
      "키": 0.006810638681900757,
      "시대": 0.006508526092400868,
      "존재": 0.00601013390941773,
      "가치": 0.005861150161219643,
      "소식": 0.005689665388114706,
      "인생": 0.00562053677498415,
      "인간": 0.00561533043224644,
      "우상": 0.005584636521756211,
      "예수": 0.005543239216216237,
      "구원": 0.005272447316423921,
      "부모": 0.004952451015832947,
      "변화": 0.004900902937097954,
      "마음": 0.004691369670694952,
      "생각": 0.004567289166076816,
      "상태": 0.004519412486622711,
      "주": 0.004502497107428139,
      "설교": 0.0044166524240913906,
      "사회": 0.004364679616948004,
      "과거": 0.004319350410676206,
      "예배": 0.0042735238205773764,
      "해결": 0.004253201149847076,
      "이제": 0.0039130831816351725,
      "삶": 0.003859040635634101,
      "관계": 0.003648088633301768,
      "능력": 0.003509532054228899,
      "앞": 0.0033454846695180835,
      "오늘": 0.0032454361054766734,
      "정도": 0.0032344736446885385,
      "길": 0.0030155583974418227,
      "기도": 0.0025361590812665235,
      "시작": 0.002473513934059912,
      "속": 0.0024719862088536096,
      "중요": 0.0023537936974459507,
      "안": 0.002278659272130841
    },
    "NNP": {
      "예수": 0.040145816034217,
      "르": 0.008178701658671126,
      "그리스도": 0.0023794699588494464
    },
    "VA": {
      "외롭": 0.00701163442762942,
      "젊": 0.006966398373406761,
      "없": 0.006096068827022895,
      "같": 0.00586506732334835,
      "이렇": 0.005283259650086509,
      "많": 0.004818999189220456,
      "그렇": 0.0036511156186612576,
      "크": 0.002278659272130841
    },
    "VV": {
      "잃어버리": 0.03253976990368352,
      "있": 0.02231237322515213,
      "되": 0.021906693711967545,
      "떠들": 0.01400011788093946,
      "올라가": 0.01258551153558504,
      "보": 0.011764705882352941,
      "알": 0.0114609017279989,
      "찾": 0.011087069014632987,
      "붙이": 0.010285474845805722,
      "불리": 0.007427027987131375,
      "부르": 0.007101064326702738,
      "내려오": 0.006778033269271864,
      "외치": 0.006599567279710405,
      "놀라": 0.00573985432248242,
      "위하": 0.005720226715091511,
      "살아오": 0.005543239216216237,
      "머무르": 0.005522853139434287,
      "주": 0.0049382007502739135,
      "나가": 0.004393652282173655,
      "찾아오": 0.004273710551443644,
      "만나": 0.00419458126151542,
      "모르": 0.0041178534300929754,
      "받": 0.004115167291894928,
      "가지": 0.003555338798145792,
      "느끼": 0.003314816723988834,
      "원하": 0.003163468389854353,
      "대하": 0.0031277082357371623,
      "일어나": 0.003021084113955914,
      "살아가": 0.0027491879932743696,
      "믿": 0.002554357873176512,
      "보이": 0.002332642332005263,
      "듣": 0.002246139175718977,
      "나오": 0.0022300725763448517,
      "살": 0.002094666901195839
    }
  }
}