{
  "scope": "sermon",
  "idf_scope": "church",
  "church": "J-7g",
  "sermon": "J-7g-0532",
  "document_unit": "sermon_json",
  "document_count": 559,
  "min_count": 5,
  "freq": {
    "MAG": {
      "그대로": 5,
      "가장": 6,
      "이제": 5
    },
    "NNB": {
      "거": 20,
      "번": 14,
      "수": 13,
      "줄": 6,
      "때문": 5
    },
    "NNG": {
      "포도주": 32,
      "하인": 16,
      "삶": 63,
      "잔치": 18,
      "혼인": 14,
      "항아리": 10,
      "발자국": 10,
      "물": 21,
      "주인": 22,
      "연회장": 6,
      "표적": 8,
      "사흘": 7,
      "빈자리": 5,
      "기적": 11,
      "말씀": 23,
      "주": 22,
      "손": 11,
      "목장": 6,
      "사람": 14,
      "순간": 10,
      "집": 9,
      "완전": 5,
      "이야기": 9,
      "어머니": 5,
      "유대인": 5,
      "날": 9,
      "인정": 5,
      "기록": 7,
      "순종": 6,
      "시": 5,
      "교회": 8,
      "의미": 7,
      "내용": 5,
      "제자": 5,
      "축복": 7,
      "말": 8,
      "자리": 6,
      "마음": 7,
      "시작": 7,
      "중요": 6,
      "세상": 6,
      "본문": 6,
      "은혜": 5,
      "성경": 5,
      "절": 5
    },
    "NNP": {
      "예수": 84,
      "마리아": 11,
      "가나": 8
    },
    "VA": {
      "없": 13,
      "좋": 7,
      "이렇": 6,
      "그렇": 6
    },
    "VV": {
      "되": 67,
      "채우": 18,
      "있": 31,
      "맛보": 6,
      "보": 19,
      "떨어지": 5,
      "통하": 10,
      "믿": 8,
      "알": 8,
      "내": 5,
      "읽": 7,
      "계시": 5,
      "살": 5,
      "받": 5,
      "위하": 5
    }
  },
  "tfidf": {
    "MAG": {
      "그대로": 0.005503756128121993,
      "가장": 0.0041071477232134095,
      "이제": 0.003319935735439006
    },
    "NNB": {
      "거": 0.012882133550912054,
      "번": 0.008716608047257515,
      "수": 0.008079552517091361,
      "줄": 0.004561131950208365,
      "때문": 0.0031466090186664394
    },
    "NNG": {
      "포도주": 0.0718829527313837,
      "하인": 0.04529867556484189,
      "삶": 0.04138455324292506,
      "잔치": 0.03756221731708348,
      "혼인": 0.0364786798938475,
      "항아리": 0.03009962793002607,
      "발자국": 0.02914157522755709,
      "물": 0.027159208789896135,
      "주인": 0.026385972534898525,
      "연회장": 0.021324420899795256,
      "표적": 0.01875743305029102,
      "사흘": 0.017541764713532665,
      "빈자리": 0.017203782829400684,
      "기적": 0.015487109544887821,
      "말씀": 0.014294592914853946,
      "주": 0.01379571829684321,
      "손": 0.009781610986337475,
      "목장": 0.008793499630154859,
      "사람": 0.00870105655686762,
      "순간": 0.008463580140494115,
      "집": 0.008319239364327016,
      "완전": 0.00781775148650335,
      "이야기": 0.007461639656807726,
      "어머니": 0.007327916358462382,
      "유대인": 0.007079182027593717,
      "날": 0.00680436606466044,
      "인정": 0.006385758934634705,
      "기록": 0.006321343921777596,
      "순종": 0.006247784723905075,
      "시": 0.005886310690413161,
      "교회": 0.005769647198711516,
      "의미": 0.005520009395296325,
      "내용": 0.005515777497848283,
      "제자": 0.005363014179146967,
      "축복": 0.005282648991472186,
      "말": 0.0050166248352157125,
      "자리": 0.004740159492233326,
      "마음": 0.004573681206160879,
      "시작": 0.004421015426994384,
      "중요": 0.004327235399033637,
      "세상": 0.004211776509273661,
      "본문": 0.00394138602313572,
      "은혜": 0.003509813757728051,
      "성경": 0.0033318419576626106,
      "절": 0.003140994707836889
    },
    "NNP": {
      "예수": 0.05381572837712977,
      "마리아": 0.02422698486508407,
      "가나": 0.022347910203470375
    },
    "VA": {
      "없": 0.008093993186739121,
      "좋": 0.0048697497224536755,
      "이렇": 0.0037356891631103633,
      "그렇": 0.0037290242386575512
    },
    "VV": {
      "되": 0.041640770665009326,
      "채우": 0.02363829612813162,
      "있": 0.019266625233064015,
      "맛보": 0.013048957317240895,
      "보": 0.011808576755748913,
      "떨어지": 0.0068121141910470265,
      "통하": 0.006383784891646681,
      "믿": 0.005217727082975018,
      "알": 0.0050166248352157125,
      "내": 0.004550359254602542,
      "읽": 0.004405252626133015,
      "계시": 0.0038924510647623087,
      "살": 0.0032090453147593186,
      "받": 0.0031522334911500923,
      "위하": 0.0031297964247315496
    }
  }
}