{
  "scope": "sermon",
  "idf_scope": "church",
  "church": "J-7g",
  "sermon": "J-7g-0256",
  "document_unit": "sermon_json",
  "document_count": 559,
  "min_count": 5,
  "freq": {
    "MAG": {
      "다": 17,
      "더": 10,
      "못": 6,
      "먼저": 7,
      "다시": 8,
      "가장": 7,
      "지금": 6,
      "잘": 5
    },
    "NNB": {
      "수": 30,
      "절": 15,
      "장": 10,
      "번": 7,
      "분": 5,
      "때문": 5
    },
    "NNG": {
      "여성": 69,
      "남성": 29,
      "단장": 16,
      "리더십": 18,
      "창조": 25,
      "여자": 24,
      "구별": 15,
      "손": 31,
      "하나님": 44,
      "머리": 21,
      "기도": 40,
      "가정": 26,
      "각처": 7,
      "사역": 22,
      "수건": 7,
      "신전": 7,
      "순종": 20,
      "말": 31,
      "질서": 8,
      "화장": 6,
      "열등": 5,
      "말씀": 29,
      "남자": 11,
      "차별": 7,
      "후손": 8,
      "교회": 23,
      "다툼": 7,
      "보호": 10,
      "인류": 9,
      "절": 23,
      "분노": 7,
      "선행": 6,
      "도시": 8,
      "시작": 20,
      "시대": 12,
      "본문": 18,
      "사회": 8,
      "책임": 6,
      "오늘": 16,
      "공동체": 9,
      "타락": 5,
      "완성": 6,
      "사탄": 5,
      "구원": 11,
      "이웃": 7,
      "배경": 5,
      "신": 8,
      "번역": 6,
      "옛날": 5,
      "장": 10,
      "민족": 5,
      "역사": 7,
      "힘": 6,
      "필요": 7,
      "성경": 8,
      "단어": 6,
      "앞": 8,
      "복음": 6,
      "세상": 7,
      "당시": 5,
      "자리": 6,
      "사랑": 7,
      "생각": 7,
      "주": 7,
      "백성": 5,
      "사실": 5,
      "모습": 5,
      "중요": 5,
      "안": 5,
      "이름": 5,
      "사람": 5
    },
    "NNP": {
      "에베소": 12,
      "마리아": 8,
      "아담": 7,
      "바울": 14,
      "예수": 7
    },
    "VA": {
      "아름답": 13,
      "그렇": 15,
      "이렇": 12,
      "없": 10,
      "많": 5
    },
    "VV": {
      "되": 44,
      "있": 42,
      "가르치": 17,
      "돕": 11,
      "짓": 15,
      "통하": 15,
      "위하": 15,
      "낳": 6,
      "지키": 10,
      "읽": 14,
      "보": 13,
      "섬기": 7,
      "쓰": 9,
      "도와주": 5,
      "원하": 6,
      "받": 7,
      "세우": 5,
      "나누": 5
    }
  },
  "tfidf": {
    "MAG": {
      "다": 0.007488267693019838,
      "더": 0.004412737345048453,
      "못": 0.003976187592376252,
      "먼저": 0.003871232467981555,
      "다시": 0.0035874035713314724,
      "가장": 0.003341916255349851,
      "지금": 0.0029480660406359495,
      "잘": 0.0022744156037350464
    },
    "NNB": {
      "수": 0.013003901170351105,
      "절": 0.00672638169624651,
      "장": 0.004548831207470093,
      "번": 0.0030396667420973865,
      "분": 0.002340472278328491,
      "때문": 0.002194579068502081
    },
    "NNG": {
      "여성": 0.10959769592300339,
      "남성": 0.057262719455220185,
      "단장": 0.03485289425737425,
      "리더십": 0.027302694828921458,
      "창조": 0.0254045314479937,
      "여자": 0.025126469680032695,
      "구별": 0.02040495475749525,
      "손": 0.019225951624996136,
      "하나님": 0.019106476664612144,
      "머리": 0.019038314364492482,
      "기도": 0.018065690320248462,
      "가정": 0.01716204906160831,
      "각처": 0.01592521313148917,
      "사역": 0.015584092842818767,
      "수건": 0.015248141237601235,
      "신전": 0.015248141237601235,
      "순종": 0.014524903367668351,
      "말": 0.013557879830717627,
      "질서": 0.013286273852666543,
      "화장": 0.013069835346515344,
      "열등": 0.012877421808862817,
      "말씀": 0.012570437798006068,
      "남자": 0.012484816821233407,
      "차별": 0.012234373395784162,
      "후손": 0.011643328548511741,
      "교회": 0.01156899294986547,
      "다툼": 0.011278340744514432,
      "보호": 0.01046936236668029,
      "인류": 0.010179861817038104,
      "절": 0.010077051682091007,
      "분노": 0.010020847703059525,
      "선행": 0.009400168314759134,
      "도시": 0.009017941794596807,
      "시작": 0.008809726697670398,
      "시대": 0.00834513228492491,
      "본문": 0.008246671145936767,
      "사회": 0.007461766974097497,
      "책임": 0.007298174789805344,
      "오늘": 0.006935413957520589,
      "공동체": 0.006924488421876114,
      "타락": 0.006834741035616727,
      "완성": 0.006786574544692069,
      "사탄": 0.006643382979384221,
      "구원": 0.006196896791713681,
      "이웃": 0.006024801786888031,
      "배경": 0.005795354212335656,
      "신": 0.005785711549092583,
      "번역": 0.005640784094966622,
      "옛날": 0.005171856005894865,
      "장": 0.004825872064616398,
      "민족": 0.0040678333987071835,
      "역사": 0.003921624385969255,
      "힘": 0.003800958977362544,
      "필요": 0.003793698215284406,
      "성경": 0.003718029447683842,
      "단어": 0.003575275551213032,
      "앞": 0.0035746075901005965,
      "복음": 0.003430750580719376,
      "세상": 0.0034270509192276585,
      "당시": 0.0034005960334891946,
      "자리": 0.0033059890000014833,
      "사랑": 0.003184181845229065,
      "생각": 0.0031055118635242725,
      "주": 0.003061456735968497,
      "백성": 0.0029793962926775264,
      "사실": 0.002790815068165975,
      "모습": 0.002641285654453467,
      "중요": 0.0025149984673620584,
      "안": 0.002434718294669494,
      "이름": 0.0022948428695772284,
      "사람": 0.002167316861725184
    },
    "NNP": {
      "에베소": 0.016565940480299933,
      "마리아": 0.012288676722361279,
      "아담": 0.01119742278631108,
      "바울": 0.01004100096740695,
      "예수": 0.003127781641338022
    },
    "VA": {
      "아름답": 0.010293377308798476,
      "그렇": 0.006501950585175552,
      "이렇": 0.005210857272166948,
      "없": 0.004342381060139123,
      "많": 0.002340472278328491
    },
    "VV": {
      "되": 0.01907238838318162,
      "있": 0.018205461638491547,
      "가르치": 0.011798228701523174,
      "돕": 0.009947155377271382,
      "짓": 0.009920795893056774,
      "통하": 0.006678484974421007,
      "위하": 0.006548559749535842,
      "낳": 0.006480246753648158,
      "지키": 0.006421751229611923,
      "읽": 0.006144821391805827,
      "보": 0.005635023840485479,
      "섬기": 0.005020500483703475,
      "쓰": 0.00498648892781757,
      "도와주": 0.0036851228219301206,
      "원하": 0.003380125522752917,
      "받": 0.003077902541033679,
      "세우": 0.0030772731806681056,
      "나누": 0.0028749932938189095
    }
  }
}