{
  "scope": "sermon",
  "idf_scope": "church",
  "church": "J-7g",
  "sermon": "J-7g-0478",
  "document_unit": "sermon_json",
  "document_count": 559,
  "min_count": 5,
  "freq": {
    "MAG": {
      "먼저": 14,
      "정말": 9,
      "다": 11,
      "지금": 9,
      "더": 10,
      "가장": 7,
      "너무": 5,
      "잘": 5
    },
    "NNB": {
      "수": 33,
      "번": 23,
      "때문": 11,
      "줄": 9,
      "거": 10,
      "중": 9,
      "분": 9,
      "가지": 5,
      "절": 5
    },
    "NNG": {
      "길": 59,
      "제자": 38,
      "긴급": 12,
      "선수": 14,
      "사람": 47,
      "말씀": 43,
      "선교사": 18,
      "탁구": 6,
      "대가": 9,
      "생각": 27,
      "세상": 23,
      "서기관": 6,
      "스승": 7,
      "결단": 11,
      "장사": 6,
      "중요": 19,
      "선택": 11,
      "하나님": 20,
      "교회": 17,
      "이야기": 13,
      "가족": 10,
      "십자가": 11,
      "마음": 14,
      "사역": 9,
      "부인": 5,
      "말": 13,
      "사랑": 11,
      "의미": 9,
      "주": 11,
      "생명": 7,
      "나라": 8,
      "뒤": 5,
      "힘": 7,
      "감당": 5,
      "아버지": 7,
      "자녀": 7,
      "자리": 7,
      "기도": 8,
      "시작": 8,
      "절": 8,
      "모습": 6,
      "손": 5,
      "기억": 6,
      "마지막": 6,
      "아들": 5,
      "사실": 5,
      "삶": 6,
      "필요": 5,
      "본문": 5
    },
    "NNP": {
      "예수": 92,
      "이은혜": 10,
      "한국": 6,
      "주님": 8
    },
    "VA": {
      "이렇": 19,
      "그렇": 19,
      "없": 16,
      "어떻": 15,
      "많": 8,
      "힘들": 5,
      "어렵": 5,
      "같": 6
    },
    "VV": {
      "있": 68,
      "되": 52,
      "따르": 35,
      "보": 28,
      "위하": 20,
      "치르": 6,
      "믿": 17,
      "죽": 13,
      "따라가": 7,
      "쫓": 5,
      "나오": 12,
      "묻": 6,
      "만나": 8,
      "주": 10,
      "읽": 10,
      "대하": 9,
      "바라": 7,
      "지": 5,
      "나아가": 6,
      "떠나": 5,
      "살": 7,
      "통하": 6,
      "듣": 5
    }
  },
  "tfidf": {
    "MAG": {
      "먼저": 0.007565381875165986,
      "정말": 0.00510409923826937,
      "다": 0.00473452847113049,
      "지금": 0.004320958294629692,
      "더": 0.004311810696750014,
      "가장": 0.003265481067806906,
      "너무": 0.0029278190917463357,
      "잘": 0.002222395933001589
    },
    "NNB": {
      "수": 0.01397712833545108,
      "번": 0.009759046227532486,
      "때문": 0.004717647862886685,
      "줄": 0.00466255483347221,
      "거": 0.004389528353116792,
      "중": 0.004289966708543606,
      "분": 0.004116495206686528,
      "가지": 0.002426624051276076,
      "절": 0.0021908460501539884
    },
    "NNG": {
      "길": 0.030959179410698257,
      "제자": 0.027776824476188386,
      "긴급": 0.026077317440370906,
      "선수": 0.023485376261075008,
      "사람": 0.019906819144430325,
      "말씀": 0.018212621770436255,
      "선교사": 0.017319118005445135,
      "탁구": 0.015830557801934143,
      "대가": 0.013508566009444474,
      "생각": 0.011704436889154922,
      "세상": 0.011002768126407622,
      "서기관": 0.010342668985280084,
      "스승": 0.010011372916575337,
      "결단": 0.009719647376266446,
      "장사": 0.00944604541571784,
      "중요": 0.009338409811086922,
      "선택": 0.009295805969971234,
      "하나님": 0.008486127154376076,
      "교회": 0.00835541930465672,
      "이야기": 0.007345057023928054,
      "가족": 0.007232257170741402,
      "십자가": 0.0069429350708156735,
      "마음": 0.006233844185271372,
      "사역": 0.006229496740507606,
      "부인": 0.005852580669761453,
      "말": 0.005555524231163017,
      "사랑": 0.004889271052603497,
      "의미": 0.0048366464605364605,
      "주": 0.0047008281955994765,
      "생명": 0.00467071114541505,
      "나라": 0.004520035091648033,
      "뒤": 0.004418021534666566,
      "힘": 0.004333028838446119,
      "감당": 0.003920951359164938,
      "아버지": 0.0038892237900109657,
      "자녀": 0.0038892237900109657,
      "자리": 0.003768771450022868,
      "기도": 0.003530499582279814,
      "시작": 0.003443293433549447,
      "절": 0.0034248948648264665,
      "모습": 0.003097050065984319,
      "손": 0.0030300358239992676,
      "기억": 0.0030191924561701134,
      "마지막": 0.0029650049861095766,
      "아들": 0.0028893634902811276,
      "사실": 0.002726984482108811,
      "삶": 0.0026860186832805477,
      "필요": 0.0026478071587889888,
      "본문": 0.0022383489027337894
    },
    "NNP": {
      "예수": 0.04016777919066661,
      "이은혜": 0.028101607806731252,
      "한국": 0.005132577093590826,
      "주님": 0.004428338617127212
    },
    "VA": {
      "이렇": 0.008061820796657272,
      "그렇": 0.008047437526471834,
      "없": 0.006788901723500861,
      "어떻": 0.0065374049356623385,
      "많": 0.0036591068503880244,
      "힘들": 0.003349711124923849,
      "어렵": 0.0032441317936548557,
      "같": 0.0026243221913330337
    },
    "VV": {
      "있": 0.028801355357899194,
      "되": 0.022024565861922914,
      "따르": 0.017548195779806954,
      "보": 0.011859381617958492,
      "위하": 0.008531711050221198,
      "치르": 0.007789725302891689,
      "믿": 0.007556146172205402,
      "죽": 0.007064002162647768,
      "따라가": 0.006950576507473955,
      "쫓": 0.006812924437856594,
      "나오": 0.0055879328088336054,
      "묻": 0.0045305192865301965,
      "만나": 0.004379348924030288,
      "주": 0.004296436838001269,
      "읽": 0.00428877078444244,
      "대하": 0.004198475658608879,
      "바라": 0.003853285829940481,
      "지": 0.0034466184039358503,
      "나아가": 0.003206680288755901,
      "떠나": 0.003137437544835812,
      "살": 0.0030617092232218725,
      "통하": 0.002610294762556419,
      "듣": 0.0023450796561403126
    }
  }
}