{
  "scope": "sermon",
  "idf_scope": "church",
  "church": "J-7g",
  "sermon": "J-7g-0378",
  "document_unit": "sermon_json",
  "document_count": 559,
  "min_count": 5,
  "freq": {
    "MAG": {
      "다시": 12,
      "다": 5
    },
    "NNB": {
      "번": 12,
      "만": 6,
      "장": 9,
      "절": 7,
      "때문": 6,
      "수": 5
    },
    "NNG": {
      "부활": 27,
      "하나님": 34,
      "비": 12,
      "사흘": 7,
      "앞": 21,
      "표적": 5,
      "은혜": 16,
      "우상": 6,
      "시작": 15,
      "말씀": 12,
      "회개": 5,
      "말": 11,
      "날": 9,
      "열매": 5,
      "사랑": 10,
      "회복": 6,
      "부모": 5,
      "절": 10,
      "약속": 6,
      "주": 8,
      "시대": 5,
      "경험": 6,
      "기도": 7,
      "마지막": 6,
      "단어": 5,
      "백성": 5,
      "장": 6,
      "사람": 6,
      "가운데": 5
    },
    "NNP": {
      "호세아": 8,
      "북": 5,
      "여호와": 10,
      "이스라엘": 10,
      "예수": 6
    },
    "VA": {
      "늦": 10,
      "새롭": 12,
      "그렇": 8,
      "같": 6
    },
    "VV": {
      "돌아오": 15,
      "되": 22,
      "입": 10,
      "살": 18,
      "알": 16,
      "있": 16,
      "임하": 6,
      "빠지": 5,
      "읽": 8,
      "만나": 6,
      "보": 7,
      "바라": 5,
      "쓰": 5,
      "그러": 5,
      "주": 5,
      "위하": 5
    }
  },
  "tfidf": {
    "MAG": {
      "다시": 0.009440463922884076,
      "다": 0.0038638858348908002
    },
    "NNB": {
      "번": 0.009141785343641939,
      "만": 0.008702973921476391,
      "장": 0.007182310445680726,
      "절": 0.005506937288349044,
      "때문": 0.0046201313256586775,
      "수": 0.0038022813688212928
    },
    "NNG": {
      "부활": 0.043162838760784666,
      "하나님": 0.025901725140318826,
      "비": 0.025607436106586962,
      "사흘": 0.02146364975214757,
      "앞": 0.016461883452243687,
      "표적": 0.014344443810797646,
      "은혜": 0.013742455570943108,
      "우상": 0.012562247020041727,
      "시작": 0.011591657504672401,
      "말씀": 0.009125475285171103,
      "회개": 0.008661904093078548,
      "말": 0.008440042106319667,
      "날": 0.008325646386341179,
      "열매": 0.008160278454133496,
      "사랑": 0.00798034493964525,
      "회복": 0.007807600088498662,
      "부모": 0.007736243190131948,
      "절": 0.007686479824957498,
      "약속": 0.0071161176635836775,
      "주": 0.006138212440959758,
      "시대": 0.006100196508657087,
      "경험": 0.005767991977376062,
      "기도": 0.005546441691667157,
      "마지막": 0.005323480435136662,
      "단어": 0.005226971290651751,
      "백성": 0.005226971290651751,
      "장": 0.005079826701020547,
      "사람": 0.0045627376425855515,
      "가운데": 0.003983045417372624
    },
    "NNP": {
      "호세아": 0.03368016617187005,
      "북": 0.015779022636430606,
      "여호와": 0.014919853754428468,
      "이스라엘": 0.011860196105972796,
      "예수": 0.0047033952720696255
    },
    "VA": {
      "늦": 0.025391275567794074,
      "새롭": 0.014463272358202701,
      "그렇": 0.006083650190114068,
      "같": 0.004711805850750792
    },
    "VV": {
      "돌아오": 0.019813115626064696,
      "되": 0.016730038022813688,
      "입": 0.014143548612882613,
      "살": 0.014135417552252378,
      "알": 0.012276424881919516,
      "있": 0.012167300380228136,
      "임하": 0.009215220165755088,
      "빠지": 0.0071857698661825075,
      "읽": 0.006160175100878237,
      "만나": 0.005897134682301622,
      "보": 0.00532319391634981,
      "바라": 0.004941666401134968,
      "쓰": 0.004860088701510407,
      "그러": 0.00420289169451645,
      "주": 0.0038569913971562724,
      "위하": 0.003829537982808413
    }
  }
}