{
  "scope": "sermon",
  "idf_scope": "church",
  "church": "J-7g",
  "sermon": "J-7g-0416",
  "document_unit": "sermon_json",
  "document_count": 559,
  "min_count": 5,
  "freq": {
    "MAG": {
      "더": 13,
      "간절히": 5,
      "다시": 6,
      "지금": 5,
      "이제": 5
    },
    "NNB": {
      "수": 21,
      "명": 11,
      "장": 14,
      "절": 10,
      "때문": 8,
      "분": 7,
      "번": 7,
      "거": 5
    },
    "NNG": {
      "과부": 28,
      "유대인": 46,
      "결정": 26,
      "구제": 15,
      "교회": 44,
      "파": 14,
      "선택": 22,
      "순결": 11,
      "사람": 41,
      "식사": 10,
      "말씀": 32,
      "제사장": 11,
      "무리": 10,
      "사도": 15,
      "재산": 7,
      "가난": 8,
      "화평": 6,
      "사울": 6,
      "삶": 20,
      "하나님": 21,
      "성령": 13,
      "오늘": 19,
      "결과": 8,
      "모임": 5,
      "기독교": 7,
      "기록": 10,
      "사건": 8,
      "공동체": 8,
      "대상": 6,
      "이방인": 5,
      "가운데": 13,
      "기도": 13,
      "사회": 6,
      "지구촌교회": 5,
      "충만": 6,
      "절": 12,
      "도": 8,
      "말": 12,
      "제자": 7,
      "이름": 11,
      "등장": 6,
      "사용": 7,
      "문제": 7,
      "형제": 5,
      "이유": 7,
      "본문": 8,
      "사역": 5,
      "당시": 5,
      "예배": 5,
      "존재": 5,
      "마음": 7,
      "전": 6,
      "주": 7,
      "땅": 6,
      "안": 6,
      "장": 6
    },
    "NNP": {
      "헬라파": 35,
      "히브리": 16,
      "히브리파": 7,
      "예루살렘": 16,
      "예수": 30,
      "사도행전": 11,
      "누가복음": 5,
      "그리스도": 9,
      "바울": 5
    },
    "VA": {
      "많": 23,
      "없": 11,
      "어떻": 8,
      "좋": 7,
      "그렇": 7,
      "이렇": 5
    },
    "VV": {
      "되": 61,
      "보": 32,
      "있": 32,
      "모이": 9,
      "나오": 17,
      "대하": 16,
      "가져오": 6,
      "나누": 10,
      "내리": 6,
      "받": 11,
      "섬기": 6,
      "빠지": 5,
      "보이": 8,
      "따르": 6,
      "세우": 5,
      "죽": 5,
      "나아가": 5,
      "살": 6,
      "위하": 6,
      "믿": 5,
      "읽": 5
    }
  },
  "tfidf": {
    "MAG": {
      "더": 0.005972130221811741,
      "간절히": 0.0040941065829517434,
      "다시": 0.0028010401756752164,
      "지금": 0.002557606932817063,
      "이제": 0.0024105490064627077
    },
    "NNB": {
      "수": 0.00947653429602888,
      "명": 0.008179334802271392,
      "장": 0.006629880430454379,
      "절": 0.004668400292792027,
      "때문": 0.0036555190693388453,
      "분": 0.0034112172222677617,
      "번": 0.0031644906019939844,
      "거": 0.002338374648399988
    },
    "NNG": {
      "과부": 0.050947110873779886,
      "유대인": 0.04728868037818785,
      "결정": 0.025858886693354843,
      "구제": 0.024465465142316473,
      "교회": 0.023040836139439337,
      "파": 0.022388294267758603,
      "선택": 0.01980812084395495,
      "순결": 0.019491937465134224,
      "사람": 0.018501805054151624,
      "식사": 0.01459202266023057,
      "말씀": 0.01444043321299639,
      "제사장": 0.01304242806737571,
      "무리": 0.012712442586698307,
      "사도": 0.011681980795461377,
      "재산": 0.010985796152587523,
      "가난": 0.010290974618234616,
      "화평": 0.010214590403176302,
      "사울": 0.010064130517378079,
      "삶": 0.00953924505298642,
      "하나님": 0.009493471805981953,
      "성령": 0.008742185187419817,
      "오늘": 0.008574007220216607,
      "결과": 0.007049308216769061,
      "모임": 0.006853513859613727,
      "기독교": 0.006589949630273857,
      "기록": 0.00655688652020381,
      "사건": 0.006536042914312229,
      "공동체": 0.006407859923493059,
      "대상": 0.006310625929508339,
      "이방인": 0.006259160406427468,
      "가운데": 0.006145321426893954,
      "기도": 0.006112456209325041,
      "사회": 0.005826138225149907,
      "지구촌교회": 0.005694755728781449,
      "충만": 0.005605888298830541,
      "절": 0.005473495110010348,
      "도": 0.005465004519509489,
      "말": 0.005463729259834442,
      "제자": 0.005451591037881976,
      "이름": 0.005255977211305175,
      "등장": 0.005035767082835912,
      "사용": 0.004966318587994576,
      "문제": 0.004772463612979212,
      "형제": 0.004490971805117051,
      "이유": 0.00386372060433189,
      "본문": 0.003815698021194569,
      "사역": 0.003687284848660865,
      "당시": 0.0035402414482218285,
      "예배": 0.003395511931963394,
      "존재": 0.003342730163969925,
      "마음": 0.0033208723198162697,
      "전": 0.0032936898309382213,
      "주": 0.003187175401570091,
      "땅": 0.0030913217323881802,
      "안": 0.003041639948990536,
      "장": 0.00301442784830416
    },
    "NNP": {
      "헬라파": 0.08743962364961186,
      "히브리": 0.02322789111592696,
      "히브리파": 0.017487924729922374,
      "예루살렘": 0.01707647764237753,
      "예수": 0.01395524544849178,
      "사도행전": 0.01256931796906904,
      "누가복음": 0.006331561838177244,
      "그리스도": 0.0047643087578587515,
      "바울": 0.003733333746745718
    },
    "VA": {
      "많": 0.01120828515887979,
      "없": 0.004972770945990548,
      "어떻": 0.0037147564508059647,
      "좋": 0.003535842645951247,
      "그렇": 0.00315884476534296,
      "이렇": 0.0022603504299957035
    },
    "VV": {
      "되": 0.027527075812274367,
      "보": 0.01444043321299639,
      "있": 0.01444043321299639,
      "모이": 0.008537775717573982,
      "나오": 0.008434223042575,
      "대하": 0.007952347396691187,
      "가져오": 0.007482640592765411,
      "나누": 0.005986109683068794,
      "내리": 0.005389166166140461,
      "받": 0.005035323155222517,
      "섬기": 0.004480000496094862,
      "빠지": 0.004264118851096569,
      "보이": 0.004151598085482292,
      "따르": 0.0032051023906233276,
      "세우": 0.0032036413482857944,
      "죽": 0.00289470096952433,
      "나아가": 0.002847086402584492,
      "살": 0.0027960400242496805,
      "위하": 0.002726990494978193,
      "믿": 0.002367814439447993,
      "읽": 0.0022846994183367783
    }
  }
}