{
  "scope": "sermon",
  "idf_scope": "church",
  "church": "J-7g",
  "sermon": "J-7g-0275",
  "document_unit": "sermon_json",
  "document_count": 559,
  "min_count": 5,
  "freq": {
    "MAG": {
      "절대": 11,
      "분명히": 10,
      "안": 12,
      "그냥": 5,
      "잘": 6,
      "더": 6,
      "지금": 5
    },
    "NNB": {
      "거": 34,
      "세": 11,
      "수": 30,
      "절": 19,
      "살": 7,
      "장": 14,
      "줄": 10,
      "뿐": 5,
      "번": 6,
      "때문": 5
    },
    "NNG": {
      "하나님": 133,
      "약속": 36,
      "사례": 9,
      "말씀": 32,
      "출산": 6,
      "상속자": 6,
      "이스": 5,
      "얘기": 14,
      "염려": 9,
      "말": 23,
      "방법": 11,
      "이삭": 6,
      "저항": 5,
      "할례": 5,
      "절": 20,
      "철": 5,
      "고집": 5,
      "의심": 6,
      "오늘": 15,
      "자식": 5,
      "믿음": 12,
      "복": 8,
      "스": 6,
      "상황": 10,
      "욕심": 5,
      "발": 6,
      "허락": 7,
      "나무": 5,
      "평안": 5,
      "죄": 8,
      "민족": 6,
      "생각": 11,
      "열매": 5,
      "문제": 7,
      "가운데": 10,
      "축복": 8,
      "이름": 9,
      "마음": 9,
      "기도": 9,
      "은혜": 8,
      "나님": 5,
      "모습": 7,
      "삶": 8,
      "아들": 6,
      "장": 7,
      "인생": 6,
      "세상": 6,
      "의미": 5,
      "지금": 5,
      "앞": 6
    },
    "NNP": {
      "아브람": 17,
      "아브라함": 29,
      "마엘": 10,
      "사라": 7,
      "창세기": 7
    },
    "VA": {
      "그렇": 25,
      "없": 17,
      "기쁘": 6,
      "이렇": 8,
      "어떻": 7,
      "크": 5
    },
    "VV": {
      "되": 59,
      "있": 35,
      "믿": 23,
      "행하": 14,
      "베": 6,
      "낳": 8,
      "주": 19,
      "기다리": 8,
      "대하": 13,
      "인하": 7,
      "맺": 5,
      "보": 11,
      "바라": 8,
      "이루": 7,
      "누리": 6,
      "알": 8,
      "모르": 6,
      "따르": 6,
      "받": 7,
      "읽": 5
    }
  },
  "tfidf": {
    "MAG": {
      "절대": 0.016884534054641777,
      "분명히": 0.011302009436642361,
      "안": 0.008021524839838028,
      "그냥": 0.0037324436385635863,
      "잘": 0.0035234986890767222,
      "더": 0.00341808116005376,
      "지금": 0.003171604344220824
    },
    "NNB": {
      "거": 0.019718242810190117,
      "세": 0.01701145747894513,
      "수": 0.016787912702853944,
      "절": 0.010999346722312005,
      "살": 0.010511931277064776,
      "장": 0.008221496941179018,
      "줄": 0.006844675720840569,
      "뿐": 0.005032198366585819,
      "번": 0.0033635835833489506,
      "때문": 0.0028331807000751543
    },
    "NNG": {
      "하나님": 0.07455943609756839,
      "약속": 0.03141923243742318,
      "사례": 0.019611385681699182,
      "말씀": 0.01790710688304421,
      "출산": 0.014545734225546293,
      "상속자": 0.014381917222179425,
      "이스": 0.014060860914200194,
      "얘기": 0.013405886740277966,
      "염려": 0.013097336701260039,
      "말": 0.012986166429548678,
      "방법": 0.012193129145567425,
      "이삭": 0.012054618350685484,
      "저항": 0.011854768691580522,
      "할례": 0.011497092778010615,
      "절": 0.011312502484408628,
      "철": 0.010986959714793059,
      "고집": 0.01072028321841834,
      "의심": 0.010387790528702638,
      "오늘": 0.008393956351426972,
      "자식": 0.008349556132835789,
      "믿음": 0.008183699167083355,
      "복": 0.008105132119818633,
      "스": 0.008036249078674325,
      "상황": 0.008006619564031642,
      "욕심": 0.007732480672247785,
      "발": 0.007670436486211354,
      "허락": 0.007268977487635166,
      "나무": 0.00725164615370649,
      "평안": 0.006778573042223742,
      "죄": 0.006504783672645393,
      "민족": 0.006301841063783418,
      "생각": 0.006300149856955429,
      "열매": 0.00600490552164832,
      "문제": 0.005918175358904272,
      "가운데": 0.005862008644482373,
      "축복": 0.00543594674380286,
      "이름": 0.0053327165641893675,
      "마음": 0.00529470601538218,
      "기도": 0.005247592726907091,
      "은혜": 0.005056331582481866,
      "나님": 0.004870420048486136,
      "모습": 0.004773824514131957,
      "삶": 0.004731721776702387,
      "아들": 0.004580942720013705,
      "장": 0.004361108448320662,
      "인생": 0.004228912799614162,
      "세상": 0.0037922486868613996,
      "의미": 0.003550121959002233,
      "지금": 0.0034918958831382336,
      "앞": 0.0034610882947798305
    },
    "NNP": {
      "아브람": 0.052666488162573806,
      "아브라함": 0.044680217320396495,
      "마엘": 0.030117664435779973,
      "사라": 0.01931185818495566,
      "창세기": 0.009951379567224422
    },
    "VA": {
      "그렇": 0.013989927252378288,
      "없": 0.00953015348615536,
      "기쁘": 0.006434104303998283,
      "이렇": 0.004484778111131934,
      "어떻": 0.004030729019649001,
      "크": 0.0031431981565766777
    },
    "VV": {
      "되": 0.03301622831561276,
      "있": 0.019585898153329603,
      "믿": 0.013506744974794102,
      "행하": 0.01167481181414973,
      "베": 0.011337525680406607,
      "낳": 0.01115458254852923,
      "주": 0.010785330728365917,
      "기다리": 0.008345181773714986,
      "대하": 0.008012423887936476,
      "인하": 0.006774820242370308,
      "맺": 0.006251221552664892,
      "보": 0.006155567991046447,
      "바라": 0.005818279858974804,
      "이루": 0.005724835527460149,
      "누리": 0.0053977336556970896,
      "알": 0.004516927453756062,
      "모르": 0.00426014635080268,
      "따르": 0.003974542192289477,
      "받": 0.003973542899924285,
      "읽": 0.0028331807000751543
    }
  }
}