{
  "scope": "sermon",
  "idf_scope": "church",
  "church": "B-Rg",
  "sermon": "B-Rg-0023",
  "document_unit": "sermon_json",
  "document_count": 179,
  "min_count": 5,
  "freq": {
    "MAG": {
      "안": 35,
      "다": 29,
      "더욱": 7,
      "이제": 14,
      "너무너무": 8,
      "늘": 9,
      "자꾸": 11,
      "못": 11,
      "금방": 5,
      "싹": 5,
      "더": 9,
      "가장": 8,
      "다시": 7,
      "잘못": 6,
      "지금": 6,
      "많이": 5
    },
    "NNB": {
      "거": 72,
      "분": 28,
      "수": 13,
      "번": 10,
      "때문": 10
    },
    "NNG": {
      "은사": 19,
      "선물": 17,
      "사람": 45,
      "죄": 39,
      "말씀": 43,
      "감옥": 16,
      "생각": 37,
      "하나님": 34,
      "노릇": 11,
      "구원": 25,
      "십자가": 19,
      "감사": 18,
      "범죄": 10,
      "왕": 15,
      "짝": 7,
      "속": 19,
      "은혜": 19,
      "방언": 10,
      "생명": 15,
      "목사": 17,
      "사랑": 19,
      "소용": 6,
      "주": 18,
      "천국": 13,
      "찬양": 7,
      "기도": 14,
      "말": 13,
      "집중": 5,
      "무릎": 5,
      "인생": 7,
      "안": 10,
      "용서": 7,
      "필요": 8,
      "사망": 6,
      "예언": 7,
      "상황": 7,
      "절": 9,
      "삶": 7,
      "뜻": 9,
      "순종": 5,
      "세상": 8,
      "성경": 8,
      "자녀": 5,
      "아버지": 6,
      "집": 5,
      "교회": 6,
      "길": 5,
      "중요": 5,
      "사실": 5
    },
    "NNP": {
      "예수": 62,
      "그리스도": 11,
      "멘": 10
    },
    "VA": {
      "많": 22,
      "귀찮": 5,
      "없": 20,
      "예쁘": 7,
      "쉽": 13,
      "아프": 8,
      "낮": 9,
      "그렇": 13,
      "귀하": 6,
      "같": 10,
      "높": 6,
      "어떻": 8,
      "좋": 6,
      "이렇": 5
    },
    "VV": {
      "되": 85,
      "받": 53,
      "말미암": 18,
      "살": 37,
      "있": 34,
      "위하": 32,
      "보": 25,
      "멈추": 7,
      "인하": 13,
      "넘치": 7,
      "바라보": 9,
      "따라가": 10,
      "바치": 6,
      "끌": 7,
      "죽": 13,
      "택하": 6,
      "주": 13,
      "이르": 11,
      "돌아가": 10,
      "들어오": 8,
      "박히": 7,
      "느끼": 5,
      "그러": 10,
      "드리": 10,
      "믿": 10,
      "만들": 7,
      "알": 8,
      "배우": 5,
      "가르치": 5,
      "짓": 6,
      "들어가": 6,
      "듣": 6,
      "내": 5,
      "먹": 5,
      "읽": 5,
      "대하": 5,
      "모르": 5,
      "가지": 5
    }
  },
  "tfidf": {
    "MAG": {
      "안": 0.01358695652173913,
      "다": 0.01125776397515528,
      "더욱": 0.008688110264500596,
      "이제": 0.005495507068468072,
      "너무너무": 0.004606915060800858,
      "늘": 0.0044988892282865015,
      "자꾸": 0.0044149522781182044,
      "못": 0.004341955862375851,
      "금방": 0.0042422819597394005,
      "싹": 0.004207308152474886,
      "더": 0.0035525093419438783,
      "가장": 0.0033758117297814586,
      "다시": 0.002809515086075221,
      "잘못": 0.002723003874325933,
      "지금": 0.002355217315057745,
      "많이": 0.0019736163010799323
    },
    "NNB": {
      "거": 0.027950310559006212,
      "분": 0.010991014136936143,
      "수": 0.005046583850931677,
      "번": 0.003969226924891532,
      "때문": 0.0038819875776397515
    },
    "NNG": {
      "은사": 0.02322214823376124,
      "선물": 0.02077771157757585,
      "사람": 0.01746894409937888,
      "죄": 0.017113397087215255,
      "말씀": 0.016692546583850932,
      "감옥": 0.016562710101081048,
      "생각": 0.01436335403726708,
      "하나님": 0.013198757763975156,
      "노릇": 0.013055935164818195,
      "구원": 0.01078758235545174,
      "십자가": 0.009282288601487132,
      "감사": 0.008644540481056326,
      "범죄": 0.008484563919478801,
      "왕": 0.008381405239424567,
      "짝": 0.008308322377611577,
      "속": 0.00815289200213459,
      "은혜": 0.007884652390625807,
      "방언": 0.007836062038022411,
      "생명": 0.007808190529720068,
      "목사": 0.007459685909811779,
      "사랑": 0.007375776397515528,
      "소용": 0.007333309968556182,
      "주": 0.006987577639751553,
      "천국": 0.006314863186200225,
      "찬양": 0.005527374368289506,
      "기도": 0.005434782608695652,
      "말": 0.005046583850931677,
      "집중": 0.004812470466199345,
      "무릎": 0.004720024718937593,
      "인생": 0.004693067207162029,
      "안": 0.004615724165158196,
      "용서": 0.004600943425434634,
      "필요": 0.004579062048432036,
      "사망": 0.004399592603305995,
      "예언": 0.004260826189146574,
      "상황": 0.0042343148441863435,
      "절": 0.003755693845598253,
      "삶": 0.0036438222472026985,
      "뜻": 0.0035328259725866174,
      "순종": 0.00337463034673273,
      "세상": 0.003283100664099219,
      "성경": 0.0031753815399132254,
      "자녀": 0.0028968875875345387,
      "아버지": 0.002603531915348719,
      "집": 0.002485058162178102,
      "교회": 0.002448664505561065,
      "길": 0.0023209327972168,
      "중요": 0.002145497895298576,
      "사실": 0.0020864965808879182
    },
    "NNP": {
      "예수": 0.02406832298136646,
      "그리스도": 0.004564798752467573,
      "멘": 0.004538339790543222
    },
    "VA": {
      "많": 0.008540372670807454,
      "귀찮": 0.007984307665392806,
      "없": 0.007763975155279503,
      "예쁘": 0.007090863892483969,
      "쉽": 0.006314863186200225,
      "아프": 0.005472484633686014,
      "낮": 0.005278505673095465,
      "그렇": 0.005046583850931677,
      "귀하": 0.004596543041259558,
      "같": 0.003903614305316209,
      "높": 0.00349753641768882,
      "어떻": 0.0031228914442529673,
      "좋": 0.0024760670868799774,
      "이렇": 0.0019409937888198758
    },
    "VV": {
      "되": 0.03299689440993789,
      "받": 0.020574534161490684,
      "말미암": 0.015531043816803416,
      "살": 0.01452384010952276,
      "있": 0.013198757763975156,
      "위하": 0.01249156577701187,
      "보": 0.009704968944099378,
      "멈추": 0.007497200126100717,
      "인하": 0.007177616049502753,
      "넘치": 0.00642477025652477,
      "바라보": 0.006327007742991832,
      "따라가": 0.0060868945559236776,
      "바치": 0.00601406584995183,
      "끌": 0.005794874566151607,
      "죽": 0.005276013533772456,
      "택하": 0.005221381519352757,
      "주": 0.005046583850931677,
      "이르": 0.004881253602502875,
      "돌아가": 0.004267106560882951,
      "들어오": 0.004188725976495711,
      "박히": 0.004130782653337783,
      "느끼": 0.004009748575009935,
      "그러": 0.0038819875776397515,
      "드리": 0.0038819875776397515,
      "믿": 0.0038819875776397515,
      "만들": 0.0031062522925018295,
      "알": 0.003105590062111801,
      "배우": 0.002879321913000536,
      "가르치": 0.002844660388544002,
      "짓": 0.0026328303211100392,
      "들어가": 0.0024350831694334414,
      "듣": 0.0023683395612959187,
      "내": 0.0023340921275455634,
      "먹": 0.0021335532804414754,
      "읽": 0.0020749085238488964,
      "대하": 0.0020633892390666477,
      "모르": 0.0020405537546342206,
      "가지": 0.0019518071526581045
    }
  }
}