{
  "scope": "sermon",
  "idf_scope": "church",
  "church": "O-1g",
  "sermon": "O-1g-0029",
  "document_unit": "sermon_json",
  "document_count": 65,
  "min_count": 5,
  "freq": {
    "MAG": {
      "안": 23,
      "무조건": 5,
      "다": 11,
      "사실": 10,
      "굉장히": 9,
      "항상": 7,
      "지금": 8,
      "실제로": 7,
      "아주": 7,
      "이제": 7,
      "정말": 7
    },
    "NNB": {
      "거": 62,
      "수": 26,
      "번": 15,
      "때문": 8
    },
    "NNG": {
      "스데반": 30,
      "하나님": 90,
      "최선": 16,
      "순교": 20,
      "허락": 25,
      "말씀": 40,
      "순종": 25,
      "실패": 13,
      "스": 10,
      "순교자": 8,
      "반": 11,
      "자매": 11,
      "선교사": 13,
      "사건": 10,
      "사람": 18,
      "주": 18,
      "선교": 9,
      "믿음": 14,
      "꿈": 6,
      "상황": 11,
      "말": 13,
      "순": 5,
      "기도": 12,
      "마음": 12,
      "충격": 7,
      "하늘": 6,
      "돌": 5,
      "열매": 5,
      "십자가": 8,
      "순간": 8,
      "자리": 7,
      "필요": 7,
      "목사": 8,
      "생각": 8,
      "오늘": 8,
      "이야기": 7,
      "중요": 7,
      "복음": 6,
      "절": 6,
      "교회": 6,
      "뜻": 5,
      "사실": 5,
      "전": 5,
      "안": 5
    },
    "NNP": {
      "데": 8,
      "예수": 24,
      "스데반": 7,
      "다윗": 7,
      "중국": 5,
      "주님": 5
    },
    "VA": {
      "그렇": 31,
      "없": 14,
      "이렇": 10,
      "같": 10,
      "어떻": 9,
      "많": 6,
      "어렵": 5
    },
    "VV": {
      "되": 53,
      "있": 38,
      "죽": 31,
      "겁": 10,
      "받": 24,
      "그러": 13,
      "죽이": 6,
      "믿": 11,
      "보": 11,
      "알": 11,
      "살": 10,
      "전하": 9,
      "듣": 8,
      "주": 8,
      "대하": 7,
      "계시": 7,
      "나오": 7,
      "통하": 6,
      "열리": 5,
      "쓰": 6,
      "읽": 5,
      "생기": 5
    }
  },
  "tfidf": {
    "MAG": {
      "안": 0.011318897637795276,
      "무조건": 0.0064584286037521876,
      "다": 0.0054133858267716535,
      "사실": 0.005308961013056664,
      "굉장히": 0.005001429913051209,
      "항상": 0.003949913542983822,
      "지금": 0.003937007874015748,
      "실제로": 0.0037162727091396655,
      "아주": 0.0036051378491359495,
      "이제": 0.0034974765280096055,
      "정말": 0.0034448818897637795
    },
    "NNB": {
      "거": 0.03051181102362205,
      "수": 0.012795275590551181,
      "번": 0.007494592560020583,
      "때문": 0.003937007874015748
    },
    "NNG": {
      "스데반": 0.047889930014337286,
      "하나님": 0.04429133858267716,
      "최선": 0.026755080888176148,
      "순교": 0.023790019879789806,
      "허락": 0.02010711959322111,
      "말씀": 0.01968503937007874,
      "순종": 0.017291647491488243,
      "실패": 0.016791914369755686,
      "스": 0.015306167324540302,
      "순교자": 0.014973859767348562,
      "반": 0.013433882849491324,
      "자매": 0.013433882849491324,
      "선교사": 0.009289274905836488,
      "사건": 0.009140995235488295,
      "사람": 0.008858267716535433,
      "주": 0.008858267716535433,
      "선교": 0.007238563053559599,
      "믿음": 0.007101773238845744,
      "꿈": 0.0069579962538490435,
      "상황": 0.00660088145335499,
      "말": 0.0063976377952755905,
      "순": 0.006276076310066848,
      "기도": 0.005905511811023622,
      "마음": 0.005905511811023622,
      "충격": 0.00583269205901556,
      "하늘": 0.00581922908609712,
      "돌": 0.005524645085777522,
      "열매": 0.004570497617744147,
      "십자가": 0.0043784145595303385,
      "순간": 0.0042471688104453315,
      "자리": 0.0042005609248622665,
      "필요": 0.0042005609248622665,
      "목사": 0.003937007874015748,
      "생각": 0.003937007874015748,
      "오늘": 0.003937007874015748,
      "이야기": 0.0037732142020818283,
      "중요": 0.0036051378491359495,
      "복음": 0.0034379027105057376,
      "절": 0.0031853766078339986,
      "교회": 0.002952755905511811,
      "뜻": 0.002909255799197723,
      "사실": 0.002821366816417016,
      "전": 0.002654480506528332,
      "안": 0.0024606299212598425
    },
    "NNP": {
      "데": 0.013377540444088074,
      "예수": 0.011811023622047244,
      "스데반": 0.010308568480724135,
      "다윗": 0.008548834540585389,
      "중국": 0.0052783767330290415,
      "주님": 0.00269515300148702
    },
    "VA": {
      "그렇": 0.015255905511811024,
      "없": 0.006889763779527559,
      "이렇": 0.004996395040013722,
      "같": 0.004921259842519685,
      "어떻": 0.0044291338582677165,
      "많": 0.002952755905511811,
      "어렵": 0.002654480506528332
    },
    "VV": {
      "되": 0.02608267716535433,
      "있": 0.018700787401574805,
      "죽": 0.01620971017048295,
      "겁": 0.012552152620133697,
      "받": 0.011811023622047244,
      "그러": 0.0063976377952755905,
      "죽이": 0.0061966898287444195,
      "믿": 0.0054133858267716535,
      "보": 0.0054133858267716535,
      "알": 0.0054133858267716535,
      "살": 0.004921259842519685,
      "전하": 0.004851275402676636,
      "듣": 0.004058156136483282,
      "주": 0.003937007874015748,
      "대하": 0.0034974765280096055,
      "계시": 0.0034448818897637795,
      "나오": 0.0034448818897637795,
      "통하": 0.003334286608700806,
      "열리": 0.003143778879424901,
      "쓰": 0.0031373632588031514,
      "읽": 0.002909255799197723,
      "생기": 0.002821366816417016
    }
  }
}