{
  "scope": "sermon",
  "idf_scope": "church",
  "church": "O-1g",
  "sermon": "O-1g-0011",
  "document_unit": "sermon_json",
  "document_count": 65,
  "min_count": 5,
  "freq": {
    "MAG": {
      "다": 28,
      "정말": 23,
      "지금": 14,
      "이제": 13,
      "아마": 8,
      "안": 9,
      "너무": 8,
      "분명": 7,
      "잘": 7,
      "너무나": 6,
      "굉장히": 6,
      "그냥": 6,
      "더": 6,
      "항상": 5,
      "다시": 5,
      "실제로": 5
    },
    "NNB": {
      "거": 70,
      "수": 26,
      "번": 21,
      "때문": 10,
      "장": 7,
      "분": 5
    },
    "NNG": {
      "용서": 40,
      "하나님": 60,
      "가정": 49,
      "말씀": 43,
      "부부": 21,
      "문제": 27,
      "주": 27,
      "구원": 21,
      "행복": 14,
      "남편": 12,
      "집": 16,
      "관계": 12,
      "몸": 13,
      "사람": 19,
      "포도나무": 7,
      "부모": 10,
      "장면": 6,
      "사랑": 16,
      "영화": 6,
      "안": 16,
      "결혼": 8,
      "말": 15,
      "사이": 10,
      "가지": 5,
      "진짜": 13,
      "자녀": 9,
      "가족": 9,
      "상담": 5,
      "감당": 7,
      "교회": 10,
      "직장": 5,
      "아내": 6,
      "마음": 9,
      "성도": 8,
      "이야기": 7,
      "생각": 7,
      "내용": 5,
      "이유": 6,
      "세상": 6,
      "장": 5,
      "죄": 5,
      "믿음": 6,
      "기도": 6,
      "뜻": 5,
      "사실": 5,
      "성경": 5,
      "감사": 5,
      "오늘": 5
    },
    "NNP": {
      "에스겔": 17,
      "예수": 34,
      "윌": 5
    },
    "VA": {
      "그렇": 33,
      "없": 27,
      "어렵": 12,
      "이렇": 12,
      "어떻": 12,
      "많": 11,
      "같": 10,
      "놀랍": 7,
      "좋": 6
    },
    "VV": {
      "되": 61,
      "믿": 55,
      "있": 47,
      "살": 31,
      "받": 25,
      "보": 16,
      "만나": 11,
      "알": 9,
      "대하": 8,
      "다니": 5,
      "계시": 7,
      "나오": 6
    }
  },
  "tfidf": {
    "MAG": {
      "다": 0.013176470588235295,
      "정말": 0.010823529411764706,
      "지금": 0.006588235294117647,
      "이제": 0.006211048064800118,
      "아마": 0.00425115004792473,
      "안": 0.0042352941176470585,
      "너무": 0.0037647058823529413,
      "분명": 0.0034473600515031767,
      "잘": 0.0033954831109022474,
      "너무나": 0.003338319689771166,
      "굉장히": 0.0031883625359435475,
      "그냥": 0.0028666375683692852,
      "더": 0.002823529411764706,
      "항상": 0.0026978905275102947,
      "다시": 0.0025383079478896804,
      "실제로": 0.0025383079478896804
    },
    "NNB": {
      "거": 0.03294117647058824,
      "수": 0.01223529411764706,
      "번": 0.010033231489292497,
      "때문": 0.004705882352941176,
      "장": 0.004016724611444765,
      "분": 0.002352941176470588
    },
    "NNG": {
      "용서": 0.028726458275704074,
      "하나님": 0.02823529411764706,
      "가정": 0.02564411652137157,
      "말씀": 0.02023529411764706,
      "부부": 0.015338089519200395,
      "문제": 0.013096863427765811,
      "주": 0.012705882352941176,
      "구원": 0.01223841481992704,
      "행복": 0.011154852013100817,
      "남편": 0.010099523917351173,
      "집": 0.009619815428504694,
      "관계": 0.009229025960679597,
      "몸": 0.009181213526052875,
      "사람": 0.008941176470588235,
      "포도나무": 0.008909758421491283,
      "부모": 0.008261964882547197,
      "장면": 0.008151726067856132,
      "사랑": 0.00800015327609475,
      "영화": 0.007636935789849672,
      "안": 0.0075294117647058826,
      "결혼": 0.00712966729796554,
      "말": 0.007058823529411765,
      "사이": 0.006508198834146379,
      "가지": 0.006364113158208059,
      "진짜": 0.006305897205961317,
      "자녀": 0.005673206711928142,
      "가족": 0.005584039331796146,
      "상담": 0.0055445679952240215,
      "감당": 0.005027130198248214,
      "교회": 0.004705882352941176,
      "직장": 0.004456042061228462,
      "아내": 0.004382311291200113,
      "마음": 0.0042352941176470585,
      "성도": 0.00382218342449238,
      "이야기": 0.0036080805922966003,
      "생각": 0.0032941176470588237,
      "내용": 0.0032540994170731897,
      "이유": 0.0031883625359435475,
      "세상": 0.003045969537467617,
      "장": 0.0029595979042402348,
      "죄": 0.0029139082904588187,
      "믿음": 0.0029104140950590696,
      "기도": 0.002823529411764706,
      "뜻": 0.002781933074809305,
      "사실": 0.0026978905275102947,
      "성경": 0.0026978905275102947,
      "감사": 0.0026167465838134256,
      "오늘": 0.002352941176470588
    },
    "NNP": {
      "에스겔": 0.024881705602772718,
      "예수": 0.016,
      "윌": 0.010580017791685834
    },
    "VA": {
      "그렇": 0.015529411764705882,
      "없": 0.012705882352941176,
      "어렵": 0.006091939074935234,
      "이렇": 0.0057332751367385705,
      "어떻": 0.005647058823529412,
      "많": 0.0051764705882352945,
      "같": 0.004705882352941176,
      "놀랍": 0.0033444104964308326,
      "좋": 0.0028666375683692852
    },
    "VV": {
      "되": 0.028705882352941175,
      "믿": 0.02588235294117647,
      "있": 0.02211764705882353,
      "살": 0.014588235294117647,
      "받": 0.011764705882352941,
      "보": 0.0075294117647058826,
      "만나": 0.005500105377315141,
      "알": 0.0042352941176470585,
      "대하": 0.00382218342449238,
      "다니": 0.0033069767249603865,
      "계시": 0.0032941176470588237,
      "나오": 0.002823529411764706
    }
  }
}