{
  "scope": "sermon",
  "idf_scope": "church",
  "church": "O-1g",
  "sermon": "O-1g-0045",
  "document_unit": "sermon_json",
  "document_count": 65,
  "min_count": 5,
  "freq": {
    "MAG": {
      "너무": 27,
      "다": 22,
      "이제": 21,
      "다시": 17,
      "꼭": 16,
      "정말": 18,
      "안": 15,
      "지금": 13,
      "잘못": 8,
      "더": 11,
      "잘": 10,
      "그냥": 9,
      "사실": 8,
      "막": 6,
      "계속": 7,
      "항상": 6,
      "또는": 5,
      "아마": 6,
      "많이": 6,
      "못": 6,
      "늘": 5
    },
    "NNB": {
      "거": 70,
      "수": 22,
      "때문": 10,
      "분": 6,
      "절": 5
    },
    "NNG": {
      "교회": 205,
      "사랑": 50,
      "사람": 50,
      "남편": 24,
      "창립": 13,
      "몸": 27,
      "주": 38,
      "비홀드": 11,
      "홀드": 9,
      "아내": 22,
      "성찬": 11,
      "마음": 32,
      "주름": 6,
      "할머님": 6,
      "말": 23,
      "말씀": 23,
      "할아버지": 5,
      "목사": 22,
      "복종": 6,
      "빵": 5,
      "비판": 5,
      "딸": 9,
      "하나님": 16,
      "생각": 15,
      "사울": 5,
      "눈": 14,
      "느낌": 10,
      "이야기": 12,
      "기도": 13,
      "상처": 6,
      "머리": 7,
      "문제": 12,
      "성도": 12,
      "대신": 6,
      "교인": 10,
      "점검": 5,
      "가정": 10,
      "핍박": 5,
      "예배": 10,
      "점": 6,
      "안": 10,
      "오늘": 10,
      "결혼": 5,
      "아들": 6,
      "예배당": 6,
      "경우": 5,
      "은혜": 8,
      "영광": 5,
      "복음": 6,
      "날": 6,
      "시작": 6,
      "생활": 5,
      "자리": 5,
      "삶": 6,
      "처음": 5,
      "이유": 5,
      "정도": 5,
      "진짜": 5
    },
    "NNP": {
      "예수": 51,
      "비": 9,
      "한국": 7,
      "멘": 5
    },
    "VA": {
      "그렇": 42,
      "많": 26,
      "이렇": 20,
      "같": 20,
      "없": 17,
      "어떻": 13,
      "좋": 11,
      "안타깝": 7,
      "새롭": 6,
      "싫": 5,
      "크": 6
    },
    "VV": {
      "되": 94,
      "있": 62,
      "보": 26,
      "미워하": 8,
      "소문나": 5,
      "떠나": 12,
      "받": 15,
      "위하": 14,
      "대하": 14,
      "살": 13,
      "주": 13,
      "세우": 8,
      "만나": 10,
      "뜨": 6,
      "죽": 9,
      "그러": 8,
      "믿": 8,
      "먹": 5,
      "지나": 6,
      "가지": 7,
      "드리": 7,
      "알": 7,
      "지": 5,
      "모르": 6,
      "듣": 6,
      "보이": 6,
      "나오": 6,
      "바라보": 5
    }
  },
  "tfidf": {
    "MAG": {
      "너무": 0.009663564781675018,
      "다": 0.007874015748031496,
      "이제": 0.007630857879293684,
      "다시": 0.006563806343415513,
      "꼭": 0.006466495241116714,
      "정말": 0.006442376521116679,
      "안": 0.005368647100930566,
      "지금": 0.0046528274874731565,
      "잘못": 0.004157437720094652,
      "더": 0.003937007874015748,
      "잘": 0.0036892328513484385,
      "그냥": 0.003270367662554437,
      "사실": 0.003088850043960241,
      "막": 0.0027011362404483178,
      "계속": 0.0026620051892875226,
      "항상": 0.0024622837670548506,
      "또는": 0.002435600117282267,
      "아마": 0.002424935715418768,
      "많이": 0.0022473586592016313,
      "못": 0.0022473586592016313,
      "늘": 0.0019014322780625161
    },
    "NNB": {
      "거": 0.025053686471009307,
      "수": 0.007874015748031496,
      "때문": 0.0035790980672870437,
      "분": 0.0021474588403722263,
      "절": 0.0020207797628489736
    },
    "NNG": {
      "교회": 0.0733715103793844,
      "사랑": 0.019014322780625162,
      "사람": 0.01789549033643522,
      "남편": 0.015362554276572115,
      "창립": 0.015092584004518416,
      "몸": 0.014502839217479314,
      "주": 0.013600572655690766,
      "비홀드": 0.012770648003823276,
      "홀드": 0.012251339809648824,
      "아내": 0.012221012459055432,
      "성찬": 0.011781221120827582,
      "마음": 0.01145311381531854,
      "주름": 0.009656064913671753,
      "할머님": 0.009656064913671753,
      "말": 0.0082319255547602,
      "말씀": 0.0082319255547602,
      "할아버지": 0.008046720761393128,
      "목사": 0.007874015748031496,
      "복종": 0.007688368281157463,
      "빵": 0.007321121069001998,
      "비판": 0.0068062998942493465,
      "딸": 0.005983196881410521,
      "하나님": 0.00572655690765927,
      "생각": 0.005368647100930566,
      "사울": 0.005166552700487437,
      "눈": 0.005164925991887814,
      "느낌": 0.004794227417023504,
      "이야기": 0.004704267057140981,
      "기도": 0.0046528274874731565,
      "상처": 0.004606583330643527,
      "머리": 0.004480744997333533,
      "문제": 0.004427079421618126,
      "성도": 0.004360490216739249,
      "대신": 0.004066895939918604,
      "교인": 0.004041559525697947,
      "점검": 0.004017923698747289,
      "가정": 0.003980376872300307,
      "핍박": 0.003926131833343656,
      "예배": 0.0037455977653360517,
      "점": 0.003635963880944765,
      "안": 0.0035790980672870437,
      "오늘": 0.0035790980672870437,
      "결혼": 0.00338907994993217,
      "아들": 0.003277222110014558,
      "예배당": 0.003277222110014558,
      "경우": 0.003261200629992755,
      "은혜": 0.0029513862810787504,
      "영광": 0.00264152232520064,
      "복음": 0.0025002928803678093,
      "날": 0.0023166375329701813,
      "시작": 0.0023166375329701813,
      "생활": 0.002286384639581746,
      "자리": 0.002182109571357022,
      "삶": 0.0021802451083696244,
      "처음": 0.0021158223994165257,
      "이유": 0.0020207797628489736,
      "정도": 0.0018446164256742193,
      "진짜": 0.0018446164256742193
    },
    "NNP": {
      "예수": 0.01825340014316392,
      "비": 0.011532552421736194,
      "한국": 0.003102676150363274,
      "멘": 0.0029765465594313962
    },
    "VA": {
      "그렇": 0.015032211882605583,
      "많": 0.009305654974946313,
      "이렇": 0.007267483694565415,
      "같": 0.0071581961345740875,
      "없": 0.006084466714387974,
      "어떻": 0.0046528274874731565,
      "좋": 0.003997116032010977,
      "안타깝": 0.003521208216448515,
      "새롭": 0.003509606328998594,
      "싫": 0.003029969900787304,
      "크": 0.0021474588403722263
    },
    "VV": {
      "되": 0.03364352183249821,
      "있": 0.02219040801717967,
      "보": 0.009305654974946313,
      "미워하": 0.006428677917995662,
      "소문나": 0.0060807002018582156,
      "떠나": 0.0054022724808966355,
      "받": 0.005368647100930566,
      "위하": 0.005324010378575045,
      "대하": 0.00508723858619579,
      "살": 0.0046528274874731565,
      "주": 0.0046528274874731565,
      "세우": 0.003835381933618803,
      "만나": 0.0038028645561250323,
      "뜨": 0.003635963880944765,
      "죽": 0.003422578100512529,
      "그러": 0.002863278453829635,
      "믿": 0.002863278453829635,
      "먹": 0.0025983985750591574,
      "지나": 0.0025389868792998313,
      "가지": 0.0025053686471009306,
      "드리": 0.0025053686471009306,
      "알": 0.0025053686471009306,
      "지": 0.002474932448561392,
      "모르": 0.0022473586592016313,
      "듣": 0.002213539710809063,
      "보이": 0.002213539710809063,
      "나오": 0.0021474588403722263,
      "바라보": 0.0019305312774751508
    }
  }
}