{
  "scope": "sermon",
  "idf_scope": "church",
  "church": "O-Gg",
  "sermon": "O-Gg-0196",
  "document_unit": "sermon_json",
  "document_count": 233,
  "min_count": 5,
  "freq": {
    "MAG": {
      "장차": 10,
      "족히": 6,
      "그냥": 16,
      "스스로": 10,
      "못": 14,
      "안": 13,
      "다": 12,
      "더": 11,
      "정말로": 10,
      "잘": 8,
      "지금": 8
    },
    "NNB": {
      "수": 40,
      "도": 5,
      "번": 17,
      "거": 11,
      "때문": 7,
      "장": 6
    },
    "NNG": {
      "고난": 110,
      "주": 109,
      "고통": 64,
      "사람": 65,
      "말": 29,
      "부인": 15,
      "죽음": 24,
      "믿음": 25,
      "생각": 22,
      "영광": 21,
      "동참": 7,
      "말씀": 21,
      "신앙": 19,
      "비교": 8,
      "구원": 16,
      "안": 16,
      "현재": 5,
      "성품": 5,
      "지옥": 14,
      "천국": 14,
      "부활": 8,
      "생활": 12,
      "잠": 5,
      "감사": 12,
      "앞": 12,
      "하나님": 12,
      "담당": 6,
      "십자가": 11,
      "배": 7,
      "오늘": 11,
      "거짓말": 5,
      "아버지": 10,
      "육신": 10,
      "정도": 9,
      "죄": 10,
      "제자": 7,
      "성경": 9,
      "시험": 6,
      "주님": 7,
      "충성": 7,
      "소유": 5,
      "해결": 6,
      "피": 8,
      "영혼": 8,
      "모습": 6,
      "육체": 6,
      "가치": 5,
      "인도": 6,
      "소리": 7,
      "한": 6,
      "경험": 5,
      "행동": 5,
      "곳": 5,
      "영생": 5,
      "예배": 6,
      "사랑": 6,
      "설교": 5,
      "사실": 5,
      "가운데": 5,
      "날": 5,
      "기도": 5,
      "속": 5,
      "은혜": 5
    },
    "NNP": {
      "예수": 58,
      "주님": 19,
      "바울": 5,
      "그리스도": 7
    },
    "VA": {
      "없": 49,
      "그렇": 25,
      "같": 17,
      "심하": 5,
      "힘들": 10,
      "많": 9,
      "어떻": 9,
      "이렇": 8,
      "수많": 5,
      "크": 5
    },
    "VV": {
      "있": 63,
      "죽": 61,
      "되": 42,
      "위하": 28,
      "받": 25,
      "당하": 22,
      "믿": 21,
      "알": 19,
      "견디": 11,
      "살": 13,
      "그러": 11,
      "보": 10,
      "맞": 9,
      "죽이": 8,
      "모르": 9,
      "나타나": 7,
      "쓰": 8,
      "읽": 7,
      "속": 5,
      "통하": 7,
      "가지": 7,
      "이기": 6,
      "보내": 6,
      "계시": 5,
      "만들": 5,
      "주": 5
    }
  },
  "tfidf": {
    "MAG": {
      "장차": 0.013725304173177286,
      "족히": 0.009027088591670408,
      "그냥": 0.0060629026146267525,
      "스스로": 0.005449190142261376,
      "못": 0.005327759479002657,
      "안": 0.0049261083743842365,
      "다": 0.004547176960970065,
      "더": 0.004204024698978895,
      "정말로": 0.0038218406354353597,
      "잘": 0.0030314513073133762,
      "지금": 0.0030314513073133762
    },
    "NNB": {
      "수": 0.015157256536566882,
      "도": 0.00646229381893573,
      "번": 0.006441834028040924,
      "거": 0.004168245547555892,
      "때문": 0.002652519893899204,
      "장": 0.0023627602421067407
    },
    "NNG": {
      "고난": 0.06460973742369076,
      "주": 0.04130352406214475,
      "고통": 0.025419309590543875,
      "사람": 0.024630541871921183,
      "말": 0.01098901098901099,
      "부인": 0.010689333858588397,
      "죽음": 0.010121896446164978,
      "믿음": 0.009971994443780049,
      "생각": 0.008336491095111784,
      "영광": 0.008234372276541769,
      "동참": 0.008191048502310947,
      "말씀": 0.007957559681697613,
      "신앙": 0.007514144072205598,
      "비교": 0.006689885178653558,
      "구원": 0.006114945016696575,
      "안": 0.006088867976003037,
      "현재": 0.0056059370100250494,
      "성품": 0.005494454440826616,
      "지옥": 0.005327759479002657,
      "천국": 0.005305039787798408,
      "부활": 0.004790068335449944,
      "생활": 0.004725520484213481,
      "잠": 0.00460395874312723,
      "감사": 0.004566650982002278,
      "앞": 0.004547176960970065,
      "하나님": 0.004547176960970065,
      "담당": 0.004347161045292226,
      "십자가": 0.004331727110529024,
      "배": 0.0041913097935187,
      "오늘": 0.0041860967335020875,
      "거짓말": 0.003881398006997818,
      "아버지": 0.0038218406354353597,
      "육신": 0.0038055424850018983,
      "정도": 0.0037957111673118664,
      "죄": 0.0037893141341417205,
      "제자": 0.003711075092863112,
      "성경": 0.003513959788134403,
      "시험": 0.0033616992185004787,
      "주님": 0.003247248006639561,
      "충성": 0.0031911079239020463,
      "소유": 0.0030978392378792434,
      "해결": 0.0030956519466864853,
      "피": 0.0030574725083482874,
      "영혼": 0.0030314513073133762,
      "모습": 0.00301346510140499,
      "육체": 0.0029602793198785665,
      "가치": 0.0027754614031431702,
      "인도": 0.0027591680946526544,
      "소리": 0.002686746431925485,
      "한": 0.002607927437566874,
      "경험": 0.002568121802829676,
      "행동": 0.0025112209178374915,
      "곳": 0.002370811724670152,
      "영생": 0.002339835714815037,
      "예배": 0.002293104381261216,
      "사랑": 0.0022735884804850324,
      "설교": 0.002090683936873124,
      "사실": 0.002063935392830333,
      "가운데": 0.001977406334790947,
      "날": 0.0019191045942324892,
      "기도": 0.0019109203177176798,
      "속": 0.0018946570670708603,
      "은혜": 0.0018946570670708603
    },
    "NNP": {
      "예수": 0.02197802197802198,
      "주님": 0.007355203912188622,
      "바울": 0.003037686342247223,
      "그리스도": 0.002877143467453683
    },
    "VA": {
      "없": 0.01856763925729443,
      "그렇": 0.009473285335354301,
      "같": 0.006441834028040924,
      "심하": 0.0047082781390784005,
      "힘들": 0.004127870785660666,
      "많": 0.003498969070719722,
      "어떻": 0.0034396565718918235,
      "이렇": 0.0030314513073133762,
      "수많": 0.002055102476752631,
      "크": 0.0019273243774810646
    },
    "VV": {
      "있": 0.023872679045092837,
      "죽": 0.023114816218264493,
      "되": 0.015915119363395226,
      "위하": 0.010610079575596816,
      "받": 0.009473285335354301,
      "당하": 0.009120362596537356,
      "믿": 0.007991639218503986,
      "알": 0.0071996968548692685,
      "견디": 0.005858323679117017,
      "살": 0.0049261083743842365,
      "그러": 0.0041860967335020875,
      "보": 0.0037893141341417205,
      "맞": 0.0036207814024433725,
      "죽이": 0.0035074005268955354,
      "모르": 0.0034249882365017083,
      "나타나": 0.0033191364145382122,
      "쓰": 0.0030837190039697034,
      "읽": 0.0029269575116223734,
      "속": 0.002854416871882405,
      "통하": 0.002686746431925485,
      "가지": 0.0026638797395013283,
      "이기": 0.002585527369867719,
      "보내": 0.002519621639955058,
      "계시": 0.0025112209178374915,
      "만들": 0.0019027712425009492,
      "주": 0.0019027712425009492
    }
  }
}