{
  "scope": "sermon",
  "idf_scope": "church",
  "church": "O-0A",
  "sermon": "O-0A-0177",
  "document_unit": "sermon_json",
  "document_count": 311,
  "min_count": 5,
  "freq": {
    "MAG": {
      "절대": 19,
      "막": 18,
      "다": 25,
      "잘": 15,
      "안": 11,
      "더": 10,
      "그냥": 8,
      "못": 8,
      "잘못": 5,
      "너무나": 5,
      "다시": 6,
      "많이": 5
    },
    "NNB": {
      "거": 25,
      "달": 6,
      "번": 11,
      "수": 11,
      "장": 10,
      "만": 6,
      "절": 6,
      "때문": 5
    },
    "NNG": {
      "긍정": 39,
      "하나님": 56,
      "사람": 51,
      "메뚜기": 9,
      "감사": 30,
      "고백": 21,
      "교회": 26,
      "문제": 25,
      "믿음": 24,
      "은혜": 24,
      "주": 22,
      "기도": 21,
      "언어": 7,
      "말씀": 20,
      "복": 16,
      "부정": 11,
      "목사": 15,
      "이단": 6,
      "권능": 6,
      "땅": 13,
      "불평": 9,
      "친구": 8,
      "절": 14,
      "전도": 7,
      "성령": 10,
      "사랑": 14,
      "건강": 8,
      "얘기": 10,
      "복음": 9,
      "귀신": 5,
      "말": 12,
      "역사": 10,
      "삶": 11,
      "형통": 5,
      "책": 6,
      "고통": 8,
      "아들": 8,
      "충만": 7,
      "일생": 6,
      "설교": 5,
      "입": 5,
      "부흥": 5,
      "길": 7,
      "소리": 5,
      "평생": 5,
      "안": 6,
      "오늘": 5
    },
    "NNP": {
      "예수": 29,
      "순": 8,
      "멘": 9
    },
    "VA": {
      "없": 30,
      "아프": 8,
      "그렇": 11,
      "좋": 9,
      "어리": 5,
      "어떻": 7,
      "많": 8,
      "이렇": 7,
      "같": 6
    },
    "VV": {
      "되": 65,
      "믿": 37,
      "있": 36,
      "죽": 32,
      "살": 31,
      "갖": 27,
      "보": 26,
      "받": 26,
      "주": 16,
      "살리": 7,
      "그러": 9,
      "바라": 10,
      "나오": 8,
      "러": 5,
      "듣": 7,
      "다니": 5,
      "드리": 6,
      "살아가": 6,
      "임하": 5
    }
  },
  "tfidf": {
    "MAG": {
      "절대": 0.012590756284304798,
      "막": 0.010808216389117062,
      "다": 0.01053518752633797,
      "잘": 0.006590136627173172,
      "안": 0.0048172894415027786,
      "더": 0.004351353436302624,
      "그냥": 0.004186245182519192,
      "못": 0.003896349024557043,
      "잘못": 0.0031190750082271323,
      "너무나": 0.0028336293432189835,
      "다시": 0.0028111034285413826,
      "많이": 0.0024831074177977014
    },
    "NNB": {
      "거": 0.01343176408211495,
      "달": 0.005306225761487004,
      "번": 0.004725494708987829,
      "수": 0.004635482511588706,
      "장": 0.004268450926405006,
      "만": 0.003933293001185152,
      "절": 0.002577542568538816,
      "때문": 0.002168711298567453
    },
    "NNG": {
      "긍정": 0.030325062000204073,
      "하나님": 0.02359882005899705,
      "사람": 0.021491782553729456,
      "메뚜기": 0.01584596901522609,
      "감사": 0.013180273254346344,
      "고백": 0.011703258305638908,
      "교회": 0.011682462715579949,
      "문제": 0.011018854838854593,
      "믿음": 0.010958492764094677,
      "은혜": 0.010178820635451736,
      "주": 0.009270965023177412,
      "기도": 0.008877967040975647,
      "언어": 0.008471392852217083,
      "말씀": 0.008428150021070375,
      "복": 0.008076364051107761,
      "부정": 0.007702312284481758,
      "목사": 0.007696272115535389,
      "이단": 0.00691699115695831,
      "권능": 0.006826679949367718,
      "땅": 0.0065406878794291665,
      "불평": 0.006470482624763033,
      "친구": 0.006145882046291976,
      "절": 0.005975831296967007,
      "전도": 0.00597198913426073,
      "성령": 0.005963451407584919,
      "사랑": 0.005956707439007297,
      "건강": 0.005840262599960309,
      "얘기": 0.005535851491171689,
      "복음": 0.005330461851231976,
      "귀신": 0.0052560217989046,
      "말": 0.005155085137077632,
      "역사": 0.004807772300589049,
      "삶": 0.004786488779932886,
      "형통": 0.004750035436319728,
      "책": 0.004722644411146223,
      "고통": 0.00470592720469284,
      "아들": 0.004579884113005962,
      "충만": 0.0045398126865271,
      "일생": 0.004397109688657455,
      "설교": 0.004173681527626899,
      "입": 0.003887828461564625,
      "부흥": 0.003736177598469199,
      "길": 0.0035449546980857115,
      "소리": 0.0032660057667915554,
      "평생": 0.0030334982717033433,
      "안": 0.0028940106923163278,
      "오늘": 0.002107037505267594
    },
    "NNP": {
      "예수": 0.012260049723252084,
      "순": 0.00855730490827987,
      "멘": 0.0051005328177941706
    },
    "VA": {
      "없": 0.012642225031605562,
      "아프": 0.00586281291820994,
      "그렇": 0.004863877597587278,
      "좋": 0.003941418633956819,
      "어리": 0.003721595965842621,
      "어떻": 0.0035219088581541665,
      "많": 0.0033929402118172453,
      "이렇": 0.003007132996628618,
      "같": 0.0025610705558430035
    },
    "VV": {
      "되": 0.027391487568478718,
      "믿": 0.01569234847965476,
      "있": 0.015170670037926675,
      "죽": 0.014800590512144895,
      "살": 0.0131898521863733,
      "갖": 0.012328304359606511,
      "보": 0.011027055688406047,
      "받": 0.010956595027391488,
      "주": 0.0067425200168563,
      "살리": 0.00511022977496527,
      "그러": 0.004455089825720805,
      "바라": 0.004337422597134906,
      "나오": 0.003548735721821903,
      "러": 0.0033253628611166633,
      "듣": 0.0031962270561942804,
      "다니": 0.002931194804748032,
      "드리": 0.00288466338035343,
      "살아가": 0.0027133306316787934,
      "임하": 0.0024038861502945247
    }
  }
}