{
  "scope": "sermon",
  "idf_scope": "church",
  "church": "O-0A",
  "sermon": "O-0A-0280",
  "document_unit": "sermon_json",
  "document_count": 311,
  "min_count": 5,
  "freq": {
    "MAG": {
      "다": 44,
      "그냥": 15,
      "안": 16,
      "잘": 14,
      "막": 9,
      "더": 12,
      "열심히": 7,
      "못": 9,
      "가장": 8,
      "너무": 6,
      "정말": 5,
      "많이": 6,
      "너무나": 5
    },
    "NNB": {
      "분": 13,
      "때문": 12,
      "수": 12,
      "살": 6,
      "중": 5,
      "번": 5
    },
    "NNG": {
      "절제": 27,
      "하나님": 63,
      "사람": 60,
      "말": 41,
      "차별": 11,
      "경주": 8,
      "달음": 6,
      "교회": 33,
      "금지법": 7,
      "동성애자": 7,
      "동성애": 10,
      "인내": 9,
      "끝": 16,
      "말씀": 26,
      "기도": 24,
      "취임식": 5,
      "복": 17,
      "주": 19,
      "술": 9,
      "모세": 7,
      "성경": 16,
      "광야": 7,
      "목사": 13,
      "은혜": 15,
      "문제": 14,
      "창조": 6,
      "실수": 5,
      "상": 6,
      "얘기": 10,
      "최선": 6,
      "믿음": 12,
      "부인": 6,
      "생": 5,
      "신앙생활": 5,
      "허락": 5,
      "삶": 10,
      "응답": 5,
      "신앙": 8,
      "우리나라": 6,
      "성": 5,
      "예배": 7,
      "감사": 9,
      "복음": 6,
      "찬양": 6,
      "날": 8,
      "아들": 6,
      "오늘": 8,
      "세상": 7,
      "자녀": 6,
      "마음": 7,
      "사랑": 7,
      "앞": 7,
      "전": 6,
      "이름": 5
    },
    "NNP": {
      "멘": 36,
      "중국": 5,
      "예수": 13,
      "아멘": 7
    },
    "VA": {
      "없": 27,
      "많": 12,
      "크": 11,
      "기쁘": 7,
      "그렇": 10,
      "좋": 7,
      "이렇": 6
    },
    "VV": {
      "되": 91,
      "받": 28,
      "견디": 11,
      "있": 24,
      "어긋나": 5,
      "갖": 22,
      "낳": 9,
      "살": 17,
      "먹": 11,
      "때리": 5,
      "믿": 13,
      "보": 13,
      "지키": 9,
      "드리": 9,
      "섬기": 8,
      "부르": 8,
      "주": 9,
      "만들": 8,
      "전하": 7,
      "다가오": 6,
      "살아가": 8,
      "위하": 8,
      "나오": 7,
      "바라": 7,
      "다니": 5,
      "바라보": 5,
      "보내": 5,
      "그러": 5
    }
  },
  "tfidf": {
    "MAG": {
      "다": 0.01743955608402695,
      "그냥": 0.007382550399909366,
      "안": 0.006590381058443322,
      "잘": 0.005785110821190306,
      "막": 0.005082817576570509,
      "더": 0.004911182736906599,
      "열심히": 0.0041651974670031235,
      "못": 0.004122786668522828,
      "가장": 0.0037125617301045355,
      "너무": 0.0035327177545343654,
      "정말": 0.0028433125057635306,
      "많이": 0.0028025749833217335,
      "너무나": 0.0026651614869039426
    },
    "NNB": {
      "분": 0.005511628604159283,
      "때문": 0.004895459606659278,
      "수": 0.0047562425683709865,
      "살": 0.004011313632487929,
      "중": 0.0024447381117350475,
      "번": 0.0020202498728836733
    },
    "NNG": {
      "절제": 0.041840794998548626,
      "하나님": 0.02497027348394768,
      "사람": 0.023781212841854936,
      "말": 0.016566048957646122,
      "차별": 0.016124965616704973,
      "경주": 0.015210758743572476,
      "달음": 0.01438729133709759,
      "교회": 0.013946186969028785,
      "금지법": 0.01293893441256739,
      "동성애자": 0.012319828245623487,
      "동성애": 0.0114659357356299,
      "인내": 0.01107758749613471,
      "끝": 0.010860501094995145,
      "말씀": 0.010305192231470472,
      "기도": 0.009543022835959553,
      "취임식": 0.009242096008976707,
      "복": 0.008070962202381545,
      "주": 0.0075307173999207295,
      "술": 0.0074181834495746085,
      "모세": 0.00688159459983241,
      "성경": 0.00676178762134729,
      "광야": 0.006317742958416287,
      "목사": 0.006273544682049181,
      "은혜": 0.005983536803390549,
      "문제": 0.005803700284683746,
      "창조": 0.0054427012878857884,
      "실수": 0.005385754056825867,
      "상": 0.005334586248464251,
      "얘기": 0.005206728334740553,
      "최선": 0.0051811058176971375,
      "믿음": 0.0051534885709862595,
      "부인": 0.004945455633049738,
      "생": 0.004833408827993088,
      "신앙생활": 0.004678907160395561,
      "허락": 0.0041589621257790525,
      "삶": 0.004092652280755499,
      "응답": 0.004029871158337591,
      "신앙": 0.00402927471783752,
      "우리나라": 0.003907578501748593,
      "성": 0.0038103876777733753,
      "예배": 0.0037312260816655205,
      "감사": 0.00371899981362234,
      "복음": 0.0033423664877720908,
      "찬양": 0.003330960608429658,
      "날": 0.003242778949511124,
      "아들": 0.0032306970868499246,
      "오늘": 0.0031708283789139914,
      "세상": 0.0030353557857859437,
      "자녀": 0.002867226922213902,
      "마음": 0.0028374315808222333,
      "사랑": 0.002801281560199032,
      "앞": 0.002801281560199032,
      "전": 0.0026956751310928,
      "이름": 0.0019945122677968493
    },
    "NNP": {
      "멘": 0.01918916270570839,
      "중국": 0.005955873106472679,
      "예수": 0.005169137369478092,
      "아멘": 0.00389942756906744
    },
    "VA": {
      "없": 0.01070154577883472,
      "많": 0.004786829442712439,
      "크": 0.00450191750883105,
      "기쁘": 0.0041651974670031235,
      "그렇": 0.00415882302420445,
      "좋": 0.0028832917130689538,
      "이렇": 0.002424299847460408
    },
    "VV": {
      "되": 0.036068172810146654,
      "받": 0.01109789932619897,
      "견디": 0.010752955908334402,
      "있": 0.009512485136741973,
      "어긋나": 0.009506724214732795,
      "갖": 0.009448062380141476,
      "낳": 0.007698105977903366,
      "살": 0.006803112360483364,
      "먹": 0.0056704083433074025,
      "때리": 0.005457826280707903,
      "믿": 0.005185731896271809,
      "보": 0.005185731896271809,
      "지키": 0.005153457150754265,
      "드리": 0.004069742093685309,
      "섬기": 0.0040694971816577835,
      "부르": 0.0038229692296185367,
      "주": 0.0035671819262782403,
      "만들": 0.0035595793011251125,
      "전하": 0.00352561537810783,
      "다가오": 0.0034119750069162365,
      "살아가": 0.003402686531364131,
      "위하": 0.003295190529221661,
      "나오": 0.0029205335451438583,
      "바라": 0.002855684770551246,
      "다니": 0.0027569263859164007,
      "바라보": 0.0027289480237567,
      "보내": 0.002568897772776798,
      "그러": 0.00232790068182399
    }
  }
}