{
  "scope": "sermon",
  "idf_scope": "church",
  "church": "O-0A",
  "sermon": "O-0A-0139",
  "document_unit": "sermon_json",
  "document_count": 311,
  "min_count": 5,
  "freq": {
    "MAG": {
      "다": 11,
      "늘": 7
    },
    "NNB": {
      "수": 14,
      "때문": 9
    },
    "NNG": {
      "하나님": 109,
      "종": 31,
      "박사": 16,
      "복": 31,
      "주": 32,
      "벗": 5,
      "친구": 14,
      "말씀": 25,
      "사람": 22,
      "은혜": 20,
      "사랑": 19,
      "절": 18,
      "종이": 5,
      "주인": 7,
      "환자": 6,
      "자식": 6,
      "감사": 13,
      "삶": 13,
      "백성": 9,
      "구원": 10,
      "인도": 9,
      "세상": 11,
      "인생": 10,
      "사명": 6,
      "죄": 9,
      "땅": 9,
      "민족": 5,
      "가난": 5,
      "의사": 5,
      "기도": 10,
      "뜻": 7,
      "속": 8,
      "장": 9,
      "마귀": 5,
      "가운데": 9,
      "이름": 9,
      "축원": 8,
      "찬양": 6,
      "앞": 8,
      "예배": 6,
      "전": 7,
      "길": 6,
      "세계": 5,
      "얘기": 5,
      "오늘": 6,
      "안": 5,
      "축복": 5,
      "날": 5,
      "마음": 5,
      "말": 5
    },
    "NNP": {
      "장기려": 5,
      "장": 6,
      "예수": 21,
      "아브라함": 7,
      "이스라엘": 6
    },
    "VA": {
      "크": 13,
      "없": 13,
      "이렇": 9,
      "같": 8,
      "그렇": 7,
      "놀랍": 5
    },
    "VV": {
      "택하": 34,
      "되": 58,
      "있": 23,
      "받": 21,
      "부르": 16,
      "살": 18,
      "믿": 17,
      "주": 14,
      "기뻐하": 8,
      "살아가": 11,
      "맡기": 6,
      "내리": 7,
      "보": 9,
      "통하": 7,
      "만들": 7,
      "위하": 7,
      "내": 5,
      "나가": 5,
      "죽": 5
    }
  },
  "tfidf": {
    "MAG": {
      "다": 0.005771248688352571,
      "늘": 0.004109601139220886
    },
    "NNB": {
      "수": 0.007345225603357817,
      "때문": 0.004860143463117009
    },
    "NNG": {
      "하나님": 0.057187827911857295,
      "종": 0.026924245765944408,
      "박사": 0.022664863966211393,
      "복": 0.019481950704736364,
      "주": 0.016789087093389297,
      "벗": 0.01405222672269043,
      "친구": 0.013390509794196748,
      "말씀": 0.013116474291710388,
      "사람": 0.011542497376705142,
      "은혜": 0.01056065991952036,
      "사랑": 0.010064835418322666,
      "절": 0.009565719458051595,
      "종이": 0.008146424522778323,
      "주인": 0.008117956905872813,
      "환자": 0.007720494480570068,
      "자식": 0.0072045830793997095,
      "감사": 0.0071108473176518085,
      "삶": 0.007042754572743948,
      "백성": 0.006941255332220159,
      "구원": 0.006800974901065962,
      "인도": 0.006774721623124082,
      "세상": 0.006313913140677356,
      "인생": 0.006264045660620474,
      "사명": 0.005977385418733131,
      "죄": 0.005882746412721157,
      "땅": 0.005637641094558428,
      "민족": 0.005582063669906145,
      "가난": 0.005505278826516553,
      "의사": 0.005334399230055479,
      "기도": 0.005263432715793537,
      "뜻": 0.0051091371355372036,
      "속": 0.005093700316046419,
      "장": 0.005050954504586522,
      "마귀": 0.004981154515610942,
      "가운데": 0.004922894296835867,
      "이름": 0.004752296963784162,
      "축원": 0.004606742036374584,
      "찬양": 0.004409241141168955,
      "앞": 0.004237825439293754,
      "예배": 0.004233495759575224,
      "전": 0.004163021903657743,
      "길": 0.003783020910758834,
      "세계": 0.003504279686121101,
      "얘기": 0.003446111119766636,
      "오늘": 0.0031479538300104933,
      "안": 0.0030025740524950353,
      "축복": 0.0028978187787925933,
      "날": 0.002682821120676995,
      "마음": 0.002682821120676995,
      "말": 0.002674234223129857
    },
    "NNP": {
      "장기려": 0.014806901624190379,
      "장": 0.012701845708417439,
      "예수": 0.011053208703166428,
      "아브라함": 0.010324366676598161,
      "이스라엘": 0.004968154923040824
    },
    "VA": {
      "크": 0.007042754572743948,
      "없": 0.006820566631689402,
      "이렇": 0.004813621601633743,
      "같": 0.004251430870245153,
      "그렇": 0.0038535662870133685,
      "놀랍": 0.003278965751492481
    },
    "VV": {
      "택하": 0.03760824910058488,
      "되": 0.030430220356768102,
      "있": 0.012067156348373556,
      "받": 0.011017838405036727,
      "부르": 0.010121040258475936,
      "살": 0.009535107238410946,
      "믿": 0.008976560931592307,
      "주": 0.007345225603357817,
      "기뻐하": 0.006279030915630625,
      "살아가": 0.006193255463336091,
      "맡기": 0.00537056847448852,
      "내리": 0.004840698946640376,
      "보": 0.004752296963784162,
      "통하": 0.004230909470666516,
      "만들": 0.004122883659310769,
      "위하": 0.003816655294896626,
      "내": 0.003563767379381934,
      "나가": 0.0029354293851577753,
      "죽": 0.0028792137727341152
    }
  }
}