{
  "scope": "sermon",
  "idf_scope": "church",
  "church": "O-0A",
  "sermon": "O-0A-0031",
  "document_unit": "sermon_json",
  "document_count": 311,
  "min_count": 5,
  "freq": {
    "MAG": {
      "늘": 17,
      "잘": 13,
      "안": 11,
      "절대": 7,
      "잘못": 6,
      "많이": 5
    },
    "NNB": {
      "편": 9,
      "수": 10,
      "절": 8
    },
    "NNG": {
      "하나님": 89,
      "만화": 10,
      "주": 47,
      "폐": 9,
      "은혜": 32,
      "감사": 30,
      "성인만화": 5,
      "엑스레이": 5,
      "평안": 15,
      "그림": 7,
      "의지": 14,
      "절망": 16,
      "말씀": 19,
      "인내": 6,
      "희망": 9,
      "겸손": 7,
      "연단": 6,
      "수술": 5,
      "삶": 14,
      "마음속": 8,
      "전화": 5,
      "소망": 6,
      "기도": 13,
      "믿음": 12,
      "목회": 5,
      "영광": 10,
      "아침": 7,
      "물질": 5,
      "의사": 5,
      "사람": 10,
      "교회": 9,
      "마음": 9,
      "사랑": 9,
      "앞": 9,
      "죄": 7,
      "뜻": 6,
      "절": 8,
      "회개": 5,
      "기쁨": 6,
      "주의": 5,
      "자리": 5,
      "모습": 6,
      "축복": 6,
      "고백": 5,
      "성경": 6,
      "문제": 6,
      "말": 6,
      "이름": 6,
      "자녀": 5,
      "축원": 5,
      "가운데": 5
    },
    "NNP": {
      "시편": 9,
      "멘": 11,
      "예수": 13,
      "주님": 6
    },
    "VA": {
      "없": 13,
      "좋": 6,
      "같": 6,
      "많": 6,
      "이렇": 5
    },
    "VV": {
      "되": 78,
      "그리": 10,
      "있": 19,
      "나아가": 12,
      "흔들리": 6,
      "믿": 16,
      "돌리": 9,
      "받": 14,
      "살": 13,
      "주": 12,
      "건지": 5,
      "바라보": 8,
      "서": 6,
      "보": 8,
      "살아가": 7,
      "알": 7,
      "다가오": 5,
      "드리": 6,
      "갖": 6,
      "나오": 5
    }
  },
  "tfidf": {
    "MAG": {
      "늘": 0.01001724938787596,
      "잘": 0.00713705897179797,
      "안": 0.006019709238907896,
      "절대": 0.005796542574723178,
      "잘못": 0.004677134277739642,
      "많이": 0.003102903582113715
    },
    "NNB": {
      "편": 0.008024394220663249,
      "수": 0.0052659294365455505,
      "절": 0.004294546965169464
    },
    "NNG": {
      "하나님": 0.0468667719852554,
      "만화": 0.025261153442623325,
      "주": 0.024749868351764088,
      "폐": 0.018258916729447003,
      "은혜": 0.01695934096396487,
      "감사": 0.016470136088764548,
      "성인만화": 0.015929057417718634,
      "엑스레이": 0.01486148209357918,
      "평안": 0.014516022190924587,
      "그림": 0.013297821381338773,
      "의지": 0.012068882566995589,
      "절망": 0.012046737935904748,
      "말씀": 0.010005265929436546,
      "인내": 0.009811744164559547,
      "희망": 0.008888477428217535,
      "겸손": 0.008843804297888672,
      "연단": 0.008760541150892134,
      "수술": 0.00791293725520304,
      "삶": 0.007612462551913942,
      "마음속": 0.007270029914669017,
      "전화": 0.007063086301377207,
      "소망": 0.007018055642213087,
      "기도": 0.006867684877932188,
      "믿음": 0.006846893978198174,
      "목회": 0.006386295614200031,
      "영광": 0.006246314513480488,
      "아침": 0.006147870251727008,
      "물질": 0.0059654196243582825,
      "의사": 0.005354062629007764,
      "사람": 0.0052659294365455505,
      "교회": 0.005053314623418013,
      "마음": 0.004846878726076164,
      "사랑": 0.004785127539866052,
      "앞": 0.004785127539866052,
      "죄": 0.004592335301534472,
      "뜻": 0.004395403015271456,
      "절": 0.004267102284722097,
      "회개": 0.004155390241932513,
      "기쁨": 0.004028256071640919,
      "주의": 0.003980765063072395,
      "자리": 0.003529030558023178,
      "모습": 0.003512769055254713,
      "축복": 0.0034902006902866878,
      "고백": 0.003482012081456547,
      "성경": 0.0033688764156120086,
      "문제": 0.0033046120104394247,
      "말": 0.0032209102238770983,
      "이름": 0.0031798764307434135,
      "자녀": 0.0031744837303605737,
      "축원": 0.0028898269883260792,
      "가운데": 0.0027450226814607582
    },
    "NNP": {
      "시편": 0.00892507480307019,
      "멘": 0.007790018614644036,
      "예수": 0.006867684877932188,
      "주님": 0.003252039122591195
    },
    "VA": {
      "없": 0.006845708267509215,
      "좋": 0.0032834777666770343,
      "같": 0.003200326713541573,
      "많": 0.0031798764307434135,
      "이렇": 0.002684091853230915
    },
    "VV": {
      "되": 0.04107424960505529,
      "그리": 0.01725785826756059,
      "있": 0.010005265929436546,
      "나아가": 0.009830125636453253,
      "흔들리": 0.009140144031909712,
      "믿": 0.008479670481982435,
      "돌리": 0.007479702435478524,
      "받": 0.00737230121116377,
      "살": 0.006911850890917629,
      "주": 0.00631911532385466,
      "건지": 0.005906249387780983,
      "바라보": 0.0058010623392843845,
      "서": 0.0042634301467839525,
      "보": 0.004239835240991217,
      "살아가": 0.003955690286362685,
      "알": 0.0039303558182140095,
      "다가오": 0.0037776079262987826,
      "드리": 0.0036046899429061025,
      "갖": 0.003423446989099087,
      "나오": 0.0027715738111780464
    }
  }
}