{
  "scope": "sermon",
  "idf_scope": "church",
  "church": "O-0A",
  "sermon": "O-0A-0105",
  "document_unit": "sermon_json",
  "document_count": 311,
  "min_count": 5,
  "freq": {
    "MAG": {
      "다": 8,
      "지금": 5
    },
    "NNB": {
      "장": 13,
      "절": 9,
      "수": 8
    },
    "NNG": {
      "회개": 31,
      "부흥": 23,
      "교회": 37,
      "소": 17,
      "교단": 10,
      "하나님": 33,
      "성령": 23,
      "분열": 10,
      "권능": 10,
      "역사": 21,
      "주권": 6,
      "총회": 5,
      "복음": 14,
      "기도": 19,
      "충만": 12,
      "침례": 7,
      "중심": 8,
      "말씀": 16,
      "용서": 8,
      "절대": 7,
      "주": 14,
      "삶": 13,
      "증인": 5,
      "마음": 12,
      "죄": 9,
      "인정": 5,
      "절": 11,
      "은혜": 11,
      "사람": 11,
      "변화": 7,
      "이름": 9,
      "땅": 7,
      "영광": 7,
      "십자가": 5,
      "날": 7,
      "축원": 6,
      "신앙": 5,
      "시작": 5,
      "말": 6,
      "앞": 6,
      "세상": 5,
      "가운데": 5
    },
    "NNP": {
      "예수": 66,
      "한국": 19,
      "사도행전": 8,
      "베드로": 6,
      "성령": 8
    },
    "VA": {
      "놀랍": 16,
      "없": 13,
      "같": 5
    },
    "VV": {
      "되": 54,
      "임하": 24,
      "받": 25,
      "있": 16,
      "취하": 7,
      "전하": 11,
      "믿": 13,
      "일어나": 10,
      "주": 5
    }
  },
  "tfidf": {
    "MAG": {
      "다": 0.00520494469746259,
      "지금": 0.003513476602711569
    },
    "NNB": {
      "장": 0.008567172584818998,
      "절": 0.005969266605539306,
      "수": 0.00520494469746259
    },
    "NNG": {
      "회개": 0.03183131661058232,
      "부흥": 0.026534396505771034,
      "교회": 0.025667682020185056,
      "소": 0.021721506057166686,
      "교단": 0.0215290564952787,
      "하나님": 0.02147039687703318,
      "성령": 0.021176266387415568,
      "분열": 0.02112228774458687,
      "권능": 0.017566375536596825,
      "역사": 0.015587880094681464,
      "주권": 0.015039550149303776,
      "총회": 0.0138519731230367,
      "복음": 0.012801894283353482,
      "기도": 0.0124014282608814,
      "충만": 0.01201558751385312,
      "침례": 0.011698315826543213,
      "중심": 0.01139428130752865,
      "말씀": 0.01040988939492518,
      "용서": 0.009302152922358994,
      "절대": 0.009261100133689032,
      "주": 0.009108653220559532,
      "삶": 0.008733565527423529,
      "증인": 0.008257353833502006,
      "마음": 0.007984578356815125,
      "죄": 0.007295064842320446,
      "인정": 0.007261365261199194,
      "절": 0.0072491460333083835,
      "은혜": 0.007202823548232397,
      "사람": 0.0071567989590110605,
      "변화": 0.006145497391151495,
      "이름": 0.005893219266735597,
      "땅": 0.005437533975536654,
      "영광": 0.005402228941294478,
      "십자가": 0.004765414862000538,
      "날": 0.004657670708142157,
      "축원": 0.00428453984450063,
      "신앙": 0.004133807788347455,
      "시작": 0.004052813801289136,
      "말": 0.0039795110703595375,
      "앞": 0.003941425807072492,
      "세상": 0.003558975112713977,
      "가운데": 0.003391540710536096
    },
    "NNP": {
      "예수": 0.043078645537798554,
      "한국": 0.017858835786576103,
      "사도행전": 0.012354224256824782,
      "베드로": 0.01027506567457191,
      "성령": 0.008489344954862404
    },
    "VA": {
      "놀랍": 0.013011755310021432,
      "없": 0.008458035133376708,
      "같": 0.003295066378776538
    },
    "VV": {
      "되": 0.03513337670787248,
      "임하": 0.017814720108207387,
      "받": 0.01626545217957059,
      "있": 0.01040988939492518,
      "취하": 0.009969996144087568,
      "전하": 0.0090943771343644,
      "믿": 0.008512427829729196,
      "일어나": 0.007280323237619674,
      "주": 0.0032530904359141183
    }
  }
}