{
  "scope": "sermon",
  "idf_scope": "church",
  "church": "O-0A",
  "sermon": "O-0A-0240",
  "document_unit": "sermon_json",
  "document_count": 311,
  "min_count": 5,
  "freq": {
    "MAG": {
      "가만히": 6,
      "간절히": 6,
      "스스로": 5,
      "다": 8,
      "이제": 6,
      "가장": 5,
      "지금": 5
    },
    "NNB": {
      "수": 21,
      "장": 15,
      "절": 9,
      "중": 6,
      "번": 7
    },
    "NNG": {
      "주": 68,
      "용서": 26,
      "하나님": 44,
      "닭": 8,
      "감사": 32,
      "기도": 32,
      "문제": 25,
      "절망": 18,
      "사람": 25,
      "택시": 6,
      "왕": 12,
      "땡큐": 5,
      "두려움": 9,
      "간구": 10,
      "추수": 5,
      "찬양": 15,
      "배달": 5,
      "말씀": 19,
      "전쟁": 8,
      "신실": 5,
      "무리": 6,
      "절": 15,
      "군대": 5,
      "음성": 7,
      "고난": 8,
      "마음": 13,
      "앞": 13,
      "은혜": 13,
      "어려움": 9,
      "훼": 5,
      "힘": 8,
      "말": 11,
      "루": 7,
      "원망": 6,
      "불평": 6,
      "해결": 6,
      "백성": 6,
      "고통": 6,
      "가운데": 8,
      "눈": 6,
      "기적": 5,
      "신앙": 6,
      "손": 5,
      "축복": 6,
      "오늘": 6,
      "믿음": 5,
      "성경": 5,
      "날": 5
    },
    "NNP": {
      "역대하": 10,
      "여호사밧": 7,
      "여호와": 14,
      "유다": 7,
      "멘": 10,
      "할렐": 7,
      "미국": 8,
      "예수": 6
    },
    "VA": {
      "크": 28,
      "없": 28,
      "어렵": 5,
      "같": 6
    },
    "VV": {
      "부르짖": 28,
      "되": 51,
      "바라보": 27,
      "들이받": 5,
      "있": 21,
      "두려워하": 9,
      "듣": 16,
      "건지": 7,
      "바라": 15,
      "속하": 5,
      "이기": 8,
      "다가오": 9,
      "싸우": 8,
      "무너지": 6,
      "놀라": 5,
      "살": 10,
      "일어나": 9,
      "받": 10,
      "위하": 9,
      "주": 9,
      "나가": 8,
      "향하": 5,
      "만나": 6,
      "죽": 6,
      "들어가": 5,
      "보": 6
    }
  },
  "tfidf": {
    "MAG": {
      "가만히": 0.007370256399407336,
      "간절히": 0.005060587664290451,
      "스스로": 0.0039856737961824745,
      "다": 0.003568242640499554,
      "이제": 0.002844328043155437,
      "가장": 0.002611171176698746,
      "지금": 0.002408659026925817
    },
    "NNB": {
      "수": 0.00936663693131133,
      "장": 0.006776784599705003,
      "절": 0.004092222467758214,
      "중": 0.003301377835454518,
      "번": 0.003182839697145277
    },
    "NNG": {
      "주": 0.030330062444246207,
      "용서": 0.02072550374014887,
      "하나님": 0.019625334522747548,
      "닭": 0.018317806513382273,
      "감사": 0.014880422685727684,
      "기도": 0.014318790731564649,
      "문제": 0.011662686232204258,
      "절망": 0.011479192577082296,
      "사람": 0.011150758251561105,
      "택시": 0.010982905954132623,
      "왕": 0.010835883942093063,
      "땡큐": 0.010698244957078879,
      "두려움": 0.010071396141351474,
      "간구": 0.009907290859770036,
      "추수": 0.009902805742228895,
      "찬양": 0.00937111241644517,
      "배달": 0.009152421628443853,
      "말씀": 0.00847457627118644,
      "전쟁": 0.007887256715990103,
      "신실": 0.0073088030441787605,
      "무리": 0.007000540952982312,
      "절": 0.006776784599705003,
      "군대": 0.0066498730421853695,
      "음성": 0.006131649359003421,
      "고난": 0.006087602445658709,
      "마음": 0.005929968039976323,
      "앞": 0.005854417859880722,
      "은혜": 0.005835683128587767,
      "어려움": 0.005680706142363564,
      "훼": 0.005183235013409644,
      "힘": 0.005172875515022266,
      "말": 0.00500160523837115,
      "루": 0.004909738782069275,
      "원망": 0.004654032690091052,
      "불평": 0.004565701834244031,
      "해결": 0.004017634717439357,
      "백성": 0.003933997223672798,
      "고통": 0.0037356708039928996,
      "가운데": 0.003720105671431921,
      "눈": 0.003611174776424052,
      "기적": 0.0034078221012499924,
      "신앙": 0.0034007114562123308,
      "손": 0.002999198229910191,
      "축복": 0.0029562404597923368,
      "오늘": 0.0026761819803746653,
      "믿음": 0.0024164160839649,
      "성경": 0.0023778978268091007,
      "날": 0.002280756938452432
    },
    "NNP": {
      "역대하": 0.022084048700184777,
      "여호사밧": 0.015458834090129344,
      "여호와": 0.014291339197940962,
      "유다": 0.010762785126064262,
      "멘": 0.005998396459820382,
      "할렐": 0.005018034458213445,
      "미국": 0.004913567075067371,
      "예수": 0.0026847732621683713
    },
    "VA": {
      "크": 0.012895688123179818,
      "없": 0.012488849241748439,
      "어렵": 0.0028152637476973486,
      "같": 0.002710713839882001
    },
    "VV": {
      "부르짖": 0.026329918638820563,
      "되": 0.022747546833184657,
      "바라보": 0.01658328887835238,
      "들이받": 0.009690249587446726,
      "있": 0.00936663693131133,
      "두려워하": 0.008385988197532395,
      "듣": 0.00773253146868768,
      "건지": 0.007003726414966335,
      "바라": 0.006886287125112266,
      "속하": 0.006451506659454559,
      "이기": 0.005996104031338147,
      "다가오": 0.005759419899051962,
      "싸우": 0.005631461958558318,
      "무너지": 0.004937993009434177,
      "놀라": 0.004790105570193784,
      "살": 0.004503398353754402,
      "일어나": 0.004491913976181666,
      "받": 0.0044603033006244425,
      "위하": 0.004171715619259381,
      "주": 0.004014272970561998,
      "나가": 0.003992812423272592,
      "향하": 0.003863443117112459,
      "만나": 0.003269069411098758,
      "죽": 0.0029372603661897718,
      "들어가": 0.0027875596442215296,
      "보": 0.002693392213194354
    }
  }
}