{
  "scope": "sermon",
  "idf_scope": "church",
  "church": "O-0A",
  "sermon": "O-0A-0258",
  "document_unit": "sermon_json",
  "document_count": 311,
  "min_count": 5,
  "freq": {
    "MAG": {
      "잠잠히": 18,
      "다": 14,
      "더": 6,
      "늘": 5
    },
    "NNB": {
      "편": 17,
      "절": 11,
      "수": 11,
      "명": 8
    },
    "NNG": {
      "하나님": 50,
      "주": 45,
      "평안": 18,
      "영혼": 17,
      "소망": 10,
      "반석": 6,
      "의지": 11,
      "말씀": 18,
      "절": 17,
      "응답": 8,
      "문제": 15,
      "구원": 12,
      "기도": 15,
      "고백": 11,
      "불평": 8,
      "마음": 13,
      "말": 13,
      "찬송": 7,
      "딸": 5,
      "은혜": 11,
      "사람": 11,
      "부인": 5,
      "고난": 6,
      "절망": 7,
      "믿음": 9,
      "감사": 9,
      "어려움": 6,
      "찬양": 6,
      "가운데": 8,
      "오늘": 8,
      "앞": 7,
      "아들": 5,
      "세상": 6,
      "집": 5,
      "사랑": 6
    },
    "NNP": {
      "시편": 13,
      "예수": 9,
      "주님": 8
    },
    "VA": {
      "없": 11,
      "크": 10,
      "같": 9,
      "귀하": 6,
      "그렇": 6,
      "많": 6,
      "어떻": 5
    },
    "VV": {
      "되": 47,
      "바라보": 22,
      "있": 22,
      "잃": 7,
      "나오": 14,
      "건지": 6,
      "바라": 11,
      "짓": 8,
      "임하": 9,
      "기다리": 5,
      "다가오": 7,
      "버리": 5,
      "듣": 8,
      "만나": 5,
      "믿": 6,
      "받": 6,
      "주": 6,
      "나가": 5,
      "일어나": 5,
      "죽": 5
    }
  },
  "tfidf": {
    "MAG": {
      "잠잠히": 0.06087419783375955,
      "다": 0.008388256440982624,
      "더": 0.003712077305337133,
      "늘": 0.0033522638754408147
    },
    "NNB": {
      "편": 0.017245956902048575,
      "절": 0.006718753112299651,
      "수": 0.006590772917914919,
      "명": 0.006234082575375381
    },
    "NNG": {
      "하나님": 0.029958058717795086,
      "주": 0.02696225284601558,
      "평안": 0.01981971921430734,
      "영혼": 0.016192388907309143,
      "소망": 0.013308655546797136,
      "반석": 0.012669121736157992,
      "의지": 0.010789475645894499,
      "말씀": 0.01078490113840623,
      "절": 0.010317170690359756,
      "응답": 0.009747024500885075,
      "문제": 0.009400027273553727,
      "구원": 0.009320065784133054,
      "기도": 0.00901626970308791,
      "고백": 0.008716087521814957,
      "불평": 0.008177594178050824,
      "마음": 0.00796584083021385,
      "말": 0.007940344587263224,
      "찬송": 0.007265773071295737,
      "딸": 0.00689140782300529,
      "은혜": 0.006633157455741878,
      "사람": 0.006590772917914919,
      "부인": 0.006229970322640548,
      "고난": 0.006133195633538117,
      "절망": 0.005996752822872297,
      "믿음": 0.005842833282473786,
      "감사": 0.005621951186200816,
      "어려움": 0.005087334999472383,
      "찬양": 0.005035358666907147,
      "가운데": 0.004997289943289615,
      "오늘": 0.004793289394847214,
      "앞": 0.0042346515137101,
      "아들": 0.004069826617796265,
      "세상": 0.00393299802150369,
      "집": 0.003720026894142466,
      "사랑": 0.0036297012974658
    },
    "NNP": {
      "시편": 0.014668352417508407,
      "예수": 0.0054097618218527455,
      "주님": 0.00493359080790947
    },
    "VA": {
      "없": 0.006590772917914919,
      "크": 0.006186795508895222,
      "같": 0.005462031541955165,
      "귀하": 0.004154899446647931,
      "그렇": 0.0037720948436433177,
      "많": 0.003618085884950115,
      "어떻": 0.003576773825387245
    },
    "VV": {
      "되": 0.02816057519472738,
      "바라보": 0.01815134679528333,
      "있": 0.013181545835829839,
      "잃": 0.009798674406121392,
      "나오": 0.008829845577469088,
      "건지": 0.008064206773442363,
      "바라": 0.006783687360875522,
      "짓": 0.0063178102831783324,
      "임하": 0.006152162553845436,
      "기다리": 0.006091890313053171,
      "다가오": 0.006017464609261799,
      "버리": 0.005439633021726416,
      "듣": 0.005193629584421143,
      "만나": 0.0036595035049347994,
      "믿": 0.003618085884950115,
      "받": 0.0035949670461354103,
      "주": 0.0035949670461354103,
      "나가": 0.0033522638754408147,
      "일어나": 0.0033522638754408147,
      "죽": 0.0032880655786885703
    }
  }
}