{
  "scope": "sermon",
  "idf_scope": "church",
  "church": "O-0A",
  "sermon": "O-0A-0225",
  "document_unit": "sermon_json",
  "document_count": 311,
  "min_count": 5,
  "freq": {
    "MAG": {
      "다": 18,
      "없이": 6,
      "지금": 8,
      "더": 8,
      "이제": 6,
      "늘": 5
    },
    "NNB": {
      "세": 21,
      "수": 13,
      "장": 11,
      "살": 6,
      "대로": 5,
      "때문": 8,
      "절": 6,
      "번": 5
    },
    "NNG": {
      "꿈": 99,
      "하나님": 81,
      "충성": 24,
      "말씀": 48,
      "사람": 44,
      "믿음": 38,
      "전진": 19,
      "정열": 6,
      "산지": 7,
      "아낙": 5,
      "앞": 24,
      "자손": 9,
      "고백": 16,
      "성취": 5,
      "모세": 8,
      "나이": 10,
      "정탐": 5,
      "거인": 5,
      "훼": 8,
      "땅": 15,
      "주": 17,
      "약속": 10,
      "도전": 6,
      "성실": 5,
      "인생": 13,
      "최선": 7,
      "은혜": 15,
      "올해": 6,
      "복": 12,
      "축복": 13,
      "마음": 14,
      "기적": 9,
      "문제": 13,
      "위": 8,
      "희망": 7,
      "부흥": 7,
      "건강": 7,
      "소": 6,
      "의지": 7,
      "축원": 10,
      "질병": 5,
      "이름": 10,
      "역사": 8,
      "절": 9,
      "종": 5,
      "날": 8,
      "생활": 5,
      "삶": 7,
      "기도": 7,
      "지금": 5,
      "말": 6,
      "속": 5,
      "오늘": 6,
      "전": 5
    },
    "NNP": {
      "갈": 9,
      "께": 5,
      "여호수아": 5,
      "여호": 6,
      "야훼": 6,
      "가나안": 5,
      "예수": 12,
      "주님": 7,
      "미국": 5
    },
    "VA": {
      "없": 19,
      "놀랍": 13,
      "어렵": 9,
      "힘들": 7,
      "같": 9,
      "아프": 5,
      "크": 6,
      "좋": 5
    },
    "VV": {
      "되": 78,
      "꾸": 28,
      "꿈꾸": 20,
      "이루": 30,
      "믿": 29,
      "이루어지": 13,
      "바라": 25,
      "주": 20,
      "변하": 10,
      "있": 19,
      "받": 18,
      "바라보": 11,
      "붙잡": 10,
      "위하": 14,
      "다가오": 9,
      "살아가": 12,
      "일어나": 9,
      "지나": 6,
      "나가": 8,
      "살": 8,
      "보": 8,
      "임하": 7,
      "보내": 5,
      "가지": 6,
      "죽": 5,
      "나오": 5
    }
  },
  "tfidf": {
    "MAG": {
      "다": 0.007822685788787484,
      "없이": 0.004013028685091752,
      "지금": 0.003755037662489479,
      "더": 0.003590008415244199,
      "이제": 0.0027713965548694,
      "늘": 0.0024315203859672833
    },
    "NNB": {
      "세": 0.018315036735208484,
      "수": 0.005649717514124294,
      "장": 0.004842215320814857,
      "살": 0.0043983243349704675,
      "대로": 0.0043229313270385,
      "때문": 0.0035785150188617585,
      "절": 0.002658195791022429,
      "번": 0.0022151631591853576
    },
    "NNG": {
      "꿈": 0.07340243718130789,
      "하나님": 0.035202086049543675,
      "충성": 0.023871247891066222,
      "말씀": 0.020860495436766623,
      "사람": 0.01912212081703607,
      "믿음": 0.017893870898693928,
      "전진": 0.015943310654630265,
      "정열": 0.015775374204040512,
      "산지": 0.013508442704784032,
      "아낙": 0.011155074479303306,
      "앞": 0.010531023842625678,
      "자손": 0.010492412688121499,
      "고백": 0.009195780537416404,
      "성취": 0.008767824829872387,
      "모세": 0.008623462184330872,
      "나이": 0.008534896543667765,
      "정탐": 0.00837164587117192,
      "거인": 0.008142700813245309,
      "훼": 0.008080530482443752,
      "땅": 0.007783097150679677,
      "주": 0.007388092133854845,
      "약속": 0.007358310215384378,
      "도전": 0.007181275466089199,
      "성실": 0.007121397837917765,
      "인생": 0.0067453508639223865,
      "최선": 0.0066278074638815845,
      "은혜": 0.006560827185986247,
      "올해": 0.006504583952438392,
      "복": 0.0062468096131938445,
      "축복": 0.006240952081783823,
      "마음": 0.006222372775675354,
      "기적": 0.005976795685269218,
      "문제": 0.005909094357650158,
      "위": 0.005712774480609418,
      "희망": 0.005705467692949717,
      "부흥": 0.005394319520918893,
      "건강": 0.005270132662317508,
      "소": 0.0051209379262006595,
      "의지": 0.004980184266563369,
      "축원": 0.004769909996376553,
      "질병": 0.004399183651704448,
      "이름": 0.0043738847906574976,
      "역사": 0.003966568855036181,
      "절": 0.003961812535212156,
      "종": 0.003597146572310078,
      "날": 0.0035556415861002022,
      "생활": 0.003273709745718238,
      "삶": 0.0031412573633386735,
      "기도": 0.0030519217424649007,
      "지금": 0.002707159849014082,
      "말": 0.002658195791022429,
      "속": 0.002637058018900606,
      "오늘": 0.002607561929595828,
      "전": 0.0024631277545078714
    },
    "NNP": {
      "갈": 0.013203548987573697,
      "께": 0.008917744150791445,
      "여호수아": 0.00663651398021631,
      "여호": 0.005998310120780093,
      "야훼": 0.0053981078314148,
      "가나안": 0.005329299753718147,
      "예수": 0.005231865844225544,
      "주님": 0.0031312006415040385,
      "미국": 0.0029922363598166683
    },
    "VA": {
      "없": 0.008257279443720122,
      "놀랍": 0.007061817765361208,
      "어렵": 0.004937539495961504,
      "힘들": 0.004023153985119677,
      "같": 0.003961812535212156,
      "아프": 0.003778915432125213,
      "크": 0.0026925063114331487,
      "좋": 0.002258193640054935
    },
    "VV": {
      "되": 0.03389830508474576,
      "꾸": 0.031070732934344023,
      "꿈꾸": 0.023937584886963997,
      "이루": 0.015668052707314944,
      "믿": 0.012684265892906745,
      "이루어지": 0.011437877494431568,
      "바라": 0.011182859433942994,
      "주": 0.008691873098652759,
      "변하": 0.008462462591102742,
      "있": 0.008257279443720122,
      "받": 0.007822685788787484,
      "바라보": 0.006582919991596671,
      "붙잡": 0.006433346366382428,
      "위하": 0.0063229421921538196,
      "다가오": 0.0056117424657429376,
      "살아가": 0.00559646552713931,
      "일어나": 0.004376736694741111,
      "지나": 0.003928451694861886,
      "나가": 0.003890432617547654,
      "살": 0.003510341280875226,
      "보": 0.0034991078325259987,
      "임하": 0.0034707477481566583,
      "보내": 0.0028167444940095008,
      "가지": 0.002753657969933931,
      "죽": 0.0023849549981882763,
      "나오": 0.002287361437386836
    }
  }
}