{
  "scope": "sermon",
  "idf_scope": "church",
  "church": "O-0A",
  "sermon": "O-0A-0194",
  "document_unit": "sermon_json",
  "document_count": 311,
  "min_count": 5,
  "freq": {
    "MAG": {
      "극히": 6,
      "다": 20,
      "늘": 8,
      "막": 6,
      "그냥": 6,
      "잘못": 5,
      "잘": 7,
      "안": 6
    },
    "NNB": {
      "절": 11,
      "번": 10,
      "편": 6,
      "장": 10,
      "수": 5
    },
    "NNG": {
      "말씀": 121,
      "단비": 11,
      "선교사": 19,
      "투표": 8,
      "하나님": 37,
      "복": 28,
      "사람": 32,
      "우로": 7,
      "형통": 13,
      "대통령": 10,
      "좌로": 6,
      "성령": 18,
      "묵상": 11,
      "디": 6,
      "건설": 6,
      "대부흥": 5,
      "소": 10,
      "운동": 8,
      "절": 18,
      "소서": 5,
      "해": 10,
      "은혜": 17,
      "주": 17,
      "부흥": 9,
      "명령": 8,
      "주야": 5,
      "길": 12,
      "축복": 13,
      "생명": 9,
      "교회": 12,
      "율법": 5,
      "삶": 12,
      "충만": 8,
      "기도": 12,
      "오늘": 12,
      "역사": 10,
      "나라": 8,
      "임": 6,
      "변화": 8,
      "마음": 9,
      "얘기": 7,
      "기적": 6,
      "세계": 6,
      "회개": 5,
      "생활": 5,
      "땅": 6,
      "날": 7,
      "말": 7,
      "안": 6,
      "고백": 5,
      "세상": 6,
      "장": 6,
      "이름": 6,
      "믿음": 5,
      "성경": 5,
      "문제": 5,
      "가운데": 5,
      "사랑": 5
    },
    "NNP": {
      "평양": 7,
      "대한민국": 12,
      "성령": 12,
      "미국": 13,
      "예수": 13,
      "한국": 8
    },
    "VA": {
      "메마르": 5,
      "놀랍": 9,
      "없": 8,
      "좋": 7,
      "크": 6
    },
    "VV": {
      "되": 86,
      "지키": 28,
      "치우치": 9,
      "받": 30,
      "행하": 19,
      "있": 25,
      "바꾸": 12,
      "울": 10,
      "주": 18,
      "붓": 9,
      "바라": 16,
      "임하": 13,
      "붙잡": 10,
      "내리": 11,
      "가지": 12,
      "듣": 11,
      "싸우": 7,
      "따라가": 5,
      "보": 10,
      "살": 9,
      "만들": 8,
      "나누": 8,
      "살아가": 8,
      "원하": 6,
      "믿": 8,
      "짓": 6,
      "나오": 7,
      "그러": 5,
      "따르": 5,
      "갖": 5
    }
  },
  "tfidf": {
    "MAG": {
      "극히": 0.011675166811494254,
      "다": 0.008956560680698611,
      "늘": 0.004008905263312652,
      "막": 0.003828615836897266,
      "그냥": 0.0033365292716473496,
      "잘못": 0.0033146283002789896,
      "잘": 0.003268211957425692,
      "안": 0.002792353013398875
    },
    "NNB": {
      "절": 0.005021763969739417,
      "번": 0.004565239972490379,
      "편": 0.004549432639211676,
      "장": 0.0045360654045495195,
      "수": 0.0022391401701746527
    },
    "NNG": {
      "말씀": 0.054187192118226604,
      "단비": 0.022973210079456387,
      "선교사": 0.01722596597123751,
      "투표": 0.016707789148695553,
      "하나님": 0.016569637259292433,
      "복": 0.015019758537052284,
      "사람": 0.014330497089117778,
      "우로": 0.013621027946743297,
      "형통": 0.01312439258173106,
      "대통령": 0.012416978388971609,
      "좌로": 0.011931262234165973,
      "성령": 0.011407203915073095,
      "묵상": 0.011050214371818806,
      "디": 0.010505480995306581,
      "건설": 0.009070418337186767,
      "대부흥": 0.008890314522099643,
      "소": 0.008794803827577038,
      "운동": 0.008413986683876554,
      "절": 0.008164917728189136,
      "소서": 0.008077718253202715,
      "해": 0.007940841416182183,
      "은혜": 0.007662035439146859,
      "주": 0.00761307657859382,
      "부흥": 0.007146757274563966,
      "명령": 0.007066076357702884,
      "주야": 0.006783320916043829,
      "길": 0.00645807241908315,
      "축복": 0.006431003466271642,
      "생명": 0.0059455016832581226,
      "교회": 0.005729956393414424,
      "율법": 0.005585552946171346,
      "삶": 0.0055489986767645995,
      "충만": 0.005513646218478054,
      "기도": 0.005391188225509618,
      "오늘": 0.005373936408419167,
      "역사": 0.005109200031033503,
      "나라": 0.004950151445051705,
      "임": 0.004918087690300305,
      "변화": 0.004834305925506927,
      "마음": 0.004121908956927289,
      "얘기": 0.004118048773840256,
      "기적": 0.004105868598836981,
      "세계": 0.003589336541914994,
      "회개": 0.0035338495608731937,
      "생활": 0.0033734017576792052,
      "땅": 0.003208044163674686,
      "날": 0.0032059291887212246,
      "말": 0.003195667980743265,
      "안": 0.00307545336895058,
      "고백": 0.002961191644731743,
      "세상": 0.002939621002189726,
      "장": 0.0028741959354357093,
      "이름": 0.0027042478020518324,
      "믿음": 0.0024261553337435312,
      "성경": 0.0023874818305893433,
      "문제": 0.002341938426565333,
      "가운데": 0.002334437112446923,
      "사랑": 0.0022607745430177715
    },
    "NNP": {
      "평양": 0.0103730908568161,
      "대한민국": 0.010120147515169601,
      "성령": 0.008764973037812481,
      "미국": 0.008016727830828125,
      "예수": 0.005840453910968753,
      "한국": 0.005175766489069219
    },
    "VA": {
      "메마르": 0.008754567496088817,
      "놀랍": 0.005037830586753428,
      "없": 0.0035826242722794446,
      "좋": 0.0032577451822986877,
      "크": 0.0027744993383822998
    },
    "VV": {
      "되": 0.03851321092700403,
      "지키": 0.018115182711742266,
      "치우치": 0.017162055012177938,
      "받": 0.013434841021047918,
      "행하": 0.012773787408081933,
      "있": 0.011195700850873265,
      "바꾸": 0.010078649730518046,
      "울": 0.008646748018079109,
      "주": 0.00806090461262875,
      "붓": 0.0075901106363772015,
      "바라": 0.007374978108733458,
      "임하": 0.0066419600403435555,
      "붙잡": 0.006629256600557979,
      "내리": 0.006492872760236845,
      "가지": 0.005675026411838759,
      "듣": 0.005337541734235769,
      "싸우": 0.004947389385222472,
      "따라가": 0.004878313919260292,
      "보": 0.004507079670086387,
      "살": 0.004069394177431989,
      "만들": 0.004021862327245256,
      "나누": 0.0038445938730997317,
      "살아가": 0.0038445938730997317,
      "원하": 0.003802401305024365,
      "믿": 0.00360566373606911,
      "짓": 0.003541566960129188,
      "나오": 0.0032998236159417615,
      "그러": 0.0026302254456972356,
      "따르": 0.002457582378339106,
      "갖": 0.0024261553337435312
    }
  }
}