{
  "scope": "sermon",
  "idf_scope": "church",
  "church": "O-0A",
  "sermon": "O-0A-0014",
  "document_unit": "sermon_json",
  "document_count": 311,
  "min_count": 5,
  "freq": {
    "MAG": {
      "다": 35,
      "안": 23,
      "그냥": 14,
      "가장": 12,
      "잘": 12,
      "더": 11,
      "지금": 9,
      "막": 5
    },
    "NNB": {
      "거": 39,
      "분": 17,
      "원": 6,
      "장": 9,
      "번": 6,
      "절": 6,
      "때문": 5
    },
    "NNG": {
      "섬": 30,
      "서열": 13,
      "사람": 57,
      "분뇨": 9,
      "발": 23,
      "교회": 43,
      "제자": 19,
      "섬김": 10,
      "하나님": 31,
      "주": 27,
      "집사": 12,
      "하인": 7,
      "과부": 7,
      "집": 17,
      "예산": 5,
      "교만": 9,
      "땅": 15,
      "시장": 5,
      "평생": 12,
      "복": 14,
      "삶": 16,
      "장로": 9,
      "헌금": 5,
      "방": 5,
      "은혜": 13,
      "말씀": 13,
      "봉사": 5,
      "선생": 6,
      "실천": 5,
      "감사": 11,
      "물": 6,
      "지": 5,
      "말": 10,
      "지금": 8,
      "사랑": 9,
      "마지막": 6,
      "영광": 7,
      "우리나라": 5,
      "앞": 8,
      "인간": 5,
      "기도": 8,
      "오늘": 8,
      "옆": 5,
      "마음": 7,
      "기쁨": 5,
      "죄": 5,
      "전": 5,
      "문제": 5,
      "가운데": 5,
      "절": 5
    },
    "NNP": {
      "다비다": 7,
      "예수": 35,
      "누가": 15,
      "서울시": 5,
      "멘": 15,
      "서울": 6,
      "베드로": 5,
      "주님": 12,
      "가나안": 5
    },
    "VA": {
      "이렇": 20,
      "많": 20,
      "없": 20,
      "크": 16,
      "그렇": 13,
      "높": 6,
      "어렵": 9,
      "같": 8
    },
    "VV": {
      "섬기": 77,
      "되": 78,
      "기": 30,
      "씻": 19,
      "있": 38,
      "살": 32,
      "받": 30,
      "먹": 20,
      "알아주": 6,
      "갖": 18,
      "섬": 5,
      "주": 17,
      "보": 15,
      "돌": 6,
      "들어오": 9,
      "그러": 10,
      "나오": 11,
      "올라가": 6,
      "알": 10,
      "드리": 9,
      "나가": 9,
      "가지": 9,
      "죽": 8,
      "세우": 6,
      "부르": 6,
      "대하": 6,
      "만들": 6,
      "쓰": 5,
      "듣": 6,
      "들어가": 5,
      "바라": 6,
      "모르": 5,
      "살아가": 5
    }
  },
  "tfidf": {
    "MAG": {
      "다": 0.013850415512465374,
      "안": 0.009458676851019181,
      "그냥": 0.006879473558253492,
      "가장": 0.00556002764842921,
      "잘": 0.004950817322131203,
      "더": 0.00449479140276246,
      "지금": 0.0038466103557822824,
      "막": 0.0028193177561639613
    },
    "NNB": {
      "거": 0.01967660420273039,
      "분": 0.007196105520714613,
      "원": 0.005823214277786525,
      "장": 0.003607491350820408,
      "번": 0.0024204624120073644,
      "절": 0.0024204624120073644,
      "때문": 0.0020365460670758078
    },
    "NNG": {
      "섬": 0.03512639755312094,
      "서열": 0.025471376470739434,
      "사람": 0.022556390977443608,
      "분뇨": 0.021546776440540497,
      "발": 0.018842109270674413,
      "교회": 0.018143539207863723,
      "제자": 0.013177222564140946,
      "섬김": 0.012394480709003789,
      "하나님": 0.01226751088246933,
      "주": 0.010684606252473288,
      "집사": 0.01029659933188492,
      "하인": 0.009993099645097875,
      "과부": 0.009875205976347747,
      "집": 0.008353646463593526,
      "예산": 0.008120193625235899,
      "교만": 0.007722449498913691,
      "땅": 0.0070870227715528035,
      "시장": 0.006895343588816779,
      "평생": 0.006836715218442771,
      "복": 0.006636153702658835,
      "삶": 0.006537878404018125,
      "장로": 0.006415610164939297,
      "헌금": 0.005899887360735892,
      "방": 0.005523861237095478,
      "은혜": 0.005177523377243282,
      "말씀": 0.0051444400474871385,
      "봉사": 0.005022379438896945,
      "선생": 0.004723576565183501,
      "실천": 0.004646921316060632,
      "감사": 0.0045382492119536025,
      "물": 0.004416781793169239,
      "지": 0.004331472687394028,
      "말": 0.004034104020012274,
      "지금": 0.0039440758607559336,
      "사랑": 0.0035959466554038905,
      "마지막": 0.00351479144971412,
      "영광": 0.0032858036734347497,
      "우리나라": 0.0032511609813717524,
      "앞": 0.0031963970270256804,
      "인간": 0.0031800648016605073,
      "기도": 0.003175972380309452,
      "오늘": 0.0031658092599920855,
      "옆": 0.0030234812627631513,
      "마음": 0.0028329401972356527,
      "기쁨": 0.002522641564452614,
      "죄": 0.0024650474129724585,
      "전": 0.0022428401120390237,
      "문제": 0.0020694691359400036,
      "가운데": 0.0020628405508880013,
      "절": 0.0020041618615668933
    },
    "NNP": {
      "다비다": 0.016758603898198162,
      "예수": 0.013894879163853851,
      "누가": 0.009334304666232671,
      "서울시": 0.00922746665241323,
      "멘": 0.007982828371339906,
      "서울": 0.006369355387249061,
      "베드로": 0.00520801211641506,
      "주님": 0.004887710560981939,
      "가나안": 0.004852678564822104
    },
    "VA": {
      "이렇": 0.008068208040024548,
      "많": 0.00796542058037428,
      "없": 0.007914523149980214,
      "크": 0.006537878404018125,
      "그렇": 0.005397912005179334,
      "높": 0.005028960129462313,
      "어렵": 0.0044959550376760665,
      "같": 0.003206658978507029
    },
    "VV": {
      "섬기": 0.039106909723874116,
      "되": 0.030866640284922833,
      "기": 0.025988836124364166,
      "씻": 0.022419571970796387,
      "있": 0.015037593984962405,
      "살": 0.012785588108102722,
      "받": 0.01187178472497032,
      "먹": 0.01029351386852148,
      "알아주": 0.008274412306580135,
      "갖": 0.007717996635099921,
      "섬": 0.007137928317927054,
      "주": 0.006727344677483181,
      "보": 0.00597406543528071,
      "돌": 0.005823214277786525,
      "들어오": 0.004887727121937625,
      "그러": 0.00464843167411312,
      "나오": 0.004582145258543585,
      "올라가": 0.0043810765046107735,
      "알": 0.004219427722759006,
      "드리": 0.004063300080082324,
      "나가": 0.0039853071367626815,
      "가지": 0.003761080523635521,
      "죽": 0.003474653866770858,
      "세우": 0.0031505408443333496,
      "부르": 0.0028626883754434805,
      "대하": 0.0027710029711036795,
      "만들": 0.0026654586199263922,
      "쓰": 0.00257337846713037,
      "듣": 0.0025726655450333067,
      "들어가": 0.0024731732181815075,
      "바라": 0.0024438552804909694,
      "모르": 0.00232421583705656,
      "살아가": 0.0021233127519370057
    }
  }
}