{
  "scope": "sermon",
  "idf_scope": "church",
  "church": "O-0A",
  "sermon": "O-0A-0006",
  "document_unit": "sermon_json",
  "document_count": 311,
  "min_count": 5,
  "freq": {
    "MAG": {
      "다": 20,
      "서로": 8,
      "더": 13,
      "잘": 12,
      "못": 9,
      "잘못": 5,
      "지금": 6,
      "다시": 5
    },
    "NNB": {
      "명": 12,
      "절": 8,
      "장": 7
    },
    "NNG": {
      "부흥": 52,
      "성령": 49,
      "사람": 43,
      "하나님": 42,
      "소": 20,
      "회개": 21,
      "충만": 19,
      "주": 27,
      "역사": 23,
      "충": 9,
      "말씀": 21,
      "은혜": 20,
      "교회": 18,
      "침례": 7,
      "불": 9,
      "복음": 12,
      "날": 16,
      "변화": 12,
      "증인": 6,
      "축복": 12,
      "십자가": 9,
      "선물": 6,
      "예배": 9,
      "사모": 5,
      "소식": 5,
      "사도": 6,
      "청년": 5,
      "사랑": 11,
      "이름": 11,
      "기도": 11,
      "관계": 5,
      "말": 10,
      "죄": 8,
      "전진": 5,
      "사업": 5,
      "백성": 6,
      "감동": 5,
      "삶": 8,
      "회복": 5,
      "모습": 7,
      "구원": 6,
      "가정": 5,
      "성도": 5,
      "세상": 6,
      "문제": 6,
      "목사": 5,
      "장": 5,
      "가운데": 5,
      "절": 5
    },
    "NNP": {
      "예수": 39,
      "성령": 21,
      "그리스도": 13,
      "베드로": 6,
      "사도행전": 5,
      "대한민국": 6,
      "이스라엘": 5,
      "주님": 7
    },
    "VA": {
      "놀랍": 26,
      "없": 8,
      "어렵": 6,
      "크": 6,
      "이렇": 5
    },
    "VV": {
      "되": 80,
      "받": 70,
      "있": 31,
      "박": 8,
      "믿": 21,
      "주": 20,
      "임하": 15,
      "나타나": 11,
      "일어나": 13,
      "전하": 11,
      "붓": 7,
      "남": 7,
      "다가오": 7,
      "사라지": 6,
      "살": 9,
      "돌아오": 5,
      "쓰이": 5,
      "보내": 6,
      "드리": 6,
      "섬기": 5,
      "바라": 6,
      "나누": 5,
      "위하": 5
    }
  },
  "tfidf": {
    "MAG": {
      "다": 0.009587727708533078,
      "서로": 0.007134041285611166,
      "더": 0.006435038454290491,
      "잘": 0.005997466621776391,
      "못": 0.0049864768766457795,
      "잘못": 0.0035482094892248252,
      "지금": 0.0031065466184281966,
      "다시": 0.002664888317325304
    },
    "NNB": {
      "명": 0.007481795650744135,
      "절": 0.003909561211340754,
      "장": 0.0033990047142144555
    },
    "NNG": {
      "부흥": 0.04420224074215775,
      "성령": 0.03324123870180976,
      "사람": 0.020613614573346116,
      "하나님": 0.020134228187919462,
      "소": 0.018829143765081047,
      "회개": 0.015888092757241293,
      "충만": 0.014017705423739719,
      "주": 0.012943432406519654,
      "역사": 0.012579261955601617,
      "충": 0.010762498327824117,
      "말씀": 0.010067114093959731,
      "은혜": 0.00964938533394334,
      "교회": 0.009200617900163764,
      "침례": 0.008619516503066594,
      "불": 0.008124984204712507,
      "복음": 0.00808513005623105,
      "날": 0.00784422942436871,
      "변화": 0.007762467736090821,
      "증인": 0.007300989170906567,
      "축복": 0.006354641525267901,
      "십자가": 0.006320228550915958,
      "선물": 0.005901213726501455,
      "예배": 0.0058022839772893416,
      "사모": 0.005689250564099859,
      "소식": 0.005570859491881314,
      "사도": 0.005461599524499207,
      "청년": 0.005458041872375118,
      "사랑": 0.005324199913724403,
      "이름": 0.005307161933668836,
      "기도": 0.00529017882642988,
      "관계": 0.005053389740124274,
      "말": 0.004886951514175943,
      "죄": 0.0047778905561506445,
      "전진": 0.0046280413049785835,
      "사업": 0.004233627625572646,
      "백성": 0.004228198358329057,
      "감동": 0.0039976734721372375,
      "삶": 0.003960023664178763,
      "회복": 0.0037556410719934165,
      "모습": 0.003730843644255425,
      "구원": 0.0037284731049180416,
      "가정": 0.0036367605802883063,
      "성도": 0.003474828291191251,
      "세상": 0.003146775502344036,
      "문제": 0.003008369227144999,
      "목사": 0.0029183850639446277,
      "장": 0.00256394995359058,
      "가운데": 0.0024989444257401626,
      "절": 0.0024278605101531827
    },
    "NNP": {
      "예수": 0.01875608856643321,
      "성령": 0.016419618115298046,
      "그리스도": 0.00864018210488356,
      "베드로": 0.007570841774600684,
      "사도행전": 0.005689250564099859,
      "대한민국": 0.0054166561364750055,
      "이스라엘": 0.003782879227914594,
      "주님": 0.0034539274573829304
    },
    "VA": {
      "놀랍": 0.01557933142674606,
      "없": 0.003835091083413231,
      "어렵": 0.0036309614510090828,
      "크": 0.0029700177481340726,
      "이렇": 0.0024434757570879714
    },
    "VV": {
      "되": 0.038350910834132314,
      "받": 0.03355704697986577,
      "있": 0.014860977948226271,
      "박": 0.01093454607746445,
      "믿": 0.010131854600640505,
      "주": 0.009587727708533078,
      "임하": 0.008203866492783663,
      "나타나": 0.00756571926869178,
      "일어나": 0.006973544516341262,
      "전하": 0.006700890534764182,
      "붓": 0.0063194321592208395,
      "남": 0.005950301638367388,
      "다가오": 0.004814548625531133,
      "사라지": 0.004761477044804693,
      "살": 0.004356163565774512,
      "돌아오": 0.004073772940772377,
      "쓰이": 0.004073772940772377,
      "보내": 0.0037284731049180416,
      "드리": 0.0032815465971134656,
      "섬기": 0.0030762647978555212,
      "바라": 0.002960509249185369,
      "나누": 0.0025722010182861045,
      "위하": 0.0024909413066953054
    }
  }
}