{
  "scope": "sermon",
  "idf_scope": "church",
  "church": "O-0A",
  "sermon": "O-0A-0033",
  "document_unit": "sermon_json",
  "document_count": 311,
  "min_count": 5,
  "freq": {
    "MAG": {
      "다": 12,
      "잘": 6,
      "늘": 5
    },
    "NNB": {
      "장": 9,
      "수": 8,
      "절": 7,
      "번": 6,
      "때문": 5
    },
    "NNG": {
      "손": 67,
      "사람": 58,
      "암": 15,
      "주": 33,
      "병": 21,
      "회당": 9,
      "믿음": 28,
      "교회": 19,
      "하나님": 20,
      "고": 8,
      "우울증": 7,
      "회복": 12,
      "고발": 5,
      "책": 9,
      "박사": 6,
      "말씀": 16,
      "문제": 15,
      "치료": 9,
      "환자": 6,
      "은혜": 13,
      "절망": 9,
      "의사": 6,
      "기쁨": 9,
      "감사": 11,
      "모습": 10,
      "앞": 11,
      "속": 9,
      "포기": 5,
      "마음": 10,
      "절": 10,
      "오늘": 9,
      "사랑": 8,
      "이름": 8,
      "축원": 7,
      "처음": 5,
      "몸": 5,
      "생각": 6,
      "신앙": 5,
      "가운데": 6,
      "삶": 6,
      "날": 6,
      "인생": 5,
      "성경": 5,
      "말": 5
    },
    "NNP": {
      "예수": 30,
      "마가복음": 5,
      "주님": 10
    },
    "VA": {
      "없": 13,
      "크": 5
    },
    "VV": {
      "내밀": 20,
      "마르": 22,
      "되": 43,
      "있": 24,
      "고치": 11,
      "펼치": 7,
      "치": 9,
      "바라": 12,
      "보": 10,
      "르시": 5,
      "받": 9,
      "섬기": 7,
      "일으키": 5,
      "살리": 5,
      "살아가": 7,
      "만나": 5,
      "나오": 5,
      "믿": 5
    }
  },
  "tfidf": {
    "MAG": {
      "다": 0.006936416184971098,
      "잘": 0.0036158136916258814,
      "늘": 0.003234062663647815
    },
    "NNB": {
      "장": 0.005269439678337093,
      "수": 0.004624277456647399,
      "절": 0.004124813064161683,
      "번": 0.0035355540549957282,
      "때문": 0.0029747698910407897
    },
    "NNG": {
      "손": 0.052083417677194155,
      "사람": 0.03352601156069364,
      "암": 0.022405665645518585,
      "주": 0.01907514450867052,
      "병": 0.01848300266899093,
      "회당": 0.017744039363415322,
      "믿음": 0.01753675561699197,
      "교회": 0.0117102533672155,
      "하나님": 0.011560693641618497,
      "고": 0.011469703171182276,
      "우울증": 0.01137470687028676,
      "회복": 0.010868347666374473,
      "고발": 0.010830262757963846,
      "책": 0.009716909122239872,
      "박사": 0.009363995098178956,
      "말씀": 0.009248554913294798,
      "문제": 0.009068581225179865,
      "치료": 0.00877503840586738,
      "환자": 0.008505932069344826,
      "은혜": 0.007562775476470389,
      "절망": 0.0074382513750920545,
      "의사": 0.007052507467620169,
      "기쁨": 0.006632651687901248,
      "감사": 0.006628991767980783,
      "모습": 0.0064265399190064545,
      "앞": 0.006419815618513934,
      "속": 0.0063133912732268975,
      "포기": 0.00592963961150387,
      "마음": 0.005911511047410813,
      "절": 0.0058549329759301025,
      "오늘": 0.005202312138728324,
      "사랑": 0.0046689568134646794,
      "이름": 0.004654015677827933,
      "축원": 0.004440979208765152,
      "처음": 0.004416379856070799,
      "몸": 0.0038737740055988525,
      "생각": 0.0038188304631376953,
      "신앙": 0.003672637324098288,
      "가운데": 0.0036158136916258814,
      "삶": 0.003581189030409061,
      "날": 0.003546906628446488,
      "인생": 0.0034506563668042266,
      "성경": 0.003081645622951447,
      "말": 0.0029462950458297734
    },
    "NNP": {
      "예수": 0.01739670998202742,
      "마가복음": 0.007854484095590556,
      "주님": 0.005949539782081579
    },
    "VA": {
      "없": 0.007514450867052023,
      "크": 0.0029843241920075505
    },
    "VV": {
      "내밀": 0.037887483063696596,
      "마르": 0.03306191107005486,
      "되": 0.02485549132947977,
      "있": 0.013872832369942197,
      "고치": 0.011499318960385373,
      "펼치": 0.01071711582607611,
      "치": 0.007188092022485847,
      "바라": 0.007139447738497896,
      "보": 0.005817519597284915,
      "르시": 0.005533784539038095,
      "받": 0.005202312138728324,
      "섬기": 0.005193019488819227,
      "일으키": 0.0051856742700327,
      "살리": 0.005006843623448632,
      "살아가": 0.0043421132102906,
      "만나": 0.0035304689882868093,
      "나오": 0.0030423229291486184,
      "믿": 0.0029087597986424576
    }
  }
}