{
  "scope": "sermon",
  "idf_scope": "church",
  "church": "O-0A",
  "sermon": "O-0A-0244",
  "document_unit": "sermon_json",
  "document_count": 311,
  "min_count": 5,
  "freq": {
    "MAG": {
      "안": 10,
      "잘": 8
    },
    "NNB": {
      "줄": 12,
      "거": 6,
      "번": 6,
      "분": 5,
      "때문": 5
    },
    "NNG": {
      "민족": 16,
      "나라": 17,
      "국가": 8,
      "사람": 17,
      "가치": 5,
      "소유": 6,
      "사랑": 15,
      "기도": 14,
      "하나님": 14,
      "생명": 9,
      "행복": 6,
      "목사": 9,
      "십자가": 6,
      "교회": 8,
      "말씀": 7,
      "세계": 5,
      "세상": 6,
      "말": 6,
      "앞": 6,
      "오늘": 6,
      "믿음": 5,
      "이름": 5,
      "주": 5
    },
    "NNP": {
      "예수": 23,
      "대한민국": 7,
      "한국": 6,
      "그리스도": 5
    },
    "VA": {
      "없": 9,
      "좋": 7,
      "같": 7,
      "많": 5
    },
    "VV": {
      "되": 26,
      "있": 17,
      "살": 16,
      "믿": 13,
      "보": 11,
      "살아가": 10,
      "위하": 10,
      "나가": 6,
      "만들": 5
    }
  },
  "tfidf": {
    "MAG": {
      "안": 0.009631331910595748,
      "잘": 0.007729821052224622
    },
    "NNB": {
      "줄": 0.01500695801435167,
      "거": 0.007089581353147457,
      "번": 0.0056686825904936145,
      "분": 0.004956811495078729,
      "때문": 0.004769556915199783
    },
    "NNG": {
      "민족": 0.03155340383270766,
      "나라": 0.0217693117476376,
      "국가": 0.018286095042027262,
      "사람": 0.015755329008341055,
      "가치": 0.015333716326804152,
      "소유": 0.015314286234913111,
      "사랑": 0.014036078464945369,
      "기도": 0.013016630082320178,
      "하나님": 0.012974976830398516,
      "생명": 0.012304268080366441,
      "행복": 0.011408648594515325,
      "목사": 0.01015565545699656,
      "십자가": 0.008145812021755136,
      "교회": 0.007905463470184991,
      "말씀": 0.006487488415199258,
      "세계": 0.006190136313018367,
      "세상": 0.006083571545773548,
      "말": 0.0056686825904936145,
      "앞": 0.0056144313859781475,
      "오늘": 0.005560704355885079,
      "믿음": 0.00502094982414208,
      "이름": 0.004663720529797452,
      "주": 0.004633920296570899
    },
    "NNP": {
      "예수": 0.02138446370666887,
      "대한민국": 0.012217178391227683,
      "한국": 0.008033470739173933,
      "그리스도": 0.006424545473296893
    },
    "VA": {
      "없": 0.008341056533827619,
      "좋": 0.006741932337417024,
      "같": 0.0065711991045888365,
      "많": 0.004663720529797452
    },
    "VV": {
      "되": 0.024096385542168676,
      "있": 0.015755329008341055,
      "살": 0.01497181702927506,
      "믿": 0.012125673377473377,
      "보": 0.010260185165554396,
      "살아가": 0.009945526087386122,
      "위하": 0.009631331910595748,
      "나가": 0.00622234855396929,
      "만들": 0.00520204968532128
    }
  }
}