{
  "scope": "sermon",
  "idf_scope": "church",
  "church": "O-0A",
  "sermon": "O-0A-0297",
  "document_unit": "sermon_json",
  "document_count": 311,
  "min_count": 5,
  "freq": {
    "MAG": {
      "다": 26,
      "잘": 22,
      "많이": 12,
      "더": 10,
      "아주": 5,
      "잘못": 5,
      "늘": 5
    },
    "NNB": {
      "달": 27,
      "달러": 11,
      "원": 7,
      "절": 14,
      "데": 9,
      "장": 10,
      "수": 9,
      "분": 7,
      "때문": 6,
      "번": 5
    },
    "NNG": {
      "란트": 24,
      "주인": 45,
      "기부": 19,
      "달란트": 20,
      "사람": 53,
      "충성": 22,
      "하나님": 50,
      "결산": 8,
      "종": 22,
      "칭찬": 11,
      "은혜": 22,
      "재산": 9,
      "재능": 7,
      "대학": 11,
      "신분": 7,
      "갑절": 5,
      "돈": 12,
      "최선": 8,
      "생각": 15,
      "책망": 5,
      "사명": 8,
      "앞": 15,
      "주": 14,
      "악": 7,
      "부정": 8,
      "자녀": 10,
      "열매": 5,
      "말": 10,
      "모습": 9,
      "말씀": 10,
      "긍정": 5,
      "의미": 5,
      "이름": 9,
      "감사": 8,
      "세계": 6,
      "세상": 7,
      "절": 7,
      "고백": 5,
      "삶": 6,
      "영광": 5,
      "오늘": 5
    },
    "NNP": {
      "예수": 12,
      "미국": 8,
      "마태복음": 5,
      "주님": 8
    },
    "VA": {
      "적": 8,
      "착하": 8,
      "없": 17,
      "이렇": 12,
      "많": 12,
      "크": 11,
      "같": 8,
      "좋": 5
    },
    "VV": {
      "되": 81,
      "맡기": 23,
      "받": 31,
      "남기": 11,
      "있": 21,
      "믿": 18,
      "모으": 8,
      "주": 17,
      "돌아오": 10,
      "알": 13,
      "가지": 13,
      "맺": 5,
      "살": 12,
      "보": 12,
      "인정받": 5,
      "쓰": 8,
      "나가": 9,
      "르": 6,
      "만들": 8,
      "바라": 8,
      "대하": 7,
      "죽": 7,
      "나오": 7,
      "갖": 6,
      "따르": 5
    }
  },
  "tfidf": {
    "MAG": {
      "다": 0.012212306247064349,
      "잘": 0.010773279247164636,
      "많이": 0.006642458133321497,
      "더": 0.004850052467987847,
      "아주": 0.0037884088137304112,
      "잘못": 0.0034765453238717638,
      "늘": 0.002627960736548013
    },
    "NNB": {
      "달": 0.026614622730877863,
      "달러": 0.018208267258033865,
      "원": 0.008063788739609038,
      "절": 0.006703547769844726,
      "데": 0.006505856508498911,
      "장": 0.00475764868405781,
      "수": 0.004227336777829967,
      "분": 0.0035170312092371674,
      "때문": 0.002900715027618919,
      "번": 0.0023941242035159737
    },
    "NNG": {
      "란트": 0.05581486578015699,
      "주인": 0.04672060416135753,
      "기부": 0.03962796796688271,
      "달란트": 0.03855280280126091,
      "사람": 0.02489431658055425,
      "충성": 0.023649802543086632,
      "하나님": 0.023485204321277594,
      "결산": 0.019290052702209046,
      "종": 0.017106129993751135,
      "칭찬": 0.010744577280728777,
      "은혜": 0.010399943441646966,
      "재산": 0.010367728379497334,
      "재능": 0.010210389477022864,
      "대학": 0.009690068628883466,
      "신분": 0.009582213498939743,
      "갑절": 0.009324599496406061,
      "돈": 0.009025869222960014,
      "최선": 0.008186585237544938,
      "생각": 0.007757840184626836,
      "책망": 0.007486273194739475,
      "사명": 0.007135053457401188,
      "앞": 0.007113634881952115,
      "주": 0.006575857209957727,
      "악": 0.006429582017469259,
      "부정": 0.006243678056646386,
      "자녀": 0.005663076189717923,
      "열매": 0.0050207444852545585,
      "말": 0.004788248407031947,
      "모습": 0.004699916699808853,
      "말씀": 0.004697040864255519,
      "긍정": 0.004333403916999932,
      "의미": 0.004264324806604692,
      "이름": 0.004254522317037395,
      "감사": 0.0039175560898780494,
      "세계": 0.003764672850209573,
      "세상": 0.0035970890782235487,
      "절": 0.0033303540788404674,
      "고백": 0.003105843561618592,
      "삶": 0.0029100314807927077,
      "영광": 0.002785756519750927,
      "오늘": 0.0023485204321277596
    },
    "NNP": {
      "예수": 0.005654543592091581,
      "미국": 0.005174362321418998,
      "마태복음": 0.004440988548355719,
      "주님": 0.003867620036825226
    },
    "VA": {
      "적": 0.011118134537872132,
      "착하": 0.010490406648109178,
      "없": 0.007984969469234382,
      "이렇": 0.005745898088438337,
      "많": 0.0056726964227165255,
      "크": 0.005335057714786632,
      "같": 0.0038061189472462483,
      "좋": 0.0024406310783308626
    },
    "VV": {
      "되": 0.0380460310004697,
      "맡기": 0.018430795427010156,
      "받": 0.01456082667919211,
      "남기": 0.01200835527484346,
      "있": 0.00986378581493659,
      "믿": 0.00850904463407479,
      "모으": 0.008070956646970006,
      "주": 0.007984969469234382,
      "돌아오": 0.007982987650964,
      "알": 0.0065106820159866645,
      "가지": 0.006448267641665388,
      "맺": 0.005825089973621811,
      "살": 0.005690907905561692,
      "보": 0.0056726964227165255,
      "인정받": 0.005166060135132641,
      "쓰": 0.004887122507422034,
      "나가": 0.004730329325786423,
      "르": 0.0046653081801139445,
      "만들": 0.0042183271849406566,
      "바라": 0.003867620036825226,
      "대하": 0.0038371905085214488,
      "죽": 0.0036086867220120776,
      "나오": 0.003461017442178466,
      "갖": 0.0030536053697976357,
      "따르": 0.0025776333728657697
    }
  }
}