{
  "scope": "sermon",
  "idf_scope": "church",
  "church": "O-0A",
  "sermon": "O-0A-0163",
  "document_unit": "sermon_json",
  "document_count": 311,
  "min_count": 5,
  "freq": {
    "MAG": {
      "다": 18,
      "가장": 11,
      "서로": 6,
      "자꾸": 5,
      "안": 8,
      "막": 5
    },
    "NNB": {
      "거": 9,
      "장": 8,
      "번": 7
    },
    "NNG": {
      "우상": 39,
      "하나님": 69,
      "사랑": 47,
      "예배": 29,
      "죄": 27,
      "초보": 7,
      "가인": 6,
      "안식일": 6,
      "제거": 7,
      "주일날": 10,
      "비행기": 7,
      "교회": 20,
      "날": 20,
      "장로": 11,
      "사람": 19,
      "탐욕": 5,
      "토요일": 5,
      "분노": 6,
      "미움": 6,
      "마귀": 7,
      "교만": 6,
      "신앙": 10,
      "용서": 7,
      "부모": 7,
      "생활": 8,
      "노예": 5,
      "삶": 11,
      "영광": 9,
      "애": 5,
      "안": 8,
      "절": 9,
      "은혜": 9,
      "중요": 6,
      "마음": 8,
      "말씀": 8,
      "주": 8,
      "말": 7,
      "목사": 5,
      "오늘": 6,
      "가운데": 5,
      "감사": 5
    },
    "NNP": {
      "멘": 25,
      "제주도": 6,
      "예수": 11,
      "아멘": 6,
      "이스라엘": 5
    },
    "VA": {
      "크": 8,
      "없": 8,
      "그렇": 7,
      "힘들": 5,
      "이렇": 6
    },
    "VV": {
      "되": 57,
      "싸우": 17,
      "미워하": 9,
      "씻": 7,
      "죄": 5,
      "드리": 17,
      "물": 8,
      "뜯": 7,
      "만들": 14,
      "머물": 5,
      "있": 15,
      "벗어나": 6,
      "타": 7,
      "울": 6,
      "살": 11,
      "죽이": 6,
      "보": 10,
      "갖": 9,
      "두": 5,
      "그러": 8,
      "떠나": 7,
      "죽": 8,
      "나오": 8,
      "말미암": 5,
      "받": 7,
      "주": 7,
      "바라보": 5,
      "들어오": 5,
      "짓": 5,
      "섬기": 5,
      "가지": 5,
      "위하": 5
    }
  },
  "tfidf": {
    "MAG": {
      "다": 0.009933774834437087,
      "가장": 0.007107803924916609,
      "서로": 0.006159606838487124,
      "자꾸": 0.0049510024763557235,
      "안": 0.004588170918999035,
      "막": 0.003931796892840138
    },
    "NNB": {
      "거": 0.006332498576197108,
      "장": 0.004471979712299814,
      "번": 0.003938149338300062
    },
    "NNG": {
      "우상": 0.06417788069123667,
      "하나님": 0.0380794701986755,
      "사랑": 0.026188802324973306,
      "예배": 0.02152338526625836,
      "죄": 0.018563765997759146,
      "초보": 0.01644960031244502,
      "가인": 0.01588441403560983,
      "안식일": 0.013589224696007363,
      "제거": 0.013462663658121415,
      "주일날": 0.012695098958715045,
      "비행기": 0.012205513104566008,
      "교회": 0.011768757014803542,
      "날": 0.011287984671104534,
      "장로": 0.010935413033775916,
      "사람": 0.010485651214128035,
      "탐욕": 0.009411696130337413,
      "토요일": 0.008795957854084074,
      "분노": 0.008121005783645998,
      "미움": 0.008031506868454212,
      "마귀": 0.007335382289986887,
      "교만": 0.007179775527503642,
      "신앙": 0.007012872594580617,
      "용서": 0.006904102048265757,
      "부모": 0.006796785851384118,
      "생활": 0.006651484436995732,
      "노예": 0.00644669961519103,
      "삶": 0.006268398385640584,
      "영광": 0.005891598308493103,
      "애": 0.005350392227031529,
      "안": 0.0050533387585479355,
      "절": 0.005030977176337291,
      "은혜": 0.0049988289254815745,
      "중요": 0.004988613327746799,
      "마음": 0.004515193868441813,
      "말씀": 0.004415011037527594,
      "주": 0.004415011037527594,
      "말": 0.003938149338300062,
      "목사": 0.0033596861166603166,
      "오늘": 0.0033112582781456954,
      "가운데": 0.0028768201280871854,
      "감사": 0.0028768201280871854
    },
    "NNP": {
      "멘": 0.01855464247091238,
      "제주도": 0.015052247054547229,
      "예수": 0.006090128604819387,
      "아멘": 0.004653857973868094,
      "이스라엘": 0.0043549040118266245
    },
    "VA": {
      "크": 0.0045588351895567885,
      "없": 0.004415011037527594,
      "그렇": 0.004053475354882716,
      "힘들": 0.003649194780731779,
      "이렇": 0.003375556575685767
    },
    "VV": {
      "되": 0.03145695364238411,
      "싸우": 0.01480667364021052,
      "미워하": 0.01154385387423618,
      "씻": 0.01151910679073479,
      "죄": 0.011133976232635963,
      "드리": 0.01070366127914254,
      "물": 0.010535515943134175,
      "뜯": 0.009581822944468637,
      "만들": 0.008673527874885569,
      "머물": 0.008427493746400514,
      "있": 0.008278145695364239,
      "벗어나": 0.007817803156078147,
      "타": 0.007186207978234978,
      "울": 0.006393439842506838,
      "살": 0.006129294161163965,
      "죽이": 0.006060755967130563,
      "보": 0.0055542543616461946,
      "갖": 0.00538172668236686,
      "두": 0.005196442559182699,
      "그러": 0.00518613105540126,
      "떠나": 0.005126004138650903,
      "죽": 0.0048457231353918094,
      "나오": 0.004647433701922393,
      "말미암": 0.0038649805072976584,
      "받": 0.003863134657836645,
      "주": 0.003863134657836645,
      "바라보": 0.003799743854270505,
      "들어오": 0.0037868795796959704,
      "짓": 0.003637012059404193,
      "섬기": 0.003541439496868994,
      "가지": 0.0029139840824218065,
      "위하": 0.002867606824374397
    }
  }
}