{
  "scope": "sermon",
  "idf_scope": "church",
  "church": "O-0A",
  "sermon": "O-0A-0252",
  "document_unit": "sermon_json",
  "document_count": 311,
  "min_count": 5,
  "freq": {
    "MAG": {
      "긍휼히": 7,
      "다": 16,
      "늘": 8,
      "항상": 5,
      "다시": 7,
      "참으로": 5,
      "안": 6
    },
    "NNB": {
      "절": 15,
      "장": 8
    },
    "NNG": {
      "성벽": 17,
      "하나님": 64,
      "손바닥": 11,
      "주": 38,
      "영향": 12,
      "사람": 32,
      "환자": 13,
      "신실": 9,
      "말씀": 26,
      "고난": 14,
      "회복": 15,
      "사랑": 23,
      "이전": 6,
      "기도": 17,
      "용서": 9,
      "모습": 13,
      "의사": 7,
      "앞": 14,
      "선생": 7,
      "상처": 8,
      "자녀": 8,
      "기억": 6,
      "아버지": 8,
      "삶": 8,
      "마음": 8,
      "절": 8,
      "오늘": 8,
      "속": 6,
      "축복": 6,
      "세상": 6,
      "문제": 5,
      "가운데": 5,
      "날": 5,
      "은혜": 5
    },
    "NNP": {
      "이사야": 8,
      "멘": 12,
      "예수": 12,
      "이스라엘": 5,
      "주님": 7
    },
    "VA": {
      "많": 12,
      "없": 9,
      "좋": 7,
      "크": 7,
      "같": 5
    },
    "VV": {
      "되": 42,
      "새기": 10,
      "무너지": 14,
      "받": 25,
      "잊": 11,
      "바라": 16,
      "보": 13,
      "자라": 6,
      "있": 11,
      "지키": 7,
      "살": 9,
      "살아가": 8,
      "계시": 6,
      "지나가": 5,
      "나아가": 5,
      "알": 7,
      "믿": 7,
      "바라보": 5,
      "듣": 6,
      "이루": 5,
      "만들": 5,
      "주": 5
    }
  },
  "tfidf": {
    "MAG": {
      "긍휼히": 0.012165230883098793,
      "다": 0.0088008800880088,
      "늘": 0.004924029402077641,
      "항상": 0.004915225880660676,
      "다시": 0.004280824995553804,
      "참으로": 0.0036371512336006505,
      "안": 0.0034297713305388826
    },
    "NNB": {
      "절": 0.008411040312352323,
      "장": 0.004457220703348329
    },
    "NNG": {
      "성벽": 0.041522061392663595,
      "하나님": 0.0352035203520352,
      "손바닥": 0.02902531541600432,
      "주": 0.020902090209020903,
      "영향": 0.018301724582556834,
      "사람": 0.0176017601760176,
      "환자": 0.017537441532780085,
      "신실": 0.016224095470345326,
      "말씀": 0.014301430143014302,
      "고난": 0.013137903297877855,
      "회복": 0.012927833789073044,
      "사랑": 0.01277350052308578,
      "이전": 0.00947789497327258,
      "기도": 0.009380954172560076,
      "용서": 0.008847406585189217,
      "모습": 0.007950103563171352,
      "의사": 0.007829653963410363,
      "앞": 0.007775174231443518,
      "선생": 0.007660006037910795,
      "상처": 0.006335305961497939,
      "자녀": 0.005305473798860047,
      "기억": 0.005097380054599527,
      "아버지": 0.0045877210755502565,
      "삶": 0.004543789528865182,
      "마음": 0.0045002922385129615,
      "절": 0.004457220703348329,
      "오늘": 0.0044004400440044,
      "속": 0.004005195050488644,
      "축복": 0.003645704681438075,
      "세상": 0.003610656599499262,
      "문제": 0.0028765393325194664,
      "가운데": 0.0028673256722189107,
      "날": 0.0028126826490706015,
      "은혜": 0.0027679617445827568
    },
    "NNP": {
      "이사야": 0.009633119015220865,
      "멘": 0.008876834893014716,
      "예수": 0.006621850004160054,
      "이스라엘": 0.0043405313913255465,
      "주님": 0.0039630872805834945
    },
    "VA": {
      "많": 0.006643108186998616,
      "없": 0.0049504950495049506,
      "좋": 0.004001399885628696,
      "크": 0.0039758158377570345,
      "같": 0.002785762939592706
    },
    "VV": {
      "되": 0.0231023102310231,
      "새기": 0.018381770110821382,
      "무너지": 0.014209179004411437,
      "받": 0.013751375137513752,
      "잊": 0.012525807418494683,
      "바라": 0.009058485212762273,
      "보": 0.007196700535915168,
      "자라": 0.0063723393809804125,
      "있": 0.00605060506050605,
      "지키": 0.005562596671523718,
      "살": 0.0049983262916422615,
      "살아가": 0.004722210186266062,
      "계시": 0.0044986991230000755,
      "지나가": 0.004309277929691015,
      "나아가": 0.004278375637977798,
      "알": 0.004105470681401763,
      "믿": 0.003875146442415859,
      "바라보": 0.0037872034455105363,
      "듣": 0.0035759768054450863,
      "이루": 0.0033051145287432793,
      "만들": 0.0030874651322671406,
      "주": 0.0027502750275027505
    }
  }
}