{
  "scope": "sermon",
  "idf_scope": "church",
  "church": "O-0A",
  "sermon": "O-0A-0069",
  "document_unit": "sermon_json",
  "document_count": 311,
  "min_count": 5,
  "freq": {
    "MAG": {
      "절대": 15,
      "다": 17,
      "이제": 9,
      "안": 9,
      "그냥": 6,
      "잘": 6,
      "지금": 5
    },
    "NNB": {
      "거": 10,
      "수": 10,
      "가지": 6,
      "명": 6,
      "때문": 7,
      "절": 6,
      "번": 5
    },
    "NNG": {
      "성령": 45,
      "모세": 21,
      "하나님": 49,
      "불평": 27,
      "사람": 37,
      "광야": 15,
      "감사": 30,
      "백성": 20,
      "원망": 15,
      "평": 8,
      "절": 24,
      "긍정": 13,
      "부정": 14,
      "충만": 15,
      "대적": 8,
      "노예": 9,
      "밤새": 6,
      "인도": 11,
      "말씀": 15,
      "근심": 7,
      "장로": 8,
      "통곡": 5,
      "문제": 13,
      "지도자": 6,
      "역사": 11,
      "교회": 11,
      "마귀": 6,
      "물": 6,
      "심판": 5,
      "은혜": 10,
      "시험": 5,
      "땅": 8,
      "말": 9,
      "주": 9,
      "생각": 8,
      "천국": 5,
      "손": 6,
      "기도": 8,
      "길": 6,
      "남": 5,
      "구원": 5,
      "장": 6,
      "마음": 6,
      "앞": 6,
      "모습": 5,
      "날": 5,
      "이름": 5
    },
    "NNP": {
      "이스라엘": 18,
      "성": 9,
      "예수": 14,
      "여호": 5,
      "여호와": 5,
      "성령": 6
    },
    "VA": {
      "없": 18,
      "그렇": 13,
      "좋": 10,
      "이렇": 8,
      "어떻": 5
    },
    "VV": {
      "되": 35,
      "임하": 23,
      "대들": 6,
      "있": 20,
      "받": 16,
      "죽": 14,
      "믿": 15,
      "보": 15,
      "섬기": 8,
      "살": 10,
      "다가오": 7,
      "치": 6,
      "그러": 7,
      "대하": 7,
      "들어가": 6,
      "바라보": 5,
      "이르": 5,
      "나오": 5
    }
  },
  "tfidf": {
    "MAG": {
      "절대": 0.012722647190706558,
      "다": 0.009169363538295576,
      "이제": 0.005159371741710752,
      "안": 0.005044760743462531,
      "그냥": 0.004018592159432865,
      "잘": 0.00337397933468866,
      "지금": 0.0029127365363363984
    },
    "NNB": {
      "거": 0.006876715462105453,
      "수": 0.005393743257820928,
      "가지": 0.004824368154572338,
      "명": 0.004209014489604171,
      "때문": 0.0038861341295042032,
      "절": 0.0032990876564954743,
      "번": 0.002749239713746229
    },
    "NNG": {
      "성령": 0.03434774318009469,
      "모세": 0.028094276982810956,
      "하나님": 0.026429341963322545,
      "불평": 0.02484539687469689,
      "사람": 0.019956850053937433,
      "광야": 0.01842309926500727,
      "감사": 0.016869896673443296,
      "백성": 0.015857644328432965,
      "원망": 0.014070039497281741,
      "평": 0.013879795741934502,
      "절": 0.013112018185578096,
      "긍정": 0.012938038857692246,
      "부정": 0.012547132426941894,
      "충만": 0.012451427999455394,
      "대적": 0.011883577740000897,
      "노예": 0.011341184177404024,
      "밤새": 0.009431591557671157,
      "인도": 0.008512454365960655,
      "말씀": 0.008090614886731391,
      "근심": 0.008071645637944843,
      "장로": 0.007772861985761286,
      "통곡": 0.007377750816011358,
      "문제": 0.007333778919607882,
      "지도자": 0.00705066341858138,
      "역사": 0.006769001098288887,
      "교회": 0.006326182977860415,
      "마귀": 0.006145035926701913,
      "물": 0.00602006881949227,
      "심판": 0.005819945278152401,
      "은혜": 0.0054284298291817175,
      "시험": 0.005365191468994385,
      "땅": 0.00515178900933878,
      "말": 0.004948631484743211,
      "주": 0.0048543689320388345,
      "생각": 0.0047512238052702,
      "천국": 0.004654054344645518,
      "손": 0.00435223458346838,
      "기도": 0.0043288469282858595,
      "길": 0.0038891250571231597,
      "남": 0.0038295393977105566,
      "구원": 0.0034958625030829895,
      "장": 0.00346174731598055,
      "마음": 0.0033096809424015233,
      "앞": 0.003267514274795265,
      "모습": 0.002998358700075827,
      "날": 0.0027580674520012696,
      "이름": 0.0027142149145908587
    },
    "NNP": {
      "이스라엘": 0.015322497222193867,
      "성": 0.009827690856865958,
      "예수": 0.007575482124500255,
      "여호": 0.006203753860084051,
      "여호와": 0.006172211142276091,
      "성령": 0.0052783669885208395
    },
    "VA": {
      "없": 0.009708737864077669,
      "그렇": 0.007357348240069136,
      "좋": 0.005605289714958368,
      "이렇": 0.004398783541993965,
      "어떻": 0.003219868130836738
    },
    "VV": {
      "되": 0.018878101402373247,
      "임하": 0.014153365932785855,
      "대들": 0.012127090337396413,
      "있": 0.010787486515641856,
      "받": 0.008629989212513484,
      "죽": 0.008287911576228386,
      "믿": 0.008142644743772574,
      "보": 0.008142644743772574,
      "섬기": 0.005537940339440445,
      "살": 0.005445857124658776,
      "다가오": 0.005417016414702235,
      "치": 0.004471556705825428,
      "그러": 0.004435065150128748,
      "대하": 0.00440635307046503,
      "들어가": 0.0040451189141389446,
      "바라보": 0.003713665514529749,
      "이르": 0.0036390928841885683,
      "나오": 0.002838845020187222
    }
  }
}