{
  "scope": "sermon",
  "idf_scope": "church",
  "church": "O-0A",
  "sermon": "O-0A-0016",
  "document_unit": "sermon_json",
  "document_count": 311,
  "min_count": 5,
  "freq": {
    "MAG": {
      "잘": 14,
      "더": 8,
      "많이": 7,
      "다": 5
    },
    "NNB": {
      "번": 16,
      "분": 10,
      "절": 9,
      "장": 8,
      "때문": 7,
      "수": 7,
      "줄": 5
    },
    "NNG": {
      "흔적": 39,
      "전도사": 12,
      "낙인": 6,
      "목사": 25,
      "사람": 30,
      "하나님": 30,
      "월남": 6,
      "문답": 5,
      "은혜": 24,
      "위험": 8,
      "주": 24,
      "경찰서": 5,
      "사울": 6,
      "자랑": 8,
      "사도": 9,
      "세례": 5,
      "교회": 15,
      "목회": 6,
      "세상": 13,
      "몸": 10,
      "헌신": 6,
      "돌": 5,
      "고백": 9,
      "노예": 5,
      "성도": 8,
      "말": 11,
      "절": 10,
      "사랑": 10,
      "남": 7,
      "영광": 8,
      "상처": 5,
      "이름": 7,
      "자리": 5,
      "길": 5,
      "말씀": 6,
      "생각": 5,
      "앞": 5
    },
    "NNP": {
      "예수": 73,
      "이창환": 10,
      "김창인": 10,
      "바울": 10,
      "멘": 8,
      "그리스도": 5
    },
    "VA": {
      "높": 7,
      "많": 12,
      "아름답": 6,
      "없": 10,
      "크": 7,
      "이렇": 6
    },
    "VV": {
      "되": 61,
      "있": 33,
      "남기": 13,
      "남": 11,
      "위하": 17,
      "맞": 10,
      "살": 15,
      "죽": 12,
      "죽이": 7,
      "만나": 9,
      "갖": 10,
      "묻": 5,
      "살아가": 9,
      "가지": 9,
      "알": 8,
      "듣": 7,
      "돌아가": 5,
      "받": 7,
      "바라": 6,
      "믿": 6,
      "부르": 5,
      "주": 5
    }
  },
  "tfidf": {
    "MAG": {
      "잘": 0.00761389389768552,
      "더": 0.004309133731599844,
      "많이": 0.004303275672095735,
      "다": 0.0026082420448617634
    },
    "NNB": {
      "번": 0.008508445161039971,
      "분": 0.005579968287104799,
      "절": 0.004786000403084984,
      "장": 0.00422703559660264,
      "때문": 0.0037584208013045346,
      "수": 0.0036515388628064684,
      "줄": 0.0035194982823607748
    },
    "NNG": {
      "흔적": 0.08349185626999203,
      "전도사": 0.020135478329848643,
      "낙인": 0.0167659118206247,
      "목사": 0.015878328751665345,
      "사람": 0.01564945226917058,
      "하나님": 0.01564945226917058,
      "월남": 0.014596437077088095,
      "문답": 0.013971593183853917,
      "은혜": 0.012600073744354182,
      "위험": 0.012541819799795989,
      "주": 0.012519561815336464,
      "경찰서": 0.010897375666009249,
      "사울": 0.010789252963396412,
      "자랑": 0.00985279730051372,
      "사도": 0.008914629583807001,
      "세례": 0.008630714614826125,
      "교회": 0.00834310943302974,
      "목회": 0.0075915964765983475,
      "세상": 0.007419079992398327,
      "몸": 0.006991788241717283,
      "헌신": 0.0065088078049997345,
      "돌": 0.006224033284089439,
      "고백": 0.0062087708382028,
      "노예": 0.006093594002465387,
      "성도": 0.006049862756744871,
      "말": 0.00584955604821498,
      "절": 0.005283794495753302,
      "사랑": 0.005266885294270928,
      "남": 0.005185160386383682,
      "영광": 0.0049501309383826585,
      "상처": 0.003755081585160164,
      "이름": 0.00367502150876997,
      "자리": 0.0034958941208586415,
      "길": 0.003134427862939636,
      "말씀": 0.003129890453834116,
      "생각": 0.0028719251874579264,
      "앞": 0.002633442647135464
    },
    "NNP": {
      "예수": 0.0382025822227481,
      "이창환": 0.03155897760693551,
      "김창인": 0.027943186367707835,
      "바울": 0.009987947055332192,
      "멘": 0.005612271199965485,
      "그리스도": 0.003616110884552608
    },
    "VA": {
      "높": 0.007734070225183347,
      "많": 0.006300036872177091,
      "아름답": 0.0060179080507181395,
      "없": 0.005216484089723527,
      "크": 0.0037704920151498634,
      "이렇": 0.0031906669353899894
    },
    "VV": {
      "되": 0.03182055294731351,
      "있": 0.017214397496087636,
      "남기": 0.01576114425673839,
      "남": 0.010174798524031454,
      "위하": 0.00921583313698789,
      "맞": 0.008765822403664662,
      "살": 0.007900327941406392,
      "죽": 0.006870461910273833,
      "죽이": 0.006683587957492963,
      "만나": 0.005734940234494066,
      "갖": 0.005652169911579871,
      "묻": 0.0052803972783369525,
      "살아가": 0.0050381326987275245,
      "가지": 0.004957877143050059,
      "알": 0.004449658364282527,
      "듣": 0.003956518938105909,
      "돌아가": 0.0039018756276708306,
      "받": 0.0036515388628064684,
      "바라": 0.0032215035439753154,
      "믿": 0.0031500184360885456,
      "부르": 0.0031446763713900523,
      "주": 0.0026082420448617634
    }
  }
}