{
  "scope": "sermon",
  "idf_scope": "church",
  "church": "O-0A",
  "sermon": "O-0A-0202",
  "document_unit": "sermon_json",
  "document_count": 311,
  "min_count": 5,
  "freq": {
    "MAG": {
      "주": 7,
      "더욱": 9,
      "다": 11,
      "지금": 6,
      "더": 6
    },
    "NNB": {
      "때문": 12,
      "수": 8,
      "절": 7,
      "번": 6,
      "장": 6
    },
    "NNG": {
      "기도": 78,
      "언니": 12,
      "하나님": 56,
      "말씀": 46,
      "길": 35,
      "마음": 38,
      "교회": 36,
      "문제": 32,
      "항암": 7,
      "암": 11,
      "교단": 8,
      "사람": 24,
      "주": 24,
      "께": 7,
      "개혁": 5,
      "절": 18,
      "말": 17,
      "죄": 13,
      "삶": 15,
      "부흥": 8,
      "치료": 8,
      "앞": 13,
      "구주": 5,
      "환자": 5,
      "세계": 9,
      "날": 11,
      "변화": 8,
      "세상": 9,
      "복음": 7,
      "고백": 7,
      "사랑": 9,
      "장로": 5,
      "인도": 6,
      "주님": 5,
      "장": 8,
      "불평": 5,
      "문": 5,
      "역사": 7,
      "회복": 5,
      "해결": 5,
      "시작": 6,
      "예배": 5,
      "복": 5,
      "모습": 5,
      "축원": 5,
      "은혜": 5
    },
    "NNP": {
      "열왕기상": 5,
      "멘": 13,
      "예수": 15,
      "아멘": 5
    },
    "VA": {
      "놀랍": 11,
      "없": 8,
      "크": 7,
      "이렇": 7,
      "많": 6
    },
    "VV": {
      "되": 84,
      "지키": 19,
      "있": 26,
      "향하": 14,
      "살": 24,
      "받": 22,
      "위하": 19,
      "기뻐하": 13,
      "부르짖": 9,
      "행하": 12,
      "바라": 17,
      "전하": 12,
      "생겨나": 8,
      "일어나": 12,
      "엎드리": 7,
      "듣": 10,
      "다가오": 7,
      "드리": 8,
      "주": 9,
      "따르": 8,
      "죽": 8,
      "살아가": 8,
      "알": 8,
      "빠지": 6,
      "바라보": 5,
      "세우": 5,
      "믿": 6,
      "임하": 5,
      "갖": 5
    }
  },
  "tfidf": {
    "MAG": {
      "주": 0.01094136606315776,
      "더욱": 0.010441024226807065,
      "다": 0.005144995322731525,
      "지금": 0.0030309898250894377,
      "더": 0.0028977815821364244
    },
    "NNB": {
      "때문": 0.005777008693920186,
      "수": 0.0037418147801683817,
      "절": 0.0033376644532271803,
      "번": 0.002860855245623297,
      "장": 0.002842572698323408
    },
    "NNG": {
      "기도": 0.03659981361045807,
      "언니": 0.026924750451379806,
      "하나님": 0.026192703461178673,
      "말씀": 0.021515434985968196,
      "길": 0.019673006310938716,
      "마음": 0.018176928730439048,
      "교회": 0.01795368469573584,
      "문제": 0.015654401516244382,
      "항암": 0.013436679610551715,
      "암": 0.013295285850770775,
      "교단": 0.012381724914216413,
      "사람": 0.011225444340505144,
      "주": 0.011225444340505144,
      "께": 0.011052362724397129,
      "개혁": 0.009597628293251224,
      "절": 0.008527718094970226,
      "말": 0.00810575652926601,
      "죄": 0.007575235974140153,
      "삶": 0.007244453955341061,
      "부흥": 0.006634948131837163,
      "치료": 0.006311533704251354,
      "앞": 0.006139197774486706,
      "구주": 0.005901532934128567,
      "환자": 0.005735602775166257,
      "세계": 0.005623237954697977,
      "날": 0.005261742527232356,
      "변화": 0.005049113719203446,
      "세상": 0.004605360405441763,
      "복음": 0.004601616350213822,
      "고백": 0.0043298771373996145,
      "사랑": 0.004250213843875412,
      "장로": 0.004212723959775908,
      "인도": 0.004026385847731368,
      "주님": 0.004005063766176442,
      "장": 0.004002544137092572,
      "불평": 0.003989828310093201,
      "문": 0.003944708565157096,
      "역사": 0.0037353557383107906,
      "회복": 0.0036642971357241654,
      "해결": 0.00351088908500898,
      "시작": 0.003496262757295455,
      "예배": 0.003145090005359517,
      "복": 0.002801276294036295,
      "모습": 0.0026000734471190753,
      "축원": 0.0025667827178817697,
      "은혜": 0.00235367373790994
    },
    "NNP": {
      "열왕기상": 0.010384513785817204,
      "멘": 0.008177234013934744,
      "예수": 0.007038425694318859,
      "아멘": 0.003286868821581301
    },
    "VA": {
      "놀랍": 0.006430944428979547,
      "없": 0.0037418147801683817,
      "크": 0.003380745179159162,
      "이렇": 0.0033376644532271803,
      "많": 0.002824408485491928
    },
    "VV": {
      "되": 0.03928905519176801,
      "지키": 0.012838648551902464,
      "있": 0.01216089803554724,
      "향하": 0.011343849631424308,
      "살": 0.011333903583667766,
      "받": 0.01028999064546305,
      "위하": 0.009235357132793425,
      "기뻐하": 0.009096224744357789,
      "부르짖": 0.008874868005714976,
      "행하": 0.008426133804021551,
      "바라": 0.008184095649720264,
      "전하": 0.007132268554563186,
      "생겨나": 0.006287776070280695,
      "일어나": 0.006280555743435793,
      "엎드리": 0.006115360641842056,
      "듣": 0.005067918484798228,
      "다가오": 0.004697450155686597,
      "드리": 0.004268977986640904,
      "주": 0.00420954162768943,
      "따르": 0.004106852348610831,
      "죽": 0.004106852348610831,
      "살아가": 0.004015424751464781,
      "알": 0.00398970771016352,
      "빠지": 0.003930782794699732,
      "바라보": 0.003220362892393898,
      "세우": 0.003103140284389762,
      "믿": 0.002824408485491928,
      "임하": 0.0026681112416505645,
      "갖": 0.002533959242399114
    }
  }
}