{
  "scope": "sermon",
  "idf_scope": "church",
  "church": "O-0A",
  "sermon": "O-0A-0086",
  "document_unit": "sermon_json",
  "document_count": 311,
  "min_count": 5,
  "freq": {
    "MAG": {
      "까이": 8,
      "가까": 6,
      "서로": 12,
      "다": 9,
      "지금": 7,
      "잘": 6,
      "안": 5
    },
    "NNB": {
      "장": 15,
      "수": 11,
      "때문": 7,
      "분": 5,
      "절": 5
    },
    "NNG": {
      "하나님": 63,
      "비방": 14,
      "사랑": 34,
      "범인": 6,
      "겸손": 14,
      "사람": 32,
      "판단": 11,
      "용서": 17,
      "율법": 12,
      "형제": 14,
      "애통": 6,
      "말씀": 26,
      "청소년": 7,
      "주": 22,
      "이웃": 10,
      "계명": 6,
      "절": 19,
      "문제": 17,
      "마음": 17,
      "앞": 17,
      "아들": 10,
      "해결": 9,
      "은혜": 13,
      "교만": 6,
      "제자": 7,
      "기도": 12,
      "장로": 6,
      "아무것": 6,
      "사회": 5,
      "건강": 5,
      "말": 8,
      "중요": 5,
      "십자가": 5,
      "자리": 5,
      "신앙": 5,
      "삶": 6,
      "모습": 5,
      "믿음": 5,
      "교회": 5,
      "날": 5,
      "오늘": 5
    },
    "NNP": {
      "오인호": 7,
      "야고보서": 6,
      "예수": 17,
      "미국": 9,
      "한국": 7,
      "주님": 8,
      "멘": 6
    },
    "VA": {
      "낮": 6,
      "높": 5,
      "크": 10,
      "이렇": 7,
      "없": 7,
      "그렇": 6,
      "많": 6
    },
    "VV": {
      "되": 63,
      "받": 24,
      "낮추": 7,
      "죽이": 11,
      "있": 19,
      "위하": 16,
      "뜯": 5,
      "물": 5,
      "바라": 11,
      "싸우": 6,
      "품": 5,
      "살": 9,
      "살아가": 8,
      "생겨나": 5,
      "나아가": 5,
      "믿": 7,
      "주": 6
    }
  },
  "tfidf": {
    "MAG": {
      "까이": 0.02108240359497077,
      "가까": 0.015811802696228075,
      "서로": 0.01145914537098426,
      "다": 0.004620123203285421,
      "지금": 0.003881056957759114,
      "잘": 0.0032111692435897203,
      "안": 0.0026674042945412763
    },
    "NNB": {
      "장": 0.007799564205615306,
      "수": 0.005646817248459959,
      "때문": 0.0036986102033371624,
      "분": 0.0027455850119044913,
      "절": 0.00261657619573178
    },
    "NNG": {
      "하나님": 0.03234086242299795,
      "비방": 0.02504553033728542,
      "사랑": 0.017622435816734627,
      "범인": 0.017385187574357412,
      "겸손": 0.01724269441652011,
      "사람": 0.01642710472279261,
      "판단": 0.0157645555243884,
      "용서": 0.015596506269784274,
      "율법": 0.015366578721314927,
      "형제": 0.014114125115899046,
      "애통": 0.013676852448096828,
      "말씀": 0.013347022587268994,
      "청소년": 0.012130365248850646,
      "주": 0.011293634496919919,
      "이웃": 0.011184060556168616,
      "계명": 0.011111423938029772,
      "절": 0.009879447993779388,
      "문제": 0.009127548728013,
      "마음": 0.00892492504642464,
      "앞": 0.008811217908367313,
      "아들": 0.006973861011398323,
      "해결": 0.006935988477797001,
      "은혜": 0.006716427912881814,
      "교만": 0.0066785180984787465,
      "제자": 0.006297738299391798,
      "기도": 0.006179940096284896,
      "장로": 0.005548339112526216,
      "아무것": 0.005419085932549731,
      "사회": 0.004894048462161202,
      "건강": 0.004446529501317316,
      "말": 0.004186521913170848,
      "중요": 0.0038669435959433605,
      "십자가": 0.0037599808228412864,
      "자리": 0.003440261308873724,
      "신앙": 0.0032616337631879047,
      "삶": 0.003180419416123037,
      "모습": 0.002853674040010566,
      "믿음": 0.0027811113245632983,
      "교회": 0.002736779737015402,
      "날": 0.0026249779548307766,
      "오늘": 0.002566735112936345
    },
    "NNP": {
      "오인호": 0.021739728978822773,
      "야고보서": 0.011391624486918049,
      "예수": 0.008754915136403602,
      "미국": 0.006362035192550656,
      "한국": 0.0051913761544302465,
      "주님": 0.004226983089528186,
      "멘": 0.004142219156956046
    },
    "VA": {
      "낮": 0.007911548001788025,
      "높": 0.005436422932559576,
      "크": 0.005300699026871728,
      "이렇": 0.003663206674024492,
      "없": 0.003593429158110883,
      "그렇": 0.0032318410133679145,
      "많": 0.003099889805945453
    },
    "VV": {
      "되": 0.03234086242299795,
      "받": 0.012320328542094456,
      "낮추": 0.011890714519132624,
      "죽이": 0.010335642362837646,
      "있": 0.009753593429158111,
      "위하": 0.008535693742532085,
      "뜯": 0.00636633293318318,
      "물": 0.006124985526488426,
      "바라": 0.005812101748101256,
      "싸우": 0.004861038646466022,
      "품": 0.004794162896838631,
      "살": 0.004664762422076813,
      "살아가": 0.004407072956176438,
      "생겨나": 0.004313162614944855,
      "나아가": 0.003992857756593243,
      "믿": 0.0036165381069363615,
      "주": 0.003080082135523614
    }
  }
}