{
  "scope": "sermon",
  "idf_scope": "church",
  "church": "O-0A",
  "sermon": "O-0A-0175",
  "document_unit": "sermon_json",
  "document_count": 311,
  "min_count": 5,
  "freq": {
    "MAG": {
      "다": 17,
      "넉넉히": 5,
      "더": 10,
      "지금": 8,
      "막": 6,
      "절대": 5,
      "안": 7,
      "그냥": 5,
      "늘": 5
    },
    "NNB": {
      "장": 9,
      "수": 9,
      "때문": 7,
      "절": 5
    },
    "NNG": {
      "하나님": 72,
      "무당": 13,
      "꿈": 29,
      "사람": 36,
      "불평": 19,
      "원망": 15,
      "말씀": 23,
      "감사": 22,
      "믿음": 16,
      "절": 16,
      "삶": 15,
      "주": 15,
      "대적": 5,
      "안": 12,
      "전진": 7,
      "마음": 13,
      "역사": 11,
      "충만": 8,
      "집안": 5,
      "성령": 8,
      "긍정": 6,
      "기도": 11,
      "고백": 7,
      "입": 5,
      "세상": 8,
      "고난": 5,
      "성경": 8,
      "자녀": 7,
      "앞": 8,
      "장": 7,
      "백성": 5,
      "목사": 6,
      "은혜": 7,
      "손": 5,
      "생각": 5,
      "가운데": 5,
      "말": 5,
      "사랑": 5
    },
    "NNP": {
      "멘": 24,
      "예수": 21,
      "성령": 8,
      "누가": 8,
      "아멘": 7,
      "주님": 9
    },
    "VA": {
      "없": 21,
      "힘들": 11,
      "어렵": 9,
      "놀랍": 7,
      "그렇": 8,
      "많": 6,
      "어떻": 5
    },
    "VV": {
      "되": 69,
      "꿈꾸": 15,
      "꾸": 13,
      "받": 24,
      "있": 15,
      "살": 14,
      "행하": 9,
      "바라": 13,
      "돌": 5,
      "이루": 10,
      "이기": 6,
      "위하": 9,
      "믿": 9,
      "주": 9,
      "넘치": 5,
      "붙잡": 5,
      "보": 7,
      "만나": 5,
      "대하": 5,
      "통하": 5,
      "나가": 5
    }
  },
  "tfidf": {
    "MAG": {
      "다": 0.009407858328721638,
      "넉넉히": 0.008315809544897936,
      "더": 0.005714311955919272,
      "지금": 0.004781594721299552,
      "막": 0.004731211490753512,
      "절대": 0.004351187583761291,
      "안": 0.004025758158313763,
      "그냥": 0.003435929654855438,
      "늘": 0.0030962525778144546
    },
    "NNB": {
      "장": 0.005044897976493177,
      "수": 0.004980630879911455,
      "때문": 0.003987212327670611,
      "절": 0.0028207473322000597
    },
    "NNG": {
      "하나님": 0.03984504703929164,
      "무당": 0.02812798448743357,
      "꿈": 0.027379893180121604,
      "사람": 0.01992252351964582,
      "불평": 0.017938550704217602,
      "원망": 0.014436000679557472,
      "말씀": 0.012728278915329275,
      "감사": 0.012693033490433596,
      "믿음": 0.00959398757764127,
      "절": 0.008968707513765647,
      "삶": 0.00857146793387891,
      "주": 0.008301051466519093,
      "대적": 0.007620418210418395,
      "안": 0.007600982150378135,
      "전진": 0.007479652366939378,
      "마음": 0.007357492166921372,
      "역사": 0.0069450625546361895,
      "충만": 0.006813487551666571,
      "집안": 0.006748583548990902,
      "성령": 0.006265089182157835,
      "긍정": 0.006126718498700291,
      "기도": 0.006106980095148162,
      "고백": 0.005123009031411387,
      "입": 0.005105598748916909,
      "세상": 0.004843514995675822,
      "고난": 0.004720671237952,
      "성경": 0.004720528546944994,
      "자녀": 0.004670549222765148,
      "앞": 0.004470002926006582,
      "장": 0.004143751767828406,
      "백성": 0.004067525260779567,
      "목사": 0.004042778910938678,
      "은혜": 0.0038987361551256405,
      "손": 0.0037211966969887367,
      "생각": 0.003046751845244518,
      "가운데": 0.002884780338734908,
      "말": 0.0028207473322000597,
      "사랑": 0.002793751828754114
    },
    "NNP": {
      "멘": 0.01786174414554594,
      "예수": 0.011658780181646492,
      "성령": 0.007220876145890157,
      "누가": 0.006961900134018066,
      "아멘": 0.005444524491841257,
      "주님": 0.005126415849862213
    },
    "VA": {
      "없": 0.01162147205312673,
      "힘들": 0.008050442763646463,
      "어렵": 0.006287370437303497,
      "놀랍": 0.004842054350460729,
      "그렇": 0.004645361589404684,
      "많": 0.003341773847250549,
      "어떻": 0.003303616776187776
    },
    "VV": {
      "되": 0.03818483674598783,
      "꿈꾸": 0.022861254631255185,
      "꾸": 0.0183694132790148,
      "받": 0.013281682346430549,
      "있": 0.008301051466519093,
      "살": 0.00782250512051152,
      "행하": 0.007477202852655539,
      "바라": 0.007404822894245419,
      "돌": 0.006786230621641094,
      "이루": 0.00665046841533512,
      "이기": 0.005579661831043217,
      "위하": 0.005175974774974838,
      "믿": 0.005012660770875823,
      "주": 0.004980630879911455,
      "넘치": 0.004563511308806641,
      "붙잡": 0.004096051463488093,
      "보": 0.0038987361551256405,
      "만나": 0.003380028417120188,
      "대하": 0.003229258673666758,
      "통하": 0.003187648609016673,
      "나가": 0.0030962525778144546
    }
  }
}