{
  "scope": "sermon",
  "idf_scope": "church",
  "church": "O-0A",
  "sermon": "O-0A-0237",
  "document_unit": "sermon_json",
  "document_count": 311,
  "min_count": 5,
  "freq": {
    "MAG": {
      "다": 15,
      "잘": 14,
      "안": 14,
      "그냥": 9,
      "먼저": 7,
      "절대": 5,
      "열심히": 5,
      "더": 6,
      "많이": 5,
      "늘": 5,
      "지금": 5,
      "이제": 5
    },
    "NNB": {
      "명": 17,
      "번": 9,
      "분": 7,
      "절": 7,
      "거": 5,
      "수": 5
    },
    "NNG": {
      "기도": 127,
      "하나님": 50,
      "응답": 23,
      "눈물": 27,
      "사람": 36,
      "통곡": 11,
      "긍정": 12,
      "주": 22,
      "메뚜기": 5,
      "교회": 19,
      "사무": 5,
      "앞": 18,
      "은혜": 17,
      "얘기": 13,
      "청소년": 5,
      "어머니": 9,
      "아들": 12,
      "엄마": 6,
      "여성": 5,
      "목사": 13,
      "인내": 5,
      "애": 8,
      "새벽": 8,
      "헌신": 7,
      "자녀": 10,
      "말씀": 12,
      "예배": 8,
      "건강": 6,
      "마음": 10,
      "오늘": 10,
      "집": 7,
      "불평": 5,
      "복": 7,
      "땅": 7,
      "기적": 5,
      "이름": 7,
      "손": 5,
      "축원": 6,
      "말": 6,
      "절": 6,
      "삶": 5
    },
    "NNP": {
      "한나": 15,
      "다니엘": 7,
      "이스라엘": 5,
      "예수": 5
    },
    "VA": {
      "없": 17,
      "같": 9,
      "이렇": 8,
      "기쁘": 5,
      "그렇": 7,
      "많": 7,
      "힘들": 5,
      "좋": 6
    },
    "VV": {
      "되": 50,
      "있": 29,
      "먹": 21,
      "받": 24,
      "드리": 21,
      "낳": 8,
      "넣": 6,
      "듣": 14,
      "돌아가": 10,
      "보": 14,
      "흘리": 7,
      "주": 13,
      "울": 6,
      "부르짖": 5,
      "전하": 8,
      "엎드리": 5,
      "빠지": 6,
      "바라": 8,
      "살": 8,
      "갖": 7,
      "나오": 7,
      "위하": 7,
      "다가오": 5
    }
  },
  "tfidf": {
    "MAG": {
      "다": 0.0073673870333988214,
      "잘": 0.007168877505826691,
      "안": 0.007145918459796631,
      "그냥": 0.005489049506573083,
      "먼저": 0.004546796326011972,
      "절대": 0.003861785836864761,
      "열심히": 0.003686778420309037,
      "더": 0.0030429553156226304,
      "많이": 0.0028941129186807195,
      "늘": 0.002748000200447308,
      "지금": 0.002652364213343655,
      "이제": 0.0026100947416316674
    },
    "NNB": {
      "명": 0.010859505458688953,
      "번": 0.004506268552413513,
      "분": 0.003677681456024523,
      "절": 0.0035048755407660667,
      "거": 0.0031309996234635336,
      "수": 0.002455795677799607
    },
    "NNG": {
      "기도": 0.06257745825394967,
      "하나님": 0.02455795677799607,
      "응답": 0.022971453187345,
      "눈물": 0.022117580088184034,
      "사람": 0.01768172888015717,
      "통곡": 0.014780142450072262,
      "긍정": 0.01087522625456918,
      "주": 0.010805500982318271,
      "메뚜기": 0.010260446538182576,
      "교회": 0.009950264403380558,
      "사무": 0.009909020104880336,
      "앞": 0.008926284084681367,
      "은혜": 0.008403401343622267,
      "얘기": 0.008387793843376986,
      "청소년": 0.008290047538858075,
      "어머니": 0.00802639760504445,
      "아들": 0.008006924116033752,
      "엄마": 0.00785500710384213,
      "여성": 0.007828229681532585,
      "목사": 0.007774142059336975,
      "인내": 0.00762626971533177,
      "애": 0.007618790346075543,
      "새벽": 0.007369228830467189,
      "헌신": 0.007149778318213117,
      "자녀": 0.005921753049071443,
      "말씀": 0.005893909626719057,
      "예배": 0.005284245525704241,
      "건강": 0.005105209902887701,
      "마음": 0.0050230422947056515,
      "오늘": 0.004911591355599214,
      "집": 0.004269260727334621,
      "불평": 0.004189711653722625,
      "복": 0.0041182613965174055,
      "땅": 0.0041048574265225134,
      "기적": 0.003752621390472732,
      "이름": 0.0034602240826679923,
      "손": 0.003302653453565151,
      "축원": 0.0032344487922384424,
      "말": 0.0030041790349423425,
      "절": 0.0029849805643494334,
      "삶": 0.0025357960963521917
    },
    "NNP": {
      "한나": 0.03534204105172521,
      "다니엘": 0.0164929524908051,
      "이스라엘": 0.0038757790124900994,
      "예수": 0.0024636794588169158
    },
    "VA": {
      "없": 0.008349705304518664,
      "같": 0.00447747084652415,
      "이렇": 0.00400557204658979,
      "기쁘": 0.003686778420309037,
      "그렇": 0.003607513429787564,
      "많": 0.0034602240826679923,
      "힘들": 0.003247711661437123,
      "좋": 0.0030625364827699844
    },
    "VV": {
      "되": 0.02455795677799607,
      "있": 0.01424361493123772,
      "먹": 0.01341468321367459,
      "받": 0.011787819253438114,
      "드리": 0.011767471368136254,
      "낳": 0.008479511627264872,
      "넣": 0.007956636306409427,
      "듣": 0.007450537135902778,
      "돌아가": 0.007347638092578567,
      "보": 0.0069204481653359845,
      "흘리": 0.0068103166852073104,
      "주": 0.0063850687622789785,
      "울": 0.005690035851975634,
      "부르짖": 0.005177490666944613,
      "전하": 0.004993055065375275,
      "엎드리": 0.004586949569273897,
      "빠지": 0.004127708062410623,
      "바라": 0.004044284409823628,
      "살": 0.003967237370969496,
      "갖": 0.003725268567951389,
      "나오": 0.003619109103338877,
      "위하": 0.0035729592298983153,
      "다가오": 0.0035234172161303476
    }
  }
}