{
  "scope": "sermon",
  "idf_scope": "church",
  "church": "O-0A",
  "sermon": "O-0A-0209",
  "document_unit": "sermon_json",
  "document_count": 311,
  "min_count": 5,
  "freq": {
    "MAG": {
      "잘": 8,
      "다": 7,
      "지금": 6,
      "다시": 5,
      "안": 5
    },
    "NNB": {
      "장": 11,
      "수": 11,
      "개": 5,
      "때문": 6,
      "절": 5
    },
    "NNG": {
      "도마": 25,
      "동성애": 16,
      "딸": 19,
      "옆구리": 10,
      "자리": 24,
      "에이미": 5,
      "하나님": 30,
      "이탈": 5,
      "농구": 5,
      "신앙": 19,
      "제자": 13,
      "손가락": 7,
      "주": 22,
      "그림": 6,
      "손": 13,
      "목사": 14,
      "극복": 5,
      "아빠": 5,
      "부활": 6,
      "말씀": 14,
      "부정": 8,
      "은혜": 13,
      "사람": 13,
      "관계": 6,
      "회복": 8,
      "절": 12,
      "사랑": 12,
      "고백": 9,
      "주일날": 5,
      "친구": 6,
      "얘기": 8,
      "예배": 7,
      "가운데": 9,
      "긍정": 5,
      "기도": 9,
      "믿음": 8,
      "성경": 8,
      "모습": 7,
      "교회": 7,
      "삶": 7,
      "세상": 6,
      "문제": 6,
      "날": 6,
      "말": 6,
      "앞": 5
    },
    "NNP": {
      "예수": 45,
      "요한복음": 11,
      "멘": 8
    },
    "VA": {
      "없": 12,
      "어리": 5,
      "많": 6,
      "크": 5
    },
    "VV": {
      "되": 47,
      "있": 38,
      "넣": 10,
      "빠지": 17,
      "만나": 15,
      "보": 17,
      "그리": 5,
      "내밀": 5,
      "주": 16,
      "르시": 7,
      "믿": 12,
      "울": 5,
      "태어나": 6,
      "받": 8,
      "전하": 6,
      "살아가": 7,
      "알": 7,
      "지키": 5,
      "바라": 7,
      "나오": 6,
      "모르": 5,
      "대하": 5,
      "나가": 5,
      "일어나": 5,
      "나누": 5
    }
  },
  "tfidf": {
    "MAG": {
      "잘": 0.0046725360870310175,
      "다": 0.00392156862745098,
      "지금": 0.0036303956560455007,
      "다시": 0.003114261641423296,
      "안": 0.0029109823897851017
    },
    "NNB": {
      "장": 0.00624198176649579,
      "수": 0.0061624649859943975,
      "개": 0.005501063570582501,
      "때문": 0.0034597323774793725,
      "절": 0.0028555128455380998
    },
    "NNG": {
      "도마": 0.07189867332458519,
      "동성애": 0.02593035819472873,
      "딸": 0.024485538764741823,
      "옆구리": 0.024342341260566454,
      "자리": 0.018021187306718697,
      "에이미": 0.01694637537044688,
      "하나님": 0.01680672268907563,
      "이탈": 0.015810618765101883,
      "농구": 0.014379734664917036,
      "신앙": 0.01352600435216927,
      "제자": 0.012763819503305154,
      "손가락": 0.012731355397423538,
      "주": 0.012324929971988795,
      "그림": 0.012126080577749018,
      "손": 0.00979435648279691,
      "목사": 0.009549413715119205,
      "극복": 0.008929005956078623,
      "아빠": 0.00862588667137209,
      "부활": 0.007894299271048885,
      "말씀": 0.00784313725490196,
      "부정": 0.007446941502857229,
      "은혜": 0.007329748781116961,
      "사람": 0.007282913165266107,
      "관계": 0.007086635964974275,
      "회복": 0.007022312404417493,
      "절": 0.006809434654359044,
      "사랑": 0.006787643098566299,
      "고백": 0.006667906832960655,
      "주일날": 0.006443562832826795,
      "친구": 0.006127805922626412,
      "얘기": 0.005887540880022595,
      "예배": 0.005273884259967567,
      "가운데": 0.005256603097909896,
      "긍정": 0.005168524895962384,
      "기도": 0.0050582030704046125,
      "믿음": 0.004856116401343915,
      "성경": 0.004778708730716866,
      "모습": 0.004359966297992614,
      "교회": 0.004181370139377257,
      "삶": 0.004049318315429853,
      "세상": 0.0036774082341118537,
      "문제": 0.0035156628615263127,
      "날": 0.0034376181889145233,
      "말": 0.0034266154146457197,
      "앞": 0.0028281846244026243
    },
    "NNP": {
      "예수": 0.025291015352023064,
      "요한복음": 0.011324936976516292,
      "멘": 0.00602729629710579
    },
    "VA": {
      "없": 0.0067226890756302525,
      "어리": 0.0049475334604731315,
      "많": 0.003382960975900136,
      "크": 0.0028923702253070382
    },
    "VV": {
      "되": 0.026330532212885154,
      "있": 0.021288515406162466,
      "넣": 0.015125781064285335,
      "빠지": 0.013339704150901632,
      "만나": 0.01026506109199358,
      "보": 0.009585056098383718,
      "그리": 0.009180020406189792,
      "내밀": 0.009180020406189792,
      "주": 0.008963585434173669,
      "르시": 0.007508586080420318,
      "믿": 0.006765921951800272,
      "울": 0.005408456113269089,
      "태어나": 0.005046239236133916,
      "받": 0.004481792717086834,
      "전하": 0.004271369795421875,
      "살아가": 0.004208322607172402,
      "알": 0.004181370139377257,
      "지키": 0.0040467389951301,
      "바라": 0.004036354440392601,
      "나오": 0.0035382982638165446,
      "모르": 0.003290360459519287,
      "대하": 0.003269059060681138,
      "나가": 0.0031344136740116078,
      "일어나": 0.0031344136740116078,
      "나누": 0.003005944719408859
    }
  }
}