{
  "scope": "sermon",
  "idf_scope": "church",
  "church": "O-0A",
  "sermon": "O-0A-0289",
  "document_unit": "sermon_json",
  "document_count": 311,
  "min_count": 5,
  "freq": {
    "MAG": {
      "잘못": 16,
      "다": 18,
      "가득": 5
    },
    "NNB": {
      "수": 13,
      "명": 6,
      "때문": 7,
      "장": 7
    },
    "NNG": {
      "회개": 32,
      "사람": 42,
      "마음": 41,
      "삶": 37,
      "상처": 26,
      "준비": 19,
      "하나님": 36,
      "침례": 14,
      "용서": 19,
      "교만": 15,
      "길": 26,
      "선교사": 15,
      "주": 30,
      "골짜기": 8,
      "영화": 11,
      "회사": 10,
      "무슬림": 5,
      "유대인": 8,
      "광야": 9,
      "은혜": 20,
      "사랑": 17,
      "복음": 11,
      "앞": 15,
      "말씀": 15,
      "산": 7,
      "고집": 5,
      "전": 11,
      "소리": 8,
      "곳": 9,
      "절": 11,
      "전쟁": 5,
      "부흥": 6,
      "죄": 8,
      "축복": 9,
      "성령": 7,
      "모습": 8,
      "부모": 5,
      "사역": 5,
      "가족": 5,
      "아버지": 8,
      "부정": 5,
      "말": 8,
      "변화": 6,
      "이름": 8,
      "축원": 7,
      "문제": 7,
      "가운데": 7,
      "평생": 5,
      "땅": 6,
      "기도": 7,
      "고통": 5,
      "생각": 6,
      "오늘": 5
    },
    "NNP": {
      "팔레스타인": 10,
      "예수": 37,
      "이스라엘": 10,
      "한국": 7,
      "멘": 6,
      "주님": 5
    },
    "VA": {
      "낮": 6,
      "없": 11,
      "그렇": 5,
      "같": 5
    },
    "VV": {
      "되": 88,
      "있": 43,
      "펴지": 7,
      "굽": 9,
      "받": 28,
      "메우": 5,
      "위하": 18,
      "지": 11,
      "외치": 7,
      "믿": 17,
      "죽이": 9,
      "전하": 11,
      "임하": 12,
      "살": 12,
      "들어가": 7,
      "보": 8,
      "갖": 7,
      "살아가": 7,
      "바라": 7,
      "주": 7,
      "들어오": 5,
      "나오": 6,
      "일어나": 5
    }
  },
  "tfidf": {
    "MAG": {
      "잘못": 0.010568945998426393,
      "다": 0.008032128514056224,
      "가득": 0.00490787239076189
    },
    "NNB": {
      "수": 0.005800981704596163,
      "명": 0.0034821565656966234,
      "때문": 0.003215034661356891,
      "장": 0.003163910679987218
    },
    "NNG": {
      "회개": 0.022535899528938415,
      "사람": 0.018741633199464525,
      "마음": 0.018710552369158813,
      "삶": 0.0170483348086036,
      "상처": 0.016703326761941355,
      "준비": 0.016301522008873033,
      "하나님": 0.01606425702811245,
      "침례": 0.016046685787949055,
      "용서": 0.01515231881925757,
      "교만": 0.014513334734311243,
      "길": 0.013942539361413415,
      "선교사": 0.0135508990395876,
      "주": 0.013386880856760375,
      "골짜기": 0.012440541364705043,
      "영화": 0.012174723970749594,
      "회사": 0.011970371161370206,
      "무슬림": 0.011951603807875038,
      "유대인": 0.009966120372076948,
      "광야": 0.009144960117087946,
      "은혜": 0.00898198027960991,
      "사랑": 0.0076591934339578435,
      "복음": 0.00689875778187854,
      "앞": 0.006758111853492214,
      "말씀": 0.006693440428380187,
      "산": 0.006268466388177112,
      "고집": 0.005765551326304798,
      "전": 0.005563964890169455,
      "소리": 0.0055334095026123055,
      "곳": 0.005530229609588879,
      "절": 0.004971859639979913,
      "전쟁": 0.0049317351509509735,
      "부흥": 0.004747496354038773,
      "죄": 0.004447425122771193,
      "축복": 0.004436339431629464,
      "성령": 0.004420298586853774,
      "모습": 0.0039689117572088055,
      "부모": 0.003925472035031562,
      "사역": 0.0038800912134404806,
      "가족": 0.0037920081902950375,
      "아버지": 0.003721765691811855,
      "부정": 0.003707270912148638,
      "말": 0.0036391542556255298,
      "변화": 0.0036127861886402165,
      "이름": 0.0035927921118439634,
      "축원": 0.0034283329010101355,
      "문제": 0.0032670093302670884,
      "가운데": 0.0032565449803353733,
      "평생": 0.003212178223450261,
      "땅": 0.0031965919756740627,
      "기도": 0.003133633167965969,
      "고통": 0.0031144481416600037,
      "생각": 0.0029480485056797025,
      "오늘": 0.0022311468094600626
    },
    "NNP": {
      "팔레스타인": 0.022093903251144253,
      "예수": 0.016563489602105835,
      "이스라엘": 0.007042468602793256,
      "한국": 0.004512628625091531,
      "멘": 0.0036006438722670136,
      "주님": 0.0022964533295406365
    },
    "VA": {
      "낮": 0.006877151051978166,
      "없": 0.0049085229808121375,
      "그렇": 0.0023410777532502968,
      "같": 0.00225993619999087
    },
    "VV": {
      "되": 0.0392681838464971,
      "있": 0.019187862561356538,
      "펴지": 0.014199219220576905,
      "굽": 0.013697986657165775,
      "받": 0.01249442213297635,
      "메우": 0.009321851473333212,
      "위하": 0.008347154322516315,
      "지": 0.007860212380354774,
      "외치": 0.0076607792175937715,
      "믿": 0.007634683237668423,
      "죽이": 0.0073507963938691965,
      "전하": 0.006237419748111595,
      "임하": 0.006109153236571788,
      "살": 0.0054064894827937715,
      "들어가": 0.003904324949255929,
      "보": 0.0035927921118439634,
      "갖": 0.0033844921036809586,
      "살아가": 0.003352010644267175,
      "바라": 0.003215034661356891,
      "주": 0.0031236055332440876,
      "들어오": 0.003061948147438241,
      "나오": 0.002818323248956953,
      "일어나": 0.00249662133338274
    }
  }
}