{
  "scope": "sermon",
  "idf_scope": "church",
  "church": "O-0A",
  "sermon": "O-0A-0172",
  "document_unit": "sermon_json",
  "document_count": 311,
  "min_count": 5,
  "freq": {
    "MAG": {
      "안": 25,
      "다": 25,
      "더": 13,
      "그냥": 10,
      "막": 8,
      "너무나": 8,
      "많이": 6,
      "못": 6,
      "먼저": 5,
      "이제": 5
    },
    "NNB": {
      "거": 20,
      "분": 18,
      "수": 18,
      "번": 12,
      "때문": 11,
      "개": 5,
      "절": 7,
      "줄": 5,
      "장": 6
    },
    "NNG": {
      "카미": 13,
      "제자": 35,
      "담배": 18,
      "신": 19,
      "하나님": 37,
      "교회": 31,
      "사람": 33,
      "예배": 24,
      "산소통": 6,
      "판결": 6,
      "판사": 6,
      "술": 12,
      "주": 23,
      "목사": 18,
      "시험": 11,
      "훈련": 9,
      "순서": 6,
      "새벽": 10,
      "집사": 8,
      "사랑": 16,
      "십자가": 11,
      "주일날": 7,
      "말씀": 16,
      "삶": 15,
      "말": 15,
      "종": 9,
      "기도": 14,
      "물질": 6,
      "조용기": 5,
      "수": 5,
      "장로": 6,
      "목숨": 5,
      "모습": 9,
      "문제": 9,
      "구원": 7,
      "아무것": 5,
      "가족": 5,
      "복": 7,
      "앞": 8,
      "자리": 6,
      "안": 7,
      "얘기": 6,
      "세상": 7,
      "길": 6,
      "절": 7,
      "이름": 7,
      "찬양": 5,
      "기쁨": 5,
      "집": 5,
      "성경": 5,
      "마음": 5
    },
    "NNP": {
      "예수": 49,
      "일본": 15,
      "멘": 26,
      "카": 5,
      "할렐루": 6,
      "한국": 5,
      "주님": 6
    },
    "VA": {
      "없": 33,
      "그렇": 13,
      "이렇": 12,
      "많": 10,
      "귀하": 6,
      "같": 5
    },
    "VV": {
      "되": 98,
      "있": 38,
      "섬기": 25,
      "받": 21,
      "치": 15,
      "드리": 17,
      "그러": 15,
      "믿": 15,
      "바꾸": 8,
      "갖": 13,
      "먹": 9,
      "보": 11,
      "놓": 5,
      "살": 9,
      "지키": 6,
      "나오": 8,
      "지": 5,
      "부르": 6,
      "모르": 6,
      "주": 6
    }
  },
  "tfidf": {
    "MAG": {
      "안": 0.011261602873355888,
      "다": 0.010836584308625921,
      "더": 0.0058185913375162395,
      "그냥": 0.00538250965437692,
      "막": 0.004941077395631611,
      "너무나": 0.004663512739633219,
      "많이": 0.003064974721682156,
      "못": 0.003005863535524663,
      "먼저": 0.0028662076041118256,
      "이제": 0.002303490634573938
    },
    "NNB": {
      "거": 0.011052822251186397,
      "분": 0.008346007183131261,
      "수": 0.007802340702210663,
      "번": 0.005302564815901699,
      "때문": 0.004907661120633396,
      "개": 0.0042563495767185796,
      "절": 0.0030931628092759913,
      "줄": 0.0029245245805312545,
      "장": 0.0026343391543196563
    },
    "NNG": {
      "카미": 0.0318062772816809,
      "제자": 0.026588630704844435,
      "담배": 0.026073907460187208,
      "신": 0.0182934883417635,
      "하나님": 0.016038144776766364,
      "교회": 0.014327581686942878,
      "사람": 0.014304291287386216,
      "예배": 0.013990538218899657,
      "산소통": 0.012877096797350916,
      "판결": 0.012476184756187695,
      "판사": 0.01182257115857806,
      "술": 0.01081697838074078,
      "주": 0.009969657563935847,
      "목사": 0.009499741862244723,
      "시험": 0.00948571433191777,
      "훈련": 0.009309340810610758,
      "순서": 0.008779472972231491,
      "새벽": 0.008129470036211096,
      "집사": 0.007519002026202339,
      "사랑": 0.00700242330931417,
      "십자가": 0.006984730738781368,
      "주일날": 0.0069798281401101695,
      "말씀": 0.006935413957520589,
      "삶": 0.00671375923559566,
      "말": 0.006628206019877123,
      "종": 0.00645802413229037,
      "기도": 0.006087968729442338,
      "물질": 0.005892500320757544,
      "조용기": 0.005011240548257843,
      "수": 0.0048377626382588475,
      "장로": 0.004684943472562232,
      "목숨": 0.004677147180621825,
      "모습": 0.004337287669654551,
      "문제": 0.0040802719166609025,
      "구원": 0.003933186264847077,
      "아무것": 0.003813169844172401,
      "가족": 0.003683524210858768,
      "복": 0.003634495103298413,
      "앞": 0.003501211654657085,
      "자리": 0.0034858928632957166,
      "안": 0.0034729382755430225,
      "얘기": 0.0034165346134071304,
      "세상": 0.0033195503457034833,
      "길": 0.003125460709105478,
      "절": 0.003073395680039599,
      "이름": 0.003053756494283499,
      "찬양": 0.003035693402350826,
      "기쁨": 0.002763205562796599,
      "집": 0.00269125482718846,
      "성경": 0.002310900272087561,
      "마음": 0.0022164963398397714
    },
    "NNP": {
      "예수": 0.021307890553048183,
      "일본": 0.01650396988568606,
      "멘": 0.015156416403807963,
      "카": 0.010730913997792428,
      "할렐루": 0.004305349421526913,
      "한국": 0.003131091940315227,
      "주님": 0.0026769060658000344
    },
    "VA": {
      "없": 0.014304291287386216,
      "그렇": 0.00591266737628443,
      "이렇": 0.005302564815901699,
      "많": 0.004362509277547856,
      "귀하": 0.003005863535524663,
      "같": 0.0021952826285997133
    },
    "VV": {
      "되": 0.04247941048981361,
      "있": 0.0164716081491114,
      "섬기": 0.013907863823854826,
      "받": 0.009102730819245773,
      "치": 0.008983816788686977,
      "드리": 0.008407036947466964,
      "그러": 0.007637572718129944,
      "믿": 0.006543763916321783,
      "바꾸": 0.006503576028968876,
      "갖": 0.006105666509166968,
      "먹": 0.005073805503072909,
      "보": 0.004798760205302641,
      "놓": 0.004311688332689895,
      "살": 0.0039388631114892205,
      "지키": 0.0037573103283782723,
      "나오": 0.0036502600207556895,
      "지": 0.003470610384280066,
      "부르": 0.0031356798980258674,
      "모르": 0.0030550290872519777,
      "주": 0.002600780234070221
    }
  }
}