{
  "scope": "sermon",
  "idf_scope": "church",
  "church": "T-TQ",
  "sermon": "T-TQ-0182",
  "document_unit": "sermon_json",
  "document_count": 803,
  "min_count": 5,
  "freq": {
    "MAG": {
      "정말": 28,
      "잘못": 19,
      "먼저": 18,
      "이제": 23,
      "잘": 17,
      "지금": 19,
      "안": 15,
      "그냥": 12,
      "제대로": 5,
      "많이": 7,
      "언제나": 9,
      "막": 8,
      "항상": 7,
      "다": 7,
      "분명히": 5
    },
    "NNB": {
      "거": 58,
      "수": 49,
      "때문": 15,
      "장": 6
    },
    "NNG": {
      "사울": 44,
      "하나님": 73,
      "죄": 45,
      "모습": 41,
      "말씀": 44,
      "말": 35,
      "남": 14,
      "선포": 21,
      "정직": 11,
      "피째": 6,
      "백성": 25,
      "인정": 18,
      "양비": 5,
      "진실": 13,
      "삶": 26,
      "지적": 6,
      "잘못": 11,
      "정작": 9,
      "사람": 24,
      "짐승": 6,
      "사명": 12,
      "감당": 11,
      "수술": 5,
      "자리": 17,
      "앞": 18,
      "안": 17,
      "회개": 12,
      "범죄": 6,
      "동성애": 6,
      "열매": 9,
      "타협": 6,
      "세력": 6,
      "동일": 7,
      "시대": 8,
      "입": 7,
      "돌": 6,
      "기도": 13,
      "오늘": 13,
      "속": 11,
      "지도자": 5,
      "문제": 7,
      "부분": 6,
      "어제": 9,
      "땅": 10,
      "거짓": 5,
      "소망": 9,
      "진짜": 8,
      "영혼": 5,
      "인간": 5,
      "가운데": 7,
      "눈": 5,
      "중요": 6,
      "승리": 6,
      "능력": 5,
      "교회": 5,
      "사실": 5,
      "마찬가지": 5,
      "세상": 5,
      "절": 5,
      "주": 5
    },
    "NNP": {
      "이스라엘": 8
    },
    "VA": {
      "올바르": 16,
      "그렇": 29,
      "없": 17,
      "이렇": 16,
      "크": 7,
      "어떻": 7,
      "좋": 6,
      "같": 6,
      "힘들": 5
    },
    "VV": {
      "있": 70,
      "되": 66,
      "보": 33,
      "돌이키": 17,
      "범하": 9,
      "어쩌": 8,
      "잡": 12,
      "이끌": 9,
      "먹": 11,
      "살아가": 16,
      "위하": 14,
      "나아가": 13,
      "돌아보": 6,
      "받": 11,
      "맞": 8,
      "드러나": 5,
      "그러": 9,
      "깨닫": 6,
      "부르": 6,
      "살": 7,
      "드리": 6,
      "읽": 6,
      "바라보": 5,
      "알": 6,
      "따르": 5,
      "나오": 5
    }
  },
  "tfidf": {
    "MAG": {
      "정말": 0.012318521777386713,
      "잘못": 0.011293048230769856,
      "먼저": 0.010698677271255654,
      "이제": 0.010181910003735991,
      "잘": 0.009069360935731553,
      "지금": 0.008369400153722784,
      "안": 0.006648640596540856,
      "그냥": 0.005345442012838525,
      "제대로": 0.004691533672414054,
      "많이": 0.004481442940705747,
      "언제나": 0.004177163749166531,
      "막": 0.004032335850819795,
      "항상": 0.003692094211498114,
      "다": 0.003091143094929278,
      "분명히": 0.0028216438255821642
    },
    "NNB": {
      "거": 0.025516937967443906,
      "수": 0.02155741311042675,
      "때문": 0.006623878060562739,
      "장": 0.0026396832380114386
    },
    "NNG": {
      "사울": 0.038376381959931365,
      "하나님": 0.032116146062472505,
      "죄": 0.023348148609552023,
      "모습": 0.021085835374584725,
      "말씀": 0.01935767707875055,
      "말": 0.015455715474646392,
      "남": 0.015044457878688395,
      "선포": 0.015042230248688932,
      "정직": 0.015024614912271157,
      "피째": 0.014809039315879798,
      "백성": 0.01416280326057832,
      "인정": 0.01393760768332745,
      "양비": 0.012973690717005965,
      "진실": 0.012827630738083826,
      "삶": 0.012067361942036647,
      "지적": 0.011909050872409207,
      "잘못": 0.011500363480646272,
      "정작": 0.011490966888505184,
      "사람": 0.010558732952045754,
      "짐승": 0.0089013052942613,
      "사명": 0.008707494366396229,
      "감당": 0.008402954370348879,
      "수술": 0.00826611006699217,
      "자리": 0.00819100693369828,
      "앞": 0.008169198424790112,
      "안": 0.008029071460089984,
      "회개": 0.007893676435060065,
      "범죄": 0.00734973468739253,
      "동성애": 0.007291717335737162,
      "열매": 0.007163042914652176,
      "타협": 0.007107048822036563,
      "세력": 0.006917804840190237,
      "동일": 0.00611558185730724,
      "시대": 0.006111239542071912,
      "입": 0.006084938515480502,
      "돌": 0.005776527211529008,
      "기도": 0.005719313682358117,
      "오늘": 0.005719313682358117,
      "속": 0.005621669541188111,
      "지도자": 0.005271215231972007,
      "문제": 0.005014076749562977,
      "부분": 0.004942775475272579,
      "어제": 0.004931461554028478,
      "땅": 0.0045952850843524965,
      "거짓": 0.004559674816349306,
      "소망": 0.00408968530796532,
      "진짜": 0.004088486939045899,
      "영혼": 0.0036865026685793324,
      "인간": 0.003596920199977114,
      "가운데": 0.0032408221140614014,
      "눈": 0.0031881289573431515,
      "중요": 0.0029567563099815323,
      "승리": 0.0028765387680584156,
      "능력": 0.002847201212194274,
      "교회": 0.0028398687519660334,
      "사실": 0.002507585848977466,
      "마찬가지": 0.002361491605908819,
      "세상": 0.002263581432774484,
      "절": 0.002205214829107901,
      "주": 0.002199736031676199
    },
    "NNP": {
      "이스라엘": 0.004400348079468079
    },
    "VA": {
      "올바르": 0.014905025865384615,
      "그렇": 0.012758468983721953,
      "없": 0.007479102507699076,
      "이렇": 0.0070479159189244505,
      "크": 0.0038899145103602857,
      "어떻": 0.0030834632145294466,
      "좋": 0.002894557153638001,
      "같": 0.0027196797610963366,
      "힘들": 0.002657329828206193
    },
    "VV": {
      "있": 0.030796304443466784,
      "되": 0.029036515618125824,
      "보": 0.014518257809062912,
      "돌이키": 0.01432283823219863,
      "범하": 0.011557515091253722,
      "어쩌": 0.008596833073536227,
      "잡": 0.008534384875029801,
      "이끌": 0.007862890959395023,
      "먹": 0.007691193791794072,
      "살아가": 0.00727960523580339,
      "위하": 0.006213121102262437,
      "나아가": 0.00579810321956601,
      "돌아보": 0.005121530004234174,
      "받": 0.004881738008920486,
      "맞": 0.004824042781988674,
      "드러나": 0.004368272755219458,
      "그러": 0.003964452704395003,
      "깨닫": 0.0034971804108941185,
      "부르": 0.0033427689546294236,
      "살": 0.0033143446351059603,
      "드리": 0.0027129200051922266,
      "읽": 0.0026893962560486377,
      "바라보": 0.002681037759340881,
      "알": 0.002666080290368456,
      "따르": 0.002617272830011246,
      "나오": 0.0025877016239917714
    }
  }
}