{
  "scope": "sermon",
  "idf_scope": "church",
  "church": "T-TQ",
  "sermon": "T-TQ-0288",
  "document_unit": "sermon_json",
  "document_count": 803,
  "min_count": 5,
  "freq": {
    "MAG": {
      "지금": 12,
      "정말": 11,
      "다시": 7,
      "더": 7,
      "이제": 7,
      "먼저": 5,
      "계속": 5,
      "언제나": 5
    },
    "NNB": {
      "수": 44,
      "거": 22,
      "번": 7
    },
    "NNG": {
      "하나님": 92,
      "미스바": 19,
      "장소": 21,
      "앞": 45,
      "기도": 38,
      "사무": 20,
      "혼란": 9,
      "자리": 25,
      "말씀": 27,
      "사람": 27,
      "회개": 18,
      "거짓": 12,
      "욕망": 8,
      "소망": 21,
      "탄핵": 5,
      "뜻": 17,
      "정치": 6,
      "사무엘": 9,
      "시대": 10,
      "리더": 5,
      "개인": 8,
      "백성": 12,
      "어둠": 5,
      "곳": 10,
      "나라": 11,
      "조심": 7,
      "목적": 7,
      "이전": 10,
      "입": 7,
      "땅": 13,
      "안": 10,
      "의지": 7,
      "승리": 8,
      "교회": 6,
      "지금": 6,
      "가운데": 7,
      "오늘": 7,
      "성경": 5,
      "말": 5
    },
    "NNP": {
      "엘": 20,
      "미스바": 5,
      "예수": 20,
      "여호와": 8,
      "이스라엘": 11
    },
    "VA": {
      "그렇": 15,
      "같": 8,
      "없": 7
    },
    "VV": {
      "모이": 54,
      "있": 68,
      "모으": 19,
      "되": 51,
      "휩쓸리": 8,
      "위하": 21,
      "나아가": 16,
      "겁": 7,
      "겪": 5,
      "흔들리": 6,
      "속": 5,
      "세우": 9,
      "나가": 9,
      "지키": 8,
      "계시": 7,
      "기뻐하": 6,
      "보": 8,
      "모르": 6,
      "드리": 7,
      "듣": 5,
      "주": 5
    }
  },
  "tfidf": {
    "MAG": {
      "지금": 0.007264168478105475,
      "정말": 0.006650544135429262,
      "다시": 0.00466405367622684,
      "더": 0.004611911360195229,
      "이제": 0.004258566060392287,
      "먼저": 0.004084054386262949,
      "계속": 0.0036471944308396845,
      "언제나": 0.0031891351611767855
    },
    "NNB": {
      "수": 0.026602176541717048,
      "거": 0.013301088270858524,
      "번": 0.004577503329613154
    },
    "NNG": {
      "하나님": 0.05562273276904474,
      "미스바": 0.05282501783590832,
      "장소": 0.044437022412456686,
      "앞": 0.02806618503559239,
      "기도": 0.022974607013301087,
      "사무": 0.02264193602437439,
      "혼란": 0.016893401520299608,
      "자리": 0.016553594459328715,
      "말씀": 0.016324062877871828,
      "사람": 0.016324062877871828,
      "회개": 0.0162717592535292,
      "거짓": 0.015038656625241075,
      "욕망": 0.014967252329114274,
      "소망": 0.013113861937734022,
      "탄핵": 0.013066213540485164,
      "뜻": 0.012752157119435217,
      "정치": 0.011821459989125706,
      "사무엘": 0.010769377428196414,
      "시대": 0.010497919799825768,
      "리더": 0.010193806395534027,
      "개인": 0.009752241847678228,
      "백성": 0.00934231249662719,
      "어둠": 0.009176659368263129,
      "곳": 0.009002963090303967,
      "나라": 0.008845392627311049,
      "조심": 0.00883456054298359,
      "목적": 0.008376182444152768,
      "이전": 0.008374549375797976,
      "입": 0.008362191805131307,
      "땅": 0.008209557373490441,
      "안": 0.0064905325516695835,
      "의지": 0.0054849211648115735,
      "승리": 0.005270755840223119,
      "교회": 0.004683207985406622,
      "지금": 0.004472175140048862,
      "가운데": 0.0044536811760952635,
      "오늘": 0.004232164449818622,
      "성경": 0.003793992594895747,
      "말": 0.0030342754598265027
    },
    "NNP": {
      "엘": 0.021908869255130924,
      "미스바": 0.015059096336386808,
      "예수": 0.012091898428053204,
      "여호와": 0.008723072492037779,
      "이스라엘": 0.008314835476945311
    },
    "VA": {
      "그렇": 0.009068923821039904,
      "같": 0.00498333905439095,
      "없": 0.004232164449818622
    },
    "VV": {
      "모이": 0.06779289165097244,
      "있": 0.041112454655380895,
      "모으": 0.03189960295369732,
      "되": 0.03083434099153567,
      "휩쓸리": 0.021075669934721944,
      "위하": 0.012807518983170361,
      "나아가": 0.009806781596557372,
      "겁": 0.008865910052623877,
      "겪": 0.007865788796694625,
      "흔들리": 0.007572480465414506,
      "속": 0.007383842796307377,
      "세우": 0.007033873352881125,
      "나가": 0.006401041369044701,
      "지키": 0.005872631450906294,
      "계시": 0.005740167767397178,
      "기뻐하": 0.005004888721713845,
      "보": 0.0048367593712212815,
      "모르": 0.004393311826978466,
      "드리": 0.004349583857578952,
      "듣": 0.0035696195048587807,
      "주": 0.003022974607013301
    }
  }
}