{
  "scope": "sermon",
  "idf_scope": "church",
  "church": "T-TQ",
  "sermon": "T-TQ-0004",
  "document_unit": "sermon_json",
  "document_count": 803,
  "min_count": 5,
  "freq": {
    "MAG": {
      "지금": 28,
      "이제": 26,
      "가장": 11,
      "다": 14,
      "그냥": 12,
      "분명히": 8,
      "계속": 8,
      "못": 6,
      "안": 7,
      "정말": 6
    },
    "NNB": {
      "거": 68,
      "수": 39,
      "장": 18,
      "분": 15,
      "때문": 12,
      "편": 6,
      "줄": 6
    },
    "NNG": {
      "하나님": 109,
      "문제": 54,
      "해결": 31,
      "답": 19,
      "총독": 16,
      "빠": 10,
      "기도": 45,
      "고민": 16,
      "사람": 38,
      "고침": 9,
      "말씀": 32,
      "베": 7,
      "병": 10,
      "성도": 16,
      "응답": 14,
      "인격": 5,
      "왕": 16,
      "가문": 6,
      "이름": 21,
      "인사": 5,
      "역사": 18,
      "죄": 17,
      "절": 19,
      "성령": 12,
      "집중": 8,
      "고난": 9,
      "유대": 5,
      "복음": 11,
      "무릎": 8,
      "길": 13,
      "말": 14,
      "간구": 5,
      "어려움": 7,
      "앞": 13,
      "아버지": 7,
      "의지": 9,
      "믿음": 11,
      "장": 10,
      "유대인": 5,
      "주": 10,
      "계속": 6,
      "도": 6,
      "증거": 9,
      "충만": 5,
      "인도": 8,
      "생각": 8,
      "가정": 6,
      "마음": 8,
      "순간": 7,
      "곳": 5,
      "허락": 5,
      "자리": 6,
      "뜻": 5,
      "인생": 5
    },
    "NNP": {
      "헤롯": 21,
      "예수": 43,
      "아그리": 7,
      "로마": 15,
      "바울": 17,
      "누가복음": 5,
      "요한복음": 6,
      "시편": 5
    },
    "VA": {
      "없": 19,
      "좋": 14,
      "힘들": 12,
      "이렇": 12,
      "어떻": 10,
      "어렵": 5,
      "그렇": 6
    },
    "VV": {
      "구하": 61,
      "있": 86,
      "되": 48,
      "털어놓": 9,
      "매달리": 11,
      "주": 33,
      "열리": 13,
      "다스리": 8,
      "받": 21,
      "사하": 5,
      "보": 17,
      "찾아가": 7,
      "알": 16,
      "찾": 9,
      "꿇": 7,
      "듣": 11,
      "놓": 5,
      "일어나": 10,
      "부르짖": 5,
      "모르": 9,
      "가지": 10,
      "바뀌": 5,
      "믿": 9,
      "이기": 7,
      "그러": 9,
      "죽이": 5,
      "얻": 6,
      "통하": 6,
      "바라": 5
    }
  },
  "tfidf": {
    "MAG": {
      "지금": 0.011318065218611922,
      "이제": 0.010562049418138871,
      "가장": 0.005703705661134184,
      "다": 0.005673127375675616,
      "그냥": 0.004905203752596676,
      "분명히": 0.004142815609558827,
      "계속": 0.0038966230689439405,
      "못": 0.002878424542523804,
      "안": 0.002847167824830078,
      "정말": 0.0024222850222042794
    },
    "NNB": {
      "거": 0.027452563584981833,
      "수": 0.015744852644327817,
      "장": 0.0072668550666128385,
      "분": 0.006894543404131379,
      "때문": 0.004862680607721956,
      "편": 0.004669070374805304,
      "줄": 0.002889360385126614
    },
    "NNG": {
      "하나님": 0.04400484457004441,
      "문제": 0.03549442346126414,
      "해결": 0.031385663013925445,
      "답": 0.02373641863619021,
      "총독": 0.022510499150830844,
      "빠": 0.02101208162854649,
      "기도": 0.018167137666532097,
      "고민": 0.017843168891541455,
      "사람": 0.015341138473960436,
      "고침": 0.013186276272786809,
      "말씀": 0.012918853451756156,
      "베": 0.011765309330617535,
      "병": 0.011682715880428846,
      "성도": 0.01150757420111448,
      "응답": 0.011205024651603257,
      "인격": 0.009687580765609207,
      "왕": 0.009324134056987671,
      "가문": 0.008749443258635237,
      "이름": 0.008499113398288852,
      "인사": 0.008464052700267434,
      "역사": 0.00828384072870925,
      "죄": 0.008093982958073833,
      "절": 0.007689674027023247,
      "성령": 0.007560189224635064,
      "집중": 0.0074596751413435825,
      "고난": 0.0069244920394198875,
      "유대": 0.0065305853308951535,
      "복음": 0.00647973194897268,
      "무릎": 0.006435222552034112,
      "길": 0.005886062838502576,
      "말": 0.005673127375675616,
      "간구": 0.005665719310844965,
      "어려움": 0.005510151190552331,
      "앞": 0.005414068188537277,
      "아버지": 0.004885005049208659,
      "의지": 0.004708953022630203,
      "믿음": 0.004708355338375734,
      "장": 0.0041854511095099686,
      "유대인": 0.0040561700851067806,
      "주": 0.004037141703673799,
      "계속": 0.004018362556926209,
      "도": 0.0039722223995486685,
      "증거": 0.003711077588556346,
      "충만": 0.0035366634317653216,
      "인도": 0.003471533852160535,
      "생각": 0.0034328026481386894,
      "가정": 0.0033730075476262355,
      "마음": 0.0033028420726677744,
      "순간": 0.0032499366955708827,
      "곳": 0.003005833861801123,
      "허락": 0.002677777887845179,
      "자리": 0.0026528521827109915,
      "뜻": 0.002504460789326017,
      "인생": 0.0022866792753753005
    },
    "NNP": {
      "헤롯": 0.03554902134112322,
      "예수": 0.017359709325797335,
      "아그리": 0.01623166081585207,
      "로마": 0.014696663788498673,
      "바울": 0.009827548882534344,
      "누가복음": 0.005775707573428876,
      "요한복음": 0.004754343613060402,
      "시편": 0.004184150527881298
    },
    "VA": {
      "없": 0.007670569236980218,
      "좋": 0.006197725591647724,
      "힘들": 0.005852347871954148,
      "이렇": 0.0048505993794051095,
      "어떻": 0.004042166149504258,
      "어렵": 0.0028712125971691645,
      "그렇": 0.0024222850222042794
    },
    "VV": {
      "구하": 0.039083359365558845,
      "있": 0.03471941865159467,
      "되": 0.019378280177634235,
      "털어놓": 0.017437645378096573,
      "매달리": 0.014419228154854722,
      "주": 0.013322567622123537,
      "열리": 0.011295698436853286,
      "다스리": 0.008898265114407023,
      "받": 0.00855213419384892,
      "사하": 0.007793617021981977,
      "보": 0.006863140896245458,
      "찾아가": 0.006843838421804387,
      "알": 0.006524021531430495,
      "찾": 0.005856929040157202,
      "꿇": 0.005669009492483647,
      "듣": 0.005243896428857542,
      "놓": 0.004888456015574563,
      "일어나": 0.0044658459710141376,
      "부르짖": 0.004433867230194627,
      "모르": 0.004400406395936042,
      "가지": 0.004372018905856887,
      "바뀌": 0.004289622248397806,
      "믿": 0.003734235267542551,
      "이기": 0.003638988497037733,
      "그러": 0.0036379495345538323,
      "죽이": 0.0035580808300536043,
      "얻": 0.0034408631057069963,
      "통하": 0.0026828602267730483,
      "바라": 0.002202442956327111
    }
  }
}