{
  "scope": "sermon",
  "idf_scope": "church",
  "church": "T-TQ",
  "sermon": "T-TQ-0246",
  "document_unit": "sermon_json",
  "document_count": 803,
  "min_count": 5,
  "freq": {
    "MAG": {
      "언제나": 37,
      "이제": 23,
      "먼저": 14,
      "정말": 17,
      "그냥": 15,
      "더": 11,
      "항상": 9,
      "완전히": 5,
      "아무리": 5,
      "지금": 7,
      "잘": 5,
      "다시": 5
    },
    "NNB": {
      "거": 82,
      "수": 55,
      "세": 9,
      "때문": 16,
      "장": 12
    },
    "NNG": {
      "하나님": 161,
      "사사": 20,
      "실수": 24,
      "사무": 29,
      "삶": 44,
      "용서": 24,
      "사무엘": 23,
      "죄": 35,
      "말씀": 41,
      "사람": 39,
      "나이": 13,
      "완전": 20,
      "피해자": 6,
      "정죄": 10,
      "회개": 19,
      "앞": 25,
      "건강": 12,
      "죄인": 12,
      "기도": 23,
      "역할": 8,
      "의지": 15,
      "모세": 7,
      "모습": 13,
      "중요": 13,
      "오해": 7,
      "아들": 9,
      "선택": 5,
      "뜻": 10,
      "부분": 6,
      "길": 10,
      "보혈": 6,
      "속": 9,
      "감당": 6,
      "순간": 9,
      "아무것": 7,
      "성경": 8,
      "정도": 6,
      "가운데": 9,
      "은혜": 9,
      "역사": 8,
      "순종": 7,
      "마찬가지": 8,
      "상황": 7,
      "끝": 6,
      "마지막": 5,
      "승리": 7,
      "예배": 5,
      "세상": 7,
      "증거": 7,
      "이제": 5,
      "오늘": 7,
      "사실": 6,
      "힘": 5,
      "마음": 6,
      "사랑": 5,
      "믿음": 5,
      "소망": 5,
      "말": 5
    },
    "NNP": {
      "엘": 26,
      "이스라엘": 16,
      "예수": 19,
      "누가": 8
    },
    "VA": {
      "그렇": 25,
      "없": 23,
      "이렇": 16,
      "많": 13,
      "괜찮": 5,
      "같": 8,
      "어떻": 5
    },
    "VV": {
      "묻": 30,
      "있": 72,
      "되": 56,
      "늙": 11,
      "여쭈": 11,
      "나아가": 34,
      "보": 33,
      "받": 27,
      "살아가": 23,
      "세우": 16,
      "부르": 16,
      "인하": 9,
      "그러": 17,
      "대하": 14,
      "주": 13,
      "드리": 9,
      "통하": 8,
      "짓": 5,
      "가지": 7,
      "버리": 5,
      "알": 7,
      "서": 5,
      "살": 6,
      "바라보": 5,
      "나누": 5,
      "위하": 5
    }
  },
  "tfidf": {
    "MAG": {
      "언제나": 0.01555129032619099,
      "이제": 0.009220510533263709,
      "먼저": 0.007535487120980466,
      "정말": 0.006772908366533864,
      "그냥": 0.006050891282461139,
      "더": 0.004775703772759932,
      "항상": 0.004298757614377742,
      "완전히": 0.0038649527555193485,
      "아무리": 0.002966314930550351,
      "지금": 0.0027923154926794555,
      "잘": 0.0024155914467914015,
      "다시": 0.0021953172397493437
    },
    "NNB": {
      "거": 0.03266932270916335,
      "수": 0.021912350597609563,
      "세": 0.01071795622728245,
      "때문": 0.0063983319337727945,
      "장": 0.004780876494023904
    },
    "NNG": {
      "하나님": 0.06414342629482071,
      "사사": 0.031301985286736285,
      "실수": 0.024196436366193824,
      "사무": 0.021634324767831514,
      "삶": 0.018493426333848748,
      "용서": 0.0184007155352426,
      "사무엘": 0.018135841351192915,
      "죄": 0.016444993029065172,
      "말씀": 0.016334661354581673,
      "사람": 0.015537848605577689,
      "나이": 0.015528792043963225,
      "완전": 0.014802524238210754,
      "피해자": 0.012441496301332984,
      "정죄": 0.011663049140960996,
      "회개": 0.011318200670681908,
      "앞": 0.010274783100679462,
      "건강": 0.010015400268894633,
      "죄인": 0.0092003577676213,
      "기도": 0.009163346613545816,
      "역할": 0.008254128578023165,
      "의지": 0.007745070808137459,
      "모세": 0.0067538596696452066,
      "모습": 0.006054468462575105,
      "중요": 0.005801407184836939,
      "오해": 0.005492036831872862,
      "아들": 0.0051967772175592715,
      "선택": 0.005087252653642837,
      "뜻": 0.004943067231203621,
      "부분": 0.004476067193344451,
      "길": 0.0044682125807449825,
      "보혈": 0.004324461233732907,
      "속": 0.00416524787410667,
      "감당": 0.004150651637190076,
      "순간": 0.004123553713964809,
      "아무것": 0.004102388066299068,
      "성경": 0.004000168128737891,
      "정도": 0.0038423434871773386,
      "가운데": 0.003773335115956408,
      "은혜": 0.0037405891589566255,
      "역사": 0.003633302077912848,
      "순종": 0.0035498282496679214,
      "마찬가지": 0.003421622578633145,
      "상황": 0.0033098265190611154,
      "끝": 0.0030900468859669,
      "마지막": 0.0030657300811408107,
      "승리": 0.0030390842190290476,
      "예배": 0.0029582500131678804,
      "세상": 0.0028697883806274756,
      "증거": 0.0028484450778210927,
      "이제": 0.002825918002630811,
      "오늘": 0.0027888446215139444,
      "사실": 0.0027249765584346363,
      "힘": 0.002571721782158882,
      "마음": 0.0024445636894416564,
      "사랑": 0.0021980629767416166,
      "믿음": 0.002112023935740075,
      "소망": 0.0020575154282879977,
      "말": 0.001999478729303998
    },
    "NNP": {
      "엘": 0.018768307040789845,
      "이스라엘": 0.007969714091339397,
      "예수": 0.007569721115537849,
      "누가": 0.004521468804209298
    },
    "VA": {
      "그렇": 0.0099601593625498,
      "없": 0.009163346613545816,
      "이렇": 0.0063824354118387555,
      "많": 0.005911530742396701,
      "괜찮": 0.003929425433810248,
      "같": 0.0032838417513795346,
      "어떻": 0.001994511066199611
    },
    "VV": {
      "묻": 0.03275903640000954,
      "있": 0.028685258964143426,
      "되": 0.022310756972111555,
      "늙": 0.01824526939848241,
      "여쭈": 0.017874699172064606,
      "나아가": 0.013732424548406385,
      "보": 0.013147410358565738,
      "받": 0.010851037426492545,
      "살아가": 0.009476356626557901,
      "세우": 0.008240125029245067,
      "부르": 0.008072365294951055,
      "인하": 0.006789591101881414,
      "그러": 0.0067813376250786764,
      "대하": 0.006720914928132273,
      "주": 0.0051792828685258965,
      "드리": 0.00368513974410474,
      "통하": 0.0035301167499159846,
      "짓": 0.0035166204616821403,
      "가지": 0.0030201767254443256,
      "버리": 0.0028221559016589617,
      "알": 0.0028167333001362887,
      "서": 0.002770219167974151,
      "살": 0.002572625619440813,
      "바라보": 0.00242788797887722,
      "나누": 0.002305308719037086,
      "위하": 0.002009451375276397
    }
  }
}