{
  "scope": "sermon",
  "idf_scope": "church",
  "church": "T-TQ",
  "sermon": "T-TQ-0502",
  "document_unit": "sermon_json",
  "document_count": 803,
  "min_count": 5,
  "freq": {
    "MAG": {
      "언제나": 15,
      "당당": 5,
      "다시": 13,
      "그냥": 9,
      "잘": 7,
      "이제": 8,
      "아무리": 5,
      "많이": 5,
      "항상": 6,
      "안": 6,
      "다": 6,
      "더": 5
    },
    "NNB": {
      "거": 68,
      "척": 11,
      "수": 18,
      "장": 17,
      "절": 13,
      "편": 5,
      "번": 7,
      "때문": 7
    },
    "NNG": {
      "하나님": 97,
      "굴복": 21,
      "무기": 20,
      "세상": 58,
      "의지": 44,
      "칼": 20,
      "말씀": 45,
      "모기": 7,
      "사단": 21,
      "이름": 36,
      "앞": 34,
      "인생": 28,
      "적군": 9,
      "짜증": 11,
      "승리": 22,
      "조롱": 7,
      "기쁨": 12,
      "감사": 18,
      "무릎": 9,
      "윗이": 6,
      "평안": 8,
      "반": 5,
      "멸시": 7,
      "근심": 6,
      "핑계": 6,
      "사도": 9,
      "순종": 10,
      "자리": 11,
      "말": 12,
      "사람": 12,
      "안": 11,
      "마음": 11,
      "증거": 11,
      "기도": 11,
      "하늘": 6,
      "제자": 5,
      "가운데": 8,
      "땅": 8,
      "상황": 7,
      "장": 8,
      "문제": 5,
      "영광": 6,
      "믿음": 7,
      "왕": 5,
      "생명": 5,
      "오늘": 7,
      "순간": 6,
      "절": 6,
      "중요": 5,
      "마찬가지": 5,
      "은혜": 5,
      "소망": 5
    },
    "NNP": {
      "골리앗": 22,
      "예수": 57,
      "다": 10,
      "블레셋": 8,
      "다윗": 7,
      "사무엘상": 10,
      "바울": 8,
      "시편": 5,
      "이스라엘": 6,
      "그리스도": 7
    },
    "VA": {
      "귀찮": 5,
      "없": 20,
      "어떻": 16,
      "두렵": 6,
      "힘들": 9,
      "이렇": 10,
      "어렵": 6,
      "같": 7,
      "그렇": 7,
      "많": 5
    },
    "VV": {
      "있": 57,
      "미치": 17,
      "되": 41,
      "살아남": 8,
      "이기": 15,
      "보": 19,
      "꿇": 9,
      "가지": 14,
      "두려워하": 8,
      "믿": 14,
      "치": 9,
      "읽": 13,
      "취하": 5,
      "들어오": 5,
      "주": 11,
      "드리": 10,
      "사라지": 5,
      "살": 9,
      "싸우": 5,
      "일어나": 8,
      "바라보": 7,
      "위하": 8,
      "나아가": 7,
      "그러": 7,
      "살아가": 5
    }
  },
  "tfidf": {
    "MAG": {
      "언제나": 0.007186416289627253,
      "당당": 0.006914642075471375,
      "다시": 0.006506194507994648,
      "그냥": 0.004138347988822196,
      "잘": 0.003854853925533599,
      "이제": 0.0036557250623531034,
      "아무리": 0.0033812218327345057,
      "많이": 0.0033042428325626588,
      "항상": 0.0032666913751402157,
      "안": 0.0027452061899977047,
      "다": 0.0027349818041160954,
      "더": 0.0024744068346188234
    },
    "NNB": {
      "거": 0.030881017257039057,
      "척": 0.012670020173248437,
      "수": 0.008174386920980926,
      "장": 0.007720254314259764,
      "절": 0.006022395699897426,
      "편": 0.004376811731150749,
      "번": 0.003438324481008246,
      "때문": 0.0031908121048021118
    },
    "NNG": {
      "하나님": 0.04405086285195277,
      "굴복": 0.04263632712557951,
      "무기": 0.029817257238099124,
      "세상": 0.027104177530280774,
      "의지": 0.025896627915552556,
      "칼": 0.025089424014729897,
      "말씀": 0.020435967302452316,
      "모기": 0.020037754021986164,
      "사단": 0.016584055880297925,
      "이름": 0.01638949310047605,
      "앞": 0.01592824686306967,
      "인생": 0.014404625596996307,
      "적군": 0.01367490673293712,
      "짜증": 0.01351767444240551,
      "승리": 0.010887390072322823,
      "조롱": 0.009070491160577848,
      "기쁨": 0.008410190798419995,
      "감사": 0.008174386920980926,
      "무릎": 0.008143756604932814,
      "윗이": 0.008047413680611636,
      "평안": 0.007748487583939795,
      "반": 0.007426790784246976,
      "멸시": 0.007185184142403124,
      "근심": 0.007023464525401697,
      "핑계": 0.006942604121733805,
      "사도": 0.006281471012840036,
      "순종": 0.005780504026642327,
      "자리": 0.005470955451281138,
      "말": 0.005469963608232191,
      "사람": 0.005449591280653951,
      "안": 0.005362795151910827,
      "마음": 0.005108568230811697,
      "증거": 0.005102216724966937,
      "기도": 0.004995458673932788,
      "하늘": 0.004593221259052935,
      "제자": 0.004362575552645763,
      "가운데": 0.003823219756201669,
      "땅": 0.003794762214980281,
      "상황": 0.0037727813636891003,
      "장": 0.0037665258485944384,
      "문제": 0.0036969626481629194,
      "영광": 0.0035865925874712635,
      "믿음": 0.0033704142189784846,
      "왕": 0.003277685067432797,
      "생명": 0.0032689010602168105,
      "오늘": 0.003178928247048138,
      "순간": 0.0031335512631098,
      "절": 0.002731582183412675,
      "중요": 0.0025434101924720043,
      "마찬가지": 0.002437634159959467,
      "은혜": 0.0023687755547939075,
      "소망": 0.0023453059604917684
    },
    "NNP": {
      "골리앗": 0.03186892423917867,
      "예수": 0.025885558583106268,
      "다": 0.010012726320110408,
      "블레셋": 0.008597962906596033,
      "다윗": 0.007102609934944984,
      "사무엘상": 0.00670750759957969,
      "바울": 0.005202294936589746,
      "시편": 0.004706694304069925,
      "이스라엘": 0.0034066727468089037,
      "그리스도": 0.003210717794433281
    },
    "VA": {
      "귀찮": 0.009141774802564307,
      "없": 0.009082652134423252,
      "어떻": 0.0072751647973275544,
      "두렵": 0.0065021644717163235,
      "힘들": 0.0049374201903373376,
      "이렇": 0.004546977998329722,
      "어렵": 0.003875745832800011,
      "같": 0.003275266778595505,
      "그렇": 0.003178928247048138,
      "많": 0.002591689751173011
    },
    "VV": {
      "있": 0.025885558583106268,
      "미치": 0.025158629425842915,
      "되": 0.018619436875567667,
      "살아남": 0.01609991909594,
      "이기": 0.008771676242859542,
      "보": 0.00862851952770209,
      "꿇": 0.008198989789537947,
      "가지": 0.0068852348600047745,
      "두려워하": 0.006542130102983054,
      "믿": 0.006534252225645402,
      "치": 0.006486542266616066,
      "읽": 0.006014908414318891,
      "취하": 0.005122337115405828,
      "들어오": 0.005015804599993132,
      "주": 0.004995458673932788,
      "드리": 0.004667323018318144,
      "사라지": 0.004657685285752091,
      "살": 0.004398699117708747,
      "싸우": 0.0040762861828204265,
      "일어나": 0.004018855756658317,
      "바라보": 0.003874477001714147,
      "위하": 0.0036648304827929202,
      "나아가": 0.0032227213137188144,
      "그러": 0.0031828845988308052,
      "살아가": 0.002348226427818617
    }
  }
}