{
  "scope": "sermon",
  "idf_scope": "church",
  "church": "T-TQ",
  "sermon": "T-TQ-0005",
  "document_unit": "sermon_json",
  "document_count": 803,
  "min_count": 5,
  "freq": {
    "MAG": {
      "더": 16,
      "실제로": 7,
      "다": 13,
      "지금": 13,
      "정말": 12,
      "그냥": 11,
      "이제": 11,
      "안": 9,
      "언제나": 8,
      "항상": 7,
      "잘못": 6
    },
    "NNB": {
      "거": 78,
      "수": 42,
      "때문": 21,
      "장": 8,
      "번": 7
    },
    "NNG": {
      "모욕": 30,
      "수치": 22,
      "세상": 78,
      "길": 71,
      "조롱": 23,
      "교회": 50,
      "하나님": 62,
      "칭찬": 23,
      "미움": 14,
      "문": 18,
      "말씀": 43,
      "손가락": 16,
      "진화": 8,
      "눈치": 11,
      "사람": 38,
      "비난": 10,
      "비하": 6,
      "창조": 10,
      "요나단": 7,
      "말": 24,
      "승리": 21,
      "도우심": 5,
      "끝": 17,
      "멸시": 9,
      "소리": 10,
      "가치관": 9,
      "가운데": 16,
      "타협": 6,
      "편": 7,
      "뜻": 12,
      "예배": 10,
      "목소리": 5,
      "성경": 11,
      "위기": 7,
      "순간": 11,
      "지금": 10,
      "십자가": 8,
      "속": 10,
      "진리": 5,
      "믿음": 10,
      "핍박": 5,
      "복음": 6,
      "이름": 8,
      "당시": 5,
      "이제": 5,
      "절": 7,
      "기도": 7,
      "소망": 6,
      "구원": 6,
      "안": 5,
      "은혜": 5,
      "앞": 5,
      "오늘": 5
    },
    "NNP": {
      "히브리": 14,
      "예수": 37,
      "블레셋": 12
    },
    "VA": {
      "그렇": 32,
      "쉽": 15,
      "없": 25,
      "어떻": 16,
      "어렵": 10,
      "같": 9,
      "이렇": 9,
      "좋": 6
    },
    "VV": {
      "있": 73,
      "받": 58,
      "되": 52,
      "택하": 19,
      "닫": 11,
      "걸어가": 22,
      "당하": 17,
      "열": 14,
      "미워하": 10,
      "욕먹": 6,
      "보": 19,
      "견디": 6,
      "흔들리": 8,
      "전하": 10,
      "드리": 11,
      "지키": 8,
      "움직이": 5,
      "듣": 8,
      "주": 9,
      "따르": 7,
      "나오": 7,
      "나아가": 8,
      "바라보": 6,
      "따라가": 5,
      "나누": 6,
      "읽": 6,
      "그러": 6,
      "바라": 5
    }
  },
  "tfidf": {
    "MAG": {
      "더": 0.007050408540015396,
      "실제로": 0.005982835083796422,
      "다": 0.005276424661317385,
      "지금": 0.00526331549454859,
      "정말": 0.004852405984634048,
      "그냥": 0.004503709618782909,
      "이제": 0.0044757871239545525,
      "안": 0.0036665653237211563,
      "언제나": 0.003412748601107256,
      "항상": 0.003393501877369678,
      "잘못": 0.003277812836981278
    },
    "NNB": {
      "거": 0.031540638900121314,
      "수": 0.016983420946219168,
      "때문": 0.008523455222128084,
      "장": 0.003234937323089365,
      "번": 0.0030615408439871234
    },
    "NNG": {
      "모욕": 0.039973515339747606,
      "수치": 0.03677861972065109,
      "세상": 0.03245607816759558,
      "길": 0.032198955277580404,
      "조롱": 0.026537120635354725,
      "교회": 0.0261019881650578,
      "하나님": 0.02507076425394258,
      "칭찬": 0.024029129515326677,
      "미움": 0.01956202939916858,
      "문": 0.01797265749850851,
      "말씀": 0.017387788111605337,
      "손가락": 0.01733256110041382,
      "진화": 0.01711833076063274,
      "눈치": 0.015567889121988657,
      "사람": 0.015365952284674484,
      "비난": 0.014031910893663,
      "비하": 0.012433440950386,
      "창조": 0.012313822766023427,
      "요나단": 0.010038516700166615,
      "말": 0.009741091682432094,
      "승리": 0.00925366120877021,
      "도우심": 0.009039068832007209,
      "끝": 0.008886123508842677,
      "멸시": 0.008225751217962285,
      "소리": 0.007963152012015992,
      "가치관": 0.0077900156322497855,
      "가운데": 0.0068085158941820255,
      "타협": 0.006532277384750954,
      "편": 0.006498909041563378,
      "뜻": 0.006020428022800366,
      "예배": 0.0060050202450880556,
      "목소리": 0.005884504197467523,
      "성경": 0.005582523353945266,
      "위기": 0.005519063687423423,
      "순간": 0.005115303861372528,
      "지금": 0.00498515816258311,
      "십자가": 0.004752152362569275,
      "속": 0.004697296205242281,
      "진리": 0.0043917233576915874,
      "믿음": 0.004287246323257249,
      "핍박": 0.004035315669988409,
      "복음": 0.003540116024910193,
      "이름": 0.00324299445632819,
      "당시": 0.0031595836738066755,
      "이제": 0.0028681982153673014,
      "절": 0.0028376201492871663,
      "기도": 0.0028305701577031944,
      "소망": 0.0025059589446030928,
      "구원": 0.002453515134309667,
      "안": 0.002170509672555902,
      "은혜": 0.002109196834474801,
      "앞": 0.002085702028524501,
      "오늘": 0.0020218358269308533
    },
    "NNP": {
      "히브리": 0.026296431718713147,
      "예수": 0.014961585119288313,
      "블레셋": 0.011483652034163646
    },
    "VA": {
      "그렇": 0.01293974929235746,
      "쉽": 0.011634602584203095,
      "없": 0.010109179134654266,
      "어떻": 0.00647792676252134,
      "어렵": 0.005751713387131436,
      "같": 0.0037495948829187062,
      "이렇": 0.003643833803918254,
      "좋": 0.002660464379385029
    },
    "VV": {
      "있": 0.029518803073190457,
      "받": 0.023658385055619725,
      "되": 0.021027092600080875,
      "택하": 0.016038062481878706,
      "닫": 0.015845982096834865,
      "걸어가": 0.015586489045743583,
      "당하": 0.011936130567387826,
      "열": 0.011714022502412224,
      "미워하": 0.011505912586819149,
      "욕먹": 0.010247949938647569,
      "보": 0.007682976142337242,
      "견디": 0.007123354010689693,
      "흔들리": 0.006752868413422613,
      "전하": 0.005513343291645238,
      "드리": 0.00457144755963211,
      "지키": 0.0039277526970477195,
      "움직이": 0.0038656428345254946,
      "듣": 0.0038199114669058946,
      "주": 0.003639304488475536,
      "따르": 0.003367846987327855,
      "나오": 0.003329795433832032,
      "나아가": 0.0032795019734544874,
      "바라보": 0.0029570556378399463,
      "따라가": 0.0029421523321079557,
      "나누": 0.002807759749995836,
      "읽": 0.002471895547916924,
      "그러": 0.002429222535945503,
      "바라": 0.00220600533878781
    }
  }
}