{
  "scope": "sermon",
  "idf_scope": "church",
  "church": "T-TQ",
  "sermon": "T-TQ-0530",
  "document_unit": "sermon_json",
  "document_count": 803,
  "min_count": 5,
  "freq": {
    "MAG": {
      "이제": 23,
      "다": 16,
      "언제나": 15,
      "지금": 15,
      "그대로": 9,
      "안": 14,
      "아직": 9,
      "절대": 6,
      "막": 7,
      "정말": 8,
      "이미": 5,
      "다시": 6,
      "계속": 5,
      "더": 5
    },
    "NNB": {
      "거": 68,
      "편": 10,
      "절": 17,
      "때문": 14,
      "수": 13,
      "대로": 6,
      "번": 8,
      "장": 8
    },
    "NNG": {
      "하나님": 94,
      "승리": 62,
      "포기": 29,
      "계략": 15,
      "사단": 28,
      "인생": 32,
      "원론": 7,
      "찬양": 21,
      "말씀": 35,
      "노래": 10,
      "믿음": 30,
      "악": 20,
      "최선": 11,
      "광야": 10,
      "의지": 21,
      "사울": 13,
      "틈": 8,
      "말": 25,
      "윗": 9,
      "윗이": 8,
      "고난": 12,
      "악인": 8,
      "앞": 21,
      "대제사장": 6,
      "바": 10,
      "기도": 19,
      "총독": 5,
      "역사": 15,
      "끝": 13,
      "순간": 14,
      "유대인": 8,
      "부활": 9,
      "계속": 9,
      "시": 7,
      "원망": 6,
      "장": 13,
      "충성": 6,
      "속": 11,
      "세상": 12,
      "사람": 12,
      "삶": 11,
      "가운데": 11,
      "싸움": 5,
      "마음": 11,
      "고백": 7,
      "길": 9,
      "절": 10,
      "자리": 9,
      "주": 9,
      "왕": 6,
      "소망": 8,
      "선포": 5,
      "구원": 8,
      "이름": 7,
      "백성": 5,
      "상황": 5,
      "모습": 5,
      "인도": 5
    },
    "NNP": {
      "다윗": 28,
      "다": 17,
      "바울": 16,
      "울": 11,
      "민수기": 6,
      "시편": 8,
      "예루살렘": 7,
      "호": 5,
      "여호": 6,
      "예수": 6
    },
    "VA": {
      "어떻": 25,
      "이렇": 20,
      "그렇": 17,
      "없": 10,
      "많": 8,
      "힘들": 7,
      "같": 8
    },
    "VV": {
      "되": 53,
      "있": 46,
      "보": 36,
      "멈추": 15,
      "주": 29,
      "죽이": 13,
      "옮기": 8,
      "깨": 7,
      "건드리": 5,
      "믿": 17,
      "건지": 6,
      "받": 14,
      "맡기": 11,
      "망하": 6,
      "나아가": 11,
      "부르짖": 5,
      "살아가": 9,
      "무너지": 5,
      "이기": 6,
      "살": 7,
      "행하": 5,
      "바라보": 6,
      "읽": 7,
      "알": 7,
      "드리": 6,
      "지키": 5,
      "위하": 5
    }
  },
  "tfidf": {
    "MAG": {
      "이제": 0.009068762319158272,
      "다": 0.006293030232668383,
      "언제나": 0.006200818444263014,
      "지금": 0.005885058122446344,
      "그대로": 0.0058419347282215855,
      "안": 0.005526986443655253,
      "아직": 0.005518903959468204,
      "절대": 0.004388448370758498,
      "막": 0.0031425595475310423,
      "정말": 0.003134796238244514,
      "이미": 0.002595706332929183,
      "다시": 0.002591024892682219,
      "계속": 0.002363816453216629,
      "더": 0.002135048530497903
    },
    "NNB": {
      "거": 0.02664576802507837,
      "편": 0.007553087329148861,
      "절": 0.006795344846574641,
      "때문": 0.005506401453584835,
      "수": 0.005094043887147335,
      "대로": 0.0038499453767740196,
      "번": 0.0033905913601344185,
      "장": 0.003134796238244514
    },
    "NNG": {
      "하나님": 0.03683385579937304,
      "승리": 0.026474601778173998,
      "포기": 0.024867512029934535,
      "계략": 0.022954993937660886,
      "사단": 0.019079462407740874,
      "인생": 0.014204650946970833,
      "원론": 0.013853367389085405,
      "찬양": 0.013730444481355108,
      "말씀": 0.01371473354231975,
      "노래": 0.013266199749117542,
      "믿음": 0.012463589526741979,
      "악": 0.012178952806404603,
      "최선": 0.011753252753961461,
      "광야": 0.01096884851472262,
      "의지": 0.010664646872960435,
      "사울": 0.01009888599435391,
      "틈": 0.01006978825925003,
      "말": 0.00983285973854435,
      "윗": 0.009495095203265542,
      "윗이": 0.00925830978302342,
      "고난": 0.008961320157598256,
      "악인": 0.008614284785484833,
      "앞": 0.008488774564840353,
      "대제사장": 0.008301056863211509,
      "바": 0.0075041055001354145,
      "기도": 0.007445141065830721,
      "총독": 0.006827795160242947,
      "역사": 0.006700324413862595,
      "끝": 0.006584915745108408,
      "순간": 0.006308850466245358,
      "유대인": 0.006299143135303758,
      "부활": 0.0062923733503603314,
      "계속": 0.005850402069067136,
      "시": 0.00582897806935498,
      "원망": 0.005780150436499326,
      "장": 0.005281179905067809,
      "충성": 0.005193480436920789,
      "속": 0.005007074791191448,
      "세상": 0.004838671407551475,
      "사람": 0.004702194357366771,
      "삶": 0.00454726685912621,
      "가운데": 0.004535953611614265,
      "싸움": 0.004525278047881087,
      "마음": 0.004407941710128274,
      "고백": 0.00422724013041898,
      "길": 0.003955208550118698,
      "절": 0.003928254942446911,
      "자리": 0.003862332400024565,
      "주": 0.0035266457680250786,
      "왕": 0.003393791152893583,
      "소망": 0.003237845595613087,
      "선포": 0.0031899340718082865,
      "구원": 0.0031700851239016754,
      "이름": 0.002749778459712838,
      "백성": 0.0025228880729854636,
      "상황": 0.0023252531803748876,
      "모습": 0.0022903176755883037,
      "인도": 0.0021059437088072207
    },
    "NNP": {
      "다윗": 0.024514023631267794,
      "다": 0.014687162894475431,
      "바울": 0.008977628095901741,
      "울": 0.008446118475023242,
      "민수기": 0.007805998628633099,
      "시편": 0.006497893954584309,
      "예루살렘": 0.005882034785617487,
      "호": 0.004089891160460943,
      "여호": 0.0037312868524264835,
      "예수": 0.0023510971786833857
    },
    "VA": {
      "어떻": 0.009808430204077241,
      "이렇": 0.007846744163261792,
      "그렇": 0.0066614420062695925,
      "없": 0.003918495297805642,
      "많": 0.0035779942520896358,
      "힘들": 0.003313540352397236,
      "같": 0.0032297973338411565
    },
    "VV": {
      "되": 0.020768025078369907,
      "있": 0.018025078369905956,
      "보": 0.014106583072100314,
      "멈추": 0.012226454588522768,
      "주": 0.011363636363636364,
      "죽이": 0.00897913485960471,
      "옮기": 0.008275057247427678,
      "깨": 0.007698895543161508,
      "건드리": 0.006948402317373498,
      "믿": 0.006846260574753973,
      "건지": 0.00586984894581996,
      "받": 0.005533865307775282,
      "맡기": 0.00518723482859861,
      "망하": 0.004409409257101646,
      "나아가": 0.00436972434286258,
      "부르짖": 0.004303561571000035,
      "살아가": 0.0036471121744913286,
      "무너지": 0.003131444723944491,
      "이기": 0.003027465687582557,
      "살": 0.0029520005311895955,
      "행하": 0.0028937954024832436,
      "바라보": 0.002865516689803365,
      "읽": 0.002794604482104877,
      "알": 0.0027703764041309108,
      "드리": 0.002416327261677873,
      "지키": 0.002378852963312845,
      "위하": 0.0019763804670626
    }
  }
}