{
  "scope": "sermon",
  "idf_scope": "church",
  "church": "T-TQ",
  "sermon": "T-TQ-0561",
  "document_unit": "sermon_json",
  "document_count": 803,
  "min_count": 5,
  "freq": {
    "MAG": {
      "이제": 23,
      "지금": 15,
      "다": 14,
      "멋대로": 6,
      "그냥": 12,
      "제대로": 5,
      "안": 10,
      "아무리": 6,
      "역시": 5,
      "언제나": 7
    },
    "NNB": {
      "거": 70,
      "평": 6,
      "수": 27,
      "장": 19,
      "개": 5,
      "때문": 15,
      "절": 13,
      "바": 5
    },
    "NNG": {
      "지파": 156,
      "하나님": 109,
      "사명": 54,
      "감당": 28,
      "사람": 48,
      "말씀": 46,
      "예배": 28,
      "성읍": 12,
      "백성": 31,
      "제사장": 17,
      "세상": 37,
      "파": 9,
      "타락": 11,
      "사무": 16,
      "삶": 28,
      "안": 26,
      "봉사": 7,
      "증거": 25,
      "구별": 9,
      "땅": 23,
      "사무엘": 10,
      "타협": 7,
      "기업": 5,
      "변화": 8,
      "모습": 14,
      "지역": 7,
      "성전": 6,
      "아들": 10,
      "왕": 10,
      "중요": 12,
      "이해": 7,
      "장": 12,
      "기도": 12,
      "교회": 9,
      "성경": 9,
      "절": 10,
      "물질": 6,
      "뜻": 8,
      "인도": 9,
      "중심": 6,
      "가정": 6,
      "찬양": 5,
      "오늘": 8,
      "사도": 5,
      "은혜": 7,
      "복음": 5,
      "상황": 6,
      "구원": 7,
      "이름": 7,
      "주": 7,
      "감사": 6,
      "길": 5,
      "안녕": 5
    },
    "NNP": {
      "레위": 110,
      "에브라임": 39,
      "엘가나": 31,
      "지": 9,
      "엘": 14,
      "유다": 6,
      "역대상": 5,
      "이스라엘": 14,
      "예수": 12
    },
    "VA": {
      "그렇": 28,
      "이렇": 16,
      "없": 14,
      "어떻": 11,
      "좋": 9,
      "똑같": 6,
      "같": 5
    },
    "VV": {
      "흩어지": 30,
      "되": 97,
      "있": 59,
      "살아가": 45,
      "살": 43,
      "이끌": 20,
      "보": 37,
      "받": 33,
      "들어가": 22,
      "위하": 25,
      "모이": 10,
      "부르": 15,
      "가르치": 10,
      "속하": 6,
      "태어나": 5,
      "알": 12,
      "주": 11,
      "알리": 6,
      "택하": 5,
      "통하": 8,
      "기다리": 5,
      "전하": 6,
      "읽": 8,
      "깨닫": 5,
      "세우": 5,
      "드리": 6,
      "따르": 5,
      "나누": 5,
      "그러": 5
    }
  },
  "tfidf": {
    "MAG": {
      "이제": 0.008409695290149675,
      "지금": 0.0054573649449429764,
      "다": 0.005106226929341751,
      "멋대로": 0.005045757692212502,
      "그냥": 0.004415039860167866,
      "제대로": 0.003874947688007683,
      "안": 0.0036609399408762994,
      "아무리": 0.0032465627074192067,
      "역시": 0.002716558644757075,
      "언제나": 0.0026834161988448274
    },
    "NNB": {
      "거": 0.025436046511627907,
      "평": 0.013742670584431124,
      "수": 0.009811046511627907,
      "장": 0.006904069767441861,
      "개": 0.006472501606347883,
      "때문": 0.005470957424294733,
      "절": 0.0048187919081301355,
      "바": 0.0028078009357800156
    },
    "NNG": {
      "지파": 0.17895783614099228,
      "하나님": 0.039607558139534885,
      "사명": 0.032363592342544996,
      "감당": 0.017666412128253307,
      "사람": 0.01744186046511628,
      "말씀": 0.016715116279069766,
      "예배": 0.015109433933534786,
      "성읍": 0.014589217357523034,
      "백성": 0.014505139624275146,
      "제사장": 0.013881572128332825,
      "세상": 0.013834989976581894,
      "파": 0.012353992141626956,
      "타락": 0.010899091943353797,
      "사무": 0.010886558774510245,
      "삶": 0.01073366479537931,
      "안": 0.010142400503342978,
      "봉사": 0.009820750402917551,
      "증거": 0.009278443139185712,
      "구별": 0.008894648883149234,
      "땅": 0.008729538841746516,
      "사무엘": 0.007191759635916049,
      "타협": 0.006848368084267428,
      "기업": 0.006532076139093143,
      "변화": 0.006519947376490281,
      "모습": 0.00594683647626591,
      "지역": 0.005910378916824058,
      "성전": 0.005419169873769269,
      "아들": 0.0052664368604949,
      "왕": 0.005245248923319054,
      "중요": 0.004884234805659901,
      "이해": 0.004717848737214582,
      "장": 0.004520652208541944,
      "기도": 0.00436046511627907,
      "교회": 0.004222034524634386,
      "성경": 0.0041044603028792224,
      "절": 0.0036427712983737345,
      "물질": 0.0036220655863697707,
      "뜻": 0.003606714753000316,
      "인도": 0.0035152118534799606,
      "중심": 0.0034994909653425763,
      "가정": 0.003035951924226085,
      "찬양": 0.0030315696217831393,
      "오늘": 0.0029069767441860465,
      "사도": 0.0027922721193220606,
      "은혜": 0.002653510639650675,
      "복음": 0.0026510134840125083,
      "상황": 0.002587520108859032,
      "구원": 0.0025722384017705094,
      "이름": 0.0025499399088616146,
      "주": 0.002543604651162791,
      "감사": 0.002180232558139535,
      "길": 0.0020376478157103756,
      "안녕": 0.001825922132105812
    },
    "NNP": {
      "레위": 0.14866417482520092,
      "에브라임": 0.07375836197538069,
      "엘가나": 0.04127604466997032,
      "지": 0.010816916319239013,
      "엘": 0.009217328787641928,
      "유다": 0.007732117462472603,
      "역대상": 0.007410394906494807,
      "이스라엘": 0.006360277824529124,
      "예수": 0.00436046511627907
    },
    "VA": {
      "그렇": 0.010174418604651164,
      "이렇": 0.005821189274605841,
      "없": 0.005087209302325582,
      "어떻": 0.004002067626291516,
      "좋": 0.003586116502663069,
      "똑같": 0.0032421448081200086,
      "같": 0.0018719210564958736
    },
    "VV": {
      "흩어지": 0.03565507261681361,
      "되": 0.035247093023255814,
      "있": 0.021438953488372093,
      "살아가": 0.016910302088121134,
      "살": 0.01681586016874073,
      "이끌": 0.0144318080997294,
      "보": 0.013444767441860465,
      "받": 0.012096137893469765,
      "들어가": 0.01153954763130192,
      "위하": 0.009163740828386186,
      "모이": 0.007545316725257616,
      "부르": 0.006902356317108176,
      "가르치": 0.006513246371883088,
      "속하": 0.006420059173290079,
      "태어나": 0.004831325123158668,
      "알": 0.004404070130819404,
      "주": 0.003997093023255814,
      "알리": 0.003884119907725368,
      "택하": 0.0037926606982181424,
      "통하": 0.003219692239203896,
      "기다리": 0.003145302645619885,
      "전하": 0.0029726376366799433,
      "읽": 0.002961723687014803,
      "깨닫": 0.002407064884315144,
      "세우": 0.00234860031606617,
      "드리": 0.002240722082776865,
      "따르": 0.0021617227989155384,
      "나누": 0.002102588984296179,
      "그러": 0.0018191216483143253
    }
  }
}