{
  "scope": "sermon",
  "idf_scope": "church",
  "church": "T-TQ",
  "sermon": "T-TQ-0449",
  "document_unit": "sermon_json",
  "document_count": 803,
  "min_count": 5,
  "freq": {
    "MAG": {
      "지금": 40,
      "조용히": 5,
      "언제나": 18,
      "정말": 15,
      "항상": 10,
      "잘못": 8,
      "막": 9,
      "때로": 6,
      "그냥": 9,
      "잘": 7,
      "이제": 8,
      "안": 7,
      "분명히": 5,
      "다": 6,
      "더": 5
    },
    "NNB": {
      "거": 68,
      "수": 42,
      "장": 14,
      "줄": 7,
      "때문": 7
    },
    "NNG": {
      "하나님": 128,
      "인정": 48,
      "말씀": 72,
      "증인": 23,
      "길": 39,
      "관저": 6,
      "사람": 38,
      "삶": 33,
      "흠": 9,
      "증언": 13,
      "사무": 18,
      "사무엘": 16,
      "국민": 9,
      "정의": 8,
      "말": 29,
      "칭찬": 10,
      "공의": 7,
      "최후": 8,
      "믿음": 23,
      "세상": 23,
      "악": 13,
      "진실": 8,
      "상황": 15,
      "기름": 6,
      "위기": 9,
      "불법": 5,
      "가운데": 16,
      "소망": 16,
      "증거": 16,
      "기도": 16,
      "충성": 7,
      "나라": 11,
      "의인": 5,
      "승리": 13,
      "순종": 11,
      "땅": 13,
      "앞": 13,
      "백성": 10,
      "사울": 6,
      "절": 11,
      "하늘": 6,
      "선포": 6,
      "생각": 9,
      "마음": 8,
      "오늘": 8,
      "나님": 6,
      "자리": 7,
      "안": 7,
      "주": 7,
      "끝": 5,
      "장": 6,
      "사실": 5
    },
    "NNP": {
      "엘": 17,
      "다니엘": 9,
      "예수": 14,
      "신명기": 5,
      "성령": 5,
      "이스라엘": 7,
      "사무엘상": 5
    },
    "VA": {
      "없": 28,
      "그렇": 26,
      "이렇": 19,
      "어떻": 10,
      "좋": 8
    },
    "VV": {
      "있": 93,
      "되": 49,
      "받": 31,
      "보": 26,
      "찾": 16,
      "쫓": 8,
      "따르": 18,
      "나아가": 18,
      "믿": 17,
      "세우": 12,
      "움직이": 8,
      "위하": 15,
      "던지": 6,
      "기다리": 7,
      "살": 10,
      "걸어가": 6,
      "행하": 7,
      "드리": 10,
      "지키": 8,
      "알": 9,
      "보이": 8,
      "살아가": 8,
      "나누": 7,
      "그러": 7,
      "계시": 5,
      "주": 6,
      "듣": 5,
      "나가": 5,
      "일어나": 5
    }
  },
  "tfidf": {
    "MAG": {
      "지금": 0.015937040274288973,
      "조용히": 0.008817156249815928,
      "언제나": 0.007556460964469181,
      "정말": 0.005968961400716275,
      "항상": 0.004770695323026101,
      "잘못": 0.004300852179787611,
      "막": 0.00410313840530345,
      "때로": 0.0038928994992371737,
      "그냥": 0.00362620066509609,
      "잘": 0.0033777908253183387,
      "이제": 0.0032033054465983022,
      "안": 0.0028063807011954253,
      "분명히": 0.002552167296278655,
      "다": 0.0023965101204391735,
      "더": 0.002168182988392618
    },
    "NNB": {
      "거": 0.027059291683247114,
      "수": 0.016713091922005572,
      "장": 0.005571030640668524,
      "줄": 0.0033226303036019604,
      "때문": 0.0027959284738457023
    },
    "NNG": {
      "하나님": 0.050935137286112216,
      "인정": 0.03361738401825525,
      "말씀": 0.02865101472343812,
      "증인": 0.02060682812808704,
      "길": 0.017405226005934197,
      "관저": 0.016704620983571082,
      "사람": 0.015121368881814564,
      "삶": 0.013853511768193499,
      "흠": 0.01382754510712648,
      "증언": 0.013722406155172853,
      "사무": 0.013412171096650903,
      "사무엘": 0.01260117629481319,
      "국민": 0.012173600657491117,
      "정의": 0.012155664968630561,
      "말": 0.011583132248789338,
      "칭찬": 0.010281153184553863,
      "공의": 0.010206817767252973,
      "최후": 0.00994906829354916,
      "믿음": 0.009703712042202509,
      "세상": 0.009418048048071408,
      "악": 0.008039175055815343,
      "진실": 0.007140029916474832,
      "상황": 0.007084018443672957,
      "기름": 0.007030641800594628,
      "위기": 0.006982991330281571,
      "불법": 0.006818383191678574,
      "가운데": 0.006700143177999264,
      "소망": 0.006576189383210982,
      "증거": 0.0065029591453183485,
      "기도": 0.006366892160764027,
      "충성": 0.006153092885339764,
      "나라": 0.005821838203570425,
      "의인": 0.005692967632066584,
      "승리": 0.005637275769820807,
      "순종": 0.005571642201883423,
      "땅": 0.005403345760347469,
      "앞": 0.005336508914845537,
      "백성": 0.005124083057906012,
      "사울": 0.004733360137915059,
      "절": 0.004388140578765209,
      "하늘": 0.004024780426754701,
      "선포": 0.003887327537407759,
      "생각": 0.003806579259597881,
      "마음": 0.003255527184241177,
      "오늘": 0.0031834460803820135,
      "나님": 0.003154983086737304,
      "자리": 0.003050656850777682,
      "안": 0.0029903456380115574,
      "주": 0.002785515320334262,
      "끝": 0.002571965009874294,
      "장": 0.002475295439297141,
      "사실": 0.0022681029187130047
    },
    "NNP": {
      "엘": 0.012256935648940932,
      "다니엘": 0.011982548597663168,
      "예수": 0.005571030640668524,
      "신명기": 0.005510581662058977,
      "성령": 0.0035284464913878455,
      "이스라엘": 0.003482587459829715,
      "사무엘상": 0.002938705080436625
    },
    "VA": {
      "없": 0.011142061281337047,
      "그렇": 0.010346199761241544,
      "이렇": 0.007570094130287261,
      "어떻": 0.003984260068572243,
      "좋": 0.003490822873176377
    },
    "VV": {
      "있": 0.03700756068444091,
      "되": 0.019498607242339833,
      "받": 0.012443725547971067,
      "보": 0.010346199761241544,
      "찾": 0.01026315655124509,
      "쫓": 0.008614381687132926,
      "따르": 0.008522331919385603,
      "나아가": 0.00726142811611386,
      "믿": 0.006952509744039849,
      "세우": 0.006172716023698305,
      "움직이": 0.006086580011002976,
      "위하": 0.006021157523211806,
      "던지": 0.0048222483395108165,
      "기다리": 0.004822213304036726,
      "살": 0.004282590731394377,
      "걸어가": 0.004183198720485174,
      "행하": 0.004114187112611275,
      "드리": 0.004089711614141088,
      "지키": 0.0038652337524070876,
      "알": 0.00361719090728661,
      "보이": 0.003503932484346827,
      "살아가": 0.0032921891565819944,
      "나누": 0.003223579322998933,
      "그러": 0.0027889820480005703,
      "계시": 0.002698606528132264,
      "주": 0.00238758456028651,
      "듣": 0.0023494431599826596,
      "나가": 0.0023405673662289283,
      "일어나": 0.0022009352308400352
    }
  }
}