{
  "scope": "sermon",
  "idf_scope": "church",
  "church": "T-TQ",
  "sermon": "T-TQ-0248",
  "document_unit": "sermon_json",
  "document_count": 803,
  "min_count": 5,
  "freq": {
    "MAG": {
      "언제나": 28,
      "지금": 21,
      "대로": 6,
      "그대로": 11,
      "정말": 14,
      "뜻대로": 6,
      "다": 13,
      "아무리": 8,
      "안": 10,
      "이제": 9,
      "그냥": 8,
      "없이": 5
    },
    "NNB": {
      "거": 67,
      "대로": 26,
      "수": 39,
      "장": 12,
      "때문": 10,
      "편": 5,
      "중": 5,
      "줄": 6,
      "절": 6,
      "번": 5
    },
    "NNG": {
      "하나님": 121,
      "전략": 17,
      "말씀": 67,
      "승리": 57,
      "간첩": 8,
      "적군": 11,
      "선포": 20,
      "믿음": 29,
      "찬양": 18,
      "완전": 16,
      "마음": 27,
      "확정": 6,
      "사람": 27,
      "암몬": 6,
      "지혜": 12,
      "국가": 8,
      "패배": 8,
      "노래": 7,
      "백성": 17,
      "탄핵": 5,
      "도망": 6,
      "기도": 20,
      "의지": 15,
      "절": 19,
      "나라": 14,
      "성령": 11,
      "가운데": 16,
      "안": 15,
      "인생": 14,
      "전쟁": 8,
      "순종": 12,
      "인간": 9,
      "땅": 14,
      "충만": 8,
      "자유": 7,
      "말": 13,
      "영원": 6,
      "뜻": 9,
      "길": 9,
      "가정": 7,
      "생각": 9,
      "상황": 8,
      "소망": 9,
      "끝": 7,
      "주": 9,
      "앞": 8,
      "역사": 7,
      "교회": 6,
      "필요": 5,
      "날": 6,
      "감사": 7,
      "능력": 5,
      "세상": 5,
      "이름": 5,
      "오늘": 5
    },
    "NNP": {
      "야베스": 8,
      "길르앗": 7,
      "예수": 23,
      "대한민국": 7,
      "시편": 7,
      "성령": 8,
      "신명기": 5,
      "이스라엘": 5
    },
    "VA": {
      "그렇": 39,
      "없": 25,
      "덥": 6,
      "어떻": 14,
      "같": 11,
      "좋": 9
    },
    "VV": {
      "되": 76,
      "있": 69,
      "믿": 42,
      "도망치": 10,
      "나아가": 27,
      "싸우": 14,
      "치르": 6,
      "위하": 22,
      "주": 20,
      "지키": 16,
      "얻": 12,
      "흩어지": 5,
      "행하": 11,
      "들리": 8,
      "들어오": 7,
      "두려워하": 8,
      "보": 13,
      "이기": 10,
      "잡히": 5,
      "나누": 10,
      "드리": 10,
      "일어나": 9,
      "이루어지": 5,
      "가지": 7,
      "들어가": 5,
      "따르": 6,
      "나오": 6,
      "살아가": 6,
      "읽": 6,
      "받": 5
    }
  },
  "tfidf": {
    "MAG": {
      "언제나": 0.01200774208003409,
      "지금": 0.008547209617835894,
      "대로": 0.008428031133126115,
      "그대로": 0.007407172163082039,
      "정말": 0.005691056910569106,
      "뜻대로": 0.005502139672255431,
      "다": 0.005304308206275566,
      "아무리": 0.004842569415077321,
      "안": 0.004095490535484381,
      "이제": 0.003681359719802531,
      "그냥": 0.0032927343347376606,
      "없이": 0.0031410846240921154
    },
    "NNB": {
      "거": 0.02723577235772358,
      "대로": 0.017307017319763533,
      "수": 0.015853658536585366,
      "장": 0.004878048780487805,
      "때문": 0.004080237081750436,
      "편": 0.003917780256908109,
      "중": 0.0031454509422593705,
      "줄": 0.0029093275097392774,
      "절": 0.0024880516568807007,
      "번": 0.0021983712274042267
    },
    "NNG": {
      "하나님": 0.0491869918699187,
      "전략": 0.02877034904779174,
      "말씀": 0.02723577235772358,
      "승리": 0.025249812962629837,
      "간첩": 0.015793124959748783,
      "적군": 0.01496086679698297,
      "선포": 0.013236929676836989,
      "믿음": 0.012498717258741469,
      "찬양": 0.012209092096312976,
      "완전": 0.01208271084159642,
      "마음": 0.011224124744814436,
      "확정": 0.011003769363002491,
      "사람": 0.01097560975609756,
      "암몬": 0.010904203522709184,
      "지혜": 0.010635175280736531,
      "국가": 0.010096363546368762,
      "패배": 0.009966264897218522,
      "노래": 0.009633633834074626,
      "백성": 0.008898615947837508,
      "탄핵": 0.00878516959185466,
      "도망": 0.008573687803130071,
      "기도": 0.008130081300813009,
      "의지": 0.007902490946514237,
      "절": 0.007742814050787229,
      "나라": 0.007569250246785465,
      "성령": 0.006978064898497006,
      "가운데": 0.0068444958562244515,
      "안": 0.0065459395368667635,
      "인생": 0.0064469482854849335,
      "전쟁": 0.006436332526192184,
      "순종": 0.006209107252032392,
      "인간": 0.005982292400888766,
      "땅": 0.005944356177002648,
      "충만": 0.0056977660621025696,
      "자유": 0.00566973190191664,
      "말": 0.005304308206275566,
      "영원": 0.0048844485679003565,
      "뜻": 0.004539182469629667,
      "길": 0.004103126918659722,
      "가정": 0.003962369774274478,
      "생각": 0.0038885909265729576,
      "상황": 0.0038595421894742853,
      "소망": 0.003778802725611859,
      "끝": 0.0036783281698129027,
      "주": 0.003658536585365854,
      "앞": 0.003354758449782823,
      "역사": 0.003243755970982152,
      "교회": 0.003148791060106729,
      "필요": 0.0030894075948933145,
      "날": 0.0029764608594712045,
      "감사": 0.002845528455284553,
      "능력": 0.00263076762411284,
      "세상": 0.0020915124376814647,
      "이름": 0.002037582644944008,
      "오늘": 0.0020325203252032522
    },
    "NNP": {
      "야베스": 0.014170389460174836,
      "길르앗": 0.013085324272660388,
      "예수": 0.00934959349593496,
      "대한민국": 0.008096701332944158,
      "시편": 0.00589829154495397,
      "성령": 0.005767145387224492,
      "신명기": 0.005629305575916345,
      "이스라엘": 0.002541156296908268
    },
    "VA": {
      "그렇": 0.015853658536585366,
      "없": 0.01016260162601626,
      "덥": 0.009525389354294403,
      "어떻": 0.005698139745223929,
      "같": 0.004607056440832772,
      "좋": 0.004011785615987303
    },
    "VV": {
      "되": 0.030894308943089432,
      "있": 0.02804878048780488,
      "믿": 0.017546857805940456,
      "도망치": 0.011141623491060156,
      "나아가": 0.011126810277923251,
      "싸우": 0.010216565076747,
      "치르": 0.009071481355187426,
      "위하": 0.00902129308477745,
      "주": 0.008130081300813009,
      "지키": 0.007897018227478871,
      "얻": 0.006929282855964414,
      "흩어지": 0.006647883458094245,
      "행하": 0.006604441019391027,
      "들리": 0.006579423027858648,
      "들어오": 0.00628565952067432,
      "두려워하": 0.005856004262914099,
      "보": 0.005284552845528455,
      "이기": 0.005234479969316182,
      "잡히": 0.0047228114921892585,
      "나누": 0.004704329174620395,
      "드리": 0.004177823287128681,
      "일어나": 0.004047036757390982,
      "이루어지": 0.0037170996864087417,
      "가지": 0.0030815624312460392,
      "들어가": 0.002933927853043504,
      "따르": 0.0029019810451783225,
      "나오": 0.0028691930689430717,
      "살아가": 0.0025223388263690707,
      "읽": 0.0024849584105685178,
      "받": 0.0020502938829039664
    }
  }
}