{
  "scope": "sermon",
  "idf_scope": "church",
  "church": "T-TQ",
  "sermon": "T-TQ-0629",
  "document_unit": "sermon_json",
  "document_count": 803,
  "min_count": 5,
  "freq": {
    "MAG": {
      "당당": 8,
      "언제나": 22,
      "가장": 13,
      "정말": 15,
      "다": 10,
      "지금": 10,
      "간절히": 6
    },
    "NNB": {
      "거": 82,
      "수": 18,
      "장": 14,
      "줄": 8,
      "때문": 8,
      "분": 7,
      "번": 5
    },
    "NNG": {
      "하나님": 129,
      "복": 44,
      "말씀": 75,
      "기도": 55,
      "권세": 32,
      "순종": 40,
      "세계": 11,
      "이름": 28,
      "무화과나무": 6,
      "민족": 11,
      "응답": 13,
      "세상": 25,
      "영향력": 8,
      "주눅": 7,
      "공간": 5,
      "왕": 14,
      "위": 11,
      "사람": 20,
      "원": 9,
      "자녀": 15,
      "허락": 14,
      "삶": 17,
      "주변": 5,
      "아래": 6,
      "명령": 8,
      "말": 14,
      "믿음": 13,
      "하늘": 8,
      "주": 13,
      "의지": 10,
      "평안": 6,
      "시대": 7,
      "인내": 5,
      "땅": 11,
      "율법": 5,
      "절": 11,
      "마음": 10,
      "물질": 6,
      "위기": 5,
      "증거": 9,
      "자리": 8,
      "은혜": 8,
      "감사": 8,
      "앞": 7,
      "상황": 6,
      "나라": 5,
      "사랑": 6,
      "축원": 5,
      "힘": 5,
      "가운데": 6,
      "오늘": 6,
      "인생": 5,
      "인도": 5,
      "안": 5,
      "안녕": 5
    },
    "NNP": {
      "예수": 39,
      "야베스": 6,
      "신명기": 7,
      "바울": 6,
      "그리스도": 5
    },
    "VA": {
      "뛰어나": 15,
      "어렵": 14,
      "선하": 9,
      "좋": 16,
      "힘들": 11,
      "이렇": 12,
      "그렇": 12,
      "어떻": 11,
      "많": 7,
      "없": 6
    },
    "VV": {
      "있": 68,
      "되": 62,
      "받": 30,
      "믿": 24,
      "나아가": 23,
      "버티": 9,
      "지키": 17,
      "주": 20,
      "주어지": 9,
      "거두": 5,
      "찾": 11,
      "부르짖": 7,
      "그러": 15,
      "구하": 9,
      "임하": 10,
      "가지": 13,
      "보": 14,
      "듣": 11,
      "기다리": 7,
      "알": 10,
      "살아가": 9,
      "살리": 5,
      "따르": 6,
      "만나": 5,
      "원하": 5,
      "일어나": 5,
      "살": 5,
      "위하": 5
    }
  },
  "tfidf": {
    "MAG": {
      "당당": 0.01026618919523841,
      "언제나": 0.009780552064466992,
      "가장": 0.007036165421376158,
      "정말": 0.006321112515802781,
      "다": 0.004229828580322828,
      "지금": 0.004219319659638452,
      "간절히": 0.002618070161809729
    },
    "NNB": {
      "거": 0.034555415086388534,
      "수": 0.007585335018963337,
      "장": 0.0058997050147492625,
      "줄": 0.0040213207888515935,
      "때문": 0.0033838628642582627,
      "분": 0.0033584629325532794,
      "번": 0.002278968908307795
    },
    "NNG": {
      "하나님": 0.05436156763590392,
      "복": 0.04042531859765846,
      "말씀": 0.0316055625790139,
      "기도": 0.023177412557943533,
      "권세": 0.022402976808404796,
      "순종": 0.021455827840988456,
      "세계": 0.01260752029735888,
      "이름": 0.011828798363568753,
      "무화과나무": 0.011204810951093516,
      "민족": 0.01113133359600874,
      "응답": 0.010860664583898517,
      "세상": 0.0108409620663641,
      "영향력": 0.010571335449063381,
      "주눅": 0.00990815908227916,
      "공간": 0.008966734228179141,
      "왕": 0.008516179962816542,
      "위": 0.00846424316451309,
      "사람": 0.008428150021070375,
      "원": 0.008253491237726868,
      "자녀": 0.007872743441710024,
      "허락": 0.007826378558339241,
      "삶": 0.007557699322542677,
      "주변": 0.007472533802754812,
      "아래": 0.006948057766294973,
      "명령": 0.006650051640194672,
      "말": 0.0059217600124519595,
      "믿음": 0.0058082883289674375,
      "하늘": 0.005682974132566127,
      "주": 0.005478297513695744,
      "의지": 0.0054614770974645375,
      "평안": 0.005392594709176812,
      "시대": 0.005121993908233575,
      "인내": 0.004856941016413564,
      "땅": 0.0048417999563449415,
      "율법": 0.004753218005951805,
      "절": 0.004647027928544867,
      "마음": 0.004309492105982974,
      "물질": 0.0042005581515758995,
      "위기": 0.004108315122207611,
      "증거": 0.0038737206855685075,
      "자리": 0.003692156121126634,
      "은혜": 0.0035169279539190453,
      "감사": 0.00337126000842815,
      "앞": 0.003043033107103888,
      "상황": 0.0030007818540160372,
      "나라": 0.002802413401825935,
      "사랑": 0.0027899560412750738,
      "축원": 0.002734264972158374,
      "힘": 0.002720194552557435,
      "가운데": 0.0026607869479001504,
      "오늘": 0.0025284450063211127,
      "인생": 0.0023868961504865654,
      "인도": 0.0022647991339553425,
      "안": 0.0022619765782683292,
      "안녕": 0.002117546442290432
    },
    "NNP": {
      "예수": 0.01643489254108723,
      "야베스": 0.011017433018972851,
      "신명기": 0.008169965614604252,
      "바울": 0.003620560508966695,
      "그리스도": 0.0021281080559093627
    },
    "VA": {
      "뛰어나": 0.019010543881509145,
      "어렵": 0.008391732865118608,
      "선하": 0.00756966041862048,
      "좋": 0.007393542250562357,
      "힘들": 0.005599765503130167,
      "이렇": 0.005063183591566143,
      "그렇": 0.0050568900126422255,
      "어떻": 0.004641251625602297,
      "많": 0.0033669031457716635,
      "없": 0.0025284450063211127
    },
    "VV": {
      "있": 0.028655710071639275,
      "되": 0.026127265065318164,
      "받": 0.01275277611110937,
      "믿": 0.010394382084790446,
      "나아가": 0.009825895108940044,
      "버티": 0.009641358251702327,
      "지키": 0.008698201176600463,
      "주": 0.008428150021070375,
      "주어지": 0.008133078981160823,
      "거두": 0.00791776998831572,
      "찾": 0.007472198602667194,
      "부르짖": 0.006479462613092678,
      "그러": 0.006328979489457678,
      "구하": 0.006019117602650054,
      "임하": 0.005954301642803717,
      "가지": 0.005932717268752534,
      "보": 0.0058997050147492625,
      "듣": 0.005473717427003848,
      "기다리": 0.005106709664156887,
      "알": 0.0042562161118187255,
      "살아가": 0.00392222093101638,
      "살리": 0.0036695412557908144,
      "따르": 0.003008374787669058,
      "만나": 0.0030050590109299254,
      "원하": 0.002617558800332392,
      "일어나": 0.002330783917025288,
      "살": 0.002267625475767819,
      "위하": 0.002125462685184895
    }
  }
}