{
  "scope": "sermon",
  "idf_scope": "church",
  "church": "T-TQ",
  "sermon": "T-TQ-0313",
  "document_unit": "sermon_json",
  "document_count": 803,
  "min_count": 5,
  "freq": {
    "MAG": {
      "자꾸": 17,
      "거저": 5,
      "이제": 25,
      "그냥": 20,
      "스스로": 8,
      "언제나": 16,
      "지금": 16,
      "정말": 10,
      "안": 9,
      "이미": 6,
      "가장": 6,
      "다": 7,
      "다시": 6
    },
    "NNB": {
      "거": 73,
      "수": 45,
      "명": 12,
      "분": 14,
      "장": 10,
      "줄": 6,
      "때문": 5
    },
    "NNG": {
      "하나님": 224,
      "적군": 23,
      "의지": 59,
      "비교": 26,
      "아사": 9,
      "무기": 13,
      "승리": 35,
      "믿음": 34,
      "앞": 32,
      "사람": 33,
      "기도": 32,
      "요나단": 9,
      "반나절": 5,
      "체험": 13,
      "면류관": 7,
      "말씀": 24,
      "은혜": 22,
      "손": 15,
      "세상": 20,
      "순간": 14,
      "기적": 8,
      "현실": 6,
      "아무것": 10,
      "감사": 14,
      "가운데": 13,
      "낙심": 7,
      "인간": 8,
      "능력": 10,
      "심": 5,
      "인생": 11,
      "마음": 12,
      "절": 12,
      "동일": 6,
      "여호": 5,
      "문제": 7,
      "고백": 7,
      "생각": 10,
      "주": 10,
      "부족": 5,
      "소망": 9,
      "목사": 6,
      "사단": 5,
      "땅": 8,
      "진짜": 7,
      "힘": 6,
      "상황": 6,
      "말": 7,
      "사실": 6,
      "나라": 5,
      "마찬가지": 6,
      "역사": 5,
      "중요": 5
    },
    "NNP": {
      "아사": 8,
      "구스": 6,
      "바울": 8
    },
    "VA": {
      "없": 48,
      "그렇": 19,
      "이렇": 15,
      "같": 12,
      "많": 9,
      "어떻": 10,
      "좋": 5
    },
    "VV": {
      "있": 86,
      "바라보": 46,
      "되": 46,
      "주": 40,
      "쥐": 10,
      "엎드러지": 7,
      "물리치": 9,
      "치르": 5,
      "치": 11,
      "가지": 14,
      "도와주": 6,
      "나아가": 14,
      "보": 13,
      "계시": 9,
      "받": 10,
      "보이": 9,
      "무너지": 6,
      "믿": 9,
      "나누": 7,
      "잡": 5,
      "그러": 8,
      "이기": 6,
      "통하": 6,
      "일어나": 6,
      "읽": 6,
      "알": 6,
      "위하": 5
    }
  },
  "tfidf": {
    "MAG": {
      "자꾸": 0.012617116903338216,
      "거저": 0.010072879815643613,
      "이제": 0.010034287229883244,
      "그냥": 0.008077509437030958,
      "스스로": 0.006756905423218833,
      "언제나": 0.006732929629468086,
      "지금": 0.006390072949228271,
      "정말": 0.003988831272437176,
      "안": 0.003616839268273801,
      "이미": 0.0031707583063272163,
      "가장": 0.0030738830741478857,
      "다": 0.0028026199660048864,
      "다시": 0.0026375331177203917
    },
    "NNB": {
      "거": 0.029118468288791385,
      "수": 0.017949740725967292,
      "명": 0.008864150723636345,
      "분": 0.006357903900238478,
      "장": 0.003988831272437176,
      "줄": 0.002854784871942011,
      "때문": 0.0020018714042892047
    },
    "NNG": {
      "하나님": 0.08934982050259274,
      "적군": 0.030695356397479657,
      "의지": 0.030500399839837152,
      "비교": 0.02872360467775105,
      "아사": 0.01933910154992592,
      "무기": 0.017023310843594444,
      "승리": 0.015213604686403885,
      "믿음": 0.014378948757563462,
      "앞": 0.013167460369311119,
      "사람": 0.01316314319904268,
      "기도": 0.012764260071798962,
      "요나단": 0.012731623807374115,
      "반나절": 0.01257140986848639,
      "체험": 0.01120152068674833,
      "면류관": 0.00990237407240209,
      "말씀": 0.009573195053849222,
      "은혜": 0.00915460414650467,
      "손": 0.009007481321748004,
      "세상": 0.008209207174625293,
      "순간": 0.0064220926963933595,
      "기적": 0.0058816449752572535,
      "현실": 0.005871138347863623,
      "아무것": 0.00586756740920318,
      "감사": 0.005584363781412046,
      "가운데": 0.00545689513068553,
      "낙심": 0.005355846438908118,
      "인간": 0.005217901628750206,
      "능력": 0.00516289457943166,
      "심": 0.0050355271145900524,
      "인생": 0.004970494632321565,
      "마음": 0.004894977950138458,
      "절": 0.004798519320203199,
      "동일": 0.004752652878794014,
      "여호": 0.004606505615553464,
      "문제": 0.004546069585862245,
      "고백": 0.004303117994746405,
      "생각": 0.004239655045592109,
      "주": 0.003988831272437176,
      "부족": 0.0038569147498844322,
      "소망": 0.0037079595951356892,
      "목사": 0.003688386852639775,
      "사단": 0.003468202466276904,
      "땅": 0.0033330938960457034,
      "진짜": 0.0032435139453110937,
      "힘": 0.003089759077727384,
      "상황": 0.002840389046501817,
      "말": 0.0028026199660048864,
      "사실": 0.002728237399948519,
      "나라": 0.002652623455338231,
      "마찬가지": 0.0025692877958822876,
      "역사": 0.0022735311666237656,
      "중요": 0.002233980551983787
    },
    "NNP": {
      "아사": 0.017902378069402886,
      "구스": 0.015085691842183667,
      "바울": 0.004569387096278668
    },
    "VA": {
      "없": 0.019146390107698443,
      "그렇": 0.007578779417630634,
      "이렇": 0.0059906933899015035,
      "같": 0.004931657037871538,
      "많": 0.004097495611387852,
      "어떻": 0.003993795593267669,
      "좋": 0.002186985909526385
    },
    "VV": {
      "있": 0.03430394894295971,
      "바라보": 0.022363298447639717,
      "되": 0.01834862385321101,
      "주": 0.015955325089748704,
      "쥐": 0.014021587551987753,
      "엎드러지": 0.010720447416147728,
      "물리치": 0.007990389779569288,
      "치르": 0.0074178447459649875,
      "치": 0.0069634812206698735,
      "가지": 0.006047581636111094,
      "도와주": 0.0059885443877260745,
      "나아가": 0.005661294242368432,
      "보": 0.005185480654168329,
      "계시": 0.004869117179638406,
      "받": 0.004023711968044481,
      "보이": 0.003951358246832478,
      "무너지": 0.0038251840138043914,
      "믿": 0.0036895495643011157,
      "나누": 0.0032312943114065893,
      "잡": 0.00322408204044388,
      "그러": 0.0031950364746141354,
      "이기": 0.003081807911731426,
      "통하": 0.0026507557964566574,
      "일어나": 0.0026474432716877584,
      "읽": 0.0024383716354202446,
      "알": 0.0024172319505414842,
      "위하": 0.0020118559840222403
    }
  }
}