{
  "scope": "sermon",
  "idf_scope": "church",
  "church": "T-TQ",
  "sermon": "T-TQ-0624",
  "document_unit": "sermon_json",
  "document_count": 803,
  "min_count": 5,
  "freq": {
    "MAG": {
      "가장": 35,
      "정말": 37,
      "분명히": 18,
      "안": 21,
      "이제": 14,
      "그대로": 8,
      "지금": 10,
      "잘못": 7,
      "간절히": 9,
      "그냥": 8,
      "계속": 6,
      "다": 7,
      "못": 5,
      "다시": 5
    },
    "NNB": {
      "거": 79,
      "수": 33,
      "번": 24,
      "장": 10,
      "절": 7,
      "때문": 7
    },
    "NNG": {
      "응답": 78,
      "기도": 152,
      "하나님": 135,
      "답": 14,
      "예배": 27,
      "비": 14,
      "말씀": 37,
      "의지": 23,
      "천국": 13,
      "문제": 14,
      "믿음": 21,
      "집중": 9,
      "소리": 9,
      "사람": 16,
      "선물": 6,
      "여호": 6,
      "사무엘": 7,
      "길": 11,
      "개인": 6,
      "말": 12,
      "완전": 6,
      "선": 6,
      "마음": 10,
      "절": 10,
      "신앙": 7,
      "사랑": 8,
      "뜻": 7,
      "삶": 8,
      "제목": 5,
      "증거": 8,
      "주": 8,
      "의미": 6,
      "끝": 6,
      "땅": 7,
      "오늘": 7,
      "사실": 6,
      "나님": 5,
      "소망": 6,
      "인도": 5,
      "생각": 5,
      "가운데": 5,
      "구원": 5,
      "이름": 5,
      "감사": 5
    },
    "NNP": {
      "엘리야": 21,
      "열왕기상": 7,
      "예수": 24,
      "이스라엘": 15
    },
    "VA": {
      "없": 29,
      "좋": 18,
      "어떻": 17,
      "선하": 7,
      "그렇": 13,
      "같": 10,
      "이렇": 10
    },
    "VV": {
      "부르짖": 82,
      "있": 65,
      "되": 60,
      "받": 36,
      "주": 30,
      "믿": 24,
      "드리": 21,
      "바라": 19,
      "구하": 13,
      "보": 19,
      "위하": 18,
      "찾": 8,
      "알": 10,
      "살아가": 9,
      "기다리": 5,
      "일어나": 7,
      "그러": 6,
      "통하": 5,
      "가지": 5
    }
  },
  "tfidf": {
    "MAG": {
      "가장": 0.019293123772611318,
      "정말": 0.01587982832618026,
      "분명히": 0.009909419354495165,
      "안": 0.009080388028460219,
      "이제": 0.006046067179303728,
      "그대로": 0.00568759844594048,
      "지금": 0.004297186932327059,
      "잘못": 0.004058813878468019,
      "간절히": 0.003999579717150957,
      "그냥": 0.003476449125946199,
      "계속": 0.0031068461400560543,
      "다": 0.0030155228561262876,
      "못": 0.002550020597936861,
      "다시": 0.002364912562991782
    },
    "NNB": {
      "거": 0.03390557939914163,
      "수": 0.014163090128755365,
      "번": 0.01114093023742022,
      "장": 0.004291845493562232,
      "절": 0.0030646816546127087,
      "때문": 0.0030155228561262876
    },
    "NNG": {
      "응답": 0.06636658469765969,
      "기도": 0.06523605150214593,
      "하나님": 0.05793991416309013,
      "답": 0.018593438569365354,
      "예배": 0.017208635484325087,
      "비": 0.016218168907125848,
      "말씀": 0.01587982832618026,
      "의지": 0.012793217103112318,
      "천국": 0.011484565380106785,
      "문제": 0.009782829572323303,
      "믿음": 0.009555775249172475,
      "집중": 0.00892159538229466,
      "소리": 0.007606689885469524,
      "사람": 0.0068669527896995704,
      "선물": 0.006700436739776606,
      "여호": 0.005947730254863108,
      "사무엘": 0.005946011056922179,
      "길": 0.005294736023792659,
      "개인": 0.00519212704379607,
      "말": 0.00516946775335935,
      "완전": 0.004783820064966823,
      "선": 0.004694758486469535,
      "마음": 0.004389023505363776,
      "절": 0.004302535027092068,
      "신앙": 0.004261920970491275,
      "사랑": 0.003788592667207868,
      "뜻": 0.0037274545601823014,
      "삶": 0.0036222005538790753,
      "제목": 0.0035393660040805848,
      "증거": 0.003506853290168457,
      "주": 0.0034334763948497852,
      "의미": 0.0034249581128925036,
      "끝": 0.0033287629544106953,
      "땅": 0.0031380077672589087,
      "오늘": 0.0030042918454935624,
      "사실": 0.0029354897689574835,
      "나님": 0.0028356482464130346,
      "소망": 0.0026597581416323815,
      "인도": 0.0023065958561699694,
      "생각": 0.002280861630750948,
      "가운데": 0.002258242999773625,
      "구원": 0.002170079730739559,
      "이름": 0.002151267513546034,
      "감사": 0.002145922746781116
    },
    "NNP": {
      "엘리야": 0.0308863979548887,
      "열왕기상": 0.012253549139803945,
      "예수": 0.010300429184549357,
      "이스라엘": 0.008048812648576402
    },
    "VA": {
      "없": 0.012446351931330472,
      "좋": 0.00847123829641954,
      "어떻": 0.007305217784956,
      "선하": 0.005996167344478055,
      "그렇": 0.005579399141630901,
      "같": 0.004421911371224587,
      "이렇": 0.004297186932327059
    },
    "VV": {
      "부르짖": 0.07730304794796149,
      "있": 0.027896995708154508,
      "되": 0.02575107296137339,
      "받": 0.01558575332789487,
      "주": 0.012875536480686695,
      "믿": 0.010586209736999025,
      "드리": 0.009262933519874146,
      "바라": 0.008897302390868911,
      "구하": 0.008854733377403506,
      "보": 0.00815450643776824,
      "위하": 0.007792876663947435,
      "찾": 0.005534616397699337,
      "알": 0.004334764306157011,
      "살아가": 0.003994605265794794,
      "기다리": 0.0037149669016076923,
      "일어나": 0.0033233177378289326,
      "그러": 0.0025783121593962355,
      "통하": 0.0023767685199273395,
      "가지": 0.0023239250707741436
    }
  }
}