{
  "scope": "sermon",
  "idf_scope": "church",
  "church": "T-TQ",
  "sermon": "T-TQ-0795",
  "document_unit": "sermon_json",
  "document_count": 803,
  "min_count": 5,
  "freq": {
    "MAG": {
      "정말": 16,
      "빨리": 5,
      "언제나": 11,
      "다시": 9,
      "너무": 5,
      "이제": 9,
      "이미": 6,
      "분명히": 6,
      "지금": 7,
      "더": 5
    },
    "NNB": {
      "거": 52,
      "수": 46,
      "장": 12,
      "분": 5
    },
    "NNG": {
      "하나님": 122,
      "길갈": 15,
      "사명": 34,
      "징조": 12,
      "할례": 13,
      "장소": 12,
      "화목제": 9,
      "말씀": 35,
      "번제": 9,
      "기회": 14,
      "헌신": 11,
      "걱정": 13,
      "예배": 17,
      "사울": 12,
      "인내": 10,
      "직분": 6,
      "뜻": 17,
      "약속": 12,
      "성취": 7,
      "길": 16,
      "광야": 6,
      "안전": 7,
      "감사": 16,
      "사무": 8,
      "왕": 9,
      "은혜": 12,
      "기쁨": 8,
      "백성": 9,
      "소망": 11,
      "염려": 5,
      "증거": 11,
      "기도": 11,
      "오늘": 11,
      "주": 11,
      "땅": 10,
      "순종": 7,
      "앞": 8,
      "절": 8,
      "인생": 7,
      "힘": 6,
      "필요": 5,
      "십자가": 5,
      "이제": 5,
      "말": 7,
      "역사": 6,
      "승리": 6,
      "장": 6,
      "마음": 6,
      "사람": 6,
      "순간": 5,
      "사실": 5,
      "세상": 5,
      "구원": 5
    },
    "NNP": {
      "예수": 16,
      "엘": 8,
      "아브라함": 5,
      "이스라엘": 8
    },
    "VA": {
      "없": 16,
      "어떻": 13,
      "그렇": 11
    },
    "VV": {
      "기다리": 65,
      "있": 56,
      "되": 47,
      "주": 25,
      "내려가": 7,
      "드리": 21,
      "받": 21,
      "나아가": 20,
      "맡": 7,
      "위하": 18,
      "행하": 12,
      "맡기": 14,
      "보": 14,
      "따르": 11,
      "믿": 12,
      "보내": 8,
      "임하": 7,
      "기뻐하": 7,
      "세우": 7,
      "바라보": 7,
      "알": 8,
      "나오": 6,
      "바라": 6,
      "살": 6,
      "죽": 5,
      "그러": 6,
      "통하": 5,
      "보이": 5
    }
  },
  "tfidf": {
    "MAG": {
      "정말": 0.008040201005025126,
      "빨리": 0.007932160241270629,
      "언제나": 0.005831469861552808,
      "다시": 0.004984142356375645,
      "너무": 0.004667630130390577,
      "이제": 0.004550826588298605,
      "이미": 0.003994518127619262,
      "분명히": 0.0038674953259587494,
      "지금": 0.0035219657721735844,
      "더": 0.0027380119848395223
    },
    "NNB": {
      "거": 0.02613065326633166,
      "수": 0.023115577889447236,
      "장": 0.006030150753768844,
      "분": 0.0028606003370240246
    },
    "NNG": {
      "하나님": 0.061306532663316586,
      "길갈": 0.03232463734309154,
      "사명": 0.028179756265654665,
      "징조": 0.025661982299661226,
      "할례": 0.022028866845906797,
      "장소": 0.021105193128558034,
      "화목제": 0.020596455014697663,
      "말씀": 0.017587939698492462,
      "번제": 0.01690713565596877,
      "기회": 0.014088811447109573,
      "헌신": 0.013245848687939306,
      "걱정": 0.012907670365680786,
      "예배": 0.012686284227323966,
      "사울": 0.011954707564402556,
      "인내": 0.011583438223064712,
      "직분": 0.011102309800843703,
      "뜻": 0.01059902908318887,
      "약속": 0.009974579919522875,
      "성취": 0.009045848340369587,
      "길": 0.009017257147875303,
      "광야": 0.00843995017374034,
      "안전": 0.008341886898162438,
      "감사": 0.008040201005025126,
      "사무": 0.007527590388807084,
      "왕": 0.006528358056922931,
      "은혜": 0.006290706056268764,
      "기쁨": 0.0062041005487841975,
      "백성": 0.0058236877648573,
      "소망": 0.005709346831661469,
      "염려": 0.00567902924679529,
      "증거": 0.0056457694614960785,
      "기도": 0.005527638190954774,
      "오늘": 0.005527638190954774,
      "주": 0.005527638190954774,
      "땅": 0.005248785425494082,
      "순종": 0.004477421561138935,
      "앞": 0.00414708833490741,
      "절": 0.004030113211306339,
      "인생": 0.003984797181480637,
      "힘": 0.0038924753808354533,
      "필요": 0.0038190666750942477,
      "십자가": 0.0036909776358774555,
      "이제": 0.0035643488374891134,
      "말": 0.0035307378164694723,
      "역사": 0.0034370307345080084,
      "승리": 0.0032856143818074265,
      "장": 0.0031258379090219673,
      "마음": 0.0030833441510043007,
      "사람": 0.003015075376884422,
      "순간": 0.0028894806873399413,
      "사실": 0.0028641922787566738,
      "세상": 0.002585487737033368,
      "구원": 0.002540847121921192
    },
    "NNP": {
      "예수": 0.008040201005025126,
      "엘": 0.007283873316178201,
      "아브라함": 0.005768773172931168,
      "이스라엘": 0.005026126223432635
    },
    "VA": {
      "없": 0.008040201005025126,
      "어떻": 0.0065407935768938,
      "그렇": 0.005527638190954774
    },
    "VV": {
      "기다리": 0.05654590324105377,
      "있": 0.02814070351758794,
      "되": 0.023618090452261306,
      "주": 0.01256281407035176,
      "내려가": 0.011421425170261583,
      "드리": 0.010845545277038572,
      "받": 0.010645043416162701,
      "나아가": 0.010188703995418276,
      "맡": 0.009423491369637677,
      "위하": 0.009124322928139458,
      "행하": 0.008906491498054961,
      "맡기": 0.008466401368486575,
      "보": 0.007035175879396985,
      "따르": 0.006576851514449365,
      "믿": 0.006197454444022042,
      "보내": 0.005657618180031999,
      "임하": 0.004970196210483042,
      "기뻐하": 0.004853149214405603,
      "세우": 0.0045470790440903215,
      "바라보": 0.004287235355665604,
      "알": 0.004060301842551089,
      "나오": 0.003546841683216058,
      "바라": 0.0032897193182847757,
      "살": 0.003244869499897709,
      "죽": 0.0031817897126770016,
      "그러": 0.003018827804720215,
      "통하": 0.002782849573583267,
      "보이": 0.0027655095267473547
    }
  }
}