{
  "scope": "sermon",
  "idf_scope": "church",
  "church": "T-TQ",
  "sermon": "T-TQ-0026",
  "document_unit": "sermon_json",
  "document_count": 803,
  "min_count": 5,
  "freq": {
    "MAG": {
      "실제로": 6,
      "언제나": 12,
      "그냥": 12,
      "안": 12,
      "똑같이": 5,
      "지금": 10,
      "정말": 10,
      "잘": 6,
      "다": 6
    },
    "NNB": {
      "거": 91,
      "수": 30,
      "장": 7,
      "분": 6
    },
    "NNG": {
      "하나님": 90,
      "하늘": 45,
      "한숨": 14,
      "현실": 20,
      "천사": 15,
      "리더": 14,
      "불말": 7,
      "천군": 9,
      "대통령": 11,
      "인생": 28,
      "고개": 7,
      "말씀": 30,
      "불병거": 5,
      "나라": 21,
      "적군": 8,
      "땅": 25,
      "의지": 20,
      "소망": 25,
      "매몰": 6,
      "세상": 23,
      "감옥": 9,
      "신앙": 16,
      "사울": 11,
      "어깨": 5,
      "시대": 12,
      "창": 6,
      "믿음": 19,
      "사람": 19,
      "백성": 14,
      "상황": 15,
      "말": 15,
      "본인": 7,
      "도움": 6,
      "걱정": 7,
      "근심": 5,
      "모습": 11,
      "절망": 5,
      "안": 11,
      "내일": 5,
      "주": 11,
      "사도": 7,
      "마음": 10,
      "왕": 7,
      "기도": 10,
      "약속": 6,
      "마지막": 6,
      "눈": 6,
      "절": 7,
      "승리": 6,
      "어제": 5,
      "앞": 6,
      "증거": 6,
      "구원": 6,
      "속": 5,
      "삶": 5,
      "가운데": 5,
      "감사": 5,
      "오늘": 5
    },
    "NNP": {
      "이승만": 11,
      "이스라엘": 16,
      "사사기": 5,
      "베드로": 6,
      "예수": 12,
      "바울": 8
    },
    "VA": {
      "어떻": 26,
      "두렵": 10,
      "그렇": 21,
      "없": 19,
      "수많": 5,
      "많": 6,
      "좋": 5
    },
    "VV": {
      "바라보": 81,
      "되": 76,
      "있": 58,
      "떨": 16,
      "보": 32,
      "보이": 29,
      "숨": 8,
      "겁먹": 6,
      "무너지": 12,
      "펴": 5,
      "쉬": 7,
      "달": 5,
      "살아가": 13,
      "임하": 9,
      "보내": 9,
      "받": 12,
      "섬기": 8,
      "살": 11,
      "위하": 11,
      "세우": 8,
      "일어나": 9,
      "드리": 9,
      "믿": 9,
      "두려워하": 5,
      "지키": 7,
      "가지": 7,
      "나오": 6,
      "그러": 7,
      "주": 7,
      "나아가": 6,
      "따르": 5,
      "읽": 5
    }
  },
  "tfidf": {
    "MAG": {
      "실제로": 0.005574461976349847,
      "언제나": 0.0055646553563988435,
      "그냥": 0.005340742723156908,
      "안": 0.005314236510219733,
      "똑같이": 0.0046789398640954705,
      "지금": 0.004401074968053647,
      "정말": 0.004395604395604396,
      "잘": 0.0031981368957080007,
      "다": 0.002647221948423579
    },
    "NNB": {
      "거": 0.04,
      "수": 0.013186813186813187,
      "장": 0.003076923076923077,
      "분": 0.0030026872988190637
    },
    "NNG": {
      "하나님": 0.03956043956043956,
      "하늘": 0.033343757843190866,
      "한숨": 0.029885451846909234,
      "현실": 0.021566218077793558,
      "천사": 0.02110524988646259,
      "리더": 0.020751453265493266,
      "불말": 0.01767288960038047,
      "천군": 0.017238045200454445,
      "대통령": 0.016435401366301682,
      "인생": 0.013942411237180602,
      "고개": 0.013756072136340817,
      "말씀": 0.013186813186813187,
      "불병거": 0.012623492571700336,
      "나라": 0.012277157543137743,
      "적군": 0.011765428913671322,
      "땅": 0.011478113183223324,
      "의지": 0.01139348145255679,
      "소망": 0.011350249945061262,
      "매몰": 0.010756961819432287,
      "세상": 0.010403320766946571,
      "감옥": 0.010079745676521652,
      "신앙": 0.00997704325148601,
      "사울": 0.009585661120321318,
      "어깨": 0.009576691778030246,
      "시대": 0.009158800535689751,
      "창": 0.00900114237405603,
      "믿음": 0.008854718373225863,
      "사람": 0.008351648351648353,
      "백성": 0.007924197368934035,
      "상황": 0.007825115757780282,
      "말": 0.006618054871058948,
      "본인": 0.006411683701178367,
      "도움": 0.006333183925673226,
      "걱정": 0.006079589118983376,
      "근심": 0.005665080177631699,
      "모습": 0.00565220200343867,
      "절망": 0.0052336957621489264,
      "안": 0.005190714252530831,
      "내일": 0.005056104482115309,
      "주": 0.004835164835164835,
      "사도": 0.004728820229153422,
      "마음": 0.00449513176593301,
      "왕": 0.004441515395992012,
      "기도": 0.004395604395604396,
      "약속": 0.004362508580186928,
      "마지막": 0.004058891870064229,
      "눈": 0.0038223914479337054,
      "절": 0.0030845866501921595,
      "승리": 0.0028740099427678146,
      "어제": 0.002737292335117639,
      "앞": 0.0027206722372963995,
      "증거": 0.002693725769041485,
      "구원": 0.002667051836108926,
      "속": 0.0025530579155086065,
      "삶": 0.002318606398499518,
      "가운데": 0.002312837885482438,
      "감사": 0.002197802197802198,
      "오늘": 0.002197802197802198
    },
    "NNP": {
      "이승만": 0.020735130005575787,
      "이스라엘": 0.008792959283192037,
      "사사기": 0.006868683687277209,
      "베드로": 0.006007788705030136,
      "예수": 0.005274725274725275,
      "바울": 0.005035364154009064
    },
    "VA": {
      "어떻": 0.011442794916939482,
      "두렵": 0.010489205982944574,
      "그렇": 0.009230769230769232,
      "없": 0.008351648351648353,
      "수많": 0.0045239285436430784,
      "많": 0.003010233405933874,
      "좋": 0.002410010406673691
    },
    "VV": {
      "바라보": 0.04339462900971672,
      "되": 0.03340659340659341,
      "있": 0.025494505494505496,
      "떨": 0.021906906659696412,
      "보": 0.014065934065934066,
      "보이": 0.014030554267128776,
      "숨": 0.011295867972574102,
      "겁먹": 0.011139859427813379,
      "무너지": 0.008430537426468227,
      "펴": 0.007901658696608495,
      "쉬": 0.00753185308959792,
      "달": 0.0066509014836635145,
      "살아가": 0.005909479536064679,
      "임하": 0.005589715172982812,
      "보내": 0.0055674693189215994,
      "받": 0.005320850586665941,
      "섬기": 0.005315710435616233,
      "살": 0.005203677168700429,
      "위하": 0.004877446371110446,
      "세우": 0.004545651389759367,
      "일어나": 0.004376136449750248,
      "드리": 0.0040658025308584166,
      "믿": 0.0040658025308584166,
      "두려워하": 0.003957629254606782,
      "지키": 0.003735897084538081,
      "가지": 0.0033321510245561564,
      "나오": 0.003102512065758222,
      "그러": 0.0030807524776375527,
      "주": 0.003076923076923077,
      "나아가": 0.0026736950704460264,
      "따르": 0.002614971930820027,
      "읽": 0.002239193293039763
    }
  }
}