{
  "scope": "sermon",
  "idf_scope": "church",
  "church": "T-TQ",
  "sermon": "T-TQ-0266",
  "document_unit": "sermon_json",
  "document_count": 803,
  "min_count": 5,
  "freq": {
    "MAG": {
      "정말": 32,
      "아무리": 19,
      "상관없이": 11,
      "철저히": 5,
      "지금": 21,
      "직접": 10,
      "안": 18,
      "언제나": 17,
      "그냥": 17,
      "잘": 10,
      "항상": 7,
      "다시": 5
    },
    "NNB": {
      "거": 94,
      "수": 38,
      "때문": 16,
      "번": 6,
      "장": 5
    },
    "NNG": {
      "하나님": 142,
      "아들": 44,
      "기도": 56,
      "아버지": 31,
      "말씀": 46,
      "남": 18,
      "사사": 10,
      "믿음": 36,
      "사무": 20,
      "정의": 8,
      "연옥": 5,
      "공의": 8,
      "역할": 11,
      "교육": 8,
      "의지": 21,
      "결정": 10,
      "부모": 14,
      "관계": 14,
      "철저": 6,
      "가톨릭": 5,
      "신앙": 16,
      "구원": 22,
      "사람": 22,
      "강권": 7,
      "죄": 18,
      "개인": 10,
      "주위": 5,
      "판결": 5,
      "주변": 5,
      "실수": 7,
      "소용": 6,
      "마음": 17,
      "영혼": 10,
      "자녀": 13,
      "사무엘": 8,
      "환경": 7,
      "생각": 14,
      "삶": 14,
      "죄악": 5,
      "천국": 7,
      "말": 14,
      "절": 14,
      "아내": 7,
      "오늘": 13,
      "상관": 5,
      "남편": 6,
      "문": 5,
      "감당": 7,
      "앞": 11,
      "성경": 9,
      "정도": 7,
      "가정": 8,
      "상황": 9,
      "본인": 5,
      "교회": 8,
      "순종": 8,
      "역사": 8,
      "열매": 5,
      "곳": 6,
      "아무것": 6,
      "심판": 5,
      "목사": 5,
      "세상": 7,
      "길": 6,
      "중요": 6,
      "승리": 6,
      "은혜": 6,
      "주": 6,
      "인도": 5,
      "장": 5,
      "안녕": 5
    },
    "NNP": {
      "엘": 21,
      "예수": 29,
      "엘리": 10,
      "사무엘상": 5,
      "이스라엘": 5
    },
    "VA": {
      "없": 35,
      "이렇": 34,
      "그렇": 32,
      "같": 16,
      "어떻": 16,
      "좋": 9,
      "많": 8
    },
    "VV": {
      "있": 65,
      "되": 56,
      "믿": 31,
      "받": 23,
      "여쭙": 5,
      "떠나": 15,
      "보": 22,
      "따르": 17,
      "행하": 13,
      "살": 15,
      "위하": 14,
      "나아가": 12,
      "움직이": 6,
      "먹": 7,
      "열리": 5,
      "그러": 10,
      "망하": 5,
      "세우": 7,
      "알": 8,
      "죽": 6,
      "살아가": 7,
      "지키": 5,
      "나누": 5,
      "드리": 5
    }
  },
  "tfidf": {
    "MAG": {
      "정말": 0.012284069097888676,
      "아무리": 0.01086092583784616,
      "상관없이": 0.008957313788712692,
      "철저히": 0.008659396235760118,
      "지금": 0.008071453228359424,
      "직접": 0.007399416070628751,
      "안": 0.006961547827687077,
      "언제나": 0.006884614392473617,
      "그냥": 0.006607588765773943,
      "잘": 0.004654997720880167,
      "항상": 0.003221547079744804,
      "다시": 0.002115257685900519
    },
    "NNB": {
      "거": 0.03608445297504798,
      "수": 0.014587332053742802,
      "때문": 0.006164995452502769,
      "번": 0.002491206089557496,
      "장": 0.0019193857965451055
    },
    "NNG": {
      "하나님": 0.054510556621881,
      "아들": 0.02447993499284478,
      "기도": 0.021497120921305183,
      "아버지": 0.020570599545576385,
      "말씀": 0.017658349328214973,
      "남": 0.01687767890454228,
      "사사": 0.015080227076719402,
      "믿음": 0.01465201403711886,
      "사무": 0.014376108324113337,
      "정의": 0.011726367011964915,
      "연옥": 0.011670175348838513,
      "공의": 0.011252967611343777,
      "역할": 0.010935532151594029,
      "교육": 0.010702208521421883,
      "의지": 0.010447669412589263,
      "결정": 0.01044063711939718,
      "부모": 0.010359182498880251,
      "관계": 0.010160112324782405,
      "철저": 0.009332851691637422,
      "가톨릭": 0.008915694494156514,
      "신앙": 0.008713156774330395,
      "구원": 0.00854036752381649,
      "사람": 0.008445297504798464,
      "강권": 0.00837014128012633,
      "죄": 0.008148996819886642,
      "개인": 0.0077400230403357915,
      "주위": 0.007175346546252474,
      "판결": 0.007102908296765243,
      "주변": 0.006807033671377033,
      "실수": 0.006799926214875648,
      "소용": 0.0067823427427617265,
      "마음": 0.0066736745123784705,
      "영혼": 0.00643333632681829,
      "자녀": 0.006215387394326617,
      "사무엘": 0.006078072174446362,
      "환경": 0.0059357859581031965,
      "생각": 0.00571222313973865,
      "삶": 0.0056696824408606255,
      "죄악": 0.00553853785882094,
      "천국": 0.005531175589828486,
      "말": 0.005394371020939923,
      "절": 0.005387665742178244,
      "아내": 0.005162743920804744,
      "오늘": 0.0049904030710172746,
      "상관": 0.00483515407704571,
      "남편": 0.004833655943189505,
      "문": 0.004739430794818889,
      "감당": 0.004665831686847706,
      "앞": 0.004356034724142188,
      "성경": 0.004336074761429412,
      "정도": 0.004319256242463586,
      "가정": 0.004276360688660364,
      "상황": 0.0041003005794127,
      "본인": 0.003999610754093991,
      "교회": 0.003964696613109432,
      "순종": 0.003908996504158588,
      "역사": 0.0035008016182576773,
      "열매": 0.0034722961281732556,
      "곳": 0.003429766054056682,
      "아무것": 0.0033880978491068804,
      "심판": 0.0030333045804502895,
      "목사": 0.002958024900693511,
      "세상": 0.002765131990547011,
      "길": 0.0025831585975439326,
      "중요": 0.002579925947250681,
      "승리": 0.0025099319077914696,
      "은혜": 0.0024027840790738658,
      "주": 0.0023032629558541267,
      "인도": 0.0020630972533113353,
      "장": 0.0019898968134848738,
      "안녕": 0.0019289588128810727
    },
    "NNP": {
      "엘": 0.014606193180570394,
      "예수": 0.011132437619961612,
      "엘리": 0.01018290467088421,
      "사무엘상": 0.002834919718670725,
      "이스라엘": 0.002399709977118748
    },
    "VA": {
      "없": 0.013435700575815739,
      "이렇": 0.013068067131629543,
      "그렇": 0.012284069097888676,
      "같": 0.006328171052562481,
      "어떻": 0.0061496786501786084,
      "좋": 0.003788480850414113,
      "많": 0.003505198207805279
    },
    "VV": {
      "있": 0.02495201535508637,
      "되": 0.021497120921305183,
      "믿": 0.012230357154565571,
      "받": 0.008906382180015847,
      "여쭙": 0.008826404636891843,
      "떠나": 0.008551102725203125,
      "보": 0.008445297504798464,
      "따르": 0.007764609552742,
      "행하": 0.007370791268543885,
      "살": 0.006197015647597353,
      "위하": 0.005421276109574863,
      "나아가": 0.004669985631681159,
      "움직이": 0.0044037165741796,
      "먹": 0.0042706188944768965,
      "열리": 0.00413102687554785,
      "그러": 0.00384354915636163,
      "망하": 0.0035997480563414582,
      "세우": 0.003473584375331954,
      "알": 0.003101727703138836,
      "죽": 0.00291674235465362,
      "살아가": 0.002778929916191644,
      "지키": 0.002330454035460415,
      "나누": 0.0022212379596096296,
      "드리": 0.0019726382507363823
    }
  }
}