{
  "scope": "sermon",
  "idf_scope": "church",
  "church": "T-TQ",
  "sermon": "T-TQ-0369",
  "document_unit": "sermon_json",
  "document_count": 803,
  "min_count": 5,
  "freq": {
    "MAG": {
      "억지로": 23,
      "아무리": 21,
      "언제나": 15,
      "열심히": 7,
      "정말": 14,
      "지금": 13,
      "다시": 10,
      "스스로": 5,
      "이제": 10,
      "안": 9,
      "다": 9,
      "먼저": 6,
      "가장": 5,
      "그냥": 6
    },
    "NNB": {
      "거": 101,
      "수": 61,
      "장": 6,
      "분": 5
    },
    "NNG": {
      "열매": 90,
      "하나님": 103,
      "왕": 46,
      "말씀": 55,
      "제도": 12,
      "안": 49,
      "자발": 9,
      "노력": 18,
      "가지": 10,
      "신하": 10,
      "수고": 13,
      "종": 19,
      "자유": 18,
      "기쁨": 23,
      "땀": 8,
      "법": 12,
      "삶": 27,
      "인간": 16,
      "참여": 8,
      "인생": 19,
      "노예": 6,
      "멍에": 5,
      "평안": 9,
      "은혜": 18,
      "죄성": 7,
      "나라": 14,
      "출발": 5,
      "나무": 6,
      "헌신": 7,
      "세상": 16,
      "아무것": 11,
      "복음": 11,
      "믿음": 15,
      "차별": 6,
      "절": 15,
      "오늘": 15,
      "질서": 5,
      "중심": 9,
      "선택": 5,
      "빛": 5,
      "배": 5,
      "백성": 8,
      "천국": 5,
      "말": 10,
      "마찬가지": 9,
      "죄": 8,
      "속": 8,
      "생각": 8,
      "가정": 6,
      "사람": 8,
      "교회": 6,
      "곳": 5,
      "땅": 7,
      "이제": 5,
      "주": 7,
      "길": 6,
      "힘": 5,
      "소망": 6,
      "감사": 6,
      "구원": 5
    },
    "NNP": {
      "예수": 17,
      "이스라엘": 12,
      "사무엘상": 5
    },
    "VA": {
      "없": 82,
      "헛되": 22,
      "좋": 26,
      "그렇": 26,
      "아름답": 10,
      "어떻": 20,
      "같": 10,
      "기쁘": 6,
      "이렇": 10
    },
    "VV": {
      "되": 97,
      "맺": 39,
      "있": 61,
      "떠나": 29,
      "빼앗기": 13,
      "살아가": 30,
      "주": 21,
      "메": 6,
      "흘리": 7,
      "누리": 10,
      "세우": 13,
      "전하": 12,
      "위하": 16,
      "머무르": 6,
      "보이": 14,
      "시키": 5,
      "나누": 10,
      "먹": 7,
      "나오": 9,
      "떨어지": 6,
      "읽": 9,
      "보": 9,
      "살": 8,
      "알": 8,
      "섬기": 5,
      "나아가": 6,
      "가지": 5,
      "드리": 5,
      "그러": 5
    }
  },
  "tfidf": {
    "MAG": {
      "억지로": 0.027865589531520196,
      "아무리": 0.012162929598546013,
      "언제나": 0.006154993648292186,
      "열심히": 0.006014283321998766,
      "정말": 0.0054453520031116295,
      "지금": 0.005062691255549848,
      "다시": 0.004286461510517971,
      "스스로": 0.004117940950994169,
      "이제": 0.0039138013357164205,
      "안": 0.0035268051519107037,
      "다": 0.003513669739010293,
      "먼저": 0.0031528709240975106,
      "가장": 0.002497803989008411,
      "그냥": 0.002362930706958764
    },
    "NNB": {
      "거": 0.03928432516530533,
      "수": 0.023726176584986387,
      "장": 0.002333722287047841,
      "분": 0.0022141558423484278
    },
    "NNG": {
      "열매": 0.06332787454299647,
      "하나님": 0.040062232594321276,
      "왕": 0.02582678147416592,
      "말씀": 0.021392454297938544,
      "제도": 0.0206837933776312,
      "안": 0.020460198412392574,
      "자발": 0.019226515840756405,
      "노력": 0.017064124908744482,
      "가지": 0.016948248770920896,
      "신하": 0.016811759779045088,
      "수고": 0.015301471130248809,
      "종": 0.0143855797534112,
      "자유": 0.013949865456290983,
      "기쁨": 0.013805993879708902,
      "땀": 0.013671761659042046,
      "법": 0.012231948970635868,
      "삶": 0.011078988566925935,
      "인간": 0.010176024413284144,
      "참여": 0.008978850951211854,
      "인생": 0.008371683137844246,
      "노예": 0.00793264837346692,
      "멍에": 0.007880227750782925,
      "평안": 0.007465943550103018,
      "은혜": 0.00730367856007867,
      "죄성": 0.007275859986988835,
      "나라": 0.0072424564788379,
      "출발": 0.007233192056839448,
      "나무": 0.006933723215598301,
      "헌신": 0.006524333376577721,
      "세상": 0.00640388405656495,
      "아무것": 0.006293656415542439,
      "복음": 0.006242822262779203,
      "믿음": 0.0061857410486669635,
      "차별": 0.006115974485317934,
      "절": 0.005848836997155495,
      "오늘": 0.005834305717619603,
      "질서": 0.005627788260564421,
      "중심": 0.005618785960690064,
      "선택": 0.004966551598850066,
      "빛": 0.004640790278335066,
      "배": 0.004593004862678695,
      "백성": 0.0040067898014835655,
      "천국": 0.004003087295522366,
      "말": 0.0039040774877892146,
      "마찬가지": 0.003757995626765983,
      "죄": 0.0036696722789757038,
      "속": 0.0036145977489114457,
      "생각": 0.0033072937220690523,
      "가정": 0.0032496848290432456,
      "사람": 0.0031116297160637884,
      "교회": 0.003012845588433509,
      "곳": 0.0028959356187014318,
      "땅": 0.0028438576809464242,
      "이제": 0.0027588697730857002,
      "주": 0.0027226760015558148,
      "길": 0.0026173193880209816,
      "힘": 0.002510704657027924,
      "소망": 0.002410438144692123,
      "감사": 0.002333722287047841,
      "구원": 0.0019666611328756018
    },
    "NNP": {
      "예수": 0.0066122131466355505,
      "이스라엘": 0.005835467435607317,
      "사무엘상": 0.002872409905537627
    },
    "VA": {
      "없": 0.03189420458965383,
      "헛되": 0.017989775743730757,
      "좋": 0.011089234971197886,
      "그렇": 0.010112796577207312,
      "아름답": 0.009625295649824894,
      "어떻": 0.007788755777768997,
      "같": 0.00400741092763644,
      "기쁘": 0.003945537239748619,
      "이렇": 0.0038943778888844986
    },
    "VV": {
      "되": 0.037728510307273436,
      "맺": 0.0350363184402574,
      "있": 0.023726176584986387,
      "떠나": 0.016750759895642942,
      "빼앗기": 0.012913034157010174,
      "살아가": 0.01206719858589637,
      "주": 0.008168028004667444,
      "메": 0.008064160477436888,
      "흘리": 0.006905544038416301,
      "누리": 0.006753620905838902,
      "세우": 0.006536252423771551,
      "전하": 0.006363826352503464,
      "위하": 0.006277679286744465,
      "머무르": 0.006160427682449076,
      "보이": 0.005993550790757004,
      "시키": 0.005488262969123655,
      "나누": 0.004501225114572606,
      "먹": 0.004327095379273557,
      "나오": 0.004117978383663919,
      "떨어지": 0.004034058178659726,
      "읽": 0.0035665097374553987,
      "보": 0.003500583430571762,
      "살": 0.0033487827329425337,
      "알": 0.0031427462725307927,
      "섬기": 0.002939819438211525,
      "나아가": 0.0023658717562289808,
      "가지": 0.0021060853422418336,
      "드리": 0.001998725259886533,
      "그러": 0.0019471889444422493
    }
  }
}