{
  "scope": "sermon",
  "idf_scope": "church",
  "church": "T-TQ",
  "sermon": "T-TQ-0023",
  "document_unit": "sermon_json",
  "document_count": 803,
  "min_count": 5,
  "freq": {
    "MAG": {
      "지금": 17,
      "정말": 16,
      "언제나": 14,
      "먼저": 9,
      "항상": 9,
      "가장": 8,
      "다": 8,
      "그냥": 7,
      "안": 7,
      "이제": 5
    },
    "NNB": {
      "거": 79,
      "수": 34,
      "장": 24,
      "절": 8,
      "바": 5,
      "때문": 6
    },
    "NNG": {
      "혀": 42,
      "하나님": 117,
      "판단": 46,
      "말": 75,
      "입술": 31,
      "제어": 15,
      "사람": 43,
      "성령": 24,
      "악": 21,
      "열매": 18,
      "기도": 32,
      "말씀": 32,
      "남": 12,
      "여자": 10,
      "비판": 8,
      "모습": 22,
      "답": 8,
      "충만": 14,
      "아들": 16,
      "술": 7,
      "절": 22,
      "여종": 5,
      "상황": 17,
      "형제": 8,
      "마음": 16,
      "응답": 8,
      "멸시": 7,
      "주관": 6,
      "소리": 8,
      "영혼": 9,
      "의인": 5,
      "가정": 10,
      "제사": 5,
      "삶": 12,
      "사랑": 11,
      "속": 10,
      "제사장": 5,
      "경외": 5,
      "눈": 7,
      "찬양": 6,
      "입": 5,
      "증거": 9,
      "생각": 8,
      "진짜": 7,
      "허락": 6,
      "길": 7,
      "인도": 7,
      "십자가": 5,
      "오늘": 7,
      "역사": 6,
      "힘": 5,
      "앞": 6,
      "지금": 5,
      "죄": 5,
      "순간": 5,
      "믿음": 5,
      "장": 5,
      "주": 5
    },
    "NNP": {
      "엘리": 28,
      "한나": 21,
      "잠언": 8,
      "성령": 11,
      "야고보서": 5,
      "예수": 15,
      "마태복음": 8,
      "엘": 5,
      "사무엘상": 5
    },
    "VA": {
      "이렇": 30,
      "선하": 13,
      "그렇": 22,
      "어떻": 16,
      "좋": 13,
      "없": 9,
      "많": 7,
      "렇": 5,
      "같": 6
    },
    "VV": {
      "되": 62,
      "있": 57,
      "보": 47,
      "찾": 26,
      "취하": 12,
      "악": 5,
      "받": 21,
      "살리": 10,
      "매달리": 5,
      "구하": 9,
      "달리": 8,
      "좋아하": 5,
      "알": 13,
      "먹": 8,
      "죽이": 7,
      "들리": 6,
      "맺": 5,
      "나오": 9,
      "내": 8,
      "주": 9,
      "바라보": 7,
      "쓰": 5,
      "기뻐하": 6,
      "살아가": 8,
      "드리": 7,
      "따르": 6,
      "통하": 6,
      "살": 6,
      "러": 5,
      "죽": 5,
      "믿": 6,
      "그러": 6,
      "듣": 5,
      "읽": 5
    }
  },
  "tfidf": {
    "MAG": {
      "지금": 0.006882797185178924,
      "정말": 0.00646987464617873,
      "언제나": 0.005972310051937699,
      "먼저": 0.004916719255471917,
      "항상": 0.004363073842332444,
      "가장": 0.0041548590736696315,
      "다": 0.003247030560810698,
      "그냥": 0.002865997030134579,
      "안": 0.002851773029560899,
      "이제": 0.002034448692706615
    },
    "NNB": {
      "거": 0.03194500606550748,
      "수": 0.013748483623129802,
      "장": 0.009704811969268095,
      "절": 0.003299963378313262,
      "바": 0.0031245726547782463,
      "때문": 0.0024352729206080235
    },
    "NNG": {
      "혀": 0.06520702387128756,
      "하나님": 0.04731095835018197,
      "판단": 0.041799576101184774,
      "말": 0.030440911507600296,
      "입술": 0.028724032995348817,
      "제어": 0.027117206496021628,
      "사람": 0.017387788111605337,
      "성령": 0.015144835187562518,
      "악": 0.013196410004060565,
      "열매": 0.013167486085729395,
      "기도": 0.01293974929235746,
      "말씀": 0.01293974929235746,
      "남": 0.011852366503931162,
      "여자": 0.011803132408868992,
      "비판": 0.011225528714930398,
      "모습": 0.010399320305558409,
      "답": 0.010010446968198548,
      "충만": 0.009918674847291371,
      "아들": 0.009376940875103577,
      "술": 0.009157607687213187,
      "절": 0.008918234754902523,
      "여종": 0.008301820320911556,
      "상황": 0.008158413584907733,
      "형제": 0.0071593553327859456,
      "마음": 0.006616368632428692,
      "응답": 0.006413227673045177,
      "멸시": 0.006397806502859554,
      "주관": 0.006389050053774342,
      "소리": 0.006370521609612793,
      "영혼": 0.006099052575101287,
      "의인": 0.005785049599427143,
      "가정": 0.005630772136049458,
      "제사": 0.0051633660172436405,
      "삶": 0.005119122901660885,
      "사랑": 0.004908088862744523,
      "속": 0.004697296205242281,
      "제사장": 0.004543432184911389,
      "경외": 0.004288828882769651,
      "눈": 0.004102411632857815,
      "찬양": 0.004048303889598317,
      "입": 0.003994877605478361,
      "증거": 0.0037170801402563966,
      "생각": 0.0034383550988433213,
      "진짜": 0.003288107343669596,
      "허락": 0.0032185309315936146,
      "길": 0.0031745448865220117,
      "인도": 0.003042505330702159,
      "십자가": 0.0029700952266057973,
      "오늘": 0.0028305701577031944,
      "역사": 0.0027657465271617213,
      "힘": 0.00261019881650578,
      "앞": 0.002502842434229401,
      "지금": 0.002492579081291555,
      "죄": 0.0023844337417222336,
      "순간": 0.002325138118805695,
      "믿음": 0.0021436231616286244,
      "장": 0.002096110472757014,
      "주": 0.0020218358269308533
    },
    "NNP": {
      "엘리": 0.030034009975507252,
      "한나": 0.027086769743559537,
      "잠언": 0.008539404001389177,
      "성령": 0.007888139616775916,
      "야고보서": 0.007235595238588062,
      "예수": 0.00606550748079256,
      "마태복음": 0.005477225007876896,
      "엘": 0.0036632905123318384,
      "사무엘상": 0.002986237714167909
    },
    "VA": {
      "이렇": 0.012146112679727514,
      "선하": 0.010491820741969861,
      "그렇": 0.008896077638495753,
      "어떻": 0.00647792676252134,
      "좋": 0.005764339488667563,
      "없": 0.003639304488475536,
      "많": 0.0032307566376531165,
      "렇": 0.002966079662570962,
      "같": 0.002499729921945804
    },
    "VV": {
      "되": 0.02507076425394258,
      "있": 0.023048928427011728,
      "보": 0.01900525677315002,
      "찾": 0.01694738482473847,
      "취하": 0.010946432344317315,
      "악": 0.009207652756267322,
      "받": 0.008565967002896796,
      "살리": 0.007042314112407281,
      "매달리": 0.006564795820235847,
      "구하": 0.0057757242503390935,
      "달리": 0.005736828812200666,
      "좋아하": 0.005376387682544542,
      "알": 0.0053093413195914214,
      "먹": 0.005141222214828637,
      "죽이": 0.004989370280008042,
      "들리": 0.004908627370157382,
      "맺": 0.0046698380825687565,
      "나오": 0.004281165557784041,
      "내": 0.004122935091006456,
      "주": 0.003639304488475536,
      "바라보": 0.003449898244146604,
      "쓰": 0.0034082333240445357,
      "기뻐하": 0.0033473861486917507,
      "살아가": 0.00334543928446848,
      "드리": 0.002909102992493161,
      "따르": 0.0028867259891381617,
      "통하": 0.0026871996691131585,
      "살": 0.0026111161766261388,
      "러": 0.00258678606391589,
      "죽": 0.002560356461070454,
      "믿": 0.0024935168507084237,
      "그러": 0.002429222535945503,
      "듣": 0.002387444666816184,
      "읽": 0.002059912956597437
    }
  }
}