{
  "scope": "sermon",
  "idf_scope": "church",
  "church": "T-TQ",
  "sermon": "T-TQ-0323",
  "document_unit": "sermon_json",
  "document_count": 803,
  "min_count": 5,
  "freq": {
    "MAG": {
      "지금": 23,
      "다": 22,
      "다시": 10,
      "정말": 10,
      "없이": 6,
      "그냥": 9,
      "못": 7,
      "이제": 8,
      "안": 6,
      "계속": 5
    },
    "NNB": {
      "거": 68,
      "수": 28,
      "장": 20,
      "때문": 9
    },
    "NNG": {
      "사울": 55,
      "하나님": 102,
      "본성": 24,
      "말씀": 44,
      "변질": 11,
      "예배": 20,
      "모습": 25,
      "이전": 21,
      "기도": 29,
      "의지": 21,
      "수단": 6,
      "경험": 10,
      "전쟁": 13,
      "인내": 11,
      "제자": 13,
      "일주일": 6,
      "부탁": 8,
      "사무": 12,
      "믿음": 18,
      "인가": 5,
      "세상": 18,
      "품": 5,
      "사람": 17,
      "백성": 13,
      "감동": 8,
      "언약궤": 5,
      "주": 16,
      "마음": 15,
      "절": 15,
      "생각": 14,
      "신앙": 10,
      "목적": 7,
      "사무엘": 7,
      "시작": 9,
      "죄성": 5,
      "인생": 11,
      "가운데": 11,
      "방법": 5,
      "본질": 5,
      "장": 10,
      "끝": 8,
      "뜻": 8,
      "나라": 7,
      "회개": 5,
      "복음": 5,
      "상황": 6,
      "죄": 6,
      "영광": 5,
      "승리": 6,
      "안": 6,
      "삶": 5,
      "소망": 5
    },
    "NNP": {
      "예수": 24,
      "엘": 11,
      "이스라엘": 11,
      "사무엘상": 9,
      "주님": 6
    },
    "VA": {
      "어떻": 39,
      "이렇": 26,
      "급하": 5,
      "그렇": 15,
      "새롭": 5,
      "좋": 10,
      "없": 10,
      "같": 7,
      "많": 5
    },
    "VV": {
      "있": 68,
      "되": 64,
      "기다리": 36,
      "깎이": 5,
      "보": 27,
      "위하": 24,
      "주": 24,
      "드러나": 12,
      "도망치": 8,
      "버리": 13,
      "찾": 11,
      "바라보": 14,
      "그러": 17,
      "모으": 6,
      "떠나": 11,
      "감추": 5,
      "알": 16,
      "세우": 12,
      "움직이": 8,
      "지키": 12,
      "통하": 12,
      "떠나가": 5,
      "돌이키": 6,
      "남": 5,
      "따르": 9,
      "흔들리": 5,
      "나누": 9,
      "엎드리": 5,
      "드리": 10,
      "무너지": 6,
      "이루": 6,
      "보이": 8,
      "살아가": 8,
      "가지": 7,
      "나가": 6,
      "이기": 5
    }
  },
  "tfidf": {
    "MAG": {
      "지금": 0.010118024943031946,
      "다": 0.009702215767325727,
      "다시": 0.004842044175545564,
      "정말": 0.004393673110720563,
      "없이": 0.004074025399964817,
      "그냥": 0.004003797131540631,
      "못": 0.003654730751524622,
      "이제": 0.003536865811643907,
      "안": 0.0026559508042069183,
      "계속": 0.0026504655485979083
    },
    "NNB": {
      "거": 0.029876977152899824,
      "수": 0.012302284710017574,
      "장": 0.008787346221441126,
      "때문": 0.003969088268451434
    },
    "NNG": {
      "사울": 0.04790724747085017,
      "하나님": 0.04481546572934974,
      "본성": 0.03171319552254566,
      "말씀": 0.019332161687170474,
      "변질": 0.01592559369928462,
      "예배": 0.013049573871795046,
      "모습": 0.012840269569642689,
      "이전": 0.012780386556193624,
      "기도": 0.012741652021089631,
      "의지": 0.01195789930570959,
      "수단": 0.011785738429641738,
      "경험": 0.01148693081698216,
      "전쟁": 0.011304586675506705,
      "인내": 0.011140661805926473,
      "제자": 0.010973909294379405,
      "일주일": 0.010295455980476376,
      "부탁": 0.010001448796908173,
      "사무": 0.009872520786726338,
      "믿음": 0.008384994852085817,
      "인가": 0.008255214491332692,
      "세상": 0.008138152086163026,
      "품": 0.008089336739777011,
      "사람": 0.007469244288224956,
      "백성": 0.007354950325954812,
      "감동": 0.00718506984722576,
      "언약궤": 0.007081922562663407,
      "주": 0.007029876977152899,
      "마음": 0.0067397351279641455,
      "절": 0.006606924393535491,
      "생각": 0.006537935535597181,
      "신앙": 0.006232912290512598,
      "목적": 0.0060870851329651475,
      "사무엘": 0.0060870851329651475,
      "시작": 0.005904392035351499,
      "죄성": 0.005870649016616965,
      "인생": 0.005474969263282145,
      "가운데": 0.005086007740263446,
      "방법": 0.005053882995084503,
      "본질": 0.004685349752810696,
      "장": 0.004555080139831368,
      "끝": 0.004543654179131177,
      "뜻": 0.004361018892907236,
      "나라": 0.004090587787146802,
      "회개": 0.003284696568704513,
      "복음": 0.003205443369069606,
      "상황": 0.003128671063084383,
      "죄": 0.0031089831159643675,
      "영광": 0.00289165087786018,
      "승리": 0.0028727471967472666,
      "안": 0.002830054703109356,
      "삶": 0.002317587678640775,
      "소망": 0.002269052603252581
    },
    "NNP": {
      "예수": 0.01054481546572935,
      "엘": 0.00875680947337109,
      "이스라엘": 0.006042503461716847,
      "사무엘상": 0.005840482671725409,
      "주님": 0.0044308947725914885
    },
    "VA": {
      "어떻": 0.017156650990358516,
      "이렇": 0.011437767326905678,
      "급하": 0.007321815559071562,
      "그렇": 0.006590509666080844,
      "새롭": 0.006321210267589079,
      "좋": 0.004817903053763311,
      "없": 0.004393673110720563,
      "같": 0.0031687774369364248,
      "많": 0.002507425673147175
    },
    "VV": {
      "있": 0.029876977152899824,
      "되": 0.028119507908611598,
      "기다리": 0.02738237466668306,
      "깎이": 0.012324599577107053,
      "보": 0.011862917398945518,
      "위하": 0.010637025557702124,
      "주": 0.01054481546572935,
      "드러나": 0.010470035823494369,
      "도망치": 0.009633881823552893,
      "버리": 0.0080919988638956,
      "찾": 0.0077906534640286695,
      "바라보": 0.007497010859204351,
      "그러": 0.007478540175284481,
      "모으": 0.007320591520499774,
      "떠나": 0.007177265629487274,
      "감추": 0.0071590124568006435,
      "알": 0.007100176332756298,
      "세우": 0.006815481268696766,
      "움직이": 0.00672037590845803,
      "지키": 0.0064015811202541816,
      "통하": 0.0058395824092415125,
      "떠나가": 0.005377531313970396,
      "돌이키": 0.0050484562134478685,
      "남": 0.004908343923157437,
      "따르": 0.004704881395741657,
      "흔들리": 0.004585853357423695,
      "나누": 0.004576179610109646,
      "엎드리": 0.00455366470015904,
      "드리": 0.00451557350014787,
      "무너지": 0.004213416661954134,
      "이루": 0.0039795675277497205,
      "보이": 0.0038687971586834694,
      "살아가": 0.0036350049870345126,
      "가지": 0.0033306869863204114,
      "나가": 0.0031011489233743216,
      "이기": 0.0028288270484441583
    }
  }
}