{
  "scope": "sermon",
  "idf_scope": "church",
  "church": "T-TQ",
  "sermon": "T-TQ-0165",
  "document_unit": "sermon_json",
  "document_count": 803,
  "min_count": 5,
  "freq": {
    "MAG": {
      "안": 24,
      "이제": 24,
      "언제나": 16,
      "먼저": 10,
      "가장": 9,
      "그냥": 11,
      "없이": 7,
      "아마": 5,
      "너무나": 6,
      "다": 7,
      "지금": 7
    },
    "NNB": {
      "거": 77,
      "수": 43,
      "명": 20,
      "장": 13,
      "때문": 9,
      "중": 5
    },
    "NNG": {
      "하나님": 185,
      "결정": 18,
      "기도": 43,
      "실수": 14,
      "말씀": 35,
      "사사": 8,
      "사무": 16,
      "자연": 9,
      "옷": 10,
      "실패": 9,
      "오늘": 26,
      "승리": 23,
      "문제": 15,
      "길": 21,
      "불편": 7,
      "나이": 7,
      "자신감": 5,
      "아들": 13,
      "시작": 12,
      "응답": 9,
      "점령": 5,
      "어제": 14,
      "야곱": 5,
      "정도": 10,
      "절": 16,
      "세상": 15,
      "백성": 11,
      "지역": 6,
      "하루": 8,
      "인생": 12,
      "방향": 5,
      "인도": 11,
      "아무것": 8,
      "사람": 11,
      "생각": 10,
      "앞": 9,
      "열매": 5,
      "삶": 8,
      "장": 8,
      "곳": 5,
      "뜻": 6,
      "사실": 6,
      "자녀": 5,
      "죄": 5
    },
    "NNP": {
      "엘": 17,
      "브엘세바": 5,
      "여호수아": 7,
      "요셉": 6,
      "이스라엘": 13,
      "아브라함": 6,
      "창세기": 5
    },
    "VA": {
      "그렇": 29,
      "이렇": 25,
      "멀": 8,
      "많": 16,
      "없": 16,
      "쉽": 7,
      "어떻": 13,
      "다르": 6,
      "같": 10,
      "크": 5,
      "힘들": 5
    },
    "VV": {
      "여쭙": 19,
      "되": 73,
      "있": 62,
      "여쭈": 11,
      "묻": 13,
      "늙": 7,
      "보": 21,
      "나아가": 19,
      "맡기": 15,
      "세우": 12,
      "그러": 15,
      "맞추": 5,
      "부르": 8,
      "알": 10,
      "주": 9,
      "보내": 6,
      "드리": 8,
      "떠나": 5,
      "보이": 6,
      "살아가": 6,
      "일어나": 5
    }
  },
  "tfidf": {
    "MAG": {
      "안": 0.010481047300173291,
      "이제": 0.010468018969182749,
      "언제나": 0.007316625306058297,
      "먼저": 0.005856112661360136,
      "가장": 0.00501054932827617,
      "그냥": 0.0048277736832467,
      "없이": 0.004689161441427501,
      "아마": 0.0044303259027649085,
      "너무나": 0.003635969127752006,
      "다": 0.0030455865863780883,
      "지금": 0.0030380198901714056
    },
    "NNB": {
      "거": 0.03337667967056784,
      "수": 0.018638925010836586,
      "명": 0.016054346094607947,
      "장": 0.005635023840485479,
      "때문": 0.0039157541824861135,
      "중": 0.003354056921524946
    },
    "NNG": {
      "하나님": 0.08019072388383182,
      "결정": 0.021220696771934715,
      "기도": 0.018638925010836586,
      "실수": 0.01535657372323456,
      "말씀": 0.01517121803207629,
      "사사": 0.01362253715989737,
      "사무": 0.012986480167946334,
      "자연": 0.012400805315977047,
      "옷": 0.011442320164410184,
      "실패": 0.0113216158376993,
      "오늘": 0.011270047680970958,
      "승리": 0.010864222674131332,
      "문제": 0.01058610110696326,
      "길": 0.010208907027787952,
      "불편": 0.009182107163185217,
      "나이": 0.00909742510127818,
      "자신감": 0.00856508376873775,
      "아들": 0.008166972046860232,
      "시작": 0.007766736756225986,
      "응답": 0.007734027325474996,
      "점령": 0.0075854887888004785,
      "어제": 0.007558106707715372,
      "야곱": 0.007489147734247305,
      "정도": 0.0069674051096771565,
      "절": 0.006952687724750424,
      "세상": 0.006690663974897791,
      "백성": 0.006139793149965145,
      "지역": 0.00604323343083775,
      "하루": 0.00603019234188553,
      "인생": 0.0058924364786524,
      "방향": 0.005351632952103687,
      "인도": 0.00512510201938763,
      "아무것": 0.00510099401642735,
      "사람": 0.004768097095795405,
      "생각": 0.00460720208032051,
      "앞": 0.004024401391319447,
      "열매": 0.0039208198586438365,
      "삶": 0.0036583126530291485,
      "장": 0.0035950974939770062,
      "곳": 0.00322733007181681,
      "뜻": 0.003226813719199243,
      "사실": 0.002964755596736427,
      "자녀": 0.002699323824184061,
      "죄": 0.002556005480398389
    },
    "NNP": {
      "엘": 0.013351399777108178,
      "브엘세바": 0.01094612470646664,
      "여호수아": 0.009298823229849531,
      "요셉": 0.007591455512908457,
      "이스라엘": 0.00704518234721512,
      "아브라함": 0.0059713178747115864,
      "창세기": 0.0055476821722060966
    },
    "VA": {
      "그렇": 0.012570437798006068,
      "이렇": 0.01085007103632645,
      "멀": 0.008073886791398494,
      "많": 0.007915943937002819,
      "없": 0.006935413957520589,
      "쉽": 0.005820159090742372,
      "어떻": 0.005642036938889754,
      "다르": 0.004676085974910781,
      "같": 0.00446599631337377,
      "크": 0.002737561360470905,
      "힘들": 0.002618166753148104
    },
    "VV": {
      "여쭙": 0.037872812960811596,
      "되": 0.03164282618118769,
      "있": 0.026874729085392284,
      "여쭈": 0.019447548730768167,
      "묻": 0.01544469524248391,
      "늙": 0.012632280542669978,
      "보": 0.009102730819245773,
      "나아가": 0.008349260903050822,
      "맡기": 0.007824697530785938,
      "세우": 0.006723899162355371,
      "그러": 0.006510042621795869,
      "맞추": 0.005639364833000828,
      "부르": 0.004391338727855905,
      "알": 0.004377980421909768,
      "주": 0.0039011703511053317,
      "보내": 0.003660162606717711,
      "드리": 0.003563916874325636,
      "떠나": 0.003218555497638223,
      "보이": 0.0028626080406903695,
      "살아가": 0.002689620074931909,
      "일어나": 0.0023974643411794577
    }
  }
}