{
  "scope": "sermon",
  "idf_scope": "church",
  "church": "T-TQ",
  "sermon": "T-TQ-0164",
  "document_unit": "sermon_json",
  "document_count": 803,
  "min_count": 5,
  "freq": {
    "MAG": {
      "지금": 33,
      "그냥": 19,
      "뜻대로": 7,
      "안": 11,
      "가장": 8,
      "정말": 8,
      "먼저": 5,
      "계속": 5,
      "다시": 5
    },
    "NNB": {
      "거": 90,
      "수": 28,
      "때문": 10,
      "장": 7,
      "분": 6
    },
    "NNG": {
      "하나님": 172,
      "속건": 12,
      "고집": 16,
      "방식": 10,
      "방법": 20,
      "기준": 16,
      "언약": 13,
      "말씀": 35,
      "병": 12,
      "예배": 23,
      "보상": 8,
      "선물": 10,
      "뜻": 20,
      "마음": 24,
      "회개": 16,
      "재앙": 7,
      "기적": 12,
      "사람": 20,
      "인정": 11,
      "앞": 18,
      "우상": 9,
      "교만": 9,
      "말": 17,
      "죄": 14,
      "은혜": 15,
      "진노": 6,
      "기도": 14,
      "고민": 5,
      "믿음": 13,
      "주권": 5,
      "절": 13,
      "오늘": 13,
      "신앙": 9,
      "동일": 6,
      "생각": 11,
      "행위": 5,
      "장": 11,
      "자리": 10,
      "사실": 9,
      "인생": 9,
      "감사": 10,
      "심판": 6,
      "의미": 7,
      "진짜": 8,
      "능력": 7,
      "권세": 5,
      "사랑": 7,
      "마찬가지": 7,
      "모습": 6,
      "가정": 5,
      "중요": 6,
      "인도": 6,
      "증거": 6,
      "구원": 6,
      "세상": 5,
      "안녕": 5
    },
    "NNP": {
      "블레셋": 20,
      "요한일서": 5,
      "이스라엘": 5
    },
    "VA": {
      "어떻": 23,
      "없": 20,
      "그렇": 14,
      "좋": 10,
      "크": 7,
      "이렇": 7
    },
    "VV": {
      "맞추": 30,
      "있": 57,
      "되": 49,
      "보": 28,
      "돌려보내": 6,
      "드리": 25,
      "돌이키": 13,
      "받": 22,
      "나아가": 18,
      "깨닫": 13,
      "기뻐하": 12,
      "꺾": 5,
      "보내": 11,
      "행하": 10,
      "싫어하": 5,
      "알": 11,
      "구하": 7,
      "위하": 11,
      "따르": 9,
      "주": 10,
      "가지": 8,
      "그러": 8,
      "원하": 6,
      "통하": 6,
      "믿": 6,
      "일어나": 5,
      "바라": 5,
      "읽": 5
    }
  },
  "tfidf": {
    "MAG": {
      "지금": 0.015674132031623697,
      "그냥": 0.00912609124796242,
      "뜻대로": 0.007491053538602033,
      "안": 0.005257304264241335,
      "가장": 0.004874272528076376,
      "정말": 0.003795066413662239,
      "먼저": 0.003204471515597209,
      "계속": 0.0028616980970630162,
      "다시": 0.002613968819625641
    },
    "NNB": {
      "거": 0.04269449715370019,
      "수": 0.013282732447817837,
      "때문": 0.004761566992934569,
      "장": 0.003320683111954459,
      "분": 0.003240566226192301
    },
    "NNG": {
      "하나님": 0.08159392789373814,
      "속건": 0.026442562607906322,
      "고집": 0.0242957335821391,
      "방식": 0.022266921231617533,
      "방법": 0.02182663699584882,
      "기준": 0.018865977852767904,
      "언약": 0.017356368737054838,
      "말씀": 0.016603415559772294,
      "병": 0.016473294441644547,
      "예배": 0.016203014540814204,
      "보상": 0.014821288938370798,
      "선물": 0.012343467428589099,
      "뜻": 0.011771440939583575,
      "마음": 0.011642988350092141,
      "회개": 0.011348720137186293,
      "재앙": 0.010629383442185857,
      "기적": 0.010492374729342934,
      "사람": 0.009487666034155597,
      "인정": 0.009184113559620394,
      "앞": 0.008808628092764672,
      "우상": 0.008478344948152224,
      "교만": 0.008338350448433571,
      "말": 0.008094663887988766,
      "죄": 0.007832435010048119,
      "은혜": 0.007423212198751684,
      "진노": 0.006749941011389231,
      "기도": 0.006641366223908918,
      "고민": 0.006552053093030743,
      "믿음": 0.006538457402580517,
      "주권": 0.006291856420221387,
      "절": 0.006182342787980016,
      "오늘": 0.006166982922201139,
      "신앙": 0.006056687635619547,
      "동일": 0.005652229965434816,
      "생각": 0.005546345692234041,
      "행위": 0.005500382450311441,
      "장": 0.005409913964934446,
      "자리": 0.005195378602605254,
      "사실": 0.004866952913902469,
      "인생": 0.004836521924662389,
      "감사": 0.004743833017077799,
      "심판": 0.0044981547051648986,
      "의미": 0.004416592885932695,
      "진짜": 0.004408506078012964,
      "능력": 0.004298085245467087,
      "권세": 0.003940514110408606,
      "사랑": 0.0036641334441508736,
      "마찬가지": 0.0035648665029995464,
      "모습": 0.003327262262676291,
      "가정": 0.0033028698985887828,
      "중요": 0.0031881912203928003,
      "인도": 0.00305941272004328,
      "증거": 0.0029071281425850945,
      "구원": 0.002878341047034064,
      "세상": 0.0024407592963455417,
      "안녕": 0.0023837465405859557
    },
    "NNP": {
      "블레셋": 0.022453408823914212,
      "요한일서": 0.007089940472928249,
      "이스라엘": 0.0029654860011358343
    },
    "VA": {
      "어떻": 0.010924395052343789,
      "없": 0.009487666034155597,
      "그렇": 0.006641366223908918,
      "좋": 0.005201872557099286,
      "크": 0.004194390741009929,
      "이렇": 0.0033248158854959358
    },
    "VV": {
      "맞추": 0.037030402285767296,
      "있": 0.027039848197343452,
      "되": 0.023244781783681213,
      "보": 0.013282732447817837,
      "돌려보내": 0.013221281303953161,
      "드리": 0.012188621070133483,
      "돌이키": 0.011810066606854486,
      "받": 0.010527694966106513,
      "나아가": 0.008656531715272359,
      "깨닫": 0.008170318150024536,
      "기뻐하": 0.007853971485497817,
      "꺾": 0.00784528613497411,
      "보내": 0.007343765533734611,
      "행하": 0.007006608982103642,
      "싫어하": 0.005719840156424214,
      "알": 0.005270398916831318,
      "구하": 0.005270059166014128,
      "위하": 0.005263847483053257,
      "따르": 0.00507984348041177,
      "주": 0.004743833017077799,
      "가지": 0.004109863692526569,
      "그러": 0.003799789583423927,
      "원하": 0.0035359394875837374,
      "통하": 0.0031524880368675717,
      "믿": 0.002925269056832036,
      "일어나": 0.002623790434108638,
      "바라": 0.0025879749539004997,
      "읽": 0.002416586689594621
    }
  }
}