{
  "scope": "sermon",
  "idf_scope": "church",
  "church": "T-TQ",
  "sermon": "T-TQ-0663",
  "document_unit": "sermon_json",
  "document_count": 803,
  "min_count": 5,
  "freq": {
    "MAG": {
      "단번에": 7,
      "정말": 19,
      "언제나": 14,
      "오래": 5,
      "다시금": 5,
      "아직": 8,
      "지금": 12,
      "멋대로": 5,
      "그냥": 11,
      "항상": 9,
      "못": 9,
      "안": 10,
      "아무리": 5,
      "계속": 6,
      "이제": 7,
      "다": 7,
      "더": 6,
      "막": 5
    },
    "NNB": {
      "거": 84,
      "번": 43,
      "수": 40,
      "때문": 12,
      "줄": 10,
      "터": 5,
      "장": 8,
      "분": 6,
      "절": 5
    },
    "NNG": {
      "온유": 65,
      "하나님": 164,
      "음성": 29,
      "사무엘": 37,
      "교제": 24,
      "말씀": 59,
      "감정": 24,
      "열매": 30,
      "짜증": 20,
      "성령": 29,
      "절제": 12,
      "사무": 21,
      "모세": 16,
      "밤중": 7,
      "혈기": 13,
      "분별": 12,
      "사용": 13,
      "유": 7,
      "엘": 7,
      "사람": 21,
      "부르심": 7,
      "순종": 15,
      "인내": 8,
      "겸손": 8,
      "복": 8,
      "엘리": 5,
      "기도": 16,
      "리": 7,
      "세례": 5,
      "생각": 13,
      "화": 5,
      "상황": 11,
      "말": 13,
      "능력": 10,
      "소망": 12,
      "시대": 7,
      "모습": 10,
      "장": 11,
      "자리": 10,
      "은혜": 10,
      "인생": 9,
      "관계": 5,
      "절": 9,
      "계속": 5,
      "증거": 8,
      "역사": 7,
      "중요": 7,
      "십자가": 5,
      "마음": 7,
      "오늘": 7,
      "이유": 5,
      "인도": 5,
      "삶": 5,
      "감사": 5
    },
    "NNP": {
      "엘리": 30,
      "엘": 28,
      "예수": 24,
      "베드로": 9,
      "성령": 10,
      "리": 5,
      "이스라엘": 8,
      "누가": 7
    },
    "VA": {
      "이렇": 30,
      "없": 30,
      "어둡": 10,
      "그렇": 18,
      "많": 9,
      "같": 7,
      "어떻": 6
    },
    "VV": {
      "부르": 71,
      "있": 88,
      "되": 34,
      "깨": 9,
      "보": 24,
      "알": 22,
      "물러가": 5,
      "모르": 17,
      "찾아가": 8,
      "내": 15,
      "부리": 5,
      "듣": 14,
      "그러": 16,
      "박": 5,
      "들리": 7,
      "나아가": 13,
      "받": 13,
      "깨닫": 9,
      "통하": 10,
      "가르치": 6,
      "주": 9,
      "르": 5,
      "나누": 7,
      "위하": 8,
      "일어나": 7,
      "이기": 5,
      "원하": 5,
      "살아가": 5
    }
  },
  "tfidf": {
    "MAG": {
      "단번에": 0.014089740576136997,
      "정말": 0.0072270825408900724,
      "언제나": 0.0056179242139375914,
      "오래": 0.00517266255154615,
      "다시금": 0.005146429531134709,
      "아직": 0.004762011040805666,
      "지금": 0.004570153922703103,
      "멋대로": 0.004401523129507039,
      "그냥": 0.004236467815614354,
      "항상": 0.004104177106157524,
      "못": 0.004068005472707187,
      "안": 0.0038322201282965295,
      "아무리": 0.00283204658641361,
      "계속": 0.00275350000240799,
      "이제": 0.002679219575461712,
      "다": 0.0026725630486018445,
      "더": 0.002487018874019315,
      "막": 0.002178941467505086
    },
    "NNB": {
      "거": 0.03195131228604032,
      "번": 0.01769065868655908,
      "수": 0.015214910612400151,
      "때문": 0.004581536654746019,
      "줄": 0.004537178695295184,
      "터": 0.0036186798931385675,
      "장": 0.0030429821224800305,
      "분": 0.0025983695720096503,
      "절": 0.00194009353237179
    },
    "NNG": {
      "온유": 0.09104119264226786,
      "하나님": 0.062381133510840625,
      "음성": 0.03594701089377479,
      "사무엘": 0.0278544592304114,
      "교제": 0.02392418471168111,
      "말씀": 0.022441993153290225,
      "감정": 0.021739048201850998,
      "열매": 0.020643586338283754,
      "짜증": 0.020585718124538837,
      "성령": 0.017214120469545156,
      "절제": 0.016976678686771447,
      "사무": 0.014957113082362496,
      "모세": 0.01473862980671366,
      "밤중": 0.013092078291583983,
      "혈기": 0.012958933385493936,
      "분별": 0.01132040981211508,
      "사용": 0.010922968617679985,
      "유": 0.008708752616841604,
      "엘": 0.008493163633298178,
      "사람": 0.00798782807151008,
      "부르심": 0.007433364885734646,
      "순종": 0.007262459033853025,
      "인내": 0.007014390890497916,
      "겸손": 0.006798868478725796,
      "복": 0.006634342890988175,
      "엘리": 0.006338703770424828,
      "기도": 0.006085964244960061,
      "리": 0.00597186507515732,
      "세례": 0.005616966186353121,
      "생각": 0.005255785378124474,
      "화": 0.005146429531134709,
      "상황": 0.004965728967629049,
      "말": 0.004963331375974854,
      "능력": 0.0049233079918734,
      "소망": 0.004714519946750436,
      "시대": 0.00462323755961897,
      "모습": 0.004446474483150514,
      "장": 0.004337808534835227,
      "자리": 0.004165788548608549,
      "은혜": 0.003968081986805769,
      "인생": 0.003878048009580949,
      "관계": 0.0035954861443865354,
      "절": 0.0034318813053678455,
      "계속": 0.003155028544917655,
      "증거": 0.0031080137565966167,
      "역사": 0.0030352376145363607,
      "중요": 0.002982436265253972,
      "십자가": 0.002793855266411615,
      "마음": 0.0027228974276334414,
      "오늘": 0.0026626093571700264,
      "이유": 0.00245531444397824,
      "인도": 0.002044263349135043,
      "삶": 0.0020064015049777112,
      "감사": 0.001901863826550019
    },
    "NNP": {
      "엘리": 0.03026983644083686,
      "엘": 0.01929713870185666,
      "예수": 0.009128946367440091,
      "베드로": 0.007798242280682897,
      "성령": 0.006745519994566493,
      "리": 0.005338146341941033,
      "이스라엘": 0.0038044850455043523,
      "누가": 0.0037772064896328147
    },
    "VA": {
      "이렇": 0.011425384806757756,
      "없": 0.011411182959300114,
      "어둡": 0.010793339692884553,
      "그렇": 0.006846709775580068,
      "많": 0.003907349371528849,
      "같": 0.002743300664308597,
      "어떻": 0.0022850769613515514
    },
    "VV": {
      "부르": 0.0341997009132091,
      "있": 0.03347280334728033,
      "되": 0.012932674020540129,
      "깨": 0.00960866341549386,
      "보": 0.009128946367440091,
      "알": 0.008451883542548815,
      "물러가": 0.008093594645671016,
      "모르": 0.007831313677632845,
      "찾아가": 0.00736931490335683,
      "내": 0.007271789520772371,
      "부리": 0.006413296226022548,
      "듣": 0.006288178718486872,
      "그러": 0.006093538563604136,
      "박": 0.005411586501940614,
      "들리": 0.005386918245517588,
      "나아가": 0.005012966381922229,
      "받": 0.004988086601389794,
      "깨닫": 0.00453542663025618,
      "통하": 0.004212910347227616,
      "가르치": 0.0040907844843109,
      "주": 0.003423354887790034,
      "르": 0.0031687936025445677,
      "나누": 0.0030813445563698436,
      "위하": 0.0030695917547014116,
      "일어나": 0.002945351970004341,
      "이기": 0.0024489959536930024,
      "원하": 0.002362672892045936,
      "살아가": 0.0019668294385913254
    }
  }
}