{
  "scope": "sermon",
  "idf_scope": "church",
  "church": "T-TQ",
  "sermon": "T-TQ-0745",
  "document_unit": "sermon_json",
  "document_count": 803,
  "min_count": 5,
  "freq": {
    "MAG": {
      "함부로": 11,
      "이제": 31,
      "안": 29,
      "언제나": 24,
      "지금": 16,
      "다": 12,
      "정말": 12,
      "잘": 8,
      "막": 8,
      "못": 6,
      "다시": 6,
      "항상": 5
    },
    "NNB": {
      "거": 68,
      "수": 40,
      "때문": 21,
      "장": 20,
      "번": 9,
      "절": 7,
      "분": 5
    },
    "NNG": {
      "하나님": 109,
      "양": 34,
      "양심": 13,
      "앞": 50,
      "말": 45,
      "형": 12,
      "천부장": 10,
      "마음": 36,
      "복음": 24,
      "공회원": 6,
      "존중": 9,
      "모함": 8,
      "사도": 18,
      "곰": 5,
      "증거": 22,
      "유대인": 10,
      "형제": 9,
      "믿음": 18,
      "아버지": 11,
      "말씀": 19,
      "시민": 5,
      "바": 9,
      "순교": 5,
      "고백": 11,
      "무시": 7,
      "범사": 5,
      "겉모습": 5,
      "죄인": 8,
      "사자": 5,
      "순종": 12,
      "사람": 15,
      "장": 14,
      "옆": 5,
      "지역": 6,
      "유혹": 5,
      "화": 5,
      "제사장": 6,
      "성령": 8,
      "삶": 11,
      "기적": 6,
      "상황": 9,
      "인물": 5,
      "몸": 5,
      "사명": 6,
      "아내": 5,
      "죄": 8,
      "주": 9,
      "오늘": 8,
      "절": 7,
      "끝": 5,
      "지금": 5,
      "구원": 6,
      "기도": 6,
      "순간": 5,
      "사실": 5,
      "인생": 5,
      "사랑": 5,
      "감사": 5
    },
    "NNP": {
      "바울": 40,
      "다윗": 13,
      "예수": 24,
      "요셉": 8,
      "로마": 9,
      "울": 10,
      "누가": 11,
      "예루살렘": 6,
      "사도행전": 6,
      "사무엘상": 5
    },
    "VA": {
      "그렇": 22,
      "이렇": 13,
      "어떻": 12,
      "없": 12,
      "같": 10
    },
    "VV": {
      "보": 70,
      "있": 64,
      "되": 46,
      "지키": 25,
      "죽이": 15,
      "따르": 18,
      "닮": 7,
      "살": 17,
      "불리": 5,
      "치": 9,
      "죽": 11,
      "섬기": 9,
      "맡기": 11,
      "피하": 6,
      "데리": 5,
      "살아가": 11,
      "바라": 10,
      "모르": 9,
      "짓": 6,
      "받": 9,
      "이기": 7,
      "원하": 7,
      "계시": 6,
      "알": 8,
      "위하": 8,
      "이러": 5,
      "믿": 7,
      "만나": 5,
      "듣": 6,
      "그러": 7,
      "통하": 5
    }
  },
  "tfidf": {
    "MAG": {
      "함부로": 0.012888580328801049,
      "이제": 0.012557724648064993,
      "안": 0.011762169677997411,
      "언제나": 0.010192907355722518,
      "지금": 0.0064492402913507545,
      "다": 0.004848977401500517,
      "정말": 0.004830917874396135,
      "잘": 0.003905400664377725,
      "막": 0.0036898145688057144,
      "못": 0.0028703130401898,
      "다시": 0.002661954720662247,
      "항상": 0.0024131959232617938
    },
    "NNB": {
      "거": 0.027375201288244767,
      "수": 0.01610305958132045,
      "때문": 0.008485710452625904,
      "장": 0.008051529790660225,
      "번": 0.003918835666242317,
      "절": 0.0028746812621769768,
      "분": 0.0022917047788558005
    },
    "NNG": {
      "하나님": 0.04388083735909823,
      "양": 0.03503615895519338,
      "양심": 0.023397505948486292,
      "앞": 0.020764658279150926,
      "말": 0.01818366525562694,
      "형": 0.015742910484713296,
      "천부장": 0.015631790577329493,
      "마음": 0.014820905460141445,
      "복음": 0.014097756730439464,
      "공회원": 0.01219937666561282,
      "존중": 0.011983958820670597,
      "모함": 0.011688103892536383,
      "사도": 0.011136714307788856,
      "곰": 0.011055504613210036,
      "증거": 0.009045959121076646,
      "유대인": 0.008089479308220205,
      "형제": 0.008018607671186433,
      "믿음": 0.007682869679286359,
      "아버지": 0.007654804035874646,
      "말씀": 0.007648953301127214,
      "시민": 0.007014707427109501,
      "바": 0.006938578708820862,
      "순교": 0.0068979858939968814,
      "고백": 0.006824654068387485,
      "무시": 0.00640680034976724,
      "범사": 0.0063764305397140215,
      "겉모습": 0.006228823307255185,
      "죄인": 0.006197771872444836,
      "사자": 0.006188564316299732,
      "순종": 0.006149115877616619,
      "사람": 0.006038647342995169,
      "장": 0.005843118904009126,
      "옆": 0.005680484739781368,
      "지역": 0.00561261655593506,
      "유혹": 0.00557491615006208,
      "화": 0.005446845103604328,
      "제사장": 0.005427974779365152,
      "성령": 0.005025922895711502,
      "삶": 0.004671749204706154,
      "기적": 0.00445207848821556,
      "상황": 0.004300033417620807,
      "인물": 0.004194438814176669,
      "몸": 0.004017445914606011,
      "사명": 0.0039839240529023,
      "아내": 0.0038673073135772826,
      "죄": 0.0037981994481668816,
      "주": 0.0036231884057971015,
      "오늘": 0.00322061191626409,
      "절": 0.0028250541985455563,
      "끝": 0.0026019919765757245,
      "지금": 0.0024815410901908273,
      "구원": 0.0024426501317020154,
      "기도": 0.0024154589371980675,
      "순간": 0.0023148416134486645,
      "사실": 0.002294582381129541,
      "인생": 0.002280235332167721,
      "사랑": 0.0022210700771422938,
      "감사": 0.002012882447665056
    },
    "NNP": {
      "바울": 0.023058481180295128,
      "다윗": 0.011693082125473608,
      "예수": 0.00966183574879227,
      "요셉": 0.009400691287321421,
      "로마": 0.008793148841572757,
      "울": 0.007888484243983059,
      "누가": 0.006282093079922438,
      "예루살렘": 0.0051797628615927625,
      "사도행전": 0.0038334315810758393,
      "사무엘상": 0.00297301363411322
    },
    "VA": {
      "그렇": 0.008856682769726247,
      "이렇": 0.005240007736722488,
      "어떻": 0.004836930218513066,
      "없": 0.004830917874396135,
      "같": 0.004147767107469118
    },
    "VV": {
      "보": 0.02818035426731079,
      "있": 0.02576489533011272,
      "되": 0.018518518518518517,
      "지키": 0.01221987271009336,
      "죽이": 0.010644162096670021,
      "따르": 0.008621827742921103,
      "닮": 0.008449178626670193,
      "살": 0.007365400911268082,
      "불리": 0.006869833233017131,
      "치": 0.0057501473716137595,
      "죽": 0.005607840322906567,
      "섬기": 0.005477011431624515,
      "맡기": 0.00532923642616089,
      "피하": 0.005087205218350887,
      "데리": 0.005003205680559926,
      "살아가": 0.004579608738697467,
      "바라": 0.004392472788101653,
      "모르": 0.00438800589482028,
      "짓": 0.004264114666097668,
      "받": 0.00365487170430707,
      "이기": 0.003628733698535614,
      "원하": 0.003500826830299626,
      "계시": 0.003276134398645594,
      "알": 0.0032528183038150835,
      "위하": 0.003248774848272951,
      "이러": 0.0030978190433427672,
      "믿": 0.0028962204913186742,
      "만나": 0.002870774973001897,
      "듣": 0.0028522466961528616,
      "그러": 0.0028215426274659553,
      "통하": 0.0022294165263408616
    }
  }
}