{
  "scope": "sermon",
  "idf_scope": "church",
  "church": "T-TQ",
  "sermon": "T-TQ-0388",
  "document_unit": "sermon_json",
  "document_count": 803,
  "min_count": 5,
  "freq": {
    "MAG": {
      "이끄": 5,
      "그냥": 18,
      "정말": 15,
      "무조건": 5,
      "이제": 11,
      "지금": 9,
      "때로": 5,
      "막": 7,
      "분명히": 6,
      "안": 7,
      "못": 5,
      "다": 5
    },
    "NNB": {
      "거": 85,
      "수": 46,
      "대로": 10,
      "장": 15,
      "때문": 10,
      "번": 7
    },
    "NNG": {
      "하나님": 132,
      "말씀": 82,
      "마음": 63,
      "종": 33,
      "눈보라": 9,
      "잔불": 6,
      "봄날": 6,
      "순종": 26,
      "무기": 10,
      "봄": 6,
      "힘": 22,
      "요나단": 8,
      "바위": 6,
      "종이": 7,
      "소년": 6,
      "길": 19,
      "믿음": 19,
      "나단": 5,
      "기적": 10,
      "말": 18,
      "기도": 18,
      "주": 17,
      "인생": 14,
      "명령": 8,
      "지역": 6,
      "노력": 5,
      "사울": 6,
      "자녀": 9,
      "성령": 7,
      "상황": 9,
      "생각": 10,
      "눈": 7,
      "절": 10,
      "사람": 10,
      "사명": 6,
      "소망": 9,
      "기쁨": 6,
      "권세": 5,
      "사실": 7,
      "고백": 5,
      "역사": 6,
      "마찬가지": 6,
      "뜻": 5,
      "오늘": 6,
      "모습": 5,
      "중요": 5,
      "승리": 5,
      "인도": 5,
      "삶": 5,
      "가운데": 5,
      "땅": 5,
      "이름": 5,
      "감사": 5
    },
    "NNP": {
      "예수": 28,
      "성령": 9,
      "요": 6,
      "단": 5,
      "사무엘상": 8,
      "바울": 6,
      "그리스도": 6
    },
    "VA": {
      "기쁘": 28,
      "어떻": 30,
      "그렇": 22,
      "험하": 5,
      "이렇": 18,
      "낫": 6,
      "없": 13,
      "좋": 8,
      "같": 8,
      "힘들": 5
    },
    "VV": {
      "있": 82,
      "되": 60,
      "따르": 28,
      "꺼지": 7,
      "건너가": 7,
      "따라가": 14,
      "움직이": 9,
      "보": 17,
      "주": 17,
      "따라오": 6,
      "치": 10,
      "따지": 5,
      "돌아보": 7,
      "드리": 13,
      "믿": 12,
      "일어나": 11,
      "이끌": 5,
      "내리": 5,
      "그러": 9,
      "부르": 7,
      "지키": 7,
      "맞": 6,
      "전하": 6,
      "원하": 6,
      "알": 6,
      "받": 6,
      "보이": 5,
      "읽": 5
    }
  },
  "tfidf": {
    "MAG": {
      "이끄": 0.009525424142917962,
      "그냥": 0.00828045640289548,
      "정말": 0.0068150840527033164,
      "무조건": 0.006555152713415969,
      "이제": 0.005028905750813089,
      "지금": 0.004094139480731414,
      "때로": 0.00370394382916213,
      "막": 0.0036437128420259974,
      "분명히": 0.003496735892166248,
      "안": 0.003204195684736076,
      "못": 0.0026994765984520155,
      "다": 0.002280187010701061
    },
    "NNB": {
      "거": 0.03861880963198546,
      "수": 0.020899591094956836,
      "대로": 0.007439845980256927,
      "장": 0.0068150840527033164,
      "때문": 0.004560374021402122,
      "번": 0.0034398866456974812
    },
    "NNG": {
      "하나님": 0.05997273966378919,
      "말씀": 0.0372557928214448,
      "마음": 0.029271456626640102,
      "종": 0.029185675004631064,
      "눈보라": 0.024116564379626625,
      "잔불": 0.01907256362186012,
      "봄날": 0.01796725210498189,
      "순종": 0.015036138870210198,
      "무기": 0.014915402189526184,
      "봄": 0.013969967955613165,
      "힘": 0.01290417781106892,
      "요나단": 0.012890375439481813,
      "바위": 0.01178274449575418,
      "종이": 0.011083301475927307,
      "소년": 0.009800785207515308,
      "길": 0.00968146560543972,
      "믿음": 0.009152423579776844,
      "나단": 0.008627394300473283,
      "기적": 0.008374195793372294,
      "말": 0.00820867323852382,
      "기도": 0.00817810086324398,
      "주": 0.007723761926397092,
      "인생": 0.007205585089637862,
      "명령": 0.007169728551650139,
      "지역": 0.006334275113558696,
      "노력": 0.005536860157047562,
      "사울": 0.005404331679500474,
      "자녀": 0.005092781513996698,
      "성령": 0.004963127402920922,
      "상황": 0.00485292276663793,
      "생각": 0.004829084597591739,
      "눈": 0.0046093884452782265,
      "절": 0.004554705412596328,
      "사람": 0.004543389368468878,
      "사명": 0.004496168717587149,
      "소망": 0.0042234687437551904,
      "기쁨": 0.004207005937783014,
      "권세": 0.003774013514194158,
      "사실": 0.003625461012547066,
      "고백": 0.0035009790396667868,
      "역사": 0.003107538010754628,
      "마찬가지": 0.002926490006486549,
      "뜻": 0.0028185140277876167,
      "오늘": 0.0027260336210813267,
      "모습": 0.002655561430305021,
      "중요": 0.0025445657627548176,
      "승리": 0.0024755310539893906,
      "인도": 0.0024417848000345427,
      "삶": 0.002396560452788007,
      "가운데": 0.0023905979961256463,
      "땅": 0.0023728039520066386,
      "이름": 0.002277352706298164,
      "감사": 0.002271694684234439
    },
    "NNP": {
      "예수": 0.012721490231712857,
      "성령": 0.007251510612968551,
      "요": 0.00705969879515157,
      "단": 0.006573849894552988,
      "사무엘상": 0.0053684440651611005,
      "바울": 0.0039034939063053004,
      "그리스도": 0.002753294184465016
    },
    "VA": {
      "기쁘": 0.021507749115176708,
      "어떻": 0.013647131602438045,
      "그렇": 0.009995456610631531,
      "험하": 0.008820846841001014,
      "이렇": 0.008188278961462828,
      "낫": 0.00791124268895117,
      "없": 0.005906406179009541,
      "좋": 0.00398566010008734,
      "같": 0.003744862696938951,
      "힘들": 0.002744257473654101
    },
    "VV": {
      "있": 0.0372557928214448,
      "되": 0.027260336210813266,
      "따르": 0.01513618464272928,
      "꺼지": 0.014218566156372266,
      "건너가": 0.013433459138870821,
      "따라가": 0.00925608342046721,
      "움직이": 0.007818047484600995,
      "보": 0.007723761926397092,
      "주": 0.007723761926397092,
      "따라오": 0.007491022753029519,
      "치": 0.007210543728148103,
      "따지": 0.0069618956290202075,
      "돌아보": 0.006170578820034071,
      "드리": 0.0060702766343650695,
      "믿": 0.005603332277875449,
      "일어나": 0.00552843730905144,
      "이끌": 0.00451116945598084,
      "내리": 0.004226837009470148,
      "그러": 0.004094139480731414,
      "부르": 0.0040274721215439015,
      "지키": 0.003861501984245404,
      "맞": 0.0037363866118106277,
      "전하": 0.0037168099846175396,
      "원하": 0.003386533593742171,
      "알": 0.002753294184465016,
      "받": 0.0027498716684836474,
      "보이": 0.0025003925298624423,
      "읽": 0.0023144773928511866
    }
  }
}