{
  "scope": "sermon",
  "idf_scope": "church",
  "church": "T-TQ",
  "sermon": "T-TQ-0136",
  "document_unit": "sermon_json",
  "document_count": 803,
  "min_count": 5,
  "freq": {
    "MAG": {
      "일찍": 16,
      "헛되이": 6,
      "지금": 21,
      "이제": 17,
      "언제나": 15,
      "그냥": 14,
      "정말": 14,
      "안": 13,
      "먼저": 8,
      "항상": 9,
      "다": 10,
      "막": 8,
      "잘": 5
    },
    "NNB": {
      "거": 67,
      "수": 35,
      "시": 6,
      "때문": 11,
      "절": 6,
      "장": 5
    },
    "NNG": {
      "하나님": 142,
      "하루": 69,
      "충성": 37,
      "뜻": 40,
      "사울": 25,
      "말씀": 46,
      "일과": 8,
      "게으름": 7,
      "새벽": 16,
      "사무": 19,
      "기도": 32,
      "아침": 14,
      "교제": 9,
      "사명": 14,
      "감사": 23,
      "잠": 8,
      "피곤": 6,
      "자리": 19,
      "시작": 13,
      "오늘": 16,
      "사무엘": 8,
      "의미": 10,
      "복음": 9,
      "모습": 11,
      "순종": 10,
      "사람": 12,
      "주": 11,
      "은혜": 10,
      "예배": 7,
      "삶": 9,
      "마음": 9,
      "땅": 8,
      "소망": 8,
      "제목": 5,
      "이름": 8,
      "인도": 7,
      "왕": 5,
      "생각": 6,
      "증거": 6,
      "구원": 6,
      "절": 6,
      "진짜": 5,
      "사실": 5,
      "가운데": 5,
      "앞": 5
    },
    "NNP": {
      "예수": 32,
      "엘": 17,
      "이스라엘": 6
    },
    "VA": {
      "게으르": 15,
      "밤늦": 8,
      "게": 6,
      "늦": 6,
      "어떻": 18,
      "가깝": 7,
      "르": 5,
      "그렇": 17,
      "귀하": 9,
      "없": 14,
      "이렇": 9,
      "같": 5
    },
    "VV": {
      "되": 66,
      "있": 65,
      "쉬": 15,
      "일어나": 31,
      "가르치": 18,
      "전하": 22,
      "주어지": 13,
      "위하": 27,
      "주": 26,
      "으": 5,
      "따르": 19,
      "달리": 12,
      "닮": 7,
      "보내": 14,
      "사라지": 8,
      "보": 16,
      "살아가": 12,
      "알": 12,
      "나아가": 10,
      "듣": 8,
      "나가": 8,
      "그러": 7,
      "나누": 6,
      "모르": 5,
      "맡기": 5
    }
  },
  "tfidf": {
    "MAG": {
      "일찍": 0.024698638935823376,
      "헛되이": 0.009798685667721584,
      "지금": 0.008943486031423352,
      "이제": 0.0072760746482414965,
      "언제나": 0.006730960727247643,
      "그냥": 0.006029443347956456,
      "정말": 0.005954912803062527,
      "안": 0.0055709820214713095,
      "먼저": 0.0045972103478546435,
      "항상": 0.004589486011096611,
      "다": 0.004269410132329252,
      "막": 0.0038985535469644385,
      "잘": 0.002578959817714342
    },
    "NNB": {
      "거": 0.028498511271799233,
      "수": 0.014887282007656316,
      "시": 0.007975970423762985,
      "때문": 0.0046963511455621765,
      "절": 0.0026034058170678535,
      "장": 0.002126754572522331
    },
    "NNG": {
      "하나님": 0.0603998298596342,
      "하루": 0.051037011248317964,
      "충성": 0.034764582218616794,
      "뜻": 0.021109483199185177,
      "사울": 0.021081337775734697,
      "말씀": 0.019566142067205444,
      "일과": 0.0180066490731794,
      "게으름": 0.01670400003934237,
      "새벽": 0.015656503883368544,
      "사무": 0.0151328260634196,
      "기도": 0.013611229264142918,
      "아침": 0.013512079871839016,
      "교제": 0.010032435390314171,
      "사명": 0.009821703024509458,
      "감사": 0.009783071033602722,
      "잠": 0.009161674165597112,
      "피곤": 0.009050951619193792,
      "자리": 0.008850927426267361,
      "시작": 0.008256493763503953,
      "오늘": 0.006805614632071459,
      "사무엘": 0.0067347418181338894,
      "의미": 0.005657275204196464,
      "복음": 0.005585733898087776,
      "모습": 0.005469485137313046,
      "순종": 0.005414151368211996,
      "사람": 0.005104210974053594,
      "주": 0.004678860059549128,
      "은혜": 0.004437297976738566,
      "예배": 0.004421646340396398,
      "삶": 0.004038576436348586,
      "마음": 0.003914837214269604,
      "땅": 0.0035542604837884217,
      "소망": 0.0035146669332218623,
      "제목": 0.003507751080181949,
      "이름": 0.0034112825565715075,
      "인도": 0.003200389486527622,
      "왕": 0.0030699542826401614,
      "생각": 0.0027125857590725865,
      "증거": 0.002606646586375746,
      "구원": 0.0025808349328574256,
      "절": 0.0025584619174286306,
      "진짜": 0.002470526056053628,
      "사실": 0.0024243907421207063,
      "가운데": 0.002238071539545958,
      "앞": 0.00219393497088094
    },
    "NNP": {
      "예수": 0.013611229264142918,
      "엘": 0.013101522452483439,
      "이스라엘": 0.0031907670729362852
    },
    "VA": {
      "게으르": 0.028274156089903135,
      "밤늦": 0.0180066490731794,
      "게": 0.0128895157964195,
      "늦": 0.008347321126454364,
      "어떻": 0.007665845169791444,
      "가깝": 0.0076038306358574784,
      "르": 0.0073489850373919755,
      "그렇": 0.007230965546575925,
      "귀하": 0.007168180766882969,
      "없": 0.005954912803062527,
      "이렇": 0.003832922584895722,
      "같": 0.0021912066131334093
    },
    "VV": {
      "되": 0.028073160357294766,
      "있": 0.027647809442790303,
      "쉬": 0.0156179429229221,
      "일어나": 0.014586087391589219,
      "가르치": 0.013723529233415596,
      "전하": 0.012758781587632956,
      "주어지": 0.011857713194849956,
      "위하": 0.01158490171862879,
      "주": 0.01105912377711612,
      "으": 0.009685463745746102,
      "따르": 0.009615666670327152,
      "달리": 0.009051793483138398,
      "닮": 0.008927162785473739,
      "보내": 0.008380542455109077,
      "사라지": 0.0069799901313321,
      "보": 0.006805614632071459,
      "살아가": 0.005278565302312134,
      "알": 0.005155253509151426,
      "나아가": 0.00431210568925614,
      "듣": 0.004018137412870386,
      "나가": 0.0040029575781085815,
      "그러": 0.0029811620104744506,
      "나누": 0.0029534622976349224,
      "모르": 0.0025756904018936566,
      "맡기": 0.0025594182905888502
    }
  }
}