{
  "scope": "sermon",
  "idf_scope": "church",
  "church": "T-TQ",
  "sermon": "T-TQ-0341",
  "document_unit": "sermon_json",
  "document_count": 803,
  "min_count": 5,
  "freq": {
    "MAG": {
      "정말": 42,
      "갑자기": 5,
      "지금": 11,
      "이제": 10,
      "잘못": 7,
      "잘": 7,
      "다": 8,
      "막": 7,
      "가장": 6,
      "그냥": 6
    },
    "NNB": {
      "거": 65,
      "수": 26,
      "때문": 25,
      "중": 9,
      "절": 6,
      "장": 6
    },
    "NNG": {
      "조롱": 46,
      "하나님": 93,
      "사울": 35,
      "사람": 58,
      "예언": 17,
      "지파": 16,
      "말씀": 44,
      "선지자": 16,
      "멸시": 15,
      "무시": 14,
      "예수": 12,
      "고난": 15,
      "모습": 21,
      "삶": 23,
      "귀": 8,
      "눈치": 5,
      "사랑": 14,
      "말": 15,
      "믿음": 14,
      "마음": 14,
      "신앙": 10,
      "성령": 9,
      "이전": 10,
      "나중": 7,
      "중요": 12,
      "소망": 13,
      "죄": 11,
      "스도인": 5,
      "의미": 9,
      "수": 6,
      "기도": 11,
      "은혜": 10,
      "세상": 10,
      "아들": 7,
      "오늘": 10,
      "뜻": 8,
      "어려움": 5,
      "땅": 9,
      "인정": 5,
      "자녀": 7,
      "증거": 8,
      "마지막": 5,
      "필요": 5,
      "주": 7,
      "교회": 5,
      "진짜": 5,
      "승리": 5,
      "마찬가지": 5,
      "생각": 5
    },
    "NNP": {
      "베냐민": 10,
      "예수": 30,
      "그리스도": 13
    },
    "VA": {
      "저렇": 9,
      "그렇": 18,
      "없": 16,
      "괜찮": 8,
      "이렇": 14,
      "어떻": 12,
      "똑같": 5
    },
    "VV": {
      "받": 53,
      "되": 53,
      "있": 47,
      "미치": 7,
      "보": 20,
      "놀라": 6,
      "저러": 5,
      "살아가": 14,
      "위하": 14,
      "전하": 10,
      "살": 11,
      "나아가": 11,
      "주": 10,
      "드러나": 5,
      "따르": 8,
      "보이": 8,
      "그러": 8,
      "드리": 7,
      "읽": 7,
      "기뻐하": 5,
      "통하": 6,
      "믿": 6,
      "지키": 5,
      "듣": 5,
      "알": 5
    }
  },
  "tfidf": {
    "MAG": {
      "정말": 0.019990480723465015,
      "갑자기": 0.005775604665097765,
      "지금": 0.0052421180902209675,
      "이제": 0.004789330430331707,
      "잘못": 0.004501207204583762,
      "잘": 0.004040165799155157,
      "다": 0.003821945062772421,
      "막": 0.003817140392812575,
      "가장": 0.0036678842774339596,
      "그냥": 0.0028915253915235526
    },
    "NNB": {
      "거": 0.03093764873869586,
      "수": 0.012375059495478343,
      "때문": 0.011943578321163816,
      "중": 0.006629251200535217,
      "절": 0.002913187565886018,
      "장": 0.0028557829604950024
    },
    "NNG": {
      "조롱": 0.0624714891301592,
      "하나님": 0.044264635887672536,
      "사울": 0.03302575685628423,
      "사람": 0.02760590195145169,
      "예언": 0.024409851209038567,
      "지파": 0.024041883111095366,
      "말씀": 0.020942408376963352,
      "선지자": 0.019098073061489817,
      "멸시": 0.016136984580375005,
      "무시": 0.015149445091691409,
      "예수": 0.014586201801782224,
      "고난": 0.013606192909442377,
      "모습": 0.011684217503105984,
      "삶": 0.011548889081531392,
      "귀": 0.008883438341768505,
      "눈치": 0.008329234952766636,
      "사랑": 0.0073526828179629146,
      "말": 0.00716614699269829,
      "믿음": 0.00706487587833472,
      "마음": 0.006814371572820865,
      "신앙": 0.006752074427989848,
      "성령": 0.006684884118070343,
      "이전": 0.006592815167810496,
      "나중": 0.006474903641347784,
      "중요": 0.006397626932496929,
      "소망": 0.006390930835320072,
      "죄": 0.006174559835894329,
      "스도인": 0.006119955870447908,
      "의미": 0.005697395813688386,
      "수": 0.005407543603275377,
      "기도": 0.005235602094240838,
      "은혜": 0.004965296308097271,
      "세상": 0.004897782576579154,
      "아들": 0.004828778661617029,
      "오늘": 0.00475963826749167,
      "뜻": 0.004724264160046107,
      "어려움": 0.004640186475487225,
      "땅": 0.004474333506454022,
      "인정": 0.004188505772939248,
      "자녀": 0.004149584049190709,
      "증거": 0.0038890852765790123,
      "마지막": 0.0036625333192115347,
      "필요": 0.0036172978026832708,
      "주": 0.0033317467872441696,
      "교회": 0.003072356817334028,
      "진짜": 0.0027644963149843307,
      "승리": 0.0025933573773587095,
      "마찬가지": 0.0025548169539413353,
      "생각": 0.0025294657780341304
    },
    "NNP": {
      "베냐민": 0.01797989654331661,
      "예수": 0.014278914802475012,
      "그리스도": 0.006249405560851778
    },
    "VA": {
      "저렇": 0.008817461868737938,
      "그렇": 0.008567348881485007,
      "없": 0.007615421227986673,
      "괜찮": 0.0075109816954697555,
      "이렇": 0.006671786660281231,
      "어떻": 0.005718674280241055,
      "똑같": 0.0035389427700881575
    },
    "VV": {
      "받": 0.02544667457905941,
      "되": 0.025226082817705855,
      "있": 0.02237029985721085,
      "미치": 0.01085743802586843,
      "보": 0.00951927653498334,
      "놀라": 0.008059204622722657,
      "저러": 0.006966742823372704,
      "살아가": 0.006891111310499032,
      "위하": 0.006721763096355316,
      "전하": 0.006489527824958911,
      "살": 0.005634633773818884,
      "나아가": 0.005307727997613186,
      "주": 0.00475963826749167,
      "드러나": 0.004725884803719099,
      "따르": 0.00453046065120652,
      "보이": 0.004191043471282045,
      "그러": 0.003812449520160703,
      "드리": 0.0034241845313829544,
      "읽": 0.003394493402347285,
      "기뻐하": 0.003283391220734055,
      "통하": 0.003162991328756231,
      "믿": 0.0029350153126139608,
      "지키": 0.0028894967931339275,
      "듣": 0.0028101621423305204,
      "알": 0.0024036175234045296
    }
  }
}