{
  "scope": "sermon",
  "idf_scope": "church",
  "church": "T-TQ",
  "sermon": "T-TQ-0558",
  "document_unit": "sermon_json",
  "document_count": 803,
  "min_count": 5,
  "freq": {
    "MAG": {
      "따로": 9,
      "지금": 23,
      "분명히": 15,
      "막": 13,
      "다": 12,
      "이제": 11,
      "더": 9,
      "안": 7,
      "그냥": 6,
      "잘": 5,
      "정말": 6,
      "언제나": 5
    },
    "NNB": {
      "거": 93,
      "수": 44,
      "때문": 15,
      "장": 10,
      "분": 6,
      "번": 6
    },
    "NNG": {
      "하나님": 145,
      "약속": 42,
      "장군": 13,
      "광장": 10,
      "말씀": 50,
      "신분": 12,
      "죄수": 12,
      "소원": 9,
      "성취": 12,
      "옥중": 6,
      "군인": 7,
      "감옥": 11,
      "도구": 8,
      "자유": 12,
      "비굴": 5,
      "상황": 19,
      "인생": 19,
      "안전": 9,
      "바": 11,
      "믿음": 19,
      "과정": 8,
      "구원": 19,
      "순간": 16,
      "부활": 10,
      "복음": 12,
      "군사": 6,
      "실패": 6,
      "증거": 17,
      "이동": 5,
      "애굽": 6,
      "말": 16,
      "아들": 11,
      "사용": 7,
      "민족": 6,
      "승리": 13,
      "기도": 14,
      "기록": 5,
      "왕": 8,
      "은혜": 11,
      "소망": 10,
      "유대인": 5,
      "끝": 7,
      "절": 9,
      "길": 8,
      "십자가": 6,
      "뜻": 7,
      "마음": 8,
      "사람": 7,
      "역사": 6,
      "나라": 5,
      "허락": 5,
      "힘": 5,
      "순종": 5,
      "날": 5,
      "오늘": 6,
      "주": 6,
      "사랑": 5,
      "자리": 5,
      "마찬가지": 5,
      "안": 5,
      "장": 5
    },
    "NNP": {
      "로마": 43,
      "에스더": 18,
      "바울": 47,
      "모르드개": 10,
      "압비오": 7,
      "요셉": 10,
      "울": 12,
      "예수": 23,
      "창세기": 5,
      "그리스도": 6
    },
    "VA": {
      "이렇": 19,
      "어떻": 13,
      "그렇": 13,
      "없": 13,
      "같": 8,
      "많": 6
    },
    "VV": {
      "있": 99,
      "되": 48,
      "들어가": 23,
      "주": 29,
      "보": 28,
      "꼬이": 6,
      "갇히": 11,
      "이루어지": 12,
      "위하": 21,
      "받": 19,
      "지키": 14,
      "믿": 16,
      "붙": 5,
      "나아가": 13,
      "이루": 8,
      "죽": 9,
      "내": 8,
      "전하": 7,
      "알": 9,
      "그러": 9,
      "통하": 8,
      "두": 5,
      "얻": 6,
      "만들": 5,
      "보이": 7,
      "보내": 5,
      "바라": 6,
      "듣": 5,
      "살": 5,
      "읽": 5
    }
  },
  "tfidf": {
    "MAG": {
      "따로": 0.01435812365904671,
      "지금": 0.009407117961740485,
      "분명히": 0.007859799528858161,
      "막": 0.006084124390107952,
      "다": 0.004920285892699054,
      "이제": 0.004521495734289055,
      "더": 0.004006355771934301,
      "안": 0.002880896528637297,
      "그냥": 0.002481656391989781,
      "잘": 0.0024767706419307266,
      "정말": 0.0024509803921568627,
      "언제나": 0.002154750635860459
    },
    "NNB": {
      "거": 0.03799019607843137,
      "수": 0.017973856209150325,
      "때문": 0.006150357365873818,
      "장": 0.004084967320261438,
      "분": 0.0027904875836655923,
      "번": 0.0026509770683403907
    },
    "NNG": {
      "하나님": 0.05923202614379085,
      "약속": 0.028379472687694786,
      "장군": 0.026820688404545833,
      "광장": 0.020934027417146363,
      "말씀": 0.02042483660130719,
      "신분": 0.017463063157518995,
      "죄수": 0.016465029063199195,
      "소원": 0.013673924101569281,
      "성취": 0.012605909101775545,
      "옥중": 0.011902906679222428,
      "군인": 0.011512362484209657,
      "감옥": 0.011449057532450724,
      "도구": 0.01042414901584543,
      "자유": 0.009767185209184128,
      "비굴": 0.009691912357051729,
      "상황": 0.00921134609558967,
      "인생": 0.008792319177858478,
      "안전": 0.008718673806377758,
      "바": 0.008605198104567049,
      "믿음": 0.008228956004529752,
      "과정": 0.007965117127883453,
      "구원": 0.007848809614366035,
      "순간": 0.007516426886021547,
      "부활": 0.007288551556880704,
      "복음": 0.0071525383411788455,
      "군사": 0.007113008643129707,
      "실패": 0.007113008643129707,
      "증거": 0.007092854310844188,
      "이동": 0.00680737426979039,
      "애굽": 0.00668322215421338,
      "말": 0.006560381190265406,
      "아들": 0.006512482705919184,
      "사용": 0.0063164715771482135,
      "민족": 0.005885618231579489,
      "승리": 0.005786958337238434,
      "기도": 0.005718954248366013,
      "기록": 0.004956922141082682,
      "왕": 0.004717295763717006,
      "은혜": 0.004687621036619119,
      "소망": 0.0042192514093160735,
      "유대인": 0.0041042211196117215,
      "끝": 0.0036963591902531615,
      "절": 0.0036856274312957785,
      "길": 0.003665102476362715,
      "십자가": 0.003600512497743204,
      "뜻": 0.003547781505402272,
      "마음": 0.003341968878267189,
      "사람": 0.0028594771241830064,
      "역사": 0.0027939914876106767,
      "나라": 0.002716555148093523,
      "허락": 0.002709499929817201,
      "힘": 0.002636855258667808,
      "순종": 0.0025998100217864387,
      "날": 0.0024925427949003143,
      "오늘": 0.0024509803921568627,
      "주": 0.0024509803921568627,
      "사랑": 0.0022537328723943864,
      "자리": 0.0022368991205661518,
      "마찬가지": 0.0021926758252576576,
      "안": 0.0021926758252576576,
      "장": 0.0021175168297091897
    },
    "NNP": {
      "로마": 0.042629530413311065,
      "에스더": 0.033173128226698684,
      "바울": 0.027492152377829822,
      "모르드개": 0.020631298772727565,
      "압비오": 0.020006194697848506,
      "요셉": 0.011923670934286363,
      "울": 0.009605389638261725,
      "예수": 0.009395424836601307,
      "창세기": 0.0052281465568952065,
      "그리스도": 0.0024754904003298616
    },
    "VA": {
      "이렇": 0.007771097446655184,
      "어떻": 0.005317066674027231,
      "그렇": 0.0053104575163398695,
      "없": 0.0053104575163398695,
      "같": 0.0033670109460631663,
      "많": 0.0027975004078838084
    },
    "VV": {
      "있": 0.04044117647058824,
      "되": 0.0196078431372549,
      "들어가": 0.013562225320686391,
      "주": 0.01184640522875817,
      "보": 0.011437908496732025,
      "꼬이": 0.0106798891152053,
      "갇히": 0.0104833100243368,
      "이루어지": 0.008964769831926964,
      "위하": 0.008653446241079976,
      "받": 0.007829308503834263,
      "지키": 0.00694376296350011,
      "믿": 0.006717284500873564,
      "붙": 0.005702123098913511,
      "나아가": 0.005383614631565989,
      "이루": 0.004933276521328084,
      "죽": 0.004655707006049436,
      "내": 0.004165040228782258,
      "전하": 0.003898753501702235,
      "알": 0.003713235600494792,
      "그러": 0.003681046158941929,
      "통하": 0.0036195233015886936,
      "두": 0.0034889400692902084,
      "얻": 0.0034816249643938846,
      "만들": 0.003255258796459848,
      "보이": 0.0031473486689208045,
      "보내": 0.0028744536811334963,
      "바라": 0.002674240785697183,
      "듣": 0.0024118262504233758,
      "살": 0.00219815165604454,
      "읽": 0.002080949649373146
    }
  }
}