{
  "scope": "sermon",
  "idf_scope": "church",
  "church": "T-TQ",
  "sermon": "T-TQ-0620",
  "document_unit": "sermon_json",
  "document_count": 803,
  "min_count": 5,
  "freq": {
    "MAG": {
      "가장": 22,
      "안": 24,
      "다": 23,
      "못": 17,
      "지금": 19,
      "다시": 16,
      "그냥": 14,
      "이제": 12,
      "자꾸": 6,
      "더": 8,
      "아무리": 5,
      "정말": 7,
      "이미": 5
    },
    "NNB": {
      "거": 85,
      "수": 53,
      "명": 20,
      "뻔": 7,
      "중": 12,
      "때문": 18,
      "절": 15,
      "장": 15,
      "번": 5
    },
    "NNG": {
      "지파": 56,
      "하나님": 132,
      "해결": 23,
      "과거": 24,
      "말씀": 49,
      "기브아": 9,
      "사울": 20,
      "사람": 36,
      "몰살": 5,
      "문제": 20,
      "자손": 13,
      "의인": 11,
      "염려": 12,
      "말": 27,
      "첩": 6,
      "사건": 10,
      "지혜": 11,
      "미디안": 6,
      "걱정": 12,
      "능력": 18,
      "죄": 19,
      "용사": 5,
      "세상": 19,
      "전쟁": 9,
      "성읍": 5,
      "사함": 5,
      "권세": 10,
      "오늘": 16,
      "감옥": 6,
      "믿음": 14,
      "요구": 5,
      "광야": 5,
      "아무것": 9,
      "주": 13,
      "왕": 9,
      "안": 12,
      "상관": 5,
      "필요": 8,
      "사무": 6,
      "길": 10,
      "상황": 9,
      "인생": 9,
      "절": 10,
      "승리": 9,
      "장": 9,
      "사도": 6,
      "앞": 8,
      "이름": 8,
      "당시": 5,
      "회개": 5,
      "은혜": 7,
      "소망": 7,
      "마음": 7,
      "역사": 6,
      "힘": 5,
      "백성": 5,
      "속": 5,
      "생각": 5
    },
    "NNP": {
      "베냐민": 43,
      "이스라엘": 43,
      "사사기": 8,
      "레위": 6,
      "예수": 21,
      "다윗": 6,
      "엘": 6,
      "바울": 7
    },
    "VA": {
      "없": 48,
      "약하": 9,
      "작": 8,
      "보잘것없": 6,
      "이렇": 18,
      "그렇": 15,
      "어떻": 14,
      "상관없": 7,
      "좋": 5
    },
    "VV": {
      "있": 76,
      "되": 56,
      "택하": 21,
      "일어나": 31,
      "믿": 27,
      "보": 23,
      "주": 16,
      "바라보": 12,
      "그러": 13,
      "이르": 9,
      "망하": 6,
      "걷": 5,
      "무너지": 6,
      "인하": 5,
      "죽이": 5,
      "나아가": 8,
      "따라가": 5,
      "대하": 6,
      "맡기": 6,
      "따르": 6,
      "받": 6,
      "보이": 5,
      "알": 5
    }
  },
  "tfidf": {
    "MAG": {
      "가장": 0.010519790709329393,
      "안": 0.00900215045476537,
      "다": 0.00859492978724645,
      "못": 0.007520946826826438,
      "지금": 0.007082519191888268,
      "다시": 0.006564701440680092,
      "그냥": 0.005277446504484598,
      "이제": 0.004495480223735034,
      "자꾸": 0.00415633727081629,
      "더": 0.0032456553089088005,
      "아무리": 0.0027719473103802613,
      "정말": 0.0026061057334326137,
      "이미": 0.0024662109313608625
    },
    "NNB": {
      "거": 0.03164556962025317,
      "수": 0.019731943410275503,
      "명": 0.013789045584609283,
      "뻔": 0.00849273167995144,
      "중": 0.006913902592367581,
      "때문": 0.00672646679001896,
      "절": 0.005696767568807264,
      "장": 0.005584512285927029,
      "번": 0.0020134003050686516
    },
    "NNG": {
      "지파": 0.06581980173396865,
      "하나님": 0.049143708116157855,
      "해결": 0.021474222462545895,
      "과거": 0.021411417225207514,
      "말씀": 0.018242740134028296,
      "기브아": 0.017439401926477548,
      "사울": 0.01476164560260678,
      "사람": 0.01340282948622487,
      "몰살": 0.012269149256349324,
      "문제": 0.012123174610952714,
      "자손": 0.012110489584287695,
      "의인": 0.011717848417961026,
      "염려": 0.010097931378516122,
      "말": 0.01008970018502844,
      "첩": 0.010077912372667955,
      "사건": 0.009193013567016534,
      "지혜": 0.008928637475078511,
      "미디안": 0.008827839875418313,
      "걱정": 0.008827400433371246,
      "능력": 0.008673893551430866,
      "죄": 0.008342322280141666,
      "용사": 0.00804598555322504,
      "세상": 0.0072790239268229065,
      "전쟁": 0.006631627053699504,
      "성읍": 0.006228208948855701,
      "사함": 0.006204189207910229,
      "권세": 0.006185110755578065,
      "오늘": 0.005956813104988831,
      "감옥": 0.00569159131647723,
      "믿음": 0.0055261743188314396,
      "요구": 0.005481509941950328,
      "광야": 0.005210815601186174,
      "아무것": 0.004928887693739812,
      "주": 0.004839910647803425,
      "왕": 0.004836720972925031,
      "안": 0.004796131425373711,
      "상관": 0.004689343399368605,
      "필요": 0.00452714381738648,
      "사무": 0.004182773140467078,
      "길": 0.0041754332009195485,
      "상황": 0.003976650413019391,
      "인생": 0.0037957513839122544,
      "절": 0.003732280943084333,
      "승리": 0.0036513622225224003,
      "장": 0.0034737997611431768,
      "사도": 0.003433060106794182,
      "앞": 0.003072489123777269,
      "이름": 0.002985824754467466,
      "당시": 0.0029090284532106883,
      "회개": 0.0027833095273162587,
      "은혜": 0.002718712315829731,
      "소망": 0.00269177558265228,
      "마음": 0.002665114421909277,
      "역사": 0.002546422621619857,
      "힘": 0.0024032098560010404,
      "백성": 0.002397025451324983,
      "속": 0.0021624001332025615,
      "생각": 0.0019785583021778514
    },
    "NNP": {
      "베냐민": 0.060474973693702624,
      "이스라엘": 0.02001515361779274,
      "사사기": 0.009308268288045063,
      "레위": 0.008308207049054753,
      "예수": 0.00781831720029784,
      "다윗": 0.0049909415200772855,
      "엘": 0.004047349562321654,
      "바울": 0.003731765364510162
    },
    "VA": {
      "없": 0.017870439314966492,
      "약하": 0.008291873270338729,
      "작": 0.008142285067990189,
      "보잘것없": 0.007125367681717129,
      "이렇": 0.006709755023894148,
      "그렇": 0.005584512285927029,
      "어떻": 0.005218698351917672,
      "상관없": 0.0048110141344129735,
      "좋": 0.0020412411300009857
    },
    "VV": {
      "있": 0.028294862248696945,
      "되": 0.02084884586746091,
      "택하": 0.016320584294223596,
      "일어나": 0.012766899276852664,
      "믿": 0.010331013504508076,
      "보": 0.008562918838421444,
      "주": 0.005956813104988831,
      "바라보": 0.005445121811152782,
      "그러": 0.004845934183923551,
      "이르": 0.00447979480853857,
      "망하": 0.0041894312822499625,
      "걷": 0.00407360584258049,
      "무너지": 0.003570266687493525,
      "인하": 0.0035248352911645465,
      "죽이": 0.00328122346092434,
      "나아가": 0.0030194372227672923,
      "따라가": 0.0027088394330986505,
      "대하": 0.0026916545797700253,
      "맡기": 0.00268824679129161,
      "따르": 0.0026578084032534153,
      "받": 0.002253338623355364,
      "보이": 0.0020489069092432003,
      "알": 0.0018801192913897682
    }
  }
}