{
  "scope": "sermon",
  "idf_scope": "church",
  "church": "T-TQ",
  "sermon": "T-TQ-0278",
  "document_unit": "sermon_json",
  "document_count": 803,
  "min_count": 5,
  "freq": {
    "MAG": {
      "지금": 37,
      "안": 16,
      "정말": 13,
      "잘못": 9,
      "그냥": 11,
      "다시": 10,
      "다": 10,
      "못": 8
    },
    "NNB": {
      "거": 58,
      "수": 44,
      "명": 11,
      "때문": 15,
      "장": 6
    },
    "NNG": {
      "꿀": 32,
      "하나님": 116,
      "은혜": 58,
      "지도자": 23,
      "예비": 17,
      "리더": 12,
      "금식": 11,
      "나중": 16,
      "명령": 13,
      "수풀": 5,
      "말씀": 25,
      "교사": 5,
      "사울": 11,
      "맹세": 6,
      "인생": 19,
      "거부": 6,
      "기도": 21,
      "사람": 21,
      "백성": 16,
      "전쟁": 10,
      "고집": 6,
      "핑계": 7,
      "기회": 8,
      "이전": 11,
      "입": 7,
      "지금": 10,
      "회개": 8,
      "준비": 6,
      "마지막": 7,
      "땅": 10,
      "손": 6,
      "말": 8,
      "중심": 5,
      "가운데": 7,
      "복음": 5,
      "구원": 7,
      "나라": 5,
      "인도": 6,
      "어제": 5,
      "모습": 5,
      "중요": 5,
      "승리": 5,
      "절": 5,
      "오늘": 5
    },
    "NNP": {
      "예수": 22,
      "이스라엘": 10
    },
    "VA": {
      "없": 22,
      "어떻": 21,
      "그렇": 18,
      "이렇": 14,
      "수많": 5
    },
    "VV": {
      "있": 63,
      "놓치": 30,
      "되": 55,
      "뽑히": 9,
      "먹": 18,
      "주": 26,
      "흐르": 6,
      "대": 8,
      "막": 8,
      "내리": 9,
      "헤매": 5,
      "찾": 9,
      "보": 14,
      "위하": 13,
      "받": 12,
      "보이": 10,
      "들어가": 7,
      "만들": 6,
      "드리": 8,
      "믿": 8,
      "잡": 5,
      "무너지": 5,
      "나아가": 7,
      "죽": 5,
      "원하": 5,
      "듣": 5,
      "살아가": 5,
      "그러": 5
    }
  },
  "tfidf": {
    "MAG": {
      "지금": 0.018044836114754784,
      "안": 0.007851851314011945,
      "정말": 0.0063321967851924016,
      "잘못": 0.005922575118744302,
      "그냥": 0.005425072521797436,
      "다시": 0.005367994419650124,
      "다": 0.0048891296741870776,
      "못": 0.004630529366346136
    },
    "NNB": {
      "거": 0.0282513395031661,
      "수": 0.02143205065757428,
      "명": 0.0099223366011414,
      "때문": 0.007333694511280617,
      "장": 0.0029225523623964927
    },
    "NNG": {
      "꿀": 0.06848533701977029,
      "하나님": 0.0565026790063322,
      "은혜": 0.029472044691286767,
      "지도자": 0.02684596796027906,
      "예비": 0.025136805466811754,
      "리더": 0.019710342848374023,
      "금식": 0.015245754510435522,
      "나중": 0.015145804801861184,
      "명령": 0.01249071134001251,
      "수풀": 0.012480881421620627,
      "말씀": 0.012177301509985387,
      "교사": 0.010792748979925682,
      "사울": 0.010622201192757426,
      "맹세": 0.010556439820574515,
      "인생": 0.010483973379151268,
      "거부": 0.010273391132829992,
      "기도": 0.010228933268387726,
      "사람": 0.010228933268387726,
      "백성": 0.010035515420958837,
      "전쟁": 0.009640390900166083,
      "고집": 0.00935498168372185,
      "핑계": 0.008687554792369287,
      "기회": 0.007803697663279674,
      "이전": 0.007421653742974592,
      "입": 0.0067370020680405165,
      "지금": 0.00600501516613153,
      "회개": 0.005826376534142403,
      "준비": 0.005642564525966933,
      "마지막": 0.005247430835425625,
      "땅": 0.005087716997921687,
      "손": 0.00439975755940034,
      "말": 0.003911303739349663,
      "중심": 0.003909156980282014,
      "가운데": 0.0035881094326651562,
      "복음": 0.0035536235304444337,
      "구원": 0.00344802731693738,
      "나라": 0.0032392240635815608,
      "인도": 0.0031413745805412728,
      "어제": 0.0030332879017986505,
      "모습": 0.0028469998578184857,
      "중요": 0.0027280025542247214,
      "승리": 0.0026539911591966143,
      "절": 0.002441526208749274,
      "오늘": 0.0024354603019970775
    },
    "NNP": {
      "예수": 0.01071602532878714,
      "이스라엘": 0.006089863117773345
    },
    "VA": {
      "없": 0.01071602532878714,
      "어떻": 0.01024166374080677,
      "그렇": 0.00876765708718948,
      "이렇": 0.006827775827204513,
      "수많": 0.005013121011586947
    },
    "VV": {
      "있": 0.030686799805163176,
      "놓치": 0.029165130984553336,
      "되": 0.02679006332196785,
      "뽑히": 0.016925777327914684,
      "먹": 0.013934264836268993,
      "주": 0.012664393570384803,
      "흐르": 0.010228771146086333,
      "대": 0.010139319762090919,
      "막": 0.00838680955542301,
      "내리": 0.008156786587490908,
      "헤매": 0.007561207478101301,
      "찾": 0.007066543220881339,
      "보": 0.006819288845591817,
      "위하": 0.006387569252339877,
      "받": 0.005896217771390655,
      "보이": 0.0053612897790815735,
      "들어가": 0.004921796164579555,
      "만들": 0.004657890034330467,
      "드리": 0.004004849600131146,
      "믿": 0.004004849600131146,
      "잡": 0.003937054883289238,
      "무너지": 0.0038925703533883786,
      "나아가": 0.0034566158464728832,
      "죽": 0.003084150768741955,
      "원하": 0.0030255562752989603,
      "듣": 0.0028758649103928025,
      "살아가": 0.0025186529927211858,
      "그러": 0.002438491366858755
    }
  }
}