{
  "scope": "sermon",
  "idf_scope": "church",
  "church": "T-TQ",
  "sermon": "T-TQ-0451",
  "document_unit": "sermon_json",
  "document_count": 803,
  "min_count": 5,
  "freq": {
    "MAG": {
      "분명히": 33,
      "언제나": 27,
      "더": 17,
      "지금": 17,
      "안": 13,
      "이제": 11,
      "다": 11,
      "잘": 9,
      "항상": 8,
      "정말": 7,
      "잘못": 5
    },
    "NNB": {
      "거": 70,
      "수": 51,
      "때문": 24,
      "쪽": 5,
      "장": 11,
      "바": 7,
      "번": 7,
      "절": 5
    },
    "NNG": {
      "아첨": 37,
      "하나님": 138,
      "악인": 22,
      "자리": 46,
      "말씀": 48,
      "술": 12,
      "두둔": 6,
      "사람": 36,
      "말": 31,
      "변호사": 6,
      "눈치": 8,
      "둘로": 5,
      "거짓": 13,
      "은사": 8,
      "사단": 13,
      "종교": 7,
      "마음": 19,
      "혀": 5,
      "지도자": 8,
      "길": 17,
      "재판장": 5,
      "대적": 10,
      "차별": 7,
      "입술": 8,
      "세상": 17,
      "지혜": 8,
      "이익": 6,
      "유혹": 6,
      "기도": 16,
      "삶": 15,
      "금지법": 5,
      "안": 14,
      "경외": 7,
      "영광": 10,
      "기준": 5,
      "영원": 6,
      "상황": 9,
      "모습": 9,
      "하늘": 6,
      "죄인": 5,
      "처음": 5,
      "증거": 8,
      "절": 8,
      "주": 8,
      "심판": 5,
      "악": 5,
      "사랑": 7,
      "순간": 6,
      "승리": 6,
      "믿음": 6,
      "앞": 6,
      "날": 5,
      "오늘": 6,
      "역사": 5,
      "인도": 5,
      "소망": 5,
      "감사": 5
    },
    "NNP": {
      "벨릭스": 6,
      "북한": 6,
      "잠언": 6,
      "예수": 11,
      "바울": 7
    },
    "VA": {
      "그렇": 22,
      "같": 18,
      "어떻": 18,
      "이렇": 13,
      "랍": 5,
      "없": 11,
      "올바르": 5,
      "기쁘": 6,
      "좋": 8
    },
    "VV": {
      "있": 99,
      "되": 76,
      "보": 37,
      "기뻐하": 22,
      "위하": 29,
      "썩": 10,
      "서": 20,
      "주": 23,
      "이기": 11,
      "돌아보": 7,
      "알": 12,
      "지나": 5,
      "대하": 8,
      "돌이키": 5,
      "돌리": 6,
      "쓰": 5,
      "살": 7,
      "향하": 5,
      "나아가": 7,
      "가지": 6,
      "러": 5,
      "믿": 6,
      "나누": 5,
      "살아가": 5,
      "읽": 5,
      "받": 5,
      "그러": 5
    }
  },
  "tfidf": {
    "MAG": {
      "분명히": 0.017334044366346647,
      "언제나": 0.011664242262721777,
      "더": 0.007586154418273631,
      "지금": 0.0069701709414199346,
      "안": 0.005363381954332125,
      "이제": 0.00453260506041753,
      "다": 0.004521343793291023,
      "잘": 0.0044691409322700874,
      "항상": 0.003927520834320915,
      "정말": 0.0028665028665028664,
      "잘못": 0.0027661858947088114
    },
    "NNB": {
      "거": 0.028665028665028666,
      "수": 0.020884520884520884,
      "때문": 0.00986475009445314,
      "쪽": 0.007734595134624939,
      "장": 0.0045045045045045045,
      "바": 0.004429932614812958,
      "번": 0.003100405613095887,
      "절": 0.0020886592533191795
    },
    "NNG": {
      "아첨": 0.08162142691189274,
      "하나님": 0.056511056511056514,
      "악인": 0.02475636798711407,
      "자리": 0.02063003572225333,
      "말씀": 0.019656019656019656,
      "술": 0.015898044092999795,
      "두둔": 0.015487235646336795,
      "사람": 0.014742014742014743,
      "말": 0.012741968872001973,
      "변호사": 0.012239678299942889,
      "눈치": 0.01146582973678146,
      "둘로": 0.01124564842719645,
      "거짓": 0.01103471180575804,
      "은사": 0.010918560008155201,
      "사단": 0.009257345338118802,
      "종교": 0.008156382178150134,
      "마음": 0.007956677747029253,
      "혀": 0.007861285150427739,
      "지도자": 0.007850268450301309,
      "길": 0.007807478739573646,
      "재판장": 0.007694049214690092,
      "대적": 0.007559602179146628,
      "차별": 0.0075122299216671354,
      "입술": 0.0075067537024118385,
      "세상": 0.007163558570338971,
      "지혜": 0.0071423781574151985,
      "이익": 0.007069815513038202,
      "유혹": 0.006804959074572092,
      "기도": 0.006552006552006552,
      "삶": 0.006480134590400987,
      "금지법": 0.006377740152898411,
      "안": 0.006154577058413631,
      "경외": 0.006080582865653188,
      "영광": 0.005390169859139859,
      "기준": 0.005089255901110097,
      "영원": 0.004920451874297657,
      "상황": 0.004373989766326816,
      "모습": 0.004308273249214755,
      "하늘": 0.004141799022290976,
      "죄인": 0.0039402296609216255,
      "처음": 0.003391713856224744,
      "증거": 0.0033460148100296913,
      "절": 0.003284162690622283,
      "주": 0.003276003276003276,
      "심판": 0.0032357733137072095,
      "악": 0.003181888571042644,
      "사랑": 0.003162978419439001,
      "순간": 0.002825585537005643,
      "승리": 0.002677466265273046,
      "믿음": 0.0026050024956794046,
      "앞": 0.0025346147992830912,
      "날": 0.002498666978671568,
      "오늘": 0.002457002457002457,
      "역사": 0.0023340469429671503,
      "인도": 0.0022008060380327714,
      "소망": 0.002114809060197737,
      "감사": 0.0020475020475020475
    },
    "NNP": {
      "벨릭스": 0.010088649461235517,
      "북한": 0.008126714089693083,
      "잠언": 0.006485855680416288,
      "예수": 0.0045045045045045045,
      "바울": 0.004104636269072192
    },
    "VA": {
      "그렇": 0.009009009009009009,
      "같": 0.007594388325518395,
      "어떻": 0.007380180996797578,
      "이렇": 0.005330130719909361,
      "랍": 0.004937519676389126,
      "없": 0.0045045045045045045,
      "올바르": 0.004335473458233419,
      "기쁘": 0.0041539624256321465,
      "좋": 0.003592316904296575
    },
    "VV": {
      "있": 0.04054054054054054,
      "되": 0.031122031122031123,
      "보": 0.015151515151515152,
      "기뻐하": 0.012429558477049098,
      "위하": 0.011979358362519978,
      "썩": 0.011493846628143307,
      "서": 0.011389435072260638,
      "주": 0.009418509418509418,
      "이기": 0.0058003696957287425,
      "돌아보": 0.005561606872602371,
      "알": 0.004963145372651516,
      "지나": 0.0040321201731604315,
      "대하": 0.0039474661213553305,
      "돌이키": 0.003921064135205893,
      "돌리": 0.0036988952782346022,
      "쓰": 0.0034514991852424804,
      "살": 0.0030849735280900274,
      "향하": 0.002975490743192592,
      "나아가": 0.002905991946277162,
      "가지": 0.0026608085576922623,
      "러": 0.002619624052442259,
      "믿": 0.002525170832023723,
      "나누": 0.002369502409821083,
      "살아가": 0.002117442503708679,
      "읽": 0.002086062547774554,
      "받": 0.0020654066142275825,
      "그러": 0.002050050276888216
    }
  }
}