{
  "scope": "sermon",
  "idf_scope": "church",
  "church": "T-TQ",
  "sermon": "T-TQ-0216",
  "document_unit": "sermon_json",
  "document_count": 803,
  "min_count": 5,
  "freq": {
    "MAG": {
      "이제": 16,
      "더욱": 5,
      "다시": 10,
      "가까이": 5,
      "더": 10,
      "못": 9,
      "다": 10,
      "정말": 10,
      "그냥": 9,
      "지금": 9,
      "아직": 5,
      "언제나": 7
    },
    "NNB": {
      "수": 72,
      "거": 66,
      "장": 10,
      "때문": 8,
      "번": 7,
      "분": 5
    },
    "NNG": {
      "기회": 71,
      "하나님": 100,
      "징조": 21,
      "삭개오": 15,
      "말씀": 56,
      "사람": 41,
      "기도": 39,
      "예배": 24,
      "키": 9,
      "통제": 6,
      "내년": 5,
      "성령": 17,
      "마지막": 16,
      "사울": 12,
      "오늘": 21,
      "지금": 17,
      "찬양": 11,
      "코로": 5,
      "능력": 14,
      "집": 9,
      "나무": 5,
      "삶": 14,
      "복음": 10,
      "증거": 13,
      "문": 5,
      "하루": 7,
      "구원": 11,
      "절": 11,
      "날": 9,
      "세상": 10,
      "자유": 5,
      "이전": 7,
      "낙심": 5,
      "모습": 8,
      "소망": 9,
      "의지": 7,
      "뜻": 7,
      "시대": 5,
      "마음": 8,
      "주": 8,
      "인생": 7,
      "승리": 7,
      "생각": 7,
      "은혜": 7,
      "상황": 6,
      "역사": 6,
      "안": 6,
      "믿음": 6,
      "말": 6,
      "감사": 6,
      "앞": 5
    },
    "NNP": {
      "예수": 33,
      "코": 5,
      "성령": 12
    },
    "VA": {
      "작": 11,
      "없": 23,
      "어떻": 20,
      "그렇": 12,
      "많": 7,
      "크": 5,
      "이렇": 6,
      "같": 5
    },
    "VV": {
      "있": 76,
      "되": 72,
      "놓치": 34,
      "잡": 26,
      "주": 29,
      "머뭇거리": 5,
      "모이": 13,
      "임하": 18,
      "지나가": 10,
      "만나": 15,
      "보": 17,
      "들어가": 11,
      "올라가": 7,
      "받": 15,
      "따르": 11,
      "보이": 11,
      "움직이": 6,
      "나아가": 11,
      "전하": 8,
      "깨닫": 8,
      "믿": 10,
      "먹": 6,
      "행하": 6,
      "살아가": 8,
      "부르": 6,
      "이기": 5,
      "나오": 5,
      "나누": 5,
      "일어나": 5,
      "드리": 5,
      "그러": 5
    }
  },
  "tfidf": {
    "MAG": {
      "이제": 0.0072456404926206424,
      "더욱": 0.007177744371846763,
      "다시": 0.004959717616355403,
      "가까이": 0.0049334631950624765,
      "더": 0.004904269891836768,
      "못": 0.004813135188005038,
      "다": 0.004517274176915423,
      "정말": 0.004500450045004501,
      "그냥": 0.004101099132037118,
      "지금": 0.004055445993289758,
      "아직": 0.003521412867427457,
      "언제나": 0.003323474968146249
    },
    "NNB": {
      "수": 0.032403240324032405,
      "거": 0.0297029702970297,
      "장": 0.004500450045004501,
      "때문": 0.0036138193415323388,
      "번": 0.0034073764658776582,
      "분": 0.0025619237941844324
    },
    "NNG": {
      "기회": 0.06399023303851457,
      "하나님": 0.045004500450045004,
      "징조": 0.0402195559669533,
      "삭개오": 0.03239802550370928,
      "말씀": 0.025202520252025202,
      "사람": 0.01845184518451845,
      "기도": 0.01755175517551755,
      "예배": 0.016040052276618644,
      "키": 0.014300830635631707,
      "통제": 0.012959210201483712,
      "내년": 0.012359078964542634,
      "성령": 0.01193939424168009,
      "마지막": 0.011081882993574703,
      "사울": 0.010706511275049995,
      "오늘": 0.009450945094509451,
      "지금": 0.00943208975306735,
      "찬양": 0.008260276830838811,
      "코로": 0.008245381589657555,
      "능력": 0.008155142841984356,
      "집": 0.006980680814805341,
      "나무": 0.00668564445968468,
      "삶": 0.006646949936292498,
      "복음": 0.006566686865888769,
      "증거": 0.00597561803325847,
      "문": 0.005556353384564899,
      "하루": 0.005478261483410745,
      "구원": 0.005006223537250666,
      "절": 0.004962825056002236,
      "날": 0.004942907547906726,
      "세상": 0.004631071644191181,
      "자유": 0.00448358636965248,
      "이전": 0.004363660336318135,
      "낙심": 0.004316287457355874,
      "모습": 0.004208742184051378,
      "소망": 0.0041835529725495835,
      "의지": 0.004082835106479902,
      "뜻": 0.003908626969048048,
      "시대": 0.003907191572662425,
      "마음": 0.0036818811044095757,
      "주": 0.0036003600360036,
      "인생": 0.0035687427502909394,
      "승리": 0.0034329889242857375,
      "생각": 0.0033484116289422107,
      "은혜": 0.003286436219765372,
      "상황": 0.00320470537334836,
      "역사": 0.003078168839635885,
      "안": 0.002898831910115614,
      "믿음": 0.0028629235348555833,
      "말": 0.0027103645061492543,
      "감사": 0.0027002700270027003,
      "앞": 0.0023213056330067916
    },
    "NNP": {
      "예수": 0.01485148514851485,
      "코": 0.011531615462910507,
      "성령": 0.009577302645750843
    },
    "VA": {
      "작": 0.013533525799889631,
      "없": 0.010351035103510351,
      "어떻": 0.009012102207310574,
      "그렇": 0.0054005400540054005,
      "많": 0.003595707094921763,
      "크": 0.0028422835547283433,
      "이렇": 0.002703630662193172,
      "같": 0.0023184188782523155
    },
    "VV": {
      "있": 0.034203420342034205,
      "되": 0.032403240324032405,
      "놓치": 0.030539821076864565,
      "잡": 0.01891558195861503,
      "주": 0.013051305130513051,
      "머뭇거리": 0.012624117298602903,
      "모이": 0.012148571159442687,
      "임하": 0.01144608642532484,
      "지나가": 0.010332906043324055,
      "만나": 0.009627819576422204,
      "보": 0.00765076507650765,
      "들어가": 0.007146002493551504,
      "올라가": 0.006817742713920016,
      "받": 0.006809706955819653,
      "따르": 0.005890159547144121,
      "보이": 0.00544887520616558,
      "움직이": 0.005162773031385175,
      "나아가": 0.005018693304673853,
      "전하": 0.0049089101567015925,
      "깨닫": 0.0047699316375411525,
      "믿": 0.0046253129101424635,
      "먹": 0.004291486004929529,
      "행하": 0.003988280396293739,
      "살아가": 0.0037233444421649643,
      "부르": 0.003419493174560162,
      "이기": 0.0028975744204585525,
      "나오": 0.002647095315631547,
      "나누": 0.0026041066088132695,
      "일어나": 0.0024891765234477986,
      "드리": 0.0023126564550712317,
      "그러": 0.0022530255518276436
    }
  }
}