{
  "scope": "sermon",
  "idf_scope": "church",
  "church": "T-TQ",
  "sermon": "T-TQ-0461",
  "document_unit": "sermon_json",
  "document_count": 803,
  "min_count": 5,
  "freq": {
    "MAG": {
      "정말": 24,
      "안": 22,
      "변함없이": 5,
      "그대로": 9,
      "지금": 13,
      "그냥": 11,
      "자주": 5,
      "항상": 7,
      "다": 6,
      "이제": 5
    },
    "NNB": {
      "거": 72,
      "수": 30,
      "장": 11,
      "번": 7,
      "절": 7,
      "때문": 7
    },
    "NNG": {
      "입술": 52,
      "말": 117,
      "사람": 74,
      "하나님": 47,
      "비판": 13,
      "말씀": 42,
      "혀": 10,
      "얘기": 19,
      "방언": 8,
      "선포": 17,
      "긍정": 7,
      "부정": 9,
      "들음": 5,
      "낭망": 5,
      "주관자": 5,
      "복음": 15,
      "믿음": 20,
      "끝": 15,
      "주관": 7,
      "부분": 9,
      "윗": 6,
      "입": 8,
      "성령": 10,
      "조심": 7,
      "기도": 14,
      "전파": 5,
      "왕": 8,
      "절": 11,
      "생명": 7,
      "오늘": 10,
      "의미": 7,
      "증거": 9,
      "이름": 9,
      "충만": 5,
      "앞": 8,
      "백성": 6,
      "자리": 7,
      "생각": 7,
      "마음": 6,
      "상황": 5,
      "역사": 5,
      "주": 5
    },
    "NNP": {
      "다윗": 15,
      "다": 5,
      "성령": 5,
      "예수": 7,
      "그리스도": 5
    },
    "VA": {
      "없": 18,
      "무섭": 6,
      "이렇": 13,
      "수많": 6,
      "어떻": 12,
      "그렇": 12,
      "선하": 5,
      "같": 8,
      "좋": 7,
      "많": 5
    },
    "VV": {
      "전하": 65,
      "되": 85,
      "있": 76,
      "듣": 31,
      "죽": 26,
      "살리": 15,
      "변하": 10,
      "퍼지": 7,
      "받": 22,
      "보": 17,
      "죽이": 9,
      "대하": 11,
      "일어나": 11,
      "살": 11,
      "믿": 11,
      "알": 11,
      "모르": 9,
      "달리": 6,
      "나오": 9,
      "들리": 5,
      "따르": 6,
      "읽": 7,
      "위하": 7,
      "기뻐하": 5,
      "부르": 5,
      "그러": 6
    }
  },
  "tfidf": {
    "MAG": {
      "정말": 0.011390602752728999,
      "안": 0.01051959885051802,
      "변함없이": 0.00906122035659961,
      "그대로": 0.007075755779032504,
      "지금": 0.006177588617949056,
      "그냥": 0.005286034118296221,
      "자주": 0.005061156163928402,
      "항상": 0.003982975862712489,
      "다": 0.002858296123713167,
      "이제": 0.0023878460451179206
    },
    "NNB": {
      "거": 0.034171808258187,
      "수": 0.014238253440911248,
      "장": 0.005220692928334125,
      "번": 0.0035933509763550813,
      "절": 0.003389040462860755,
      "때문": 0.0033346788109986946
    },
    "NNG": {
      "입술": 0.05655182796316236,
      "말": 0.05573677441240676,
      "사람": 0.03512102515424775,
      "하나님": 0.022306597057427623,
      "비판": 0.021410152032291015,
      "말씀": 0.019933554817275746,
      "혀": 0.018222361971850533,
      "얘기": 0.018150955800333653,
      "방언": 0.015190203379459064,
      "선포": 0.013136411938427217,
      "긍정": 0.012685708499239454,
      "부정": 0.012432027519984306,
      "들음": 0.011668273723158958,
      "낭망": 0.011388769604373045,
      "주관자": 0.01070608789471054,
      "복음": 0.010387644672049012,
      "믿음": 0.010063939399539796,
      "끝": 0.009202678789483769,
      "주관": 0.008748682604088565,
      "부분": 0.007998288079232018,
      "윗": 0.007666977680346041,
      "입": 0.007502103326699943,
      "성령": 0.007406497670234557,
      "조심": 0.00693515099102746,
      "기도": 0.006644518272425249,
      "전파": 0.0064873569330273035,
      "왕": 0.00548074989538644,
      "절": 0.005233695906234917,
      "생명": 0.004782804076144463,
      "오늘": 0.004746084480303749,
      "의미": 0.00441868903822787,
      "증거": 0.004362761835241608,
      "이름": 0.004282114832374023,
      "충만": 0.004157719658511011,
      "앞": 0.003916803885365802,
      "백성": 0.003666868739777259,
      "자리": 0.0036384910612265375,
      "생각": 0.0035311678402988097,
      "마음": 0.0029121285526808537,
      "상황": 0.002816348417805749,
      "역사": 0.002705146006039763,
      "주": 0.0023730422401518746
    },
    "NNP": {
      "다윗": 0.015906109305799228,
      "다": 0.005232089073773876,
      "성령": 0.004208346479761583,
      "예수": 0.0033222591362126247,
      "그리스도": 0.00239677286030988
    },
    "VA": {
      "없": 0.00854295206454675,
      "무섭": 0.006925782336453304,
      "이렇": 0.006177588617949056,
      "수많": 0.0058615685449196035,
      "어떻": 0.0057023894934914365,
      "그렇": 0.005695301376364499,
      "선하": 0.004736277006113589,
      "같": 0.003911932983370969,
      "좋": 0.0036430389868323237,
      "많": 0.0027085433469781536
    },
    "VV": {
      "전하": 0.04206181145778423,
      "되": 0.04034171808258187,
      "있": 0.036070242050308496,
      "듣": 0.017373390649466455,
      "죽": 0.015626559063493882,
      "살리": 0.012398416801127103,
      "변하": 0.01118595384866444,
      "퍼지": 0.011072725722556062,
      "받": 0.010532691499075715,
      "보": 0.008068343616516375,
      "죽이": 0.007529216511094922,
      "대하": 0.006290747208818634,
      "일어나": 0.00577507855587196,
      "살": 0.005618588305075214,
      "믿": 0.005365538592771812,
      "알": 0.005272900292681736,
      "모르": 0.005173140314538954,
      "달리": 0.0050500157757139,
      "나오": 0.005024832664641639,
      "들리": 0.004801073993987978,
      "따르": 0.003388169611361497,
      "읽": 0.0033848270708740605,
      "위하": 0.0033513109315240906,
      "기뻐하": 0.00327404126946476,
      "부르": 0.003005107512210362,
      "그러": 0.0028511947467457182
    }
  }
}