{
  "scope": "sermon",
  "idf_scope": "church",
  "church": "T-TQ",
  "sermon": "T-TQ-0308",
  "document_unit": "sermon_json",
  "document_count": 803,
  "min_count": 5,
  "freq": {
    "MAG": {
      "더": 18,
      "가장": 14,
      "정말": 17,
      "안": 11,
      "다": 11,
      "언제나": 9,
      "절대": 5,
      "자꾸": 5,
      "그냥": 9,
      "다시": 6,
      "이제": 5
    },
    "NNB": {
      "거": 120,
      "수": 45,
      "장": 9,
      "번": 7,
      "줄": 5,
      "절": 5,
      "때문": 5
    },
    "NNG": {
      "하나님": 139,
      "방패": 24,
      "세상": 66,
      "무기": 20,
      "말씀": 51,
      "의지": 39,
      "갑옷": 8,
      "믿음": 30,
      "절": 31,
      "소개": 7,
      "사람": 28,
      "도구": 8,
      "키": 7,
      "육신": 10,
      "거대": 5,
      "돈": 11,
      "앞": 20,
      "감옥": 8,
      "지위": 6,
      "지식": 8,
      "외": 5,
      "아무것": 11,
      "감당": 9,
      "능력": 12,
      "충성": 7,
      "말": 15,
      "이름": 15,
      "권세": 9,
      "도움": 6,
      "힘": 11,
      "우상": 7,
      "보호": 6,
      "기도": 13,
      "중심": 8,
      "물질": 7,
      "땅": 11,
      "사용": 5,
      "사단": 6,
      "구원": 10,
      "악": 6,
      "소망": 9,
      "증거": 9,
      "문제": 5,
      "역사": 7,
      "중요": 7,
      "삶": 7,
      "마음": 7,
      "나라": 5,
      "장": 6,
      "지금": 5,
      "사실": 5,
      "승리": 5,
      "안": 5,
      "생각": 5,
      "감사": 5
    },
    "NNP": {
      "골리앗": 33,
      "미국": 9,
      "골리": 6,
      "예수": 17,
      "바울": 11,
      "다윗": 7,
      "그리스도": 10
    },
    "VA": {
      "없": 28,
      "그렇": 26,
      "헛되": 9,
      "강하": 6,
      "어떻": 16,
      "같": 15,
      "좋": 12,
      "이렇": 12
    },
    "VV": {
      "있": 86,
      "되": 69,
      "뚫리": 15,
      "뚫": 11,
      "부러워하": 8,
      "무너뜨리": 14,
      "이기": 21,
      "부러워": 5,
      "붙이": 7,
      "입": 10,
      "보": 18,
      "가지": 15,
      "두": 9,
      "무너지": 8,
      "싸우": 7,
      "막": 5,
      "지키": 8,
      "받": 9,
      "위하": 9,
      "가르치": 5,
      "떠나": 6,
      "통하": 8,
      "바라보": 7,
      "믿": 8,
      "세우": 6,
      "살": 7,
      "주": 7,
      "나누": 6,
      "보이": 6,
      "살아가": 6,
      "드리": 6,
      "나아가": 6,
      "알": 6,
      "대하": 5,
      "그러": 6,
      "나오": 5,
      "읽": 5
    }
  },
  "tfidf": {
    "MAG": {
      "더": 0.007983360952132819,
      "가장": 0.007318352200274217,
      "정말": 0.006919006919006919,
      "안": 0.004510540247871687,
      "다": 0.00449374096183015,
      "언제나": 0.0038643439974991966,
      "절대": 0.003798439913911167,
      "자꾸": 0.003786433967376392,
      "그냥": 0.003708849113303409,
      "다시": 0.0026912069703398547,
      "이제": 0.002047697035841863
    },
    "NNB": {
      "거": 0.04884004884004884,
      "수": 0.018315018315018316,
      "장": 0.003663003663003663,
      "번": 0.0030814776178999417,
      "줄": 0.002427399835150801,
      "절": 0.002075907975826388,
      "때문": 0.0020426095281046133
    },
    "NNG": {
      "하나님": 0.05657305657305657,
      "방패": 0.039840599331230686,
      "세상": 0.02764167353536529,
      "무기": 0.026722670101055866,
      "말씀": 0.020757020757020756,
      "의지": 0.02057156373378309,
      "갑옷": 0.015124385287604538,
      "믿음": 0.012945494697698628,
      "절": 0.012648437322216526,
      "소개": 0.011861079044338476,
      "사람": 0.011396011396011397,
      "도구": 0.010385965319816691,
      "키": 0.010059020472419643,
      "육신": 0.009235100813621002,
      "거대": 0.009018117076022557,
      "돈": 0.008657886695772323,
      "앞": 0.00839713653486543,
      "감옥": 0.008296086976561031,
      "지위": 0.008202358800714616,
      "지식": 0.007987488176960577,
      "외": 0.0075687980374986655,
      "아무것": 0.006585669777924139,
      "감당": 0.006360278149784549,
      "능력": 0.006321551507025724,
      "충성": 0.006293334318623862,
      "말": 0.0061278285843138405,
      "이름": 0.006120211607524126,
      "권세": 0.0060854239888214956,
      "도움": 0.005864059190438172,
      "힘": 0.005779832186032294,
      "우상": 0.005657597705193064,
      "보호": 0.005551889785041627,
      "기도": 0.005291005291005291,
      "중심": 0.005226210357684314,
      "물질": 0.004733107546861163,
      "땅": 0.004676268333905799,
      "사용": 0.004495238799017044,
      "사단": 0.004246536548452356,
      "구원": 0.004115820734735997,
      "악": 0.003794955746269176,
      "소망": 0.003783416648353754,
      "증거": 0.003741285790335396,
      "문제": 0.003313272996033678,
      "역사": 0.003247716600983351,
      "중요": 0.003191218942349489,
      "삶": 0.00300560088694382,
      "마음": 0.0029135113297713952,
      "나라": 0.0027066043966353045,
      "장": 0.0025317124293665915,
      "지금": 0.0025088107725006166,
      "사실": 0.0023197975721309647,
      "승리": 0.0022176002644813384,
      "안": 0.002184644045677959,
      "생각": 0.002162966056023487,
      "감사": 0.002035002035002035
    },
    "NNP": {
      "골리앗": 0.042842106944243855,
      "미국": 0.01391127828230161,
      "골리": 0.011719725302277903,
      "예수": 0.006919006919006919,
      "바울": 0.006410764547928207,
      "다윗": 0.00636546482570161,
      "그리스도": 0.004110704449876205
    },
    "VA": {
      "없": 0.011396011396011397,
      "그렇": 0.010582010582010581,
      "헛되": 0.0077009179882004284,
      "강하": 0.0066758784165511734,
      "어떻": 0.0065201110637831804,
      "같": 0.006290020448689431,
      "좋": 0.005355578681497091,
      "이렇": 0.004890083297837386
    },
    "VV": {
      "있": 0.035002035002035005,
      "되": 0.028083028083028084,
      "뚫리": 0.02092136381036417,
      "뚫": 0.015096956740768913,
      "부러워하": 0.014556690091365943,
      "무너뜨리": 0.013320462311697435,
      "이기": 0.011005829679075051,
      "부러워": 0.009552028888125714,
      "붙이": 0.008594787563296468,
      "입": 0.007694369616273668,
      "보": 0.007326007326007326,
      "가지": 0.006611410763008247,
      "두": 0.006257088124265516,
      "무너지": 0.005204035448437177,
      "싸우": 0.005114519757590074,
      "막": 0.004379863659260134,
      "지키": 0.003953330248188445,
      "받": 0.0036950351296291257,
      "위하": 0.0036950351296291257,
      "가르치": 0.003647630039768469,
      "떠나": 0.00362647498561728,
      "통하": 0.0036062649744766466,
      "바라보": 0.0034723640039782465,
      "믿": 0.003346339531570713,
      "세우": 0.0031567023539995605,
      "살": 0.0030661397458672563,
      "주": 0.002849002849002849,
      "나누": 0.0028260438997719586,
      "보이": 0.002687845645043827,
      "살아가": 0.002525418605155846,
      "드리": 0.002509754648678035,
      "나아가": 0.002475643583746321,
      "알": 0.0024664226699257228,
      "대하": 0.0024521042603657195,
      "그러": 0.002445041648918693,
      "나오": 0.0023939136309862824,
      "읽": 0.002073327123184966
    }
  }
}