{
  "scope": "sermon",
  "idf_scope": "church",
  "church": "T-TQ",
  "sermon": "T-TQ-0208",
  "document_unit": "sermon_json",
  "document_count": 803,
  "min_count": 5,
  "freq": {
    "MAG": {
      "지금": 22,
      "언제나": 18,
      "안": 13,
      "막": 11,
      "항상": 9,
      "정말": 9,
      "분명히": 7,
      "잘못": 6,
      "다시": 6,
      "못": 5
    },
    "NNB": {
      "때문": 100,
      "거": 80,
      "수": 35,
      "번": 11,
      "장": 8
    },
    "NNG": {
      "고난": 44,
      "하나님": 60,
      "복음": 38,
      "죄": 45,
      "미움": 12,
      "잘못": 15,
      "사람": 34,
      "인생": 30,
      "선배": 11,
      "전도": 14,
      "말": 30,
      "세상": 29,
      "베스도": 6,
      "주": 28,
      "박해": 9,
      "사랑": 22,
      "뺨": 5,
      "계속": 14,
      "말씀": 23,
      "믿음": 21,
      "구분": 5,
      "구별": 7,
      "악": 12,
      "어려움": 9,
      "반복": 7,
      "고발": 5,
      "순간": 15,
      "기도": 17,
      "삶": 16,
      "거짓": 8,
      "모습": 14,
      "타협": 6,
      "개인": 8,
      "혈기": 6,
      "전": 11,
      "길": 12,
      "감사": 13,
      "유대인": 6,
      "인": 5,
      "중심": 7,
      "오늘": 11,
      "목사": 7,
      "찬양": 6,
      "가정": 7,
      "용서": 5,
      "바": 5,
      "가운데": 9,
      "진짜": 8,
      "증거": 9,
      "이유": 7,
      "부활": 5,
      "십자가": 6,
      "아들": 6,
      "날": 7,
      "땅": 8,
      "인간": 5,
      "절": 8,
      "기쁨": 5,
      "생각": 7,
      "왕": 5,
      "의지": 5,
      "소망": 6,
      "마음": 6,
      "사실": 5
    },
    "NNP": {
      "바울": 44,
      "예수": 59,
      "엘리야": 5,
      "울": 7
    },
    "VA": {
      "없": 28,
      "그렇": 27,
      "이렇": 22,
      "똑같": 14,
      "어렵": 11,
      "편하": 5,
      "힘들": 11,
      "어떻": 12
    },
    "VV": {
      "있": 64,
      "받": 58,
      "되": 50,
      "즐거워하": 14,
      "기뻐하": 27,
      "위하": 31,
      "갚": 9,
      "당하": 15,
      "전하": 17,
      "인하": 11,
      "보": 19,
      "살아가": 17,
      "미워하": 6,
      "잡히": 7,
      "드러내": 7,
      "잃": 5,
      "처하": 5,
      "살": 10,
      "죽이": 6,
      "겁": 5,
      "죽": 8,
      "그러": 10,
      "맞": 7,
      "나오": 7,
      "믿": 8,
      "찾": 5,
      "이기": 6,
      "원하": 6,
      "지키": 6,
      "주": 7,
      "모르": 5,
      "드리": 5
    }
  },
  "tfidf": {
    "MAG": {
      "지금": 0.008256139510910233,
      "언제나": 0.007117461170806242,
      "안": 0.004909062493432927,
      "막": 0.004723598822996971,
      "항상": 0.004044183512776661,
      "정말": 0.003373313343328336,
      "분명히": 0.0033654553904676025,
      "잘못": 0.003038242558416304,
      "다시": 0.002478371636478644,
      "못": 0.002226967013940362
    },
    "NNB": {
      "때문": 0.03762137639095229,
      "거": 0.029985007496251874,
      "수": 0.013118440779610194,
      "번": 0.00445936472365505,
      "장": 0.0029985007496251873
    },
    "NNG": {
      "고난": 0.03142955765418519,
      "하나님": 0.022488755622188907,
      "복음": 0.020782037938837487,
      "죄": 0.01989143245483949,
      "미움": 0.015541946467383988,
      "잘못": 0.013360531991026122,
      "사람": 0.012743628185907047,
      "인생": 0.012737866338316237,
      "선배": 0.01232395349971966,
      "전도": 0.0121441124666144,
      "말": 0.011286412917285688,
      "세상": 0.01118504477542696,
      "베스도": 0.010671275015020673,
      "주": 0.010494752623688156,
      "박해": 0.009706422123035584,
      "사랑": 0.009098728453948431,
      "뺨": 0.008892729179183895,
      "계속": 0.008704946073781052,
      "말씀": 0.008620689655172414,
      "믿음": 0.008345186030948975,
      "구분": 0.007915785919001573,
      "구별": 0.0071358702350902406,
      "악": 0.006989659871501772,
      "어려움": 0.00657730780097361,
      "반복": 0.0065358754368035924,
      "고발": 0.006475811028076662,
      "순간": 0.006465592092735927,
      "기도": 0.006371814092953523,
      "삶": 0.00632663215182777,
      "거짓": 0.006215376826124122,
      "모습": 0.0061340682094017185,
      "타협": 0.006054843318024403,
      "개인": 0.006045805103470686,
      "혈기": 0.005893617092111098,
      "전": 0.005268212524797512,
      "길": 0.005044323947977469,
      "감사": 0.004872563718140929,
      "유대인": 0.004518950510109218,
      "인": 0.0043546162933978914,
      "중심": 0.004211281481531696,
      "오늘": 0.004122938530734633,
      "목사": 0.0040434470812703285,
      "찬양": 0.0037524196098113337,
      "가정": 0.0036534593870746687,
      "용서": 0.003606462080948504,
      "바": 0.0035889200218038944,
      "가운데": 0.0035498767395242075,
      "진짜": 0.003483182463437529,
      "증거": 0.0034454044928238638,
      "이유": 0.0033871927820488426,
      "부활": 0.003343773277969258,
      "십자가": 0.003303618663596463,
      "아들": 0.0032593480300034407,
      "날": 0.0032018150924596543,
      "땅": 0.003131958919560187,
      "인간": 0.003064392659125929,
      "절": 0.0030059689994376363,
      "기쁨": 0.0028921851789918836,
      "생각": 0.002788669654988603,
      "왕": 0.0027051958465093774,
      "의지": 0.0024288015652704923,
      "소망": 0.002322802275113736,
      "마음": 0.002299795674849534,
      "사실": 0.0021363353203619866
    },
    "NNP": {
      "바울": 0.023615065208785015,
      "예수": 0.022113943028485756,
      "엘리야": 0.006422262728893649,
      "울": 0.005141115593492408
    },
    "VA": {
      "없": 0.010494752623688156,
      "그렇": 0.010119940029985007,
      "이렇": 0.008256139510910233,
      "똑같": 0.0078031831063997805,
      "어렵": 0.005864462491384425,
      "편하": 0.005303198772146354,
      "힘들": 0.004980601026584666,
      "어떻": 0.004503348824132854
    },
    "VV": {
      "있": 0.0239880059970015,
      "받": 0.02192923022584242,
      "되": 0.018740629685157422,
      "즐거워하": 0.017226506861621433,
      "기뻐하": 0.013962288888949079,
      "위하": 0.011720795465536466,
      "갚": 0.009789718042568323,
      "당하": 0.009762121073226286,
      "전하": 0.008687648625339484,
      "인하": 0.007806955285813171,
      "보": 0.00712143928035982,
      "살아가": 0.006589468373235541,
      "미워하": 0.0063989779221597645,
      "잡히": 0.006096462810757048,
      "드러내": 0.005907286252545127,
      "잃": 0.005163278365907561,
      "처하": 0.0049231713571064465,
      "살": 0.0040337895457249135,
      "죽이": 0.003964032780828835,
      "겁": 0.00392595181704859,
      "죽": 0.003797158337767456,
      "그러": 0.0037527906867773787,
      "맞": 0.0035961087286460734,
      "나오": 0.0030864258275362126,
      "믿": 0.0030816927395312,
      "찾": 0.003020908968946649,
      "이기": 0.0028958367446441846,
      "원하": 0.0027937632832932976,
      "지키": 0.0027305094883243093,
      "주": 0.002623688155922039,
      "모르": 0.0022696582214587653,
      "드리": 0.0019260579622070002
    }
  }
}