{
  "scope": "sermon",
  "idf_scope": "church",
  "church": "O-mQ",
  "sermon": "O-mQ-0073",
  "document_unit": "sermon_json",
  "document_count": 133,
  "min_count": 5,
  "freq": {
    "MAG": {
      "안": 30,
      "확실히": 6,
      "더": 20,
      "막": 14,
      "다": 13,
      "잘": 11,
      "다시": 10,
      "가장": 9,
      "스스로": 6,
      "서로": 5,
      "자꾸": 6,
      "먼저": 7,
      "이제": 7,
      "너무": 6,
      "그냥": 5
    },
    "NNB": {
      "거": 72,
      "수": 38,
      "번": 19,
      "분": 15,
      "때문": 14,
      "절": 13,
      "대로": 5,
      "터": 6
    },
    "NNG": {
      "사랑": 124,
      "하나님": 107,
      "가책": 20,
      "사람": 56,
      "기도": 48,
      "냉장고": 10,
      "확신": 18,
      "유익": 20,
      "양심": 12,
      "마음": 35,
      "순종": 22,
      "새벽": 10,
      "마음속": 10,
      "얘기": 25,
      "앞": 24,
      "계명": 9,
      "구원": 19,
      "안": 19,
      "자책": 5,
      "죄": 14,
      "어려움": 9,
      "선물": 8,
      "성령": 10,
      "경외": 6,
      "이름": 14,
      "말": 14,
      "주": 14,
      "차": 6,
      "삶": 13,
      "오늘": 13,
      "절": 13,
      "법": 7,
      "포기": 7,
      "힘": 10,
      "복음": 11,
      "복": 8,
      "아버지": 8,
      "머리": 6,
      "주장": 5,
      "요": 5,
      "말씀": 10,
      "절망": 5,
      "필요": 9,
      "뜻": 9,
      "응답": 5,
      "반응": 6,
      "아들": 7,
      "은혜": 8,
      "축복": 5,
      "날": 7,
      "진짜": 5,
      "설명": 5,
      "장": 6,
      "존재": 5,
      "신앙": 5,
      "이유": 5,
      "성경": 5,
      "생각": 5
    },
    "NNP": {
      "요한일서": 8,
      "주님": 14,
      "예수": 11,
      "여호와": 6,
      "그리스도": 5
    },
    "VA": {
      "없": 27,
      "그렇": 23,
      "이렇": 14,
      "좋": 12,
      "같": 11,
      "약하": 6,
      "크": 9,
      "많": 8,
      "어떻": 8
    },
    "VV": {
      "있": 98,
      "되": 83,
      "주": 47,
      "받": 37,
      "구하": 24,
      "보": 32,
      "가지": 23,
      "나오": 23,
      "지키": 19,
      "깎": 5,
      "알": 19,
      "덮": 7,
      "부르": 15,
      "안": 6,
      "원하": 13,
      "바라": 11,
      "그러": 10,
      "계시": 9,
      "생기": 7,
      "읽": 8,
      "러": 5,
      "쓰": 6,
      "살아가": 6,
      "얻": 5,
      "짓": 5,
      "위하": 6,
      "대하": 5
    }
  },
  "tfidf": {
    "MAG": {
      "안": 0.01047486033519553,
      "확실히": 0.0075319581849655004,
      "더": 0.006983240223463687,
      "막": 0.00515053700729486,
      "다": 0.004539106145251397,
      "잘": 0.0038695521609709263,
      "다시": 0.0035441266667756302,
      "가장": 0.00348922224668987,
      "스스로": 0.0029056849722780614,
      "서로": 0.0026463218667545914,
      "자꾸": 0.0026461818681311642,
      "먼저": 0.0026140650972556814,
      "이제": 0.0024441340782122905,
      "너무": 0.002110664815075051,
      "그냥": 0.0018257848045239073
    },
    "NNB": {
      "거": 0.025327977780900613,
      "수": 0.013268156424581005,
      "번": 0.006634078212290503,
      "분": 0.005237430167597765,
      "때문": 0.004888268156424581,
      "절": 0.004641882750609943,
      "대로": 0.0027358702158948676,
      "터": 0.0026259404346568546
    },
    "NNG": {
      "사랑": 0.04329608938547486,
      "하나님": 0.037360335195530725,
      "가책": 0.028673745326276923,
      "사람": 0.019553072625698324,
      "기도": 0.01675977653631285,
      "냉장고": 0.01575260278921446,
      "확신": 0.01548510709440774,
      "유익": 0.014152505510076957,
      "양심": 0.013365040218639811,
      "마음": 0.012312211421271129,
      "순종": 0.011269031433089088,
      "새벽": 0.010312153703856393,
      "마음속": 0.00980027006491828,
      "얘기": 0.009266392222411254,
      "앞": 0.008442659260300203,
      "계명": 0.007952128397234616,
      "구원": 0.007366135854123059,
      "안": 0.006683771914404328,
      "자책": 0.0066661980765905645,
      "죄": 0.0061744243589727165,
      "어려움": 0.00599849922502784,
      "선물": 0.005661002204030784,
      "성령": 0.005292643733509183,
      "경외": 0.0050951897286686835,
      "이름": 0.00507415626335522,
      "말": 0.004888268156424581,
      "주": 0.004888268156424581,
      "차": 0.004680750322251253,
      "삶": 0.004539106145251397,
      "오늘": 0.004539106145251397,
      "절": 0.004539106145251397,
      "법": 0.00453335185922295,
      "포기": 0.00453335185922295,
      "힘": 0.004277272924193453,
      "복음": 0.004264604968176508,
      "복": 0.00390511209391242,
      "아버지": 0.0036958905627025936,
      "머리": 0.0036105849093336748,
      "주장": 0.003574881631007075,
      "요": 0.0035381263775192393,
      "말씀": 0.0034916201117318434,
      "절망": 0.0033983870135640432,
      "필요": 0.0033861816023438795,
      "뜻": 0.0032619575978712133,
      "응답": 0.0032077457915581213,
      "반응": 0.0030984619947366904,
      "아들": 0.002971354752020545,
      "은혜": 0.0029431640041684914,
      "축복": 0.002904562317307353,
      "날": 0.0026935561384354724,
      "진짜": 0.0024406950586952623,
      "설명": 0.0022567556109686104,
      "장": 0.002190941765428689,
      "존재": 0.001967798839883461,
      "신앙": 0.001839477502605307,
      "이유": 0.0018257848045239073,
      "성경": 0.0017853395194653626,
      "생각": 0.0017458100558659217
    },
    "NNP": {
      "요한일서": 0.007268164619962519,
      "주님": 0.005427679050406465,
      "예수": 0.0038985393334531934,
      "여호와": 0.0030984619947366904,
      "그리스도": 0.002106305722279622
    },
    "VA": {
      "없": 0.009427374301675978,
      "그렇": 0.00803072625698324,
      "이렇": 0.004888268156424581,
      "좋": 0.004221329630150102,
      "같": 0.003840782122905028,
      "약하": 0.0035470960486591032,
      "크": 0.003311059504689553,
      "많": 0.002793296089385475,
      "어떻": 0.002793296089385475
    },
    "VV": {
      "있": 0.034217877094972066,
      "되": 0.028980446927374302,
      "주": 0.016410614525139665,
      "받": 0.012918994413407821,
      "구하": 0.01171533628173726,
      "보": 0.0111731843575419,
      "가지": 0.00815149133358395,
      "나오": 0.00815149133358395,
      "지키": 0.008065105755484338,
      "깎": 0.0074867351388212475,
      "알": 0.006634078212290503,
      "덮": 0.005944388016780131,
      "부르": 0.005859198534424137,
      "안": 0.00537493426628989,
      "원하": 0.004711716530258419,
      "바라": 0.0040468505057316756,
      "그러": 0.0034916201117318434,
      "계시": 0.003311059504689553,
      "생기": 0.003017040831310024,
      "읽": 0.002793296089385475,
      "러": 0.0025200637285220035,
      "쓰": 0.0022073730031263684,
      "살아가": 0.0021746383985808086,
      "얻": 0.0021386364620967265,
      "짓": 0.0021386364620967265,
      "위하": 0.002110664815075051,
      "대하": 0.0017720633333878151
    }
  }
}