{
  "scope": "sermon",
  "idf_scope": "church",
  "church": "T--g",
  "sermon": "T--g-0092",
  "document_unit": "sermon_json",
  "document_count": 164,
  "min_count": 5,
  "freq": {
    "MAG": {
      "다": 22,
      "계속": 17,
      "그냥": 17,
      "너무": 13,
      "잘": 11,
      "이제": 11,
      "아직": 6,
      "사실": 7,
      "잘못": 5,
      "지금": 9,
      "안": 9,
      "더": 9,
      "다시": 8,
      "막": 6,
      "정말": 5,
      "못": 5
    },
    "NNB": {
      "거": 63,
      "수": 38,
      "분": 18,
      "번": 16,
      "때문": 14,
      "장": 8
    },
    "NNG": {
      "하나님": 186,
      "마음": 51,
      "중심": 29,
      "건축": 14,
      "얘기": 33,
      "감찰": 10,
      "지식": 17,
      "의지": 19,
      "예배": 29,
      "솔": 8,
      "권고": 6,
      "처소": 9,
      "기도": 27,
      "전심": 8,
      "말씀": 26,
      "성전": 13,
      "자녀": 17,
      "계속": 15,
      "오늘": 20,
      "안": 19,
      "감정": 8,
      "다윗이": 5,
      "부모": 8,
      "사랑": 16,
      "사람": 15,
      "아빠": 6,
      "아들": 11,
      "자원": 5,
      "주": 14,
      "회개": 8,
      "기쁨": 7,
      "앞": 12,
      "행동": 6,
      "끝": 10,
      "뜻": 10,
      "천사": 5,
      "진리": 7,
      "인간": 8,
      "학교": 5,
      "과거": 5,
      "전": 8,
      "아버지": 8,
      "세상": 7,
      "마지막": 7,
      "집": 5,
      "부분": 5,
      "생각": 6,
      "지금": 5,
      "삶": 5,
      "자리": 5,
      "시작": 5
    },
    "NNP": {
      "다윗": 19,
      "솔로몬": 9,
      "로몬": 8,
      "역대상": 7,
      "주님": 18,
      "예수": 12,
      "누가": 5
    },
    "VA": {
      "기쁘": 16,
      "그렇": 24,
      "이렇": 21,
      "어떻": 19,
      "좋": 10,
      "힘들": 7,
      "많": 8,
      "수많": 5,
      "없": 7
    },
    "VV": {
      "되": 81,
      "있": 79,
      "알": 45,
      "보": 30,
      "대하": 23,
      "만나": 15,
      "알아가": 5,
      "이끌": 8,
      "위하": 14,
      "키우": 5,
      "짓": 10,
      "인하": 6,
      "찾": 7,
      "향하": 8,
      "섬기": 6,
      "버리": 5,
      "믿": 9,
      "읽": 9,
      "계시": 8,
      "바라": 5,
      "원하": 6,
      "맞": 5,
      "듣": 6,
      "드리": 5,
      "가지": 5,
      "나오": 5,
      "받": 5
    }
  },
  "tfidf": {
    "MAG": {
      "다": 0.008305342969486082,
      "계속": 0.007998708656538978,
      "그냥": 0.0067367808379241055,
      "너무": 0.005408454634812028,
      "잘": 0.004280470539768795,
      "이제": 0.004127579737335835,
      "아직": 0.0038256500412074913,
      "사실": 0.0037642838559364808,
      "잘못": 0.003682571758928795,
      "지금": 0.0035022031689017413,
      "안": 0.003459988735551617,
      "더": 0.003377110694183865,
      "다시": 0.003132008828138428,
      "막": 0.002349006621103821,
      "정말": 0.002171079894038297,
      "못": 0.0021057014112424843
    },
    "NNB": {
      "거": 0.02378348213989196,
      "수": 0.01425891181988743,
      "분": 0.006919977471103234,
      "번": 0.00600375234521576,
      "때문": 0.00534967652583668,
      "장": 0.003056958014763817
    },
    "NNG": {
      "하나님": 0.0697936210131332,
      "마음": 0.020210342513772316,
      "중심": 0.01822841710193649,
      "건축": 0.017511067363321274,
      "얘기": 0.01562402506025728,
      "감찰": 0.015108832766306736,
      "지식": 0.014255405580065937,
      "의지": 0.011858382788290813,
      "예배": 0.011703459295585819,
      "솔": 0.011417216903284157,
      "권고": 0.010625856163858966,
      "처소": 0.010338764474894716,
      "기도": 0.010317233299827885,
      "전심": 0.010200060856430382,
      "말씀": 0.00975609756097561,
      "성전": 0.00949786531971175,
      "자녀": 0.00932323743748838,
      "계속": 0.008676907781047342,
      "오늘": 0.007550311790441893,
      "안": 0.007216401571775814,
      "감정": 0.006771625882748283,
      "다윗이": 0.006504480570891786,
      "부모": 0.006192552963800467,
      "사랑": 0.00600375234521576,
      "사람": 0.005628517823639775,
      "아빠": 0.005557281757990682,
      "아들": 0.00537379689337357,
      "자원": 0.005343056164876358,
      "주": 0.005285218253309325,
      "회개": 0.00521275083357166,
      "기쁨": 0.0049939099367982374,
      "앞": 0.004698013242207642,
      "행동": 0.004566772300176048,
      "끝": 0.004450148398020472,
      "뜻": 0.004395765631406712,
      "천사": 0.004232266176717677,
      "진리": 0.0041326160845145486,
      "인간": 0.004085593532569848,
      "학교": 0.004079024092263143,
      "과거": 0.004042592411480588,
      "전": 0.003431447185412903,
      "아버지": 0.0033897537905591183,
      "세상": 0.0030770359419846987,
      "마지막": 0.0029660345667392287,
      "집": 0.002671321288510996,
      "부분": 0.0024273191717226325,
      "생각": 0.002377687354561449,
      "지금": 0.0022526654699102275,
      "삶": 0.00205499095648091,
      "자리": 0.0020178378095837618,
      "시작": 0.001876172607879925
    },
    "NNP": {
      "다윗": 0.015361851163626233,
      "솔로몬": 0.012522495988712905,
      "로몬": 0.01248791091886009,
      "역대상": 0.010576182936414715,
      "주님": 0.00735308873078492,
      "예수": 0.00450281425891182,
      "누가": 0.0028536172518386655
    },
    "VA": {
      "기쁘": 0.011784229628572146,
      "그렇": 0.00900562851782364,
      "이렇": 0.007879924953095686,
      "어떻": 0.007129455909943715,
      "좋": 0.00410998191296182,
      "힘들": 0.00410452339265067,
      "많": 0.003056958014763817,
      "수많": 0.0029721517764569236,
      "없": 0.002626641651031895
    },
    "VV": {
      "되": 0.030393996247654785,
      "있": 0.029643527204502813,
      "알": 0.016885553470919325,
      "보": 0.01125703564727955,
      "대하": 0.00916996930978262,
      "만나": 0.00723638222305184,
      "알아가": 0.006504480570891786,
      "이끌": 0.005892114814286073,
      "위하": 0.005285218253309325,
      "키우": 0.004785360998895248,
      "짓": 0.004646945678968098,
      "인하": 0.0042142716006829,
      "찾": 0.0038899844744143216,
      "향하": 0.003883710674756212,
      "섬기": 0.003798359923686265,
      "버리": 0.003539282868150983,
      "믿": 0.0034390777666092943,
      "읽": 0.0034390777666092943,
      "계시": 0.0034105281030381387,
      "바라": 0.0026199160836552467,
      "원하": 0.0025114736670660658,
      "맞": 0.0024273191717226325,
      "듣": 0.002377687354561449,
      "드리": 0.002171079894038297,
      "가지": 0.001933905550969519,
      "나오": 0.001876172607879925,
      "받": 0.001876172607879925
    }
  }
}