{
  "scope": "sermon",
  "idf_scope": "church",
  "church": "T--g",
  "sermon": "T--g-0074",
  "document_unit": "sermon_json",
  "document_count": 164,
  "min_count": 5,
  "freq": {
    "MAG": {
      "이제": 18,
      "굉장히": 9,
      "너무": 8,
      "다시": 8,
      "특별히": 5,
      "아주": 6,
      "안": 5
    },
    "NNB": {
      "수": 26,
      "번": 24,
      "분": 19,
      "장": 17,
      "바": 6,
      "줄": 9,
      "절": 8,
      "거": 8
    },
    "NNG": {
      "말씀": 108,
      "교제": 40,
      "하나님": 59,
      "코이노니아": 20,
      "소": 32,
      "주": 50,
      "기쁨": 24,
      "회복": 22,
      "영혼": 22,
      "오늘": 29,
      "선포": 25,
      "기도": 27,
      "삶": 25,
      "고장": 6,
      "장비": 6,
      "예배": 23,
      "속": 22,
      "축복": 20,
      "문": 14,
      "자유": 12,
      "기계": 5,
      "능력": 17,
      "돈": 11,
      "이름": 17,
      "노래": 8,
      "안": 18,
      "책": 8,
      "절": 14,
      "복종": 5,
      "앞": 11,
      "이유": 9,
      "충만": 7,
      "역사": 9,
      "주님": 7,
      "가운데": 9,
      "신앙": 7,
      "결과": 5,
      "영광": 7,
      "종교": 5,
      "아버지": 8,
      "준비": 6,
      "묵상": 5,
      "임재": 5,
      "생명": 6,
      "시대": 6,
      "마음": 8,
      "단어": 5,
      "시작": 8,
      "한": 6,
      "중요": 7,
      "성령": 6,
      "교회": 6,
      "장": 5,
      "말": 5,
      "사랑": 5
    },
    "NNP": {
      "예수": 60,
      "요한복음": 12,
      "그리스도": 17,
      "주님": 14
    },
    "VA": {
      "없": 12,
      "이렇": 8,
      "어렵": 5,
      "좋": 5,
      "어떻": 5
    },
    "VV": {
      "사귀": 28,
      "되": 72,
      "있": 61,
      "누리": 15,
      "닫히": 6,
      "겁": 7,
      "보": 17,
      "끊어지": 7,
      "열리": 8,
      "믿": 14,
      "읽": 13,
      "임하": 9,
      "따르": 11,
      "기뻐하": 6,
      "지": 9,
      "원하": 9,
      "바라보": 7,
      "주": 8,
      "통하": 7,
      "듣": 7,
      "살": 7,
      "들어가": 5
    }
  },
  "tfidf": {
    "MAG": {
      "이제": 0.0076077768385460695,
      "굉장히": 0.004595499182395191,
      "너무": 0.0037488865600556736,
      "다시": 0.003527812141584493,
      "특별히": 0.003150517660733984,
      "아주": 0.0030826619078922067,
      "안": 0.002165133366263985
    },
    "NNB": {
      "수": 0.01098901098901099,
      "번": 0.01014370245139476,
      "분": 0.008227506791803141,
      "장": 0.007316963380118066,
      "바": 0.004783865854753526,
      "줄": 0.0044561470274425185,
      "절": 0.0034642133860223754,
      "거": 0.003401788828660633
    },
    "NNG": {
      "말씀": 0.04564666103127642,
      "교제": 0.036427755795759145,
      "하나님": 0.024936601859678782,
      "코이노니아": 0.024073110193398976,
      "소": 0.024009631561984778,
      "주": 0.021261180179128956,
      "기쁨": 0.019285743241010463,
      "회복": 0.013412992542412211,
      "영혼": 0.012736447405382025,
      "오늘": 0.012331484503894794,
      "선포": 0.011859032673206298,
      "기도": 0.01162105948606987,
      "삶": 0.011573438079082047,
      "고장": 0.01140280869349065,
      "장비": 0.010940454787842415,
      "예배": 0.010455060738667513,
      "속": 0.010372478240355271,
      "축복": 0.010275539692974022,
      "문": 0.010275133854636445,
      "자유": 0.009277832738213991,
      "기계": 0.009117045656535348,
      "능력": 0.008898134995166935,
      "돈": 0.008073319457214349,
      "이름": 0.007917999093506791,
      "노래": 0.007850400135189584,
      "안": 0.007700555754728964,
      "책": 0.00642858108033682,
      "절": 0.005953130450156108,
      "복종": 0.005272670247794499,
      "앞": 0.004850741694678678,
      "이유": 0.004799588117911202,
      "충만": 0.004654869765524629,
      "역사": 0.004428878893331145,
      "주님": 0.004324125960826058,
      "가운데": 0.004217497380062633,
      "신앙": 0.004131406131917889,
      "결과": 0.004114671154989241,
      "영광": 0.004052505992621553,
      "종교": 0.003836614608521111,
      "아버지": 0.0038181292695858198,
      "준비": 0.0037806211928807804,
      "묵상": 0.0036696906623701593,
      "임재": 0.0036696906623701593,
      "생명": 0.0036580888752033307,
      "시대": 0.0036580888752033307,
      "마음": 0.0035708857705867916,
      "단어": 0.0033942007683227297,
      "시작": 0.0033812341504649195,
      "한": 0.0031997254119408014,
      "중요": 0.0031819750074205473,
      "성령": 0.002989074696728764,
      "교회": 0.002582457663571082,
      "장": 0.0023718065346412603,
      "말": 0.0021261180179128958,
      "사랑": 0.002113271344040575
    },
    "NNP": {
      "예수": 0.0253592561284869,
      "요한복음": 0.009875210771974178,
      "그리스도": 0.007588132262496932,
      "주님": 0.0064418085034654215
    },
    "VA": {
      "없": 0.00507185122569738,
      "이렇": 0.0033812341504649195,
      "어렵": 0.002803934870644656,
      "좋": 0.0023146876158164098,
      "어떻": 0.002113271344040575
    },
    "VV": {
      "사귀": 0.03741427804419101,
      "되": 0.030431107354184278,
      "있": 0.02578191039729501,
      "누리": 0.012859729691429806,
      "닫히": 0.010549540130630435,
      "겁": 0.009513531704155077,
      "보": 0.007185122569737954,
      "끊어지": 0.006550666200561995,
      "열리": 0.006047193103514015,
      "믿": 0.006025734548332525,
      "읽": 0.005595324937737345,
      "임하": 0.005079183281874152,
      "따르": 0.005030733086896597,
      "기뻐하": 0.004898287922244151,
      "지": 0.004483612045093146,
      "원하": 0.004243286552872611,
      "바라보": 0.004104871605341675,
      "주": 0.0033812341504649195,
      "통하": 0.0032209042517327108,
      "듣": 0.0031245250492634427,
      "살": 0.0030496202919134724,
      "들어가": 0.002553055101330662
    }
  }
}