{
  "scope": "sermon",
  "idf_scope": "church",
  "church": "T--g",
  "sermon": "T--g-0034",
  "document_unit": "sermon_json",
  "document_count": 164,
  "min_count": 5,
  "freq": {
    "MAG": {
      "소위": 6,
      "다": 13,
      "막": 11,
      "이제": 8,
      "안": 5
    },
    "NNB": {
      "거": 30,
      "수": 19,
      "번": 9,
      "절": 7
    },
    "NNG": {
      "동산": 15,
      "날": 36,
      "하나님": 37,
      "인간": 27,
      "태양": 8,
      "아랫물": 6,
      "과학": 10,
      "오늘": 31,
      "창조": 13,
      "세계": 18,
      "존재": 18,
      "윗물": 5,
      "우주": 10,
      "궁창": 5,
      "행복": 11,
      "빛": 12,
      "흙": 7,
      "육지": 5,
      "물": 13,
      "동쪽": 5,
      "정복": 6,
      "자연": 8,
      "하늘": 12,
      "축원": 11,
      "바다": 6,
      "만물": 6,
      "임재": 8,
      "땅": 12,
      "사람": 12,
      "오늘날": 5,
      "말": 11,
      "말씀": 11,
      "개념": 5,
      "세상": 9,
      "시작": 10,
      "어둠": 5,
      "위": 6,
      "안": 9,
      "속": 8,
      "선포": 7,
      "이해": 5,
      "한번": 5,
      "루": 5,
      "집": 5,
      "장": 6,
      "성경": 6,
      "의미": 5,
      "교회": 6,
      "중요": 5,
      "생각": 5
    },
    "NNP": {
      "에덴": 52,
      "창세기": 7,
      "멘": 9,
      "할렐": 5
    },
    "VA": {
      "없": 12,
      "이렇": 12,
      "짧": 5,
      "같": 11,
      "그렇": 8,
      "어떻": 8
    },
    "VV": {
      "있": 43,
      "만들": 32,
      "되": 27,
      "채우": 9,
      "그러": 15,
      "놀": 5,
      "따르": 10,
      "열리": 6,
      "살": 10,
      "터지": 5,
      "보": 9,
      "짓": 7,
      "믿": 8,
      "모이": 5,
      "먹": 6,
      "알": 6,
      "보이": 5
    }
  },
  "tfidf": {
    "MAG": {
      "소위": 0.007837588941081955,
      "다": 0.0072863663504139095,
      "막": 0.006393791002568107,
      "이제": 0.004456824512534819,
      "안": 0.002853874955198099
    },
    "NNB": {
      "거": 0.016814691577878255,
      "수": 0.010584958217270195,
      "번": 0.005013927576601671,
      "절": 0.003995424937277339
    },
    "NNG": {
      "동산": 0.0336476651717611,
      "날": 0.02292569937106643,
      "하나님": 0.020612813370473538,
      "인간": 0.020472067035937562,
      "태양": 0.01922756993725917,
      "아랫물": 0.01809291908637538,
      "과학": 0.017914059699188946,
      "오늘": 0.017375181297140864,
      "창조": 0.01732638122203429,
      "세계": 0.017039594473233367,
      "존재": 0.015670034790724447,
      "윗물": 0.015077432571979485,
      "우주": 0.014052515517796493,
      "궁창": 0.013948003301483207,
      "행복": 0.01382383097164108,
      "빛": 0.013674668278690771,
      "흙": 0.013250845074979718,
      "육지": 0.012525090700463731,
      "물": 0.012485206077964951,
      "동쪽": 0.011215888390587033,
      "정복": 0.010396255822885536,
      "자연": 0.009867967357281134,
      "하늘": 0.009335366724823931,
      "축원": 0.009258541426978215,
      "바다": 0.008931336833700615,
      "만물": 0.008431509310677895,
      "임재": 0.007739265165163495,
      "땅": 0.007457467769059683,
      "사람": 0.006685236768802228,
      "오늘날": 0.0062249149386982994,
      "말": 0.006165386911888693,
      "말씀": 0.006128133704735376,
      "개념": 0.006111204647555529,
      "세상": 0.005873673463470195,
      "시작": 0.005571030640668524,
      "어둠": 0.005214036126193095,
      "위": 0.005118332575143837,
      "안": 0.005075073792670955,
      "속": 0.0049716451793731225,
      "선포": 0.004376808894343013,
      "이해": 0.0041252720351429234,
      "한번": 0.004018123620580817,
      "루": 0.0039919683549823805,
      "집": 0.003966056397705741,
      "장": 0.00375155048086544,
      "성경": 0.0037287338845298414,
      "의미": 0.0036265304433630192,
      "교회": 0.0034039525526513535,
      "중요": 0.0029958427646466436,
      "생각": 0.0029417533890001217
    },
    "NNP": {
      "에덴": 0.12051355815707739,
      "창세기": 0.011417961841152336,
      "멘": 0.006020075910395188,
      "할렐": 0.004044526807083725
    },
    "VA": {
      "없": 0.006685236768802228,
      "이렇": 0.006685236768802228,
      "짧": 0.006467286462346294,
      "같": 0.006165386911888693,
      "그렇": 0.004456824512534819,
      "어떻": 0.004456824512534819
    },
    "VV": {
      "있": 0.02395543175487465,
      "만들": 0.02380409313755839,
      "되": 0.015041782729805013,
      "채우": 0.011000168365599952,
      "그러": 0.008613690740947803,
      "놀": 0.0076285505401507145,
      "따르": 0.006028217008659077,
      "열리": 0.005978130452471098,
      "살": 0.005742460493965202,
      "터지": 0.005467439408103197,
      "보": 0.005013927576601671,
      "짓": 0.004829458030147625,
      "믿": 0.004538603403535139,
      "모이": 0.004323310814206239,
      "먹": 0.0042706353312477316,
      "알": 0.003342618384401114,
      "보이": 0.0030696355653346006
    }
  }
}