{
  "scope": "sermon",
  "idf_scope": "church",
  "church": "T--g",
  "sermon": "T--g-0145",
  "document_unit": "sermon_json",
  "document_count": 164,
  "min_count": 5,
  "freq": {
    "MAG": {
      "너무": 15,
      "어쩌면": 8,
      "아직": 8,
      "가장": 11,
      "잘": 12,
      "지금": 9,
      "다": 8,
      "이제": 7,
      "그냥": 6,
      "정말": 5,
      "다시": 5
    },
    "NNB": {
      "수": 49,
      "거": 48,
      "장": 10,
      "번": 7,
      "분": 6,
      "때문": 5
    },
    "NNG": {
      "꿀": 25,
      "여부스": 19,
      "젖": 25,
      "족속": 30,
      "하나님": 75,
      "땅": 56,
      "냄새": 15,
      "진멸": 9,
      "문화": 18,
      "왕": 29,
      "죄성": 10,
      "안": 26,
      "얘기": 20,
      "주": 24,
      "보좌": 10,
      "사람": 23,
      "약속": 11,
      "번성": 5,
      "방": 10,
      "중심": 12,
      "마음": 19,
      "곳": 15,
      "심판": 8,
      "생수": 5,
      "우상": 8,
      "숭배": 7,
      "성전": 9,
      "순종": 10,
      "사랑": 15,
      "죄": 11,
      "백성": 10,
      "시대": 10,
      "공간": 6,
      "삶": 13,
      "기준": 6,
      "말씀": 14,
      "오늘": 13,
      "자녀": 8,
      "복": 6,
      "전쟁": 5,
      "기도": 9,
      "절": 9,
      "아버지": 8,
      "생각": 8,
      "상황": 7,
      "인간": 6,
      "가운데": 7,
      "주님": 5,
      "집": 5,
      "세상": 6,
      "장": 6,
      "성경": 6,
      "부분": 5,
      "자리": 6,
      "시작": 6,
      "성령": 5,
      "예배": 5,
      "말": 5
    },
    "NNP": {
      "예루살렘": 26,
      "가나안": 18,
      "모리아": 8,
      "다윗": 16,
      "창세기": 11,
      "예수": 29,
      "만": 9,
      "스": 9,
      "주님": 14,
      "이스라엘": 8,
      "다": 5,
      "누가": 5,
      "멘": 6,
      "그리스도": 5
    },
    "VA": {
      "어떻": 19,
      "이렇": 17,
      "없": 15,
      "깊": 5,
      "좋": 6,
      "그렇": 6,
      "많": 5,
      "같": 5
    },
    "VV": {
      "있": 79,
      "흐르": 25,
      "되": 54,
      "살": 19,
      "알": 19,
      "죽이": 11,
      "보": 17,
      "싸우": 10,
      "위하": 13,
      "나오": 13,
      "주": 12,
      "살리": 7,
      "계시": 10,
      "받": 11,
      "통하": 8,
      "치": 6,
      "리": 5,
      "들어오": 5,
      "짓": 6,
      "바라": 5,
      "원하": 6,
      "내": 5,
      "대하": 6,
      "읽": 6,
      "나누": 5,
      "죽": 5
    }
  },
  "tfidf": {
    "MAG": {
      "너무": 0.0064611491849444385,
      "어쩌면": 0.005558531034543186,
      "아직": 0.005281200393586099,
      "가장": 0.004885046340344758,
      "잘": 0.00483469124326503,
      "지금": 0.0036260184324487725,
      "다": 0.003126896802102198,
      "이제": 0.0027195027195027195,
      "그냥": 0.0024617470085105913,
      "정말": 0.00224783524382753,
      "다시": 0.002026710258107253
    },
    "NNB": {
      "수": 0.019036519036519036,
      "거": 0.01876138081261319,
      "장": 0.003956290360016304,
      "번": 0.0027195027195027195,
      "분": 0.002388207713091183,
      "때문": 0.001978145180008152
    },
    "NNG": {
      "꿀": 0.040404383496943155,
      "여부스": 0.039954610556904455,
      "젖": 0.03516937474856818,
      "족속": 0.03191899351881243,
      "하나님": 0.029137529137529136,
      "땅": 0.024269122641345484,
      "냄새": 0.01731032201615053,
      "진멸": 0.015722054410721956,
      "문화": 0.015203635252980805,
      "왕": 0.01494865479521464,
      "죄성": 0.012083190366536866,
      "안": 0.010224194677715336,
      "얘기": 0.009803872474296732,
      "주": 0.009380690406306595,
      "보좌": 0.00902003045836177,
      "사람": 0.008935508935508936,
      "약속": 0.008189276631940835,
      "번성": 0.008080876699388631,
      "방": 0.007880373076903114,
      "중심": 0.007809457692574671,
      "마음": 0.0077955321936168725,
      "곳": 0.007781240381322354,
      "심판": 0.00759093652764859,
      "생수": 0.007202894718535762,
      "우상": 0.006945592736574016,
      "숭배": 0.006936356599408769,
      "성전": 0.006807910456436744,
      "순종": 0.006371551496682195,
      "사랑": 0.005827505827505828,
      "죄": 0.005816296348450131,
      "백성": 0.005715681762513383,
      "시대": 0.005604142889621264,
      "공간": 0.005576627988802501,
      "삶": 0.005531869594971339,
      "기준": 0.005520456539900262,
      "말씀": 0.005439005439005439,
      "오늘": 0.0050812073034160726,
      "자녀": 0.004542516160867779,
      "복": 0.0044668781628768185,
      "전쟁": 0.0037223984690640155,
      "기도": 0.0035606613240146737,
      "절": 0.003517758902364973,
      "아버지": 0.0035095935710334307,
      "생각": 0.0032823293446807883,
      "상황": 0.0032451569996704353,
      "인간": 0.0031725252809727987,
      "가운데": 0.003015202952974071,
      "주님": 0.0028390726005423617,
      "집": 0.002765761940125021,
      "세상": 0.002730702892237503,
      "장": 0.0026161744806346018,
      "성경": 0.002600263140144159,
      "부분": 0.002513133485874443,
      "자리": 0.002507010611907098,
      "시작": 0.002331002331002331,
      "성령": 0.002289611089245097,
      "예배": 0.0020891755099225816,
      "말": 0.0019543105013138736
    },
    "NNP": {
      "예루살렘": 0.024165387951477504,
      "가나안": 0.020189298244981675,
      "모리아": 0.016822993918696613,
      "다윗": 0.013393639504703361,
      "창세기": 0.012512357451079637,
      "예수": 0.011266511266511266,
      "만": 0.010237383369065158,
      "스": 0.005984252864434063,
      "주님": 0.005921258321367206,
      "이스라엘": 0.004368189924190099,
      "다": 0.003907538678474125,
      "누가": 0.002954502710237002,
      "멘": 0.0027987661898884646,
      "그리스도": 0.002051455840425493
    },
    "VA": {
      "어떻": 0.007381507381507382,
      "이렇": 0.006604506604506605,
      "없": 0.005827505827505828,
      "깊": 0.003056227623829302,
      "좋": 0.002553170582294464,
      "그렇": 0.002331002331002331,
      "많": 0.001978145180008152,
      "같": 0.0019543105013138736
    },
    "VV": {
      "있": 0.030691530691530692,
      "흐르": 0.024499092224596643,
      "되": 0.02097902097902098,
      "살": 0.00760864860709725,
      "알": 0.007381507381507382,
      "죽이": 0.0068638282203859645,
      "보": 0.006604506604506605,
      "싸우": 0.0064619044965433725,
      "위하": 0.0050812073034160726,
      "나오": 0.005050505050505051,
      "주": 0.004662004662004662,
      "살리": 0.004621050344387837,
      "계시": 0.004413877911128904,
      "받": 0.004273504273504274,
      "통하": 0.003383576183638403,
      "치": 0.0031928835093381937,
      "리": 0.0030772278493619663,
      "들어오": 0.003035452003944399,
      "짓": 0.002886738982389273,
      "바라": 0.0027125393795420483,
      "원하": 0.002600263140144159,
      "내": 0.0025289907326482594,
      "대하": 0.0024767374288609183,
      "읽": 0.0023737742160097825,
      "나누": 0.00224783524382753,
      "죽": 0.002140635524388348
    }
  }
}