{
  "scope": "sermon",
  "idf_scope": "church",
  "church": "T--g",
  "sermon": "T--g-0050",
  "document_unit": "sermon_json",
  "document_count": 164,
  "min_count": 5,
  "freq": {
    "MAG": {
      "어쩌면": 11,
      "더": 19,
      "계속": 14,
      "지금": 16,
      "이제": 16,
      "다": 15,
      "스스로": 6,
      "절대": 5,
      "많이": 11,
      "정말": 10,
      "너무": 10,
      "못": 8,
      "잘": 7,
      "안": 7,
      "가장": 6
    },
    "NNB": {
      "거": 42,
      "수": 27,
      "번": 13,
      "분": 10,
      "때문": 7,
      "중": 5
    },
    "NNG": {
      "하나님": 84,
      "교회": 71,
      "말씀": 59,
      "얘기": 45,
      "대비": 13,
      "금융": 8,
      "사람": 39,
      "감독원": 7,
      "행실": 10,
      "스트": 8,
      "안": 32,
      "쇼핑": 7,
      "음성": 15,
      "예배": 27,
      "안약": 6,
      "기도": 27,
      "전화": 8,
      "주": 25,
      "쥐엄": 5,
      "멘이": 6,
      "유대인": 12,
      "책": 12,
      "핸드폰": 5,
      "단": 6,
      "부흥": 10,
      "시작": 20,
      "옷": 8,
      "고난": 9,
      "앞": 17,
      "성령": 15,
      "금": 6,
      "가운데": 15,
      "오늘": 16,
      "씨": 5,
      "생각": 14,
      "키워드": 5,
      "지혜": 7,
      "눈": 9,
      "성경": 11,
      "기쁨": 6,
      "요": 6,
      "소리": 7,
      "묵상": 6,
      "사건": 6,
      "복": 5,
      "곳": 7,
      "계속": 6,
      "이름": 8,
      "시대": 6,
      "상황": 7,
      "아버지": 7,
      "주의": 5,
      "정도": 5,
      "십자가": 5,
      "지금": 5,
      "사랑": 6,
      "역사": 5,
      "전": 5,
      "선포": 5,
      "마음": 5
    },
    "NNP": {
      "코": 9,
      "주님": 23,
      "성": 13,
      "예수": 11,
      "이스라엘": 7
    },
    "VA": {
      "옳": 9,
      "많": 20,
      "희": 5,
      "어떻": 18,
      "이렇": 18,
      "없": 16,
      "그렇": 15,
      "뜨겁": 5,
      "같": 8,
      "수많": 5
    },
    "VV": {
      "되": 86,
      "있": 71,
      "듣": 34,
      "알아가": 8,
      "돌아가": 20,
      "보": 24,
      "알": 18,
      "뿌리": 6,
      "그러": 15,
      "거두": 5,
      "울": 6,
      "짓": 10,
      "받": 12,
      "살": 11,
      "대하": 10,
      "죽": 9,
      "믿": 9,
      "먹": 7,
      "읽": 8,
      "나오": 8,
      "주": 8,
      "계시": 7,
      "위하": 7,
      "가지": 6,
      "지": 5,
      "모르": 5
    }
  },
  "tfidf": {
    "MAG": {
      "어쩌면": 0.007390319670926736,
      "더": 0.007137490608564989,
      "계속": 0.006594595394340153,
      "지금": 0.006233155652473924,
      "이제": 0.006010518407212622,
      "다": 0.005669115586455948,
      "스스로": 0.004730155421490856,
      "절대": 0.004587497798217381,
      "많이": 0.004581542149324238,
      "정말": 0.004347053281451586,
      "너무": 0.004165038317567489,
      "못": 0.0033729191651156853,
      "잘": 0.0027270055979573414,
      "안": 0.002694135147412781,
      "가장": 0.002576485748250954
    },
    "NNB": {
      "거": 0.015873523642076656,
      "수": 0.0101427498121713,
      "번": 0.004883546205860256,
      "분": 0.003848764496303973,
      "때문": 0.002677852731283763,
      "중": 0.0019957181761482605
    },
    "NNG": {
      "하나님": 0.03155522163786627,
      "교회": 0.027161077703021022,
      "말씀": 0.022163786626596543,
      "얘기": 0.021329499412054666,
      "대비": 0.021068526694493928,
      "금융": 0.01504833414044319,
      "사람": 0.014650638617580767,
      "감독원": 0.014233504152285666,
      "행실": 0.013602700315975132,
      "스트": 0.012965247196611648,
      "안": 0.012167636641248003,
      "쇼핑": 0.011824024391534696,
      "음성": 0.01106016574479178,
      "예배": 0.010908604026190802,
      "안약": 0.010637831208371203,
      "기도": 0.010328860534951656,
      "전화": 0.009835408354152862,
      "주": 0.009448525977426578,
      "쥐엄": 0.009405208837776994,
      "멘이": 0.009075516000497547,
      "유대인": 0.008848132595833424,
      "책": 0.008570636459096684,
      "핸드폰": 0.00810327949788228,
      "단": 0.00765866703110076,
      "부흥": 0.007619864876013754,
      "시작": 0.007513148009015778,
      "옷": 0.007418059546729361,
      "고난": 0.007095233132236285,
      "앞": 0.0066630193444220265,
      "성령": 0.006641764399380405,
      "금": 0.006507294475655251,
      "가운데": 0.006247557476351234,
      "오늘": 0.006047056625553012,
      "씨": 0.006039770315560511,
      "생각": 0.005554189531598276,
      "키워드": 0.005080293186022587,
      "지혜": 0.004960580158178556,
      "눈": 0.0047517603204257994,
      "성경": 0.00460955738480101,
      "기쁨": 0.004285318229548342,
      "요": 0.004251925849867334,
      "소리": 0.004026536990150408,
      "묵상": 0.0039139690941402535,
      "사건": 0.0037756469009555226,
      "복": 0.003599343974218924,
      "곳": 0.003511204337357029,
      "계속": 0.003474674565964112,
      "이름": 0.0033117931418636263,
      "시대": 0.0032513291805901876,
      "상황": 0.0031378790823259582,
      "아버지": 0.002969377205244194,
      "주의": 0.0026060229199952782,
      "정도": 0.0024300546929529737,
      "십자가": 0.0023116982545068167,
      "지금": 0.002255204161273763,
      "사랑": 0.002253944402704733,
      "역사": 0.002186895287925012,
      "전": 0.002147071456875795,
      "선포": 0.002108074478197303,
      "마음": 0.0019836391184279555
    },
    "NNP": {
      "코": 0.011971812564970472,
      "주님": 0.00940620197331709,
      "성": 0.008009198203680677,
      "예수": 0.004132231404958678,
      "이스라엘": 0.0036958135825534
    },
    "VA": {
      "옳": 0.008926328377125353,
      "많": 0.007651007803667894,
      "희": 0.006964782496435406,
      "어떻": 0.0067618332081141996,
      "이렇": 0.0067618332081141996,
      "없": 0.006010518407212622,
      "그렇": 0.005634861006761833,
      "뜨겁": 0.0044041047299155115,
      "같": 0.003023528312776506,
      "수많": 0.0029755013088871908
    },
    "VV": {
      "되": 0.032306536438767845,
      "있": 0.02667167543200601,
      "듣": 0.013488746005310099,
      "알아가": 0.010418897503487068,
      "돌아가": 0.009246793018027267,
      "보": 0.009015777610818933,
      "알": 0.0067618332081141996,
      "뿌리": 0.006695231986411939,
      "그러": 0.005808255026296508,
      "거두": 0.005209881599784705,
      "울": 0.004990515046859401,
      "짓": 0.00465218265756949,
      "받": 0.004507888805409466,
      "살": 0.004259387019284106,
      "대하": 0.003991436352296521,
      "죽": 0.003725767284596579,
      "믿": 0.003442953511650552,
      "먹": 0.0033596627183275574,
      "읽": 0.0030604031214671577,
      "나오": 0.003005259203606311,
      "주": 0.003005259203606311,
      "계시": 0.0029875752142269198,
      "위하": 0.0026455872736794424,
      "가지": 0.002323302010518603,
      "지": 0.002213921466460135,
      "모르": 0.0021209837180315673
    }
  }
}