{
  "scope": "sermon",
  "idf_scope": "church",
  "church": "T--g",
  "sermon": "T--g-0047",
  "document_unit": "sermon_json",
  "document_count": 164,
  "min_count": 5,
  "freq": {
    "MAG": {
      "항상": 26,
      "다": 17,
      "가까이": 6,
      "매일": 6,
      "다시": 11,
      "이제": 11,
      "더": 10,
      "막": 7
    },
    "NNB": {
      "수": 52,
      "거": 32,
      "번": 16,
      "가지": 11,
      "장": 10,
      "분": 7,
      "때문": 5
    },
    "NNG": {
      "관용": 44,
      "염려": 42,
      "주": 64,
      "말씀": 54,
      "하나님": 54,
      "기도": 53,
      "믿음": 43,
      "기쁨": 24,
      "안": 40,
      "삶": 30,
      "절": 31,
      "외부": 8,
      "허용": 8,
      "공학": 6,
      "생각": 26,
      "오늘": 27,
      "사람": 27,
      "암송": 9,
      "마음": 23,
      "축원": 16,
      "말": 24,
      "의학": 6,
      "재림": 7,
      "가운데": 20,
      "빌립": 6,
      "일면": 5,
      "의인": 7,
      "간구": 7,
      "해결": 9,
      "장": 16,
      "예배": 16,
      "성경": 15,
      "일상": 6,
      "감사": 12,
      "정신": 7,
      "질문": 7,
      "내면": 5,
      "회복": 9,
      "주간": 5,
      "묵상": 7,
      "사랑": 12,
      "용서": 5,
      "고민": 6,
      "관계": 8,
      "이야기": 8,
      "본문": 9,
      "아버지": 9,
      "아무것": 6,
      "존재": 6,
      "의미": 7,
      "루": 6,
      "성도": 6,
      "상황": 6,
      "부분": 5,
      "정도": 5,
      "필요": 5,
      "앞": 6,
      "교회": 6,
      "시작": 6
    },
    "NNP": {
      "빌립보서": 15,
      "하박국": 7,
      "톨레랑스": 5,
      "바울": 10,
      "주님": 12,
      "멘": 10,
      "그리스도": 11,
      "예수": 11,
      "할렐": 6,
      "이스라엘": 5
    },
    "VA": {
      "쁘": 15,
      "그렇": 30,
      "기쁘": 12,
      "이렇": 19,
      "없": 18,
      "어떻": 11,
      "가깝": 5,
      "같": 5
    },
    "VV": {
      "있": 76,
      "되": 45,
      "아뢰": 11,
      "기뻐하": 22,
      "기": 15,
      "살아내": 12,
      "살": 22,
      "깨닫": 12,
      "지키": 11,
      "알": 17,
      "인하": 9,
      "나오": 16,
      "데리": 6,
      "통하": 13,
      "읽": 13,
      "말미암": 9,
      "베풀": 5,
      "믿": 12,
      "그러": 11,
      "갖": 8,
      "받": 8,
      "주": 8,
      "원하": 7,
      "구하": 5,
      "보": 7,
      "나누": 6,
      "맞": 5,
      "대하": 6,
      "가지": 6,
      "따르": 5
    }
  },
  "tfidf": {
    "MAG": {
      "항상": 0.01574596729988754,
      "다": 0.006183421469016087,
      "가까이": 0.004893270872430633,
      "매일": 0.004513218618580112,
      "다시": 0.004149260610849513,
      "이제": 0.0039768618944323935,
      "더": 0.0036153289949385392,
      "막": 0.002640438570540599
    },
    "NNB": {
      "수": 0.018799710773680405,
      "거": 0.011639381588736165,
      "번": 0.005784526391901663,
      "가지": 0.004001037421128057,
      "장": 0.0036816671679978184,
      "분": 0.0025928372242996467,
      "때문": 0.0018408335839989092
    },
    "NNG": {
      "관용": 0.07965389014831119,
      "염려": 0.04158470175140726,
      "주": 0.02327876317747233,
      "말씀": 0.019522776572668113,
      "하나님": 0.019522776572668113,
      "기도": 0.019512835990388437,
      "믿음": 0.01787964276965682,
      "기쁨": 0.01649677097188386,
      "안": 0.014637675677423256,
      "삶": 0.011879719954493764,
      "절": 0.01127565091408816,
      "외부": 0.010724657125386002,
      "허용": 0.010724657125386002,
      "공학": 0.010237854908417984,
      "생각": 0.009927088262085009,
      "오늘": 0.009820728215496139,
      "사람": 0.009761388286334056,
      "암송": 0.00880069878168685,
      "마음": 0.0087816550010752,
      "축원": 0.008739410694235665,
      "말": 0.008729536191552124,
      "의학": 0.008478787194282779,
      "재림": 0.00813774982358312,
      "가운데": 0.008016870572208717,
      "빌립": 0.007520364738146035,
      "일면": 0.00751994816494083,
      "의인": 0.007306394628787656,
      "간구": 0.007019590291423586,
      "해결": 0.006769827927870168,
      "장": 0.006492198711162656,
      "예배": 0.006221301822172928,
      "성경": 0.0060494191275588085,
      "일상": 0.005796004922810052,
      "감사": 0.005756277573922131,
      "정신": 0.0052654217216767975,
      "질문": 0.005090819371565206,
      "내면": 0.0048300041023417095,
      "회복": 0.004693621626209913,
      "주간": 0.0044619654992302865,
      "묵상": 0.004394607140287388,
      "사랑": 0.004338394793926247,
      "용서": 0.004324608472878294,
      "고민": 0.004292431863027091,
      "관계": 0.003911367412275389,
      "이야기": 0.003911367412275389,
      "본문": 0.003674224722819977,
      "아버지": 0.003674224722819977,
      "아무것": 0.0035082626988469433,
      "존재": 0.003389697812647672,
      "의미": 0.003294819596591203,
      "루": 0.0031087128838149123,
      "성도": 0.0026532398076230144,
      "상황": 0.0025884828376670902,
      "부분": 0.0023386860421694923,
      "정도": 0.0023386860421694923,
      "필요": 0.0022808358413629595,
      "앞": 0.0022632330604633708,
      "교회": 0.002209000300798691,
      "시작": 0.0021691973969631237
    },
    "NNP": {
      "빌립보서": 0.01686666594548042,
      "하박국": 0.010189995490074192,
      "톨레랑스": 0.009051578425944453,
      "바울": 0.006370716023307652,
      "주님": 0.004723061332258812,
      "멘": 0.004340819578677336,
      "그리스도": 0.004199921957035966,
      "예수": 0.0039768618944323935,
      "할렐": 0.003149642350852619,
      "이스라엘": 0.0025406093783589376
    },
    "VA": {
      "쁘": 0.01920279889609026,
      "그렇": 0.010845986984815618,
      "기쁘": 0.00851544792845574,
      "이렇": 0.006869125090383225,
      "없": 0.006507592190889371,
      "어떻": 0.0039768618944323935,
      "가깝": 0.003965875756457763,
      "같": 0.0018186533732400256
    },
    "VV": {
      "있": 0.0274765003615329,
      "되": 0.016268980477223426,
      "아뢰": 0.015544443189518429,
      "기뻐하": 0.015363080436771063,
      "기": 0.011000043546609878,
      "살아내": 0.008584863726054182,
      "살": 0.008198473062425373,
      "깨닫": 0.007759034101363429,
      "지키": 0.006522202063523488,
      "알": 0.006146059291395517,
      "인하": 0.00609058232962035,
      "나오": 0.005784526391901663,
      "데리": 0.005354358599076344,
      "통하": 0.0051166497766137135,
      "읽": 0.0047861673183971646,
      "말미암": 0.004663069325722368,
      "베풀": 0.004663024131027511,
      "믿": 0.004418000601597382,
      "그러": 0.004099236531212687,
      "갖": 0.003537653076830686,
      "받": 0.0028922631959508315,
      "주": 0.0028922631959508315,
      "원하": 0.002823062259527444,
      "구하": 0.0028056192738612437,
      "보": 0.0025307302964569776,
      "나누": 0.00251016395558007,
      "맞": 0.0023386860421694923,
      "대하": 0.0023048163925842385,
      "가지": 0.0022359471988432837,
      "따르": 0.0019560103995920177
    }
  }
}