{
  "scope": "sermon",
  "idf_scope": "church",
  "church": "M-zA",
  "sermon": "M-zA-0227",
  "document_unit": "sermon_json",
  "document_count": 289,
  "min_count": 5,
  "freq": {
    "MAG": {
      "다": 20,
      "더": 17,
      "잘": 11,
      "사실": 8,
      "지금": 6,
      "다시": 6,
      "정말": 5,
      "간절히": 5,
      "너무": 5
    },
    "NNB": {
      "수": 30,
      "거": 27,
      "번": 26,
      "분": 8,
      "줄": 6,
      "때문": 7,
      "장": 6,
      "절": 5
    },
    "NNG": {
      "말씀": 178,
      "기도": 149,
      "하나님": 148,
      "주": 73,
      "묵상": 32,
      "악": 20,
      "음성": 20,
      "말": 33,
      "만족": 16,
      "마음": 28,
      "뜻": 22,
      "정화": 6,
      "삶": 26,
      "순종": 16,
      "모함": 5,
      "이름": 23,
      "오늘": 23,
      "안": 22,
      "가운데": 22,
      "소망": 16,
      "생각": 21,
      "응답": 10,
      "사람": 18,
      "역사": 15,
      "문제": 16,
      "시작": 16,
      "원수": 6,
      "사랑": 15,
      "분노": 5,
      "대화": 6,
      "은혜": 14,
      "주께": 7,
      "질문": 9,
      "천국": 6,
      "기쁨": 10,
      "앞": 13,
      "상황": 11,
      "인도": 11,
      "고백": 12,
      "나라": 9,
      "간구": 5,
      "내용": 7,
      "주의": 8,
      "감정": 5,
      "경험": 9,
      "영혼": 7,
      "약속": 6,
      "성도": 8,
      "선": 5,
      "예배": 9,
      "찬양": 9,
      "중요": 8,
      "결단": 5,
      "자리": 7,
      "진짜": 5,
      "영원": 7,
      "절": 7,
      "세상": 7,
      "생명": 5,
      "곳": 5,
      "길": 5,
      "성령": 5
    },
    "NNP": {
      "주님": 33,
      "멘": 13,
      "예수": 23,
      "성령": 5
    },
    "VA": {
      "없": 19,
      "어떻": 15,
      "이렇": 14,
      "기쁘": 7,
      "같": 10,
      "그렇": 9,
      "어렵": 7,
      "좋": 8
    },
    "VV": {
      "있": 64,
      "되": 48,
      "듣": 29,
      "살": 21,
      "들어오": 14,
      "믿": 19,
      "주": 19,
      "갚": 6,
      "드리": 18,
      "걸": 8,
      "쌓이": 6,
      "알": 13,
      "대하": 12,
      "따라가": 6,
      "보": 11,
      "부르짖": 5,
      "읽": 10,
      "만들": 9,
      "서": 8,
      "당하": 6,
      "나누": 8,
      "맡기": 5,
      "향하": 7,
      "나아가": 7,
      "찾": 6,
      "따르": 6,
      "구하": 5,
      "깨닫": 5,
      "내": 5,
      "받": 6,
      "들어가": 5,
      "일어나": 5,
      "가지": 5,
      "위하": 5
    }
  },
  "tfidf": {
    "MAG": {
      "다": 0.006507485310428585,
      "더": 0.005550469367171775,
      "잘": 0.0036539475611900465,
      "사실": 0.0035970874040013776,
      "지금": 0.001993062306103662,
      "다시": 0.0019861997759130614,
      "정말": 0.001779712857981121,
      "간절히": 0.0017491795435630073,
      "너무": 0.001713282776576604
    },
    "NNB": {
      "수": 0.009727626459143969,
      "거": 0.008845903078782184,
      "번": 0.008430609597924773,
      "분": 0.0026391484895249527,
      "줄": 0.002413492789934006,
      "때문": 0.00229338227968427,
      "장": 0.0020559393318919247,
      "절": 0.0017371254279866166
    },
    "NNG": {
      "말씀": 0.05771725032425422,
      "기도": 0.048816279953279466,
      "하나님": 0.04798962386511025,
      "주": 0.023670557717250323,
      "묵상": 0.014441154487678364,
      "악": 0.014218833388471552,
      "음성": 0.01089136404800119,
      "말": 0.010700389105058366,
      "만족": 0.010312579485635798,
      "마음": 0.009141949545929983,
      "뜻": 0.008818254289033127,
      "정화": 0.00849668449413711,
      "삶": 0.008430609597924773,
      "순종": 0.008404798525193165,
      "모함": 0.007908757220740054,
      "이름": 0.007746235488541034,
      "오늘": 0.0074578469520103765,
      "안": 0.0072326720063342,
      "가운데": 0.007158233841471443,
      "소망": 0.0069624111760878795,
      "생각": 0.006809338521400778,
      "응답": 0.00647552557885413,
      "사람": 0.005836575875486381,
      "역사": 0.005683962609123505,
      "문제": 0.005675392061396645,
      "시작": 0.005314832816276431,
      "원수": 0.004946977700263478,
      "사랑": 0.0048638132295719845,
      "분노": 0.004833011460548936,
      "대화": 0.004738860736154203,
      "은혜": 0.004570974772964992,
      "주께": 0.004532867905197891,
      "질문": 0.004409024193869623,
      "천국": 0.004356155883535421,
      "기쁨": 0.004304626040906968,
      "앞": 0.00422986545177858,
      "상황": 0.004212183905662181,
      "인도": 0.0041974754461866675,
      "고백": 0.004183539079294477,
      "나라": 0.0039022241139547195,
      "간구": 0.0038576872273542945,
      "내용": 0.0035088905982622654,
      "주의": 0.0034812055880439397,
      "감정": 0.003413639318276076,
      "경험": 0.003339770380881525,
      "영혼": 0.0032176564411599317,
      "약속": 0.0030664021832174267,
      "성도": 0.0029790402207996707,
      "선": 0.002959944611741129,
      "예배": 0.0029486343595940614,
      "찬양": 0.002928368389692863,
      "중요": 0.0028181183247699628,
      "결단": 0.002585452509316947,
      "자리": 0.0025176378222292297,
      "진짜": 0.002477654614912224,
      "영원": 0.0024403977962551117,
      "절": 0.0023738793506978824,
      "세상": 0.0023413371515977363,
      "생명": 0.0023068366582685374,
      "곳": 0.0018619001379997944,
      "길": 0.0018361651361251347,
      "성령": 0.001755240377075665
    },
    "NNP": {
      "주님": 0.01195149291697269,
      "멘": 0.007796625047302619,
      "예수": 0.0074578469520103765,
      "성령": 0.00292209220577973
    },
    "VA": {
      "없": 0.00616083009079118,
      "어떻": 0.004897472971033919,
      "이렇": 0.004539559014267186,
      "기쁘": 0.0034033004201026507,
      "같": 0.00324254215304799,
      "그렇": 0.0029182879377431907,
      "어렵": 0.0028157415882563404,
      "좋": 0.0025940337224383916
    },
    "VV": {
      "있": 0.020752269779507133,
      "되": 0.01556420233463035,
      "듣": 0.009533976735622354,
      "살": 0.006856462159447486,
      "들어오": 0.006341225389700007,
      "믿": 0.00620346576330963,
      "주": 0.00616083009079118,
      "갚": 0.006115798440397584,
      "드리": 0.005999847385461515,
      "걸": 0.005747168940926101,
      "쌓이": 0.005365482329868432,
      "알": 0.00422986545177858,
      "대하": 0.004013720831310404,
      "따라가": 0.003614195656825102,
      "보": 0.0035667963683527885,
      "부르짖": 0.0035363887050071014,
      "읽": 0.0034622636254890366,
      "만들": 0.0032822085948471516,
      "서": 0.003161718468002125,
      "당하": 0.0030192356236649117,
      "나누": 0.0028673424530682914,
      "맡기": 0.0026474194561720015,
      "향하": 0.0026157575180319995,
      "나아가": 0.0025706311905751887,
      "찾": 0.0024829832230119806,
      "따르": 0.0023965011946640554,
      "구하": 0.0023326399256257025,
      "깨닫": 0.0021368722268230436,
      "내": 0.00199005060385656,
      "받": 0.0019589891884135677,
      "들어가": 0.001874922465654244,
      "일어나": 0.0017431412830393655,
      "가지": 0.0016381301997744787,
      "위하": 0.0016324909903446397
    }
  }
}