{
  "scope": "sermon",
  "idf_scope": "church",
  "church": "M-zA",
  "sermon": "M-zA-0084",
  "document_unit": "sermon_json",
  "document_count": 289,
  "min_count": 5,
  "freq": {
    "MAG": {
      "잘": 21,
      "지금": 13,
      "이제": 12,
      "홀로": 5,
      "더": 11,
      "다": 11,
      "굉장히": 9,
      "늘": 9,
      "정말": 6,
      "안": 6
    },
    "NNB": {
      "거": 46,
      "수": 41,
      "번": 15,
      "분": 10,
      "적": 6,
      "중": 7,
      "때문": 5
    },
    "NNG": {
      "기도": 122,
      "하나님": 101,
      "모세": 26,
      "중보": 14,
      "사람": 43,
      "마음": 42,
      "동역자": 10,
      "뜻": 27,
      "말": 31,
      "생각": 31,
      "교인": 16,
      "동역": 6,
      "주": 25,
      "목사": 22,
      "공의": 7,
      "보": 10,
      "설교": 18,
      "목회자": 12,
      "말씀": 21,
      "오늘": 21,
      "사단": 6,
      "이야기": 18,
      "교회": 17,
      "백성": 15,
      "신앙": 14,
      "아버지": 16,
      "담임": 9,
      "공동체": 8,
      "심판": 5,
      "자녀": 9,
      "편지": 5,
      "전쟁": 5,
      "죄": 8,
      "엄마": 5,
      "믿음": 10,
      "용서": 5,
      "승리": 6,
      "생활": 7,
      "필요": 8,
      "상처": 5,
      "인간": 5,
      "가운데": 9,
      "글": 5,
      "이름": 8,
      "예배": 8,
      "사랑": 8,
      "이유": 7,
      "지금": 7,
      "사역": 5,
      "중요": 6,
      "제목": 5,
      "전": 6,
      "앞": 6,
      "삶": 6,
      "얘기": 5,
      "인생": 5,
      "기억": 5,
      "세상": 5
    },
    "NNP": {
      "중": 9,
      "이스라엘": 9,
      "예수": 11
    },
    "VA": {
      "좋": 27,
      "같": 20,
      "힘들": 16,
      "이렇": 16,
      "그렇": 15,
      "많": 13,
      "없": 12,
      "크": 9,
      "어렵": 5
    },
    "VV": {
      "있": 98,
      "되": 59,
      "위하": 48,
      "받": 20,
      "꺾": 5,
      "이루어지": 10,
      "알": 15,
      "보": 15,
      "모르": 14,
      "구하": 10,
      "나누": 12,
      "듣": 11,
      "믿": 11,
      "주": 11,
      "붙잡": 6,
      "죽": 7,
      "대하": 8,
      "가지": 8,
      "기뻐하": 5,
      "나오": 7,
      "지": 5,
      "살아가": 6,
      "향하": 5
    }
  },
  "tfidf": {
    "MAG": {
      "잘": 0.008018305826344736,
      "지금": 0.00496371313059436,
      "이제": 0.004581889043625563,
      "홀로": 0.004383885220730916,
      "더": 0.004128261226720205,
      "다": 0.0041140501615911165,
      "굉장히": 0.003920091096504708,
      "늘": 0.0038389309931564004,
      "정말": 0.0024548495508075036,
      "안": 0.0022673629045710034
    },
    "NNB": {
      "거": 0.01732327265455137,
      "수": 0.01528140141632501,
      "번": 0.005590756615728662,
      "분": 0.003791993077569397,
      "적": 0.003123849491800461,
      "중": 0.002719276431244569,
      "때문": 0.001882964418972975
    },
    "NNG": {
      "기도": 0.045944331822940596,
      "하나님": 0.037644427879239654,
      "모세": 0.02464085351707832,
      "중보": 0.0164030136329113,
      "사람": 0.0160268356317555,
      "마음": 0.015762451956568058,
      "동역자": 0.012440090990701884,
      "뜻": 0.012439914582374045,
      "말": 0.011554230339172567,
      "생각": 0.011554230339172567,
      "교인": 0.010015346022820922,
      "동역": 0.010002213221716662,
      "주": 0.009317927692881103,
      "목사": 0.008695117708349728,
      "공의": 0.008442510633420653,
      "보": 0.008171986986590805,
      "설교": 0.008062904984426758,
      "목회자": 0.007892386781403311,
      "말씀": 0.007827059262020127,
      "오늘": 0.007827059262020127,
      "사단": 0.0075453836533198445,
      "이야기": 0.006872833565438344,
      "교회": 0.0068597646283505755,
      "백성": 0.0066721060625177546,
      "신앙": 0.006076664710650092,
      "아버지": 0.006067188924111035,
      "담임": 0.00599467424657001,
      "공동체": 0.0057138747130053074,
      "심판": 0.005254814240161128,
      "자녀": 0.004737782317769155,
      "편지": 0.0046221136432241785,
      "전쟁": 0.004594089272436738,
      "죄": 0.0040896416144091926,
      "엄마": 0.004085993493295402,
      "믿음": 0.003805093868130129,
      "용서": 0.003774673916957039,
      "승리": 0.003637247423170942,
      "생활": 0.0036046579373842304,
      "필요": 0.0035584565666761355,
      "상처": 0.0035235882032593926,
      "인간": 0.0034170686098193097,
      "가운데": 0.0033660410413018224,
      "글": 0.0032884944922513797,
      "이름": 0.0030970380653273324,
      "예배": 0.00301274307035676,
      "사랑": 0.002981736861721953,
      "이유": 0.002934373592809057,
      "지금": 0.0027954576026369793,
      "사역": 0.0026418328269360598,
      "중요": 0.0024294847876231546,
      "제목": 0.0023868974900559427,
      "전": 0.0023796023630663935,
      "앞": 0.0022440273608678816,
      "삶": 0.0022363026462914647,
      "얘기": 0.002193103763771843,
      "인생": 0.002162677201551514,
      "기억": 0.0020887156878220273,
      "세상": 0.0019223374089578345
    },
    "NNP": {
      "중": 0.014330179221632254,
      "이스라엘": 0.005588300988936096,
      "예수": 0.004099888184867686
    },
    "VA": {
      "좋": 0.01006336190831159,
      "같": 0.007454342154304882,
      "힘들": 0.00694475966931439,
      "이렇": 0.005963473723443906,
      "그렇": 0.005590756615728662,
      "많": 0.004895707489329736,
      "없": 0.004472605292582929,
      "크": 0.003436416782719172,
      "어렵": 0.0023118436340404005
    },
    "VV": {
      "있": 0.036526276556093924,
      "되": 0.021990309355199404,
      "위하": 0.01801423080750635,
      "받": 0.007505929503127646,
      "꺾": 0.0069426797312972036,
      "이루어지": 0.00631064920074523,
      "알": 0.005610068402169704,
      "보": 0.005590756615728662,
      "모르": 0.005438552862489138,
      "구하": 0.005362550526000496,
      "나누": 0.00494384129254339,
      "듣": 0.004156831991713506,
      "믿": 0.004128261226720205,
      "주": 0.004099888184867686,
      "붙잡": 0.003497432983406498,
      "죽": 0.0031576846298376907,
      "대하": 0.003075739854332535,
      "가지": 0.00301274307035676,
      "기뻐하": 0.0029487226756394623,
      "나오": 0.0026180319210125282,
      "지": 0.002491916007668935,
      "살아가": 0.0022988606456408635,
      "향하": 0.002147648204464801
    }
  }
}