{
  "scope": "sermon",
  "idf_scope": "church",
  "church": "M-zA",
  "sermon": "M-zA-0190",
  "document_unit": "sermon_json",
  "document_count": 289,
  "min_count": 5,
  "freq": {
    "MAG": {
      "주": 12,
      "다": 30,
      "더": 15,
      "간절히": 13,
      "다시": 5
    },
    "NNB": {
      "수": 31,
      "거": 22,
      "번": 9,
      "분": 6,
      "가지": 5,
      "때문": 5
    },
    "NNG": {
      "하나님": 75,
      "마음": 68,
      "거룩": 18,
      "아버지": 48,
      "맘": 20,
      "주": 46,
      "대속": 9,
      "소원": 19,
      "형상": 10,
      "말씀": 28,
      "온몸": 8,
      "뜻": 22,
      "평생": 15,
      "사랑": 26,
      "반찬": 5,
      "아기": 7,
      "사람": 22,
      "삶": 22,
      "성공": 9,
      "전능": 7,
      "눈앞": 6,
      "보좌": 7,
      "땅": 14,
      "새": 5,
      "앞": 15,
      "곳": 13,
      "기대": 10,
      "고백": 13,
      "눈물": 8,
      "절": 12,
      "예배": 12,
      "오늘": 12,
      "나무": 5,
      "해": 7,
      "발": 5,
      "왕": 6,
      "말": 10,
      "눈": 8,
      "발견": 5,
      "영광": 6,
      "기도": 8,
      "소리": 5,
      "이야기": 7,
      "가운데": 7,
      "목사": 6,
      "찬양": 6,
      "본문": 5,
      "모습": 5,
      "날": 5
    },
    "NNP": {
      "예수": 30,
      "장자": 6,
      "이스라엘": 15,
      "주님": 9
    },
    "VA": {
      "기": 7,
      "그렇": 16,
      "없": 13,
      "좋": 13,
      "어떻": 12,
      "이렇": 12,
      "어둡": 5,
      "같": 9,
      "많": 5
    },
    "VV": {
      "있": 57,
      "알": 50,
      "되": 43,
      "원하": 36,
      "향하": 21,
      "섬": 7,
      "보": 18,
      "원": 8,
      "받": 14,
      "내": 11,
      "닮": 5,
      "만들": 10,
      "울": 5,
      "바라": 6,
      "보이": 8,
      "그러": 8,
      "살": 8,
      "먹": 6,
      "주": 7,
      "나아가": 5,
      "바라보": 5,
      "살아가": 5
    }
  },
  "tfidf": {
    "MAG": {
      "주": 0.014333763819327378,
      "다": 0.01322654966873578,
      "더": 0.006636118911541567,
      "간절히": 0.006162399495652732,
      "다시": 0.0022427651248227453
    },
    "NNB": {
      "수": 0.013620386643233744,
      "거": 0.009766595588251215,
      "번": 0.003954305799648506,
      "분": 0.002682052045813364,
      "가지": 0.002411526561517477,
      "때문": 0.00221968081551164
    },
    "NNG": {
      "하나님": 0.032952548330404216,
      "마음": 0.0300837390656551,
      "거룩": 0.026118862774118113,
      "아버지": 0.02145641636650691,
      "맘": 0.0209088003675934,
      "주": 0.020210896309314587,
      "대속": 0.01654866803986497,
      "소원": 0.013631651182236785,
      "형상": 0.012989054728805852,
      "말씀": 0.012302284710017574,
      "온몸": 0.012130070643628537,
      "뜻": 0.011948812050693392,
      "평생": 0.011878381848802312,
      "사랑": 0.011423550087873463,
      "반찬": 0.010716435531090654,
      "아기": 0.010053068888061753,
      "사람": 0.009666080843585237,
      "삶": 0.009666080843585237,
      "성공": 0.009355159256584863,
      "전능": 0.008607539272631108,
      "눈앞": 0.007858527598066564,
      "보좌": 0.007536297242807949,
      "땅": 0.007088748845000602,
      "새": 0.007038982909008773,
      "앞": 0.00661327483436789,
      "곳": 0.006559516725192246,
      "기대": 0.0062055604171912925,
      "고백": 0.006141126565871198,
      "눈물": 0.005716892112693403,
      "절": 0.005514218366220639,
      "예배": 0.005327233957227936,
      "오늘": 0.005272407732864675,
      "나무": 0.005053675462463748,
      "해": 0.0050221872776661835,
      "발": 0.0046485150074252616,
      "왕": 0.004409495560324442,
      "말": 0.004393673110720563,
      "눈": 0.004299274345568399,
      "발견": 0.004063267481053346,
      "영광": 0.003576471732703161,
      "기도": 0.0035514893048186236,
      "소리": 0.0033830892092650408,
      "이야기": 0.0031507197615821504,
      "가운데": 0.003086194922705015,
      "목사": 0.002795454642694798,
      "찬양": 0.0026453099337471558,
      "본문": 0.002436729551768436,
      "모습": 0.0024031894108835754,
      "날": 0.0023295455355789984
    },
    "NNP": {
      "예수": 0.013181019332161687,
      "장자": 0.012101334045608128,
      "이스라엘": 0.010979358196628255,
      "주님": 0.004416648524837487
    },
    "VA": {
      "기": 0.008945854855451978,
      "그렇": 0.007029876977152899,
      "없": 0.0057117750439367315,
      "좋": 0.0057117750439367315,
      "어떻": 0.0053088951292332535,
      "이렇": 0.005272407732864675,
      "어둡": 0.00522720009189835,
      "같": 0.003954305799648506,
      "많": 0.00221968081551164
    },
    "VV": {
      "있": 0.025043936731107205,
      "알": 0.022044249447892964,
      "되": 0.018892794376098417,
      "원하": 0.01724316322135093,
      "향하": 0.010633123267500903,
      "섬": 0.010377112653265963,
      "보": 0.007908611599297012,
      "원": 0.006228615546677006,
      "받": 0.006193710984105462,
      "내": 0.005932379322076444,
      "닮": 0.005053675462463748,
      "만들": 0.004941579431023539,
      "울": 0.004045622112649866,
      "바라": 0.003709641653977946,
      "보이": 0.003638282319196028,
      "그러": 0.0036257513309201194,
      "살": 0.0035392634194888356,
      "먹": 0.0035123273548660853,
      "주": 0.0030755711775043936,
      "나아가": 0.0024880198944683286,
      "바라보": 0.002370153652174128,
      "살아가": 0.0022582905361212794
    }
  }
}