{
  "scope": "sermon",
  "idf_scope": "church",
  "church": "M-zA",
  "sermon": "M-zA-0147",
  "document_unit": "sermon_json",
  "document_count": 289,
  "min_count": 5,
  "freq": {
    "MAG": {
      "더": 16,
      "안": 14,
      "잘": 8,
      "늘": 7,
      "다": 7,
      "이제": 6,
      "정말": 5,
      "지금": 5
    },
    "NNB": {
      "거": 63,
      "수": 29,
      "살": 7,
      "장": 10,
      "번": 9,
      "절": 7,
      "중": 7
    },
    "NNG": {
      "교회": 84,
      "공동체": 44,
      "하나님": 57,
      "사람": 47,
      "기도": 45,
      "초대교회": 12,
      "생각": 37,
      "가르침": 11,
      "원숭이": 5,
      "떡": 9,
      "사도": 13,
      "사랑": 23,
      "예배": 22,
      "교단": 6,
      "물고기": 6,
      "세상": 20,
      "말씀": 20,
      "신앙": 17,
      "마음": 19,
      "이야기": 18,
      "가운데": 18,
      "설교": 15,
      "교인": 10,
      "밥": 7,
      "복음": 11,
      "말": 15,
      "목사": 14,
      "구원": 11,
      "오늘": 14,
      "사명": 7,
      "얘기": 11,
      "방식": 6,
      "기쁨": 9,
      "복": 8,
      "생활": 8,
      "삶": 11,
      "청년": 6,
      "책": 8,
      "목회": 6,
      "모습": 9,
      "중요": 9,
      "공부": 5,
      "시작": 9,
      "표현": 7,
      "사역": 6,
      "준비": 7,
      "눈물": 5,
      "안": 8,
      "땅": 7,
      "이유": 7,
      "고백": 7,
      "이름": 7,
      "앞": 7,
      "위": 6,
      "성도": 6,
      "길": 6,
      "문제": 6,
      "백성": 5,
      "전": 5
    },
    "NNP": {
      "일본": 12,
      "예수": 16,
      "주님": 7,
      "그리스도": 6
    },
    "VA": {
      "힘들": 19,
      "이렇": 21,
      "좋": 20,
      "그렇": 16,
      "없": 15,
      "크": 12,
      "같": 12,
      "쉽": 8,
      "다르": 7,
      "많": 10,
      "기쁘": 6,
      "어렵": 6,
      "어떻": 7
    },
    "VV": {
      "있": 73,
      "되": 72,
      "힘쓰": 14,
      "떼": 12,
      "받": 30,
      "꿈꾸": 9,
      "보": 18,
      "드리": 17,
      "먹": 13,
      "주": 17,
      "살아가": 16,
      "살": 16,
      "떠나가": 6,
      "믿": 13,
      "나누": 11,
      "위하": 12,
      "전하": 9,
      "만들": 10,
      "속하": 5,
      "일어나": 9,
      "가지": 9,
      "나오": 9,
      "나타나": 6,
      "떠나": 6,
      "부르": 7,
      "그러": 7,
      "구하": 5,
      "인하": 5,
      "찾아오": 5,
      "대하": 6,
      "듣": 6,
      "쓰": 5,
      "바라보": 5,
      "모르": 5,
      "알": 5
    }
  },
  "tfidf": {
    "MAG": {
      "더": 0.0060680704653533635,
      "안": 0.005346307936063781,
      "잘": 0.0030868068560068766,
      "늘": 0.0030173242512019404,
      "다": 0.002645642050499666,
      "이제": 0.0023151051420051572,
      "정말": 0.0020672822802311774,
      "지금": 0.0019292542850042978
    },
    "NNB": {
      "거": 0.02397556254422471,
      "수": 0.010922787193973634,
      "살": 0.005750927259035277,
      "장": 0.003980236597335026,
      "번": 0.003389830508474576,
      "절": 0.002824938888088518,
      "중": 0.0027479542994460183
    },
    "NNG": {
      "교회": 0.03425277221270911,
      "공동체": 0.03175773717606886,
      "하나님": 0.021468926553672316,
      "사람": 0.01770244821092279,
      "기도": 0.017125401817303362,
      "초대교회": 0.014625508332182478,
      "생각": 0.013935969868173258,
      "가르침": 0.013406715971167273,
      "원숭이": 0.009950257178645252,
      "떡": 0.009939699337956446,
      "사도": 0.00968773240292576,
      "사랑": 0.008662900188323917,
      "예배": 0.0083724186662372,
      "교단": 0.007987314592206486,
      "물고기": 0.007891134672615987,
      "세상": 0.007770442588676263,
      "말씀": 0.007532956685499058,
      "신앙": 0.0074566250771445075,
      "마음": 0.007205833677607119,
      "이야기": 0.006945315426015472,
      "가운데": 0.006803079558427713,
      "설교": 0.0067899479200304435,
      "교인": 0.0063256057860707465,
      "밥": 0.006202165599287934,
      "복음": 0.006073301918998481,
      "말": 0.005649717514124294,
      "목사": 0.005591611220014253,
      "구원": 0.005540031422548647,
      "오늘": 0.005273069679849341,
      "사명": 0.005240771326174802,
      "얘기": 0.004875711591728694,
      "방식": 0.00466601296495464,
      "기쁨": 0.004500158206832911,
      "복": 0.004367683910816406,
      "생활": 0.004163055042669633,
      "삶": 0.004143126177024482,
      "청년": 0.004108137082623509,
      "책": 0.003928903677464913,
      "목회": 0.0037953634716424486,
      "모습": 0.0037082434570650962,
      "중요": 0.0036826597091485446,
      "공부": 0.003529360409385647,
      "시작": 0.003472657713007736,
      "표현": 0.0033889646031412487,
      "사역": 0.0032036327569127452,
      "준비": 0.00314648647734202,
      "눈물": 0.0030630052844845064,
      "안": 0.0030550331063221607,
      "땅": 0.0030384166424145707,
      "이유": 0.0029653199056522417,
      "고백": 0.0028347219599437904,
      "이름": 0.0027384873778207456,
      "앞": 0.002645642050499666,
      "위": 0.0026225821160509436,
      "성도": 0.0025952994465949677,
      "길": 0.0025594274711005266,
      "문제": 0.0024721623047100644,
      "백성": 0.0022474903409585856,
      "전": 0.0020039149843399666
    },
    "NNP": {
      "일본": 0.014076984684705566,
      "예수": 0.006026365348399247,
      "주님": 0.0029448020212475765,
      "그리스도": 0.0022912748297416203
    },
    "VA": {
      "힘들": 0.008333875086220332,
      "이렇": 0.007909604519774011,
      "좋": 0.007532956685499058,
      "그렇": 0.006026365348399247,
      "없": 0.005649717514124294,
      "크": 0.0046302102840103145,
      "같": 0.004519774011299435,
      "쉽": 0.0041478752489823795,
      "다르": 0.003998540602402706,
      "많": 0.003805644848289636,
      "기쁘": 0.003388467633768063,
      "어렵": 0.002803469591019388,
      "어떻": 0.0026547808285920967
    },
    "VV": {
      "있": 0.02749529190207156,
      "되": 0.02711864406779661,
      "힘쓰": 0.015097950306946441,
      "떼": 0.013361847937971578,
      "받": 0.011377632122537557,
      "꿈꾸": 0.007713328028162986,
      "보": 0.006779661016949152,
      "드리": 0.006582130126071904,
      "먹": 0.006523712603626977,
      "주": 0.0064030131826741995,
      "살아가": 0.006194946001008851,
      "살": 0.0060680704653533635,
      "떠나가": 0.005316141942246801,
      "믿": 0.004930307253099607,
      "나누": 0.004579648087471221,
      "위하": 0.004551052849015022,
      "전하": 0.004420016637148028,
      "만들": 0.004236171293788916,
      "속하": 0.003907271323626987,
      "일어나": 0.0036446425199277307,
      "가지": 0.0034250803634606726,
      "나오": 0.0034015397792138565,
      "나타나": 0.003337681518848157,
      "떠나": 0.0031222912820022247,
      "부르": 0.0027384873778207456,
      "그러": 0.002719654906036692,
      "구하": 0.0027095523655855614,
      "인하": 0.0023949495696097304,
      "찾아오": 0.002377983336196612,
      "대하": 0.0023311327766028793,
      "듣": 0.0022912748297416203,
      "쓰": 0.0020672822802311774,
      "바라보": 0.0020318153342178207,
      "모르": 0.0019628244996042986,
      "알": 0.001889744321785476
    }
  }
}