{
  "scope": "sermon",
  "idf_scope": "church",
  "church": "M-zA",
  "sermon": "M-zA-0271",
  "document_unit": "sermon_json",
  "document_count": 289,
  "min_count": 5,
  "freq": {
    "MAG": {
      "이제": 20,
      "다": 15,
      "잘": 10,
      "안": 10,
      "다시": 9,
      "지금": 8,
      "너무": 7
    },
    "NNB": {
      "거": 46,
      "수": 35,
      "대": 6,
      "번": 13,
      "분": 11,
      "때문": 8,
      "장": 6,
      "절": 5
    },
    "NNG": {
      "기도": 124,
      "하나님": 90,
      "꼭대기": 18,
      "비": 32,
      "아합": 11,
      "구름": 15,
      "골방": 8,
      "전투": 11,
      "손바닥": 8,
      "사람": 33,
      "안달": 6,
      "빗소리": 6,
      "삶": 24,
      "표정": 8,
      "바알": 5,
      "신": 13,
      "오늘": 20,
      "승리": 12,
      "생각": 19,
      "믿음": 18,
      "말": 18,
      "예배": 16,
      "땅": 14,
      "말씀": 16,
      "사이": 9,
      "역사": 13,
      "앞": 15,
      "무릎": 6,
      "도전": 8,
      "뜻": 11,
      "세": 6,
      "왕": 8,
      "장소": 5,
      "현실": 5,
      "설교": 10,
      "이야기": 11,
      "요번": 5,
      "결과": 5,
      "얘기": 9,
      "아내": 6,
      "중요": 9,
      "준비": 8,
      "목사": 9,
      "새벽": 5,
      "마음": 9,
      "머리": 5,
      "인생": 7,
      "은혜": 8,
      "가운데": 8,
      "경험": 7,
      "주": 8,
      "약속": 5,
      "하늘": 5,
      "지금": 7,
      "손": 6,
      "문제": 6,
      "감사": 5,
      "곳": 5,
      "모습": 5,
      "교회": 5,
      "절": 5
    },
    "NNP": {
      "엘리야": 55,
      "갈멜산": 26,
      "이스르엘": 5,
      "아합": 5,
      "열왕기상": 5
    },
    "VA": {
      "그렇": 21,
      "이렇": 19,
      "없": 17,
      "같": 16,
      "뜨겁": 7,
      "좋": 10,
      "어떻": 9,
      "크": 8,
      "많": 5
    },
    "VV": {
      "있": 70,
      "되": 51,
      "보": 47,
      "올라가": 22,
      "주": 17,
      "알": 16,
      "내리": 10,
      "살": 12,
      "보이": 11,
      "드리": 10,
      "믿": 10,
      "받": 10,
      "일어나": 9,
      "통하": 9,
      "이르": 6,
      "대하": 9,
      "떠오르": 5,
      "시": 5,
      "듣": 8,
      "가지": 8,
      "나오": 8,
      "먹": 6,
      "계시": 6,
      "느끼": 6,
      "끝나": 5,
      "위하": 6,
      "바라보": 5,
      "모르": 5,
      "살아가": 5
    }
  },
  "tfidf": {
    "MAG": {
      "이제": 0.007959860336731019,
      "다": 0.005847635401329183,
      "잘": 0.0039799301683655095,
      "안": 0.003938963139707331,
      "다시": 0.003569603793074523,
      "지금": 0.0031839441346924076,
      "너무": 0.0028738421585653246
    },
    "NNB": {
      "거": 0.01805685335359803,
      "수": 0.013597513597513598,
      "대": 0.005110825427744319,
      "번": 0.005050505050505051,
      "분": 0.0043478279603071344,
      "때문": 0.0031403223223648745,
      "장": 0.002463293278770278,
      "절": 0.0020813111188464355
    },
    "NNG": {
      "기도": 0.048674995996655555,
      "하나님": 0.03496503496503497,
      "꼭대기": 0.032100974694410374,
      "비": 0.02908031182836598,
      "아합": 0.01825634893240235,
      "구름": 0.016071433085969544,
      "골방": 0.015161216639479301,
      "전투": 0.015104216696800728,
      "손바닥": 0.014267099864182389,
      "사람": 0.01282051282051282,
      "안달": 0.011795904453488156,
      "빗소리": 0.011011586885606542,
      "삶": 0.009324009324009324,
      "표정": 0.008898891789309091,
      "바알": 0.007973837539858164,
      "신": 0.007898663884242117,
      "오늘": 0.00777000777000777,
      "승리": 0.007582544550402206,
      "생각": 0.007381507381507382,
      "믿음": 0.007139207586149046,
      "말": 0.006993006993006993,
      "예배": 0.006280644644729749,
      "땅": 0.006268062304281807,
      "말씀": 0.006216006216006216,
      "사이": 0.006195947982621008,
      "역사": 0.005902134911291882,
      "앞": 0.005847635401329183,
      "무릎": 0.0055464370205877125,
      "도전": 0.005530790348900593,
      "뜻": 0.005282730424898633,
      "세": 0.0052192636926275205,
      "왕": 0.005198659360423946,
      "장소": 0.005035632243735043,
      "현실": 0.0048178441743475025,
      "설교": 0.004669078406547741,
      "이야기": 0.004377923185202061,
      "요번": 0.004303678373595595,
      "결과": 0.004237071781756759,
      "얘기": 0.004114753425314584,
      "아내": 0.004028527972893276,
      "중요": 0.0037985476020937787,
      "준비": 0.0037091448983652183,
      "목사": 0.0037077242230613987,
      "새벽": 0.0036891924990576047,
      "마음": 0.003520700849106901,
      "머리": 0.0033295529630521735,
      "인생": 0.003155962744548484,
      "은혜": 0.003129511865872801,
      "가운데": 0.003118738880708897,
      "경험": 0.0031122750143516517,
      "주": 0.003108003108003108,
      "약속": 0.003061636989459513,
      "하늘": 0.0029236498621930955,
      "지금": 0.0029138355663850097,
      "손": 0.0027624335419344165,
      "문제": 0.0025499576219911503,
      "감사": 0.0022464105998747817,
      "곳": 0.0022308080907503364,
      "모습": 0.002124964684992625,
      "교회": 0.002103015276962452,
      "절": 0.0020315917187124733
    },
    "NNP": {
      "엘리야": 0.06914302817297806,
      "갈멜산": 0.046368074558592765,
      "이스르엘": 0.010822200144352001,
      "아합": 0.008916937415113993,
      "열왕기상": 0.007829882659994679
    },
    "VA": {
      "그렇": 0.008158508158508158,
      "이렇": 0.007381507381507382,
      "없": 0.006604506604506605,
      "같": 0.006216006216006216,
      "뜨겁": 0.005096593877889064,
      "좋": 0.003885003885003885,
      "어떻": 0.003520700849106901,
      "크": 0.0031839441346924076,
      "많": 0.0019627014514780466
    },
    "VV": {
      "있": 0.027195027195027196,
      "되": 0.019813519813519812,
      "보": 0.01825951825951826,
      "올라가": 0.016160319913410173,
      "주": 0.006604506604506605,
      "알": 0.006237477761417794,
      "내리": 0.006147181770583277,
      "살": 0.004694267798809201,
      "보이": 0.004423467178680642,
      "드리": 0.003993682408867157,
      "믿": 0.003911889832341001,
      "받": 0.003911889832341001,
      "일어나": 0.003759334067757624,
      "통하": 0.003656865093682452,
      "이르": 0.0036314525282610173,
      "대하": 0.0036067351526110976,
      "떠오르": 0.0035928503445522204,
      "시": 0.003184621215206069,
      "듣": 0.003151170511765865,
      "가지": 0.0031403223223648745,
      "나오": 0.003118738880708897,
      "먹": 0.0031056942733780927,
      "계시": 0.002953854408177716,
      "느끼": 0.0028014470439286445,
      "끝나": 0.002784457964550448,
      "위하": 0.0023471338994046007,
      "바라보": 0.002095753579000899,
      "모르": 0.0020245917041373015,
      "살아가": 0.0019968412044335786
    }
  }
}