{
  "scope": "sermon",
  "idf_scope": "church",
  "church": "M-zA",
  "sermon": "M-zA-0070",
  "document_unit": "sermon_json",
  "document_count": 289,
  "min_count": 5,
  "freq": {
    "MAG": {
      "잘": 14,
      "절대로": 7,
      "지금": 13,
      "이제": 8,
      "아직": 5,
      "늘": 6,
      "더": 6,
      "굉장히": 5,
      "다": 5
    },
    "NNB": {
      "수": 40,
      "거": 36,
      "번": 15,
      "살": 6,
      "때문": 10,
      "분": 5
    },
    "NNG": {
      "혼란": 37,
      "하나님": 122,
      "폼": 14,
      "삶": 49,
      "챔버스": 11,
      "미술": 8,
      "최상": 9,
      "주": 38,
      "순종": 22,
      "사도": 15,
      "감옥": 9,
      "가운데": 29,
      "인생": 25,
      "최고봉": 8,
      "사람": 26,
      "신뢰": 13,
      "생각": 24,
      "확신": 13,
      "항복": 5,
      "의심": 9,
      "뜻": 17,
      "최고": 8,
      "말씀": 20,
      "책": 15,
      "믿음": 19,
      "복음": 11,
      "발생": 5,
      "제물": 5,
      "산": 8,
      "사랑": 14,
      "길": 12,
      "안": 13,
      "말": 12,
      "얘기": 10,
      "성령": 10,
      "인도": 9,
      "글": 6,
      "이야기": 10,
      "앞": 10,
      "오늘": 10,
      "힘": 8,
      "고백": 9,
      "계획": 5,
      "집회": 5,
      "목회자": 5,
      "사역": 6,
      "능력": 7,
      "마음": 8,
      "교회": 7,
      "질문": 5,
      "복": 5,
      "이해": 5,
      "감사": 6,
      "주님": 5,
      "설교": 5,
      "곳": 5,
      "세상": 5
    },
    "NNP": {
      "오스왈드": 24,
      "챔버스": 20,
      "바울": 23,
      "주님": 6
    },
    "VA": {
      "이렇": 23,
      "같": 21,
      "없": 12,
      "그렇": 11,
      "좋": 9,
      "어떻": 7
    },
    "VV": {
      "있": 78,
      "되": 62,
      "쓰": 23,
      "막": 10,
      "보": 16,
      "드리": 15,
      "살아가": 15,
      "받": 15,
      "통하": 13,
      "살": 13,
      "던지": 7,
      "전하": 10,
      "기뻐하": 8,
      "내려놓": 7,
      "깨닫": 9,
      "주": 10,
      "보이": 9,
      "따라가": 5,
      "대하": 9,
      "일어나": 8,
      "빠지": 5,
      "느끼": 6,
      "믿": 7,
      "나오": 7,
      "나아가": 6,
      "생기": 5,
      "찾": 5,
      "내": 5,
      "가지": 6,
      "부르": 5,
      "위하": 5
    }
  },
  "tfidf": {
    "MAG": {
      "잘": 0.00574372300950018,
      "절대로": 0.005598464004657707,
      "지금": 0.005333457080250167,
      "이제": 0.003282127434000103,
      "아직": 0.003013806465873059,
      "늘": 0.0027499270737254364,
      "더": 0.0024195124778003375,
      "굉장히": 0.0023400534890584555,
      "다": 0.0020093196533201596
    },
    "NNB": {
      "수": 0.016019223067681217,
      "거": 0.014567222050441466,
      "번": 0.006007208650380457,
      "살": 0.005241276459547569,
      "때문": 0.004046450569567074,
      "분": 0.002037228159214796
    },
    "NNG": {
      "혼란": 0.05237176938762542,
      "하나님": 0.048858630356427714,
      "폼": 0.023951861875270358,
      "삶": 0.01962354825790949,
      "챔버스": 0.01808339896704398,
      "미술": 0.016927790346369657,
      "최상": 0.016545436296237944,
      "주": 0.015218261914297157,
      "순종": 0.014273347275162844,
      "사도": 0.011885460797465216,
      "감옥": 0.011663213242474314,
      "가운데": 0.011654053989256926,
      "인생": 0.011618868505732306,
      "최고봉": 0.010930827024298078,
      "사람": 0.010412494993992792,
      "신뢰": 0.010159377922270937,
      "생각": 0.00961153384060873,
      "확신": 0.009587654550987923,
      "항복": 0.009459292699089319,
      "의심": 0.008431048555966238,
      "뜻": 0.008415979827892175,
      "최고": 0.008044846903070398,
      "말씀": 0.008009611533840609,
      "책": 0.007832828842362844,
      "믿음": 0.007768212659818566,
      "복음": 0.006457595752879843,
      "발생": 0.006354371969391349,
      "제물": 0.006354371969391349,
      "산": 0.006195218180491869,
      "사랑": 0.005606728073688426,
      "길": 0.005442755254923427,
      "안": 0.005278557652418371,
      "말": 0.004805766920304365,
      "얘기": 0.004712933438686308,
      "성령": 0.004335731936645055,
      "인도": 0.004241640094817678,
      "글": 0.004240142918403101,
      "이야기": 0.004102659292500129,
      "앞": 0.004018639306640319,
      "오늘": 0.004004805766920304,
      "힘": 0.004002710208116087,
      "고백": 0.003875260668966009,
      "계획": 0.0037362032003349283,
      "집회": 0.003655774602566937,
      "목회자": 0.0035334524320025837,
      "사역": 0.0034063456025644127,
      "능력": 0.0032990534070804155,
      "마음": 0.0032260166370671165,
      "교회": 0.0030350123556515383,
      "질문": 0.003025281585434503,
      "복": 0.002902533235687214,
      "이해": 0.0028596994551879805,
      "감사": 0.002778819808127043,
      "주님": 0.002776686412179678,
      "설교": 0.0024065293989695407,
      "곳": 0.0022995995296721528,
      "세상": 0.0020655311446671487
    },
    "NNP": {
      "오스왈드": 0.027956884010767714,
      "챔버스": 0.023876663747429583,
      "바울": 0.0179742840163255,
      "주님": 0.002683831809512781
    },
    "VA": {
      "이렇": 0.0092110532639167,
      "같": 0.00841009211053264,
      "없": 0.004805766920304365,
      "그렇": 0.004405286343612335,
      "좋": 0.003604325190228274,
      "어떻": 0.002822764557433727
    },
    "VV": {
      "있": 0.031237484981978373,
      "되": 0.024829795754905886,
      "쓰": 0.01011122086041785,
      "막": 0.009420876289324026,
      "보": 0.006407689227072487,
      "드리": 0.006175253416354063,
      "살아가": 0.006175253416354063,
      "받": 0.006048781194500844,
      "통하": 0.0054450237958795986,
      "살": 0.005242277035234065,
      "던지": 0.0052306844804689,
      "전하": 0.005221885894908563,
      "기뻐하": 0.00506939395353828,
      "내려놓": 0.005052633283009436,
      "깨닫": 0.004750582741505838,
      "주": 0.004004805766920304,
      "보이": 0.0037308057181823914,
      "따라가": 0.0037198569635724914,
      "대하": 0.003717956060400867,
      "일어나": 0.003444676150192008,
      "빠지": 0.0032697803775868853,
      "느끼": 0.0028878352787634486,
      "믿": 0.002822764557433727,
      "나오": 0.0028130475146482233,
      "나아가": 0.0027213776274617133,
      "생기": 0.0026775373041953354,
      "찾": 0.002555573441385979,
      "내": 0.0024578758759686145,
      "가지": 0.0024278703417402446,
      "부르": 0.0020798340832181702,
      "위하": 0.002016260398166948
    }
  }
}