{
  "scope": "sermon",
  "idf_scope": "church",
  "church": "H-Rg",
  "sermon": "H-Rg-0052",
  "document_unit": "sermon_json",
  "document_count": 479,
  "min_count": 5,
  "freq": {
    "MAG": {
      "다": 13,
      "가득": 5,
      "더": 5
    },
    "NNB": {
      "거": 16,
      "수": 11
    },
    "NNG": {
      "보물": 31,
      "보화": 14,
      "지파": 9,
      "밭": 9,
      "사람": 25,
      "발견": 13,
      "할례": 6,
      "땅": 20,
      "교회": 19,
      "사도": 10,
      "천국": 13,
      "하나님": 18,
      "말": 17,
      "반복": 6,
      "할아버지": 5,
      "구원": 13,
      "유대인": 5,
      "안": 13,
      "생각": 13,
      "자랑": 7,
      "지옥": 5,
      "주": 12,
      "은혜": 11,
      "인생": 11,
      "기쁨": 10,
      "세상": 11,
      "엄마": 5,
      "얘기": 8,
      "행복": 6,
      "앞": 8,
      "예배": 7,
      "입": 5,
      "사랑": 7,
      "몸": 6,
      "약속": 5,
      "오늘": 6,
      "말씀": 6,
      "복음": 5
    },
    "NNP": {
      "베냐민": 10,
      "예수": 20,
      "바울": 9
    },
    "VA": {
      "없": 25,
      "같": 7,
      "많": 7,
      "그렇": 5
    },
    "VV": {
      "있": 36,
      "되": 28,
      "얻": 21,
      "주": 19,
      "살": 17,
      "울": 10,
      "위하": 14,
      "알": 12,
      "기뻐하": 8,
      "쓰": 10,
      "버리": 8,
      "달": 5,
      "러": 6,
      "잃": 5,
      "먹": 7,
      "찾": 7,
      "만나": 7,
      "믿": 7,
      "받": 7,
      "보": 6,
      "섬기": 5,
      "들어가": 5
    }
  },
  "tfidf": {
    "MAG": {
      "다": 0.008002922616432671,
      "가득": 0.003855279181506134,
      "더": 0.003110280860456407
    },
    "NNB": {
      "거": 0.009808794836732412,
      "수": 0.006715506715506716
    },
    "NNG": {
      "보물": 0.07410645698552752,
      "보화": 0.031174577600733125,
      "지파": 0.022188416966883447,
      "밭": 0.016565401211770685,
      "사람": 0.015262515262515262,
      "발견": 0.014924454596646382,
      "할례": 0.013819006308570627,
      "땅": 0.012782868373476822,
      "교회": 0.011992753041415108,
      "사도": 0.011925703777921928,
      "천국": 0.011746460040470134,
      "하나님": 0.01098901098901099,
      "말": 0.010421844514028188,
      "반복": 0.00923013096609675,
      "할아버지": 0.009203000673205937,
      "구원": 0.008809530914399432,
      "유대인": 0.00826580581577336,
      "안": 0.00815441941454793,
      "생각": 0.007969645804845084,
      "자랑": 0.007951197114786965,
      "지옥": 0.007750479596069294,
      "주": 0.007480244756028076,
      "은혜": 0.0072693763370370095,
      "인생": 0.0072693763370370095,
      "기쁨": 0.007264040434766461,
      "세상": 0.006771703752366107,
      "엄마": 0.006643998260493962,
      "얘기": 0.005571183795375507,
      "행복": 0.0050466240041632405,
      "앞": 0.004945439717738023,
      "예배": 0.004558817163075567,
      "입": 0.004528164376000844,
      "사랑": 0.004381700034120897,
      "몸": 0.004204835641306308,
      "약속": 0.0040517317730287316,
      "오늘": 0.0036782980637746544,
      "말씀": 0.0036706428809194927,
      "복음": 0.0035786667458509967
    },
    "NNP": {
      "베냐민": 0.031101004653370578,
      "예수": 0.012337866909246585,
      "바울": 0.011328562173326338
    },
    "VA": {
      "없": 0.015262515262515262,
      "같": 0.004345329565454621,
      "많": 0.004318253418236305,
      "그렇": 0.0030652483864788784
    },
    "VV": {
      "있": 0.02197802197802198,
      "되": 0.017094017094017096,
      "얻": 0.014904088839715062,
      "주": 0.011794465963376827,
      "살": 0.01044357962224122,
      "울": 0.010362164541943993,
      "위하": 0.008654519506041541,
      "알": 0.0073412857618389855,
      "기뻐하": 0.00703513957022804,
      "쓰": 0.006949356968114654,
      "버리": 0.006849059735149796,
      "달": 0.006706509039930898,
      "러": 0.0057033516711918145,
      "잃": 0.0055183458146522745,
      "먹": 0.005305730412196264,
      "찾": 0.005160851986231815,
      "만나": 0.004684375472448301,
      "믿": 0.004318253418236305,
      "받": 0.004318253418236305,
      "보": 0.003663003663003663,
      "섬기": 0.0036474369322369196,
      "들어가": 0.0035188118270830593
    }
  }
}