{
  "scope": "sermon",
  "idf_scope": "church",
  "church": "H-Rg",
  "sermon": "H-Rg-0167",
  "document_unit": "sermon_json",
  "document_count": 479,
  "min_count": 5,
  "freq": {
    "MAG": {
      "탁": 5,
      "많이": 6,
      "다": 6,
      "지금": 5
    },
    "NNB": {
      "거": 29,
      "수": 14,
      "번": 7
    },
    "NNG": {
      "꿈": 37,
      "사람": 53,
      "어린이": 20,
      "언어": 15,
      "엄마": 18,
      "말": 34,
      "아빠": 12,
      "하나님": 28,
      "말씀": 26,
      "사랑": 24,
      "축복": 19,
      "월드컵": 5,
      "목사": 21,
      "카드": 6,
      "세상": 20,
      "집": 14,
      "학교": 9,
      "옷": 8,
      "대통령": 6,
      "행복": 11,
      "자녀": 12,
      "얘기": 11,
      "여인": 5,
      "선생": 5,
      "세계": 8,
      "설교": 7,
      "선물": 6,
      "생각": 10,
      "귀": 6,
      "교회": 8,
      "기도": 8,
      "나라": 6,
      "성경": 6,
      "예배": 5
    },
    "NNP": {
      "요셉": 13,
      "예수": 6
    },
    "VA": {
      "어리": 7,
      "없": 9,
      "그렇": 8,
      "어렵": 5
    },
    "VV": {
      "되": 49,
      "먹": 38,
      "있": 37,
      "살": 29,
      "꾸": 9,
      "이루어지": 9,
      "듣": 13,
      "입": 9,
      "먹이": 5,
      "돌아오": 9,
      "살아가": 11,
      "꿈꾸": 5,
      "짓": 8,
      "그러": 9,
      "가지": 9,
      "만들": 8,
      "들어가": 7,
      "따르": 7,
      "이루": 6,
      "계시": 7,
      "나오": 6,
      "드리": 5,
      "주": 5,
      "보": 5
    }
  },
  "tfidf": {
    "MAG": {
      "탁": 0.009446139698404405,
      "많이": 0.00391037581987457,
      "다": 0.0037117849681123313,
      "지금": 0.003383583975151677
    },
    "NNB": {
      "거": 0.017865696791965608,
      "수": 0.008588957055214725,
      "번": 0.004321403246070655
    },
    "NNG": {
      "꿈": 0.03644253938970004,
      "사람": 0.03251533742331288,
      "어린이": 0.025521912921413183,
      "언어": 0.025463805429181138,
      "엄마": 0.024035784627288833,
      "말": 0.020945989342304506,
      "아빠": 0.018764269624179132,
      "하나님": 0.01717791411042945,
      "말씀": 0.01598418599310832,
      "사랑": 0.015096703921241076,
      "축복": 0.014136708295272762,
      "월드컵": 0.013910210964069565,
      "목사": 0.013829944901545597,
      "카드": 0.013535994634731742,
      "세상": 0.012372616560374437,
      "집": 0.010197961583217782,
      "학교": 0.010112310838916646,
      "옷": 0.00943073705941255,
      "대통령": 0.009418400933965681,
      "행복": 0.00929755330337559,
      "자녀": 0.007853471530009933,
      "얘기": 0.007697974664499685,
      "여인": 0.007244177142728586,
      "선생": 0.007194700511041827,
      "세계": 0.006837018837347765,
      "설교": 0.0065331769726582846,
      "선물": 0.006357234597186356,
      "생각": 0.006160585100677796,
      "귀": 0.00596623258520363,
      "교회": 0.005074363443807025,
      "기도": 0.005000873668149787,
      "나라": 0.004026452425054036,
      "성경": 0.0037978479692561237,
      "예배": 0.0032722798041708054
    },
    "NNP": {
      "요셉": 0.020894981447802545,
      "예수": 0.0037195262571802284
    },
    "VA": {
      "어리": 0.006797296848918749,
      "없": 0.005521472392638037,
      "그렇": 0.004928468080542236,
      "어렵": 0.004053937497323504
    },
    "VV": {
      "되": 0.030061349693251534,
      "먹": 0.02894389866579704,
      "있": 0.022699386503067485,
      "살": 0.017902956305149858,
      "꾸": 0.013656289351524957,
      "이루어지": 0.00914539807787427,
      "듣": 0.008367076852208903,
      "입": 0.007507300704718915,
      "먹이": 0.007450472317603333,
      "돌아오": 0.007393115522425757,
      "살아가": 0.006890544479249175,
      "꿈꾸": 0.006869055738562102,
      "짓": 0.006185438519085481,
      "그러": 0.00563771821029478,
      "가지": 0.005590925791326222,
      "만들": 0.0053798471683578035,
      "들어가": 0.0049505148968508415,
      "따르": 0.0049505148968508415,
      "이루": 0.004939522551969644,
      "계시": 0.004837360413490559,
      "나오": 0.0037506552511123396,
      "드리": 0.0033624044802236268,
      "주": 0.003119040240234298,
      "보": 0.003067484662576687
    }
  }
}