{
  "scope": "sermon",
  "idf_scope": "church",
  "church": "H-Rg",
  "sermon": "H-Rg-0066",
  "document_unit": "sermon_json",
  "document_count": 479,
  "min_count": 5,
  "freq": {
    "MAG": {
      "잘": 13
    },
    "NNB": {
      "번": 8,
      "거": 8,
      "명": 5,
      "수": 6
    },
    "NNG": {
      "목적": 22,
      "원숭이": 7,
      "하나님": 42,
      "재건": 6,
      "사람": 28,
      "교회": 26,
      "동역자": 6,
      "부흥": 11,
      "여정": 8,
      "인생": 19,
      "새끼": 6,
      "성전": 9,
      "개척": 6,
      "질문": 7,
      "땅": 14,
      "길": 13,
      "기도": 13,
      "말씀": 13,
      "율법": 5,
      "형통": 5,
      "결단": 5,
      "도움": 5,
      "왕": 7,
      "앞": 9,
      "이유": 6,
      "시대": 6,
      "위기": 5,
      "말": 8,
      "꿈": 5,
      "얘기": 7,
      "비전": 5,
      "손": 6,
      "삶": 6,
      "안": 6,
      "사랑": 6,
      "사역": 5,
      "몸": 5,
      "역사": 5
    },
    "NNP": {
      "에스라": 13,
      "에스": 7,
      "예루살렘": 7
    },
    "VA": {
      "없": 12
    },
    "VV": {
      "있": 29,
      "위하": 28,
      "지키": 18,
      "되": 19,
      "묻": 10,
      "달": 6,
      "받": 13,
      "살": 13,
      "알": 11,
      "맡기": 8,
      "일으키": 5,
      "섬기": 7,
      "돌아오": 6,
      "보": 7,
      "살아가": 6,
      "가지": 6,
      "세우": 5
    }
  },
  "tfidf": {
    "MAG": {
      "잘": 0.010094122252708731
    },
    "NNB": {
      "번": 0.006071008223309776,
      "거": 0.006058373281511196,
      "명": 0.005644918181122379,
      "수": 0.004524886877828055
    },
    "NNG": {
      "목적": 0.03691597036012285,
      "원숭이": 0.03421151769486722,
      "하나님": 0.03167420814479638,
      "재건": 0.022518377948261167,
      "사람": 0.021116138763197588,
      "교회": 0.020272579444621203,
      "동역자": 0.017895521624587043,
      "부흥": 0.017461312909878398,
      "여정": 0.01574321515797346,
      "인생": 0.015510594430362389,
      "새끼": 0.01364209511557586,
      "성전": 0.013369543553111818,
      "개척": 0.01268931335490912,
      "질문": 0.011314809409929495,
      "땅": 0.011053421475888782,
      "길": 0.010393175726173582,
      "기도": 0.009989490292995283,
      "말씀": 0.009824367710696289,
      "율법": 0.009430457275414895,
      "형통": 0.008998093367722062,
      "결단": 0.007511321846190994,
      "도움": 0.007427524196173233,
      "왕": 0.007321433678541932,
      "앞": 0.006872706666562399,
      "이유": 0.006681867047043132,
      "시대": 0.006666708282856336,
      "위기": 0.006353123596324474,
      "말": 0.006058373281511196,
      "꿈": 0.006053701357997133,
      "얘기": 0.006021794249413233,
      "비전": 0.005456026984595549,
      "손": 0.0048776540337996015,
      "삶": 0.004727311736838876,
      "안": 0.004649126001054477,
      "사랑": 0.004639447094951538,
      "사역": 0.004458226081425169,
      "몸": 0.004328507277815317,
      "역사": 0.004081735376411155
    },
    "NNP": {
      "에스라": 0.04378172453725222,
      "에스": 0.025212093376866487,
      "예루살렘": 0.01128041818281912
    },
    "VA": {
      "없": 0.00904977375565611
    },
    "VV": {
      "있": 0.021870286576168928,
      "위하": 0.021381754073749686,
      "지키": 0.016151807554951308,
      "되": 0.014328808446455505,
      "묻": 0.010887528815447679,
      "달": 0.009941413400368157,
      "받": 0.009906581371247994,
      "살": 0.009865388362878385,
      "알": 0.008312926524435322,
      "맡기": 0.008293776467218164,
      "일으키": 0.006764286388995012,
      "섬기": 0.0063079203416332615,
      "돌아오": 0.006058712067146296,
      "보": 0.005279034690799397,
      "살아가": 0.00462015117284087,
      "가지": 0.004581804444374934,
      "세우": 0.0041767647579117224
    }
  }
}