{
  "scope": "sermon",
  "idf_scope": "church",
  "church": "H-Rg",
  "sermon": "H-Rg-0305",
  "document_unit": "sermon_json",
  "document_count": 479,
  "min_count": 5,
  "freq": {
    "MAG": {
      "안": 14,
      "다": 11,
      "잘": 8
    },
    "NNB": {
      "거": 29,
      "번": 9,
      "수": 7,
      "때문": 6,
      "분": 5
    },
    "NNG": {
      "재건": 12,
      "하나님": 46,
      "양문": 7,
      "자리": 35,
      "사람": 37,
      "수축": 9,
      "얘기": 31,
      "잡초": 7,
      "귀족": 6,
      "성직": 6,
      "공동체": 18,
      "원리": 9,
      "성벽": 6,
      "예배": 21,
      "기록": 15,
      "건축": 6,
      "마음": 19,
      "희망": 11,
      "대제사장": 5,
      "교회": 17,
      "기억": 14,
      "식구": 7,
      "수고": 6,
      "사역": 8,
      "이름": 9,
      "가정": 8,
      "문": 6,
      "역사": 8,
      "앞": 8,
      "눈물": 5,
      "목장": 5,
      "안": 7,
      "나라": 6,
      "사랑": 6,
      "말": 6,
      "믿음": 5,
      "기도": 5,
      "가운데": 5,
      "오늘": 5
    },
    "VA": {
      "없": 22,
      "어렵": 5,
      "그렇": 5
    },
    "VV": {
      "있": 49,
      "되": 38,
      "무너지": 15,
      "세우": 17,
      "위하": 13,
      "일어서": 5,
      "일어나": 10,
      "열": 8,
      "서": 7,
      "살": 7,
      "살아가": 6,
      "받": 6,
      "섬기": 5,
      "지키": 5,
      "모르": 5,
      "앉": 5,
      "드리": 5,
      "그러": 5,
      "보": 5
    }
  },
  "tfidf": {
    "MAG": {
      "안": 0.010030719400501062,
      "다": 0.0071746770675133785,
      "잘": 0.005327816143732423
    },
    "NNB": {
      "거": 0.018836407355047827,
      "번": 0.005857973167608253,
      "수": 0.004527813712807244,
      "때문": 0.00416610796331904,
      "분": 0.0033507731235954165
    },
    "NNG": {
      "재건": 0.038627903181622646,
      "하나님": 0.029754204398447608,
      "양문": 0.024368813999170222,
      "자리": 0.024302296452694397,
      "사람": 0.023932729624838292,
      "수축": 0.023508814354304713,
      "얘기": 0.022873024802844234,
      "잡초": 0.02253294352261321,
      "귀족": 0.02159514175213908,
      "성직": 0.019771065571366497,
      "공동체": 0.019007377786146952,
      "원리": 0.01843342578785588,
      "성벽": 0.01708097302068107,
      "예배": 0.014490315355338509,
      "기록": 0.014102273550723075,
      "건축": 0.012737254097508319,
      "마음": 0.012627218679448738,
      "희망": 0.012569700942341524,
      "대제사장": 0.011992400391663034,
      "교회": 0.011368904513898178,
      "기억": 0.010889611706054746,
      "식구": 0.010373149591985098,
      "수고": 0.0064752441188987335,
      "사역": 0.006118093437484889,
      "이름": 0.0060439785998588486,
      "가정": 0.005841039016123803,
      "문": 0.005757153879344928,
      "역사": 0.005601429349672644,
      "앞": 0.005239734966141579,
      "눈물": 0.004830574045552618,
      "목장": 0.004819554775430967,
      "안": 0.004652133197691639,
      "나라": 0.004245224743103544,
      "사랑": 0.003979241169408627,
      "말": 0.0038971877286305846,
      "믿음": 0.0034285379174311304,
      "기도": 0.003295368725373606,
      "가운데": 0.003274834353838487,
      "오늘": 0.0032476564405254874
    },
    "VA": {
      "없": 0.014230271668822769,
      "어렵": 0.0042742031828184425,
      "그렇": 0.0032476564405254874
    },
    "VV": {
      "있": 0.03169469598965071,
      "되": 0.02457956015523933,
      "무너지": 0.016109547455403828,
      "세우": 0.012180159272037005,
      "위하": 0.008514569319980065,
      "일어서": 0.0073849837505827395,
      "일어나": 0.006814286448583352,
      "열": 0.006735670449813822,
      "서": 0.005143212346609697,
      "살": 0.0045562013525841955,
      "살아가": 0.003962691109435313,
      "받": 0.003921622121089115,
      "섬기": 0.0038644901002613677,
      "지키": 0.00384815596123786,
      "모르": 0.0036814510717243865,
      "앉": 0.0036814510717243865,
      "드리": 0.0035450965735863596,
      "그러": 0.003302242591196094,
      "보": 0.003234152652005175
    }
  }
}