{
  "scope": "sermon",
  "idf_scope": "church",
  "church": "G-kA",
  "sermon": "G-kA-0100",
  "document_unit": "sermon_json",
  "document_count": 204,
  "min_count": 5,
  "freq": {
    "MAG": {
      "이제": 41,
      "안": 31,
      "변함없이": 7,
      "빨리": 16,
      "뜻대로": 8,
      "더": 18,
      "잘": 17,
      "하필": 5,
      "다": 14,
      "지금": 10,
      "정말": 10,
      "가장": 7,
      "계속": 7,
      "막": 6,
      "꼭": 5,
      "너무": 5,
      "못": 5
    },
    "NNB": {
      "거": 101,
      "수": 35,
      "분": 13,
      "번": 13
    },
    "NNG": {
      "하나님": 146,
      "응답": 67,
      "기도": 75,
      "주": 57,
      "신뢰": 20,
      "합력": 10,
      "계란": 10,
      "낙심": 20,
      "형상": 12,
      "믿음": 35,
      "구원": 35,
      "기간": 13,
      "뜻": 21,
      "고난": 16,
      "계획": 12,
      "훈련": 17,
      "어머니": 14,
      "응급실": 6,
      "선": 11,
      "영혼": 18,
      "인내": 7,
      "마음": 18,
      "생각": 18,
      "성도": 18,
      "얘": 8,
      "사용": 6,
      "모습": 13,
      "사람": 16,
      "시작": 16,
      "죄": 15,
      "목사": 13,
      "시점": 5,
      "길": 12,
      "엄마": 7,
      "얘기": 12,
      "앞": 12,
      "목적": 5,
      "삶": 11,
      "은혜": 11,
      "얼굴": 7,
      "말씀": 11,
      "사랑": 11,
      "축복": 6,
      "신앙": 9,
      "진짜": 9,
      "이제": 9,
      "천국": 8,
      "안": 9,
      "상황": 7,
      "회복": 7,
      "아내": 6,
      "예배": 8,
      "지옥": 6,
      "끝": 7,
      "세상": 7,
      "고백": 5,
      "애": 5,
      "찬양": 6,
      "이름": 6,
      "지금": 6,
      "하루": 5,
      "예전": 5,
      "오늘": 5
    },
    "NNP": {
      "멘": 12,
      "주님": 14,
      "예수": 12
    },
    "VA": {
      "그렇": 29,
      "없": 23,
      "아름답": 12,
      "선": 5,
      "같": 19,
      "좋": 19,
      "이렇": 17,
      "늦": 7,
      "강하": 5,
      "어떻": 7,
      "어렵": 5,
      "많": 6,
      "힘들": 5
    },
    "VV": {
      "되": 90,
      "있": 66,
      "닮": 10,
      "통하": 22,
      "이루": 12,
      "그러": 21,
      "긁": 5,
      "받": 20,
      "먹": 18,
      "견디": 12,
      "보": 16,
      "흔들리": 9,
      "알": 15,
      "주": 14,
      "살": 13,
      "죽": 12,
      "모르": 12,
      "기다리": 8,
      "믿": 11,
      "원하": 9,
      "드리": 9,
      "바라": 6,
      "고치": 5,
      "생기": 5,
      "만들": 5,
      "맞": 5,
      "듣": 5
    }
  },
  "tfidf": {
    "MAG": {
      "이제": 0.0140218878248974,
      "안": 0.010601915184678522,
      "변함없이": 0.009624820178868173,
      "빨리": 0.009623320315570845,
      "뜻대로": 0.0061903337033980535,
      "더": 0.006186053261044956,
      "잘": 0.005842383635431347,
      "하필": 0.004996259571607819,
      "다": 0.0047879616963064295,
      "지금": 0.0034366962561360867,
      "정말": 0.003419972640218878,
      "가장": 0.002575889654187912,
      "계속": 0.0024892762492486104,
      "막": 0.0021757588034887606,
      "꼭": 0.0019041105100837672,
      "너무": 0.0017522103498467364,
      "못": 0.001735195420207256
    },
    "NNB": {
      "거": 0.03454172366621067,
      "수": 0.011969904240766074,
      "분": 0.004467705132976912,
      "번": 0.004445964432284542
    },
    "NNG": {
      "하나님": 0.04993160054719562,
      "응답": 0.042553291604793514,
      "기도": 0.025649794801641587,
      "주": 0.019493844049247606,
      "신뢰": 0.017211679133844655,
      "합력": 0.015496752769871247,
      "계란": 0.013749743112668819,
      "낙심": 0.01371765981943979,
      "형상": 0.01365503846341074,
      "믿음": 0.013394362251079497,
      "구원": 0.013006115106291403,
      "기간": 0.01071916233181717,
      "뜻": 0.009718580803970778,
      "고난": 0.009081099234070265,
      "계획": 0.008881505728230106,
      "훈련": 0.00883133101398344,
      "어머니": 0.008420405276124488,
      "응급실": 0.00771147870385131,
      "선": 0.0074457079788413025,
      "영혼": 0.006787884669316519,
      "인내": 0.006695125233124394,
      "마음": 0.006155950752393981,
      "생각": 0.006155950752393981,
      "성도": 0.006155950752393981,
      "얘": 0.006052355991696572,
      "사용": 0.005621390644354921,
      "모습": 0.005547835202038152,
      "사람": 0.005471956224350205,
      "시작": 0.005471956224350205,
      "죄": 0.005439397008721901,
      "목사": 0.004489552668008232,
      "시점": 0.004302919783461164,
      "길": 0.00424655108800495,
      "엄마": 0.004210202638062244,
      "얘기": 0.004164469008497414,
      "앞": 0.004103967168262654,
      "목적": 0.0040231157072268915,
      "삶": 0.003930864746575513,
      "은혜": 0.0037988522575454274,
      "얼굴": 0.003777888151650515,
      "말씀": 0.003761969904240766,
      "사랑": 0.003761969904240766,
      "축복": 0.003608745118339067,
      "신앙": 0.0034442645788490137,
      "진짜": 0.0033939423346582595,
      "이제": 0.0032477313203405334,
      "천국": 0.0031688755272637325,
      "안": 0.003123351756373061,
      "상황": 0.00309439275110185,
      "회복": 0.002913629116506427,
      "아내": 0.0028345435496493236,
      "예배": 0.0028172507644703576,
      "지옥": 0.0027484337019768913,
      "끝": 0.0026139909493798734,
      "세상": 0.0025137048372170416,
      "고백": 0.0023991604878766813,
      "애": 0.002349948852189193,
      "찬양": 0.0022187338524188084,
      "이름": 0.0021546041461860356,
      "지금": 0.0021546041461860356,
      "하루": 0.002102017404807876,
      "예전": 0.001961115332702769,
      "오늘": 0.001709986320109439
    },
    "NNP": {
      "멘": 0.004994792771153875,
      "주님": 0.004811374758590521,
      "예수": 0.004103967168262654
    },
    "VA": {
      "그렇": 0.009917920656634747,
      "없": 0.00786593707250342,
      "아름답": 0.0074370060435905265,
      "선": 0.006874871556334409,
      "같": 0.006497948016415869,
      "좋": 0.006497948016415869,
      "이렇": 0.005813953488372093,
      "늦": 0.005632361990117647,
      "강하": 0.004122754743006604,
      "어떻": 0.0024056873792952607,
      "어렵": 0.0022327806811277087,
      "많": 0.002082234504248707,
      "힘들": 0.0019041105100837672
    },
    "VV": {
      "되": 0.030779753761969904,
      "있": 0.022571819425444596,
      "닮": 0.008177785042455822,
      "통하": 0.007900215202682132,
      "이루": 0.0073038927368060365,
      "그러": 0.007181942544459644,
      "긁": 0.007055036596788968,
      "받": 0.006839945280437756,
      "먹": 0.006721691012691103,
      "견디": 0.005941775605761655,
      "보": 0.005471956224350205,
      "흔들리": 0.0054131176775086,
      "알": 0.005129958960328317,
      "주": 0.0047879616963064295,
      "살": 0.004445964432284542,
      "죽": 0.004205304839632168,
      "모르": 0.004124035507363304,
      "기다리": 0.004111432047970921,
      "믿": 0.0037803658817496953,
      "원하": 0.0032004980347482134,
      "드리": 0.0031081518470826223,
      "바라": 0.002878992585452018,
      "고치": 0.002790119864755924,
      "생기": 0.002313947810469233,
      "만들": 0.0019041105100837672,
      "맞": 0.001858016443755915,
      "듣": 0.001709986320109439
    }
  }
}