{
  "scope": "sermon",
  "idf_scope": "church",
  "church": "J-Nw",
  "sermon": "J-Nw-0122",
  "document_unit": "sermon_json",
  "document_count": 158,
  "min_count": 5,
  "freq": {
    "MAG": {
      "잘": 54,
      "안": 48,
      "그냥": 44,
      "다": 40,
      "지금": 33,
      "못": 27,
      "이제": 25,
      "막": 21,
      "점점": 6,
      "잘못": 12,
      "꼭": 11,
      "더": 10,
      "제발": 5,
      "많이": 6,
      "매일": 5,
      "너무": 5
    },
    "NNB": {
      "거": 43,
      "번": 11,
      "데": 8,
      "장": 9,
      "분": 8,
      "수": 8,
      "명": 7,
      "줄": 6
    },
    "NNG": {
      "부모": 38,
      "사람": 56,
      "효도": 10,
      "애": 36,
      "공부": 21,
      "결혼": 20,
      "하나님": 37,
      "자식": 29,
      "자녀": 18,
      "말": 30,
      "말씀": 30,
      "별명": 5,
      "얘기": 21,
      "분위기": 7,
      "지금": 19,
      "시대": 17,
      "입장": 9,
      "보람": 5,
      "절": 17,
      "버스": 5,
      "투자": 5,
      "사업": 6,
      "땅": 13,
      "설교": 13,
      "직원": 5,
      "시작": 13,
      "문제": 11,
      "장": 12,
      "구원": 11,
      "은혜": 12,
      "홍수": 5,
      "순종": 7,
      "집": 11,
      "축복": 11,
      "옛날": 7,
      "생각": 10,
      "세상": 10,
      "아버지": 10,
      "엄마": 6,
      "상황": 5,
      "요새": 5,
      "마음": 9,
      "삶": 9,
      "모세": 5,
      "사랑": 8,
      "자손": 5,
      "돈": 7,
      "기도": 7,
      "감사": 6,
      "진짜": 6,
      "본문": 5,
      "전도": 5,
      "날": 5,
      "목사": 5,
      "주": 5
    },
    "NNP": {
      "노아": 17,
      "아담": 8,
      "창세기": 9,
      "바울": 6,
      "예수": 7,
      "누가": 6
    },
    "VA": {
      "좋": 58,
      "그렇": 40,
      "없": 32,
      "이렇": 30,
      "같": 23,
      "힘들": 9,
      "어떻": 9,
      "안타깝": 5,
      "크": 5,
      "많": 5
    },
    "VV": {
      "되": 61,
      "낳": 35,
      "있": 42,
      "보": 40,
      "받": 30,
      "살": 19,
      "그러": 18,
      "먹": 17,
      "알": 17,
      "모르": 16,
      "쓰": 14,
      "주": 14,
      "맞": 12,
      "사라지": 5,
      "듣": 12,
      "느끼": 8,
      "타": 8,
      "웃": 8,
      "퍼지": 5,
      "짓": 8,
      "가지": 7,
      "내": 6,
      "이러": 5,
      "들어가": 6,
      "따르": 5,
      "살아가": 5,
      "갖": 5,
      "죽": 5
    }
  },
  "tfidf": {
    "MAG": {
      "잘": 0.018411183088987385,
      "안": 0.016365496079099897,
      "그냥": 0.015001704739174906,
      "다": 0.013637913399249914,
      "지금": 0.01125127855438118,
      "못": 0.009205591544493692,
      "이제": 0.008523695874531197,
      "막": 0.00720507758372266,
      "점점": 0.004868785710411787,
      "잘못": 0.0043571410689728154,
      "꼭": 0.0037504261847937266,
      "더": 0.0034094783498124785,
      "제발": 0.0027326902208756353,
      "많이": 0.0020846536549008407,
      "매일": 0.0018269552138699561,
      "너무": 0.001759208318797481
    },
    "NNB": {
      "거": 0.014660756904193658,
      "번": 0.0037504261847937266,
      "데": 0.0031738954620710593,
      "장": 0.003068530514831231,
      "분": 0.002727582679849983,
      "수": 0.002727582679849983,
      "명": 0.002557737299417939,
      "줄": 0.002045687009887487
    },
    "NNG": {
      "부모": 0.0251576041775163,
      "사람": 0.01909307875894988,
      "효도": 0.01596525687385046,
      "애": 0.015227158792037333,
      "공부": 0.013902886519153747,
      "결혼": 0.013131738669135348,
      "하나님": 0.01261506989430617,
      "자식": 0.012345740355213311,
      "자녀": 0.010667260659669352,
      "말": 0.010228435049437436,
      "말씀": 0.010228435049437436,
      "별명": 0.007291416183075651,
      "얘기": 0.007159904534606206,
      "분위기": 0.006708371513600834,
      "지금": 0.0064780088646437094,
      "시대": 0.006250943560349615,
      "입장": 0.006163024454505391,
      "보람": 0.006109781030399303,
      "절": 0.005796113194681214,
      "버스": 0.005516008963798185,
      "투자": 0.005326398266371959,
      "사업": 0.005028270623067181,
      "땅": 0.004810388185016922,
      "설교": 0.004750083556061886,
      "직원": 0.00472735652270014,
      "시작": 0.004432321854756222,
      "문제": 0.004281675993076473,
      "장": 0.004117187190698663,
      "구원": 0.0040961046906908384,
      "은혜": 0.004091374019774974,
      "홍수": 0.0040152269613295665,
      "순종": 0.003798490185541826,
      "집": 0.003797900567879699,
      "축복": 0.0037504261847937266,
      "옛날": 0.003615816970452723,
      "생각": 0.003430989325582219,
      "세상": 0.003430989325582219,
      "아버지": 0.0034094783498124785,
      "엄마": 0.0033510141221484847,
      "상황": 0.003310211075988987,
      "요새": 0.0032560878262198425,
      "마음": 0.003247330437475548,
      "삶": 0.0031269804823512615,
      "모세": 0.0030085903665463035,
      "사랑": 0.002727582679849983,
      "자손": 0.0026748969176439933,
      "돈": 0.002494089931680084,
      "기도": 0.0024016925279075536,
      "감사": 0.0020846536549008407,
      "진짜": 0.0020585935953493315,
      "본문": 0.001921687316077271,
      "전도": 0.0017703141507463282,
      "날": 0.0017047391749062393,
      "목사": 0.0017047391749062393,
      "주": 0.0017047391749062393
    },
    "NNP": {
      "노아": 0.00854222092923829,
      "아담": 0.006424363138127305,
      "창세기": 0.003710135076961144,
      "바울": 0.002953831685515091,
      "예수": 0.002386634844868735,
      "누가": 0.0020978092437115275
    },
    "VA": {
      "좋": 0.019774974428912375,
      "그렇": 0.013637913399249914,
      "없": 0.010910330719399931,
      "이렇": 0.010228435049437436,
      "같": 0.007841800204568702,
      "힘들": 0.004341798386827266,
      "어떻": 0.003068530514831231,
      "안타깝": 0.0019339077209163651,
      "크": 0.0017372113790840341,
      "많": 0.0017154946627911095
    },
    "VV": {
      "되": 0.02079781793385612,
      "낳": 0.01872427842350795,
      "있": 0.014319809069212411,
      "보": 0.013637913399249914,
      "받": 0.010228435049437436,
      "살": 0.0064780088646437094,
      "그러": 0.006137061029662462,
      "먹": 0.005906518688885716,
      "알": 0.005796113194681214,
      "모르": 0.005455165359699966,
      "쓰": 0.00495687962208972,
      "주": 0.00477326968973747,
      "맞": 0.004117187190698663,
      "사라지": 0.004100481684436729,
      "듣": 0.004091374019774974,
      "느끼": 0.0036590968523911105,
      "타": 0.0034951584301075632,
      "웃": 0.0034278072876858206,
      "퍼지": 0.0033947609245047936,
      "짓": 0.00305528622391289,
      "가지": 0.002462891646316474,
      "내": 0.0022201791623155027,
      "이러": 0.0021844740188172273,
      "들어가": 0.0020978092437115275,
      "따르": 0.0020744526735434953,
      "살아가": 0.0018269552138699561,
      "갖": 0.0018040724652641932,
      "죽": 0.0017047391749062393
    }
  }
}