{
  "scope": "sermon",
  "idf_scope": "church",
  "church": "J-Nw",
  "sermon": "J-Nw-0083",
  "document_unit": "sermon_json",
  "document_count": 158,
  "min_count": 5,
  "freq": {
    "MAG": {
      "안": 38,
      "그냥": 29,
      "지금": 22,
      "다": 16,
      "잘": 14,
      "이제": 12,
      "살살": 5,
      "솔직히": 5,
      "자꾸": 5,
      "막": 6,
      "매일": 5,
      "다시": 5,
      "계속": 5,
      "더": 5,
      "못": 5
    },
    "NNB": {
      "거": 36,
      "장": 16,
      "절": 14,
      "번": 14,
      "분": 13,
      "원": 8,
      "수": 10,
      "중": 8,
      "놈": 6,
      "줄": 7,
      "가지": 6
    },
    "NNG": {
      "사람": 76,
      "하나님": 63,
      "기도": 34,
      "말": 32,
      "끼": 10,
      "자랑": 10,
      "목사": 24,
      "욕심": 12,
      "시작": 22,
      "걱정": 9,
      "오늘": 20,
      "부활": 9,
      "주": 18,
      "시체": 6,
      "새벽": 13,
      "십자가": 9,
      "뜻": 11,
      "말씀": 15,
      "얘기": 15,
      "반응": 8,
      "절": 14,
      "안": 13,
      "감사": 13,
      "고백": 5,
      "날": 12,
      "사랑": 12,
      "사망": 5,
      "삶": 11,
      "장": 10,
      "금식": 5,
      "아버지": 10,
      "죽음": 5,
      "사도": 7,
      "가운데": 9,
      "교회": 9,
      "아무것": 5,
      "옷": 6,
      "이름": 9,
      "구원": 8,
      "생명": 5,
      "세상": 8,
      "진짜": 8,
      "예배": 6,
      "나라": 7,
      "은혜": 7,
      "신": 5,
      "곳": 5,
      "인간": 6,
      "죄": 5,
      "속": 6,
      "전": 6,
      "역사": 5,
      "마음": 5,
      "지금": 5,
      "축원": 5
    },
    "NNP": {
      "예수": 42,
      "바울": 15,
      "세종": 6,
      "요셉": 6,
      "그리스도": 7,
      "누가": 6
    },
    "VA": {
      "그렇": 32,
      "없": 27,
      "이렇": 23,
      "좋": 13,
      "나쁘": 9,
      "같": 11,
      "어떻": 10,
      "힘들": 6,
      "쉽": 5,
      "많": 6
    },
    "VV": {
      "죽": 113,
      "살": 73,
      "되": 39,
      "있": 35,
      "알": 33,
      "보": 28,
      "먹": 19,
      "죽이": 16,
      "그러": 16,
      "나오": 16,
      "입": 11,
      "얻": 12,
      "받": 13,
      "내": 11,
      "알아내": 5,
      "주": 11,
      "믿": 10,
      "모르": 10,
      "앉": 7,
      "끝나": 8,
      "갖": 7,
      "들어오": 5,
      "짓": 6,
      "가지": 6,
      "위하": 6,
      "따르": 5,
      "넣": 5,
      "보내": 5,
      "두": 5
    }
  },
  "tfidf": {
    "MAG": {
      "안": 0.01321279554937413,
      "그냥": 0.010083449235048678,
      "지금": 0.0076495132127955496,
      "다": 0.005563282336578581,
      "잘": 0.004867872044506259,
      "이제": 0.004172461752433936,
      "살살": 0.0038207635453969767,
      "솔직히": 0.0022133408494845104,
      "자꾸": 0.0021707625810417153,
      "막": 0.002099393259791234,
      "매일": 0.0018631639924480466,
      "다시": 0.0018282760177421892,
      "계속": 0.0017940744085650252,
      "더": 0.0017385257301808068,
      "못": 0.0017385257301808068
    },
    "NNB": {
      "거": 0.012517385257301807,
      "장": 0.005563282336578581,
      "절": 0.004991900971562513,
      "번": 0.004867872044506259,
      "분": 0.004520166898470098,
      "원": 0.004016498995649403,
      "수": 0.0034770514603616135,
      "중": 0.0027991910130549785,
      "놈": 0.002744048701906537,
      "줄": 0.0024339360222531293,
      "가지": 0.0022929573768655726
    },
    "NNG": {
      "사람": 0.02642559109874826,
      "하나님": 0.021905424200278165,
      "기도": 0.01189656180548366,
      "말": 0.011126564673157162,
      "끼": 0.008453817950256766,
      "자랑": 0.008453817950256766,
      "목사": 0.008344923504867872,
      "욕심": 0.007904799439462842,
      "시작": 0.0076495132127955496,
      "걱정": 0.00707933776496843,
      "오늘": 0.006954102920723227,
      "부활": 0.006877374381714557,
      "주": 0.006258692628650904,
      "시체": 0.006119770486003648,
      "새벽": 0.00602405243384373,
      "십자가": 0.005741717412589273,
      "뜻": 0.005560368754926527,
      "말씀": 0.00521557719054242,
      "얘기": 0.00521557719054242,
      "반응": 0.004946995162925842,
      "절": 0.004867872044506259,
      "안": 0.004844226380364921,
      "감사": 0.0046062679188522354,
      "고백": 0.004226908975128383,
      "날": 0.004172461752433936,
      "사랑": 0.004172461752433936,
      "사망": 0.00409480552071614,
      "삶": 0.003897611315951891,
      "장": 0.0034989887663187235,
      "금식": 0.003491761459794528,
      "아버지": 0.0034770514603616135,
      "죽음": 0.0034620423475565233,
      "사도": 0.0033306560691914837,
      "가운데": 0.003229333935417045,
      "교회": 0.003229333935417045,
      "아무것": 0.0032152233954174637,
      "옷": 0.003160696753726754,
      "이름": 0.003129346314325452,
      "구원": 0.00303802631376817,
      "생명": 0.0028897513125103937,
      "세상": 0.0027991910130549785,
      "진짜": 0.0027991910130549785,
      "예배": 0.002638838297956137,
      "나라": 0.00259203938592608,
      "은혜": 0.0024339360222531293,
      "신": 0.0023322607501875714,
      "곳": 0.002286707251588781,
      "인간": 0.0022785197353261274,
      "죄": 0.002088612224903771,
      "속": 0.002086230876216968,
      "전": 0.002086230876216968,
      "역사": 0.0018749506527146998,
      "마음": 0.0018398277262238801,
      "지금": 0.0017385257301808068,
      "축원": 0.0017385257301808068
    },
    "NNP": {
      "예수": 0.014603616133518776,
      "바울": 0.007530935616842631,
      "세종": 0.006411346165506761,
      "요셉": 0.0036262257203071636,
      "그리스도": 0.0024339360222531293,
      "누가": 0.0021393861306696488
    },
    "VA": {
      "그렇": 0.011126564673157162,
      "없": 0.009388038942976356,
      "이렇": 0.007997218358831711,
      "좋": 0.004520166898470098,
      "나쁘": 0.0039582574469342055,
      "같": 0.0038247566063977748,
      "어떻": 0.0034770514603616135,
      "힘들": 0.0029518995522865954,
      "쉽": 0.0021848397893738077,
      "많": 0.002099393259791234
    },
    "VV": {
      "죽": 0.03929068150208623,
      "살": 0.025382475660639777,
      "되": 0.013560500695410291,
      "있": 0.012169680111265646,
      "알": 0.011474269819193325,
      "보": 0.009735744089012517,
      "먹": 0.006732237727553266,
      "죽이": 0.006351324156122541,
      "그러": 0.005563282336578581,
      "나오": 0.005563282336578581,
      "입": 0.004997925223104044,
      "얻": 0.004585914753731145,
      "받": 0.004520166898470098,
      "내": 0.004150999090970391,
      "알아내": 0.004137734263049888,
      "주": 0.0038247566063977748,
      "믿": 0.0035881488171300505,
      "모르": 0.0034770514603616135,
      "앉": 0.0031597833950910877,
      "끝나": 0.003155577939052962,
      "갖": 0.002575758816713432,
      "들어오": 0.002427112948119481,
      "짓": 0.0023368796491837203,
      "가지": 0.00215288929027803,
      "위하": 0.0021393861306696488,
      "따르": 0.0021155666521220696,
      "넣": 0.002088612224903771,
      "보내": 0.002010169187211717,
      "두": 0.0018749506527146998
    }
  }
}