{
  "scope": "sermon",
  "idf_scope": "church",
  "church": "G-ng",
  "sermon": "G-ng-0062",
  "document_unit": "sermon_json",
  "document_count": 87,
  "min_count": 5,
  "freq": {
    "MAG": {
      "정말": 17,
      "너무": 16,
      "잘": 16,
      "다": 14,
      "안": 13,
      "늘": 10,
      "지금": 11,
      "다시": 10,
      "막": 9,
      "못": 9,
      "아주": 5,
      "더": 5
    },
    "NNB": {
      "거": 94,
      "수": 18,
      "명": 15,
      "때문": 10,
      "분": 10,
      "대": 5,
      "줄": 6,
      "중": 5,
      "번": 5
    },
    "NNG": {
      "기드온": 41,
      "사람": 84,
      "객관": 21,
      "에봇": 13,
      "교만": 20,
      "군단장": 10,
      "하나님": 44,
      "뚝": 9,
      "미디안": 10,
      "첩": 8,
      "왕": 21,
      "전리품": 8,
      "왕족": 8,
      "아버지": 18,
      "소령": 5,
      "전쟁": 13,
      "아들": 14,
      "계급": 5,
      "얘기": 18,
      "아빠": 8,
      "교회": 16,
      "백성": 10,
      "주관": 6,
      "세상": 15,
      "선수": 7,
      "앞": 15,
      "모임": 6,
      "복": 7,
      "문제": 13,
      "자식": 9,
      "옷": 6,
      "생각": 13,
      "오늘": 13,
      "인생": 13,
      "분야": 5,
      "부탁": 7,
      "자격": 5,
      "군대": 5,
      "유명": 7,
      "마음": 11,
      "훈련": 6,
      "처음": 9,
      "젊은이": 5,
      "돈": 7,
      "말씀": 10,
      "성공": 6,
      "이름": 9,
      "말": 9,
      "자녀": 6,
      "대표": 5,
      "나라": 6,
      "성경": 8,
      "기도": 7,
      "시작": 7,
      "삶": 7,
      "마음속": 5,
      "신앙": 5,
      "날": 6,
      "이야기": 6,
      "지금": 5
    },
    "NNP": {
      "기드온": 6,
      "이스라엘": 15
    },
    "VA": {
      "그렇": 25,
      "이렇": 24,
      "많": 15,
      "없": 13,
      "같": 10,
      "높": 5,
      "좋": 7,
      "어떻": 6
    },
    "VV": {
      "되": 93,
      "있": 48,
      "보": 40,
      "가지": 21,
      "모르": 21,
      "살": 20,
      "달": 7,
      "무너지": 9,
      "그러": 15,
      "알": 13,
      "나오": 12,
      "받": 12,
      "만들": 11,
      "낳": 5,
      "이기": 8,
      "위하": 9,
      "나가": 8,
      "배우": 5,
      "두": 5,
      "주": 7,
      "다니": 5,
      "보이": 6,
      "맞": 5,
      "생기": 5,
      "만나": 5
    }
  },
  "tfidf": {
    "MAG": {
      "정말": 0.006211180124223602,
      "너무": 0.005845816587504567,
      "잘": 0.005845816587504567,
      "다": 0.005115089514066497,
      "안": 0.0047497259773474606,
      "늘": 0.004286707056171124,
      "지금": 0.00401899890390939,
      "다시": 0.0037803637485856415,
      "막": 0.003560828987304315,
      "못": 0.0034806232590918807,
      "아주": 0.002094635502725384,
      "더": 0.001826817683595177
    },
    "NNB": {
      "거": 0.034344172451589335,
      "수": 0.006576543660942638,
      "명": 0.006141549074471765,
      "때문": 0.003653635367190354,
      "분": 0.003653635367190354,
      "대": 0.0027189491558529994,
      "줄": 0.002242578410430469,
      "중": 0.0019336795883843781,
      "번": 0.001826817683595177
    },
    "NNG": {
      "기드온": 0.06128342732469527,
      "사람": 0.030690537084398978,
      "객관": 0.02362742870854094,
      "에봇": 0.01943133061514728,
      "교만": 0.019321326053503767,
      "군단장": 0.017479684449829235,
      "하나님": 0.01607599561563756,
      "뚝": 0.01573171600484631,
      "미디안": 0.014947177396267138,
      "첩": 0.013983747559863388,
      "왕": 0.01334783014983252,
      "전리품": 0.012798610232546867,
      "왕족": 0.01077260458969719,
      "아버지": 0.009788216961070798,
      "소령": 0.008739842224914618,
      "전쟁": 0.008262942473705844,
      "아들": 0.007247538639037275,
      "계급": 0.0070659461126125435,
      "얘기": 0.006576543660942638,
      "아빠": 0.006376324292214475,
      "교회": 0.006117764066553995,
      "백성": 0.006104034799809597,
      "주관": 0.006070778107510405,
      "세상": 0.005543087481678606,
      "선수": 0.0054862718780127944,
      "앞": 0.005480453050785532,
      "모임": 0.005440126870860538,
      "복": 0.005225958081823685,
      "문제": 0.004970683304075121,
      "자식": 0.004833771524739358,
      "옷": 0.004782243219160856,
      "생각": 0.0047497259773474606,
      "오늘": 0.0047497259773474606,
      "인생": 0.0047497259773474606,
      "분야": 0.004533439059050449,
      "부탁": 0.004510907283309204,
      "자격": 0.004444308324360218,
      "군대": 0.004278119471225898,
      "유명": 0.004161609239816236,
      "마음": 0.004064930819897645,
      "훈련": 0.003920622638723281,
      "처음": 0.003902775432944223,
      "젊은이": 0.0038546601835800732,
      "돈": 0.0037596000747972783,
      "말씀": 0.003653635367190354,
      "성공": 0.003475739531679021,
      "이름": 0.0033258524890071636,
      "말": 0.003288271830471319,
      "자녀": 0.0031830145204451384,
      "대표": 0.0031780547975791707,
      "나라": 0.0031442138399203276,
      "성경": 0.0029229082937522835,
      "기도": 0.002769533656792245,
      "시작": 0.0026462546240099494,
      "삶": 0.002586774158116683,
      "마음속": 0.002557178243647218,
      "신앙": 0.0024962786815946204,
      "날": 0.0021921812203142127,
      "이야기": 0.0021921812203142127,
      "지금": 0.0018688153420253907
    },
    "NNP": {
      "기드온": 0.01048781066989754,
      "이스라엘": 0.00836368156319024
    },
    "VA": {
      "그렇": 0.009134088417975887,
      "이렇": 0.00876872488125685,
      "많": 0.005480453050785532,
      "없": 0.0047497259773474606,
      "같": 0.003653635367190354,
      "높": 0.0030520173999047987,
      "좋": 0.002586774158116683,
      "어떻": 0.0021921812203142127
    },
    "VV": {
      "되": 0.0339788089148703,
      "있": 0.0175374497625137,
      "보": 0.014614541468761417,
      "가지": 0.0076726342710997444,
      "모르": 0.0076726342710997444,
      "살": 0.007307270734380708,
      "달": 0.00676246411872632,
      "무너지": 0.005799737935683262,
      "그러": 0.005480453050785532,
      "알": 0.0047497259773474606,
      "나오": 0.0044344699853428845,
      "받": 0.004384362440628425,
      "만들": 0.00411139375245586,
      "낳": 0.0039187656271519955,
      "이기": 0.0035917912237598756,
      "위하": 0.0033638676156457032,
      "나가": 0.003313208308730793,
      "배우": 0.0027530962749837133,
      "두": 0.0026201781999336065,
      "주": 0.0025575447570332483,
      "다니": 0.002437343968006346,
      "보이": 0.002268218249151385,
      "맞": 0.002094635502725384,
      "생기": 0.0020471830248239217,
      "만나": 0.0018901818742928208
    }
  }
}