{
  "scope": "sermon",
  "idf_scope": "church",
  "church": "G-ng",
  "sermon": "G-ng-0078",
  "document_unit": "sermon_json",
  "document_count": 87,
  "min_count": 5,
  "freq": {
    "MAG": {
      "다시": 25,
      "잘": 17,
      "잘못": 12,
      "지금": 13,
      "더": 12,
      "정말": 12,
      "너무": 10,
      "이제": 8,
      "그냥": 8,
      "다": 8,
      "안": 8,
      "또는": 5,
      "막": 5
    },
    "NNB": {
      "거": 66,
      "수": 29,
      "때문": 13,
      "분": 12,
      "번": 8,
      "명": 7,
      "가지": 5
    },
    "NNG": {
      "하나님": 112,
      "잘못": 27,
      "정리": 24,
      "전염병": 12,
      "징계": 15,
      "사람": 40,
      "왕": 22,
      "윗이": 10,
      "앞": 27,
      "요압": 6,
      "지지": 11,
      "인구": 8,
      "자수": 5,
      "제단": 7,
      "계기": 9,
      "조사": 10,
      "타작마당": 5,
      "생각": 20,
      "독립": 6,
      "지난날": 7,
      "아버지": 13,
      "겸손": 7,
      "전화": 7,
      "중독": 6,
      "천사": 6,
      "전쟁": 10,
      "인생": 17,
      "신뢰": 9,
      "회개": 7,
      "교만": 6,
      "오늘": 15,
      "아들": 10,
      "삶": 14,
      "말": 12,
      "땅": 9,
      "지금": 11,
      "마음": 11,
      "해": 7,
      "미래": 6,
      "필요": 9,
      "용서": 5,
      "자녀": 6,
      "성경": 8,
      "가정": 7,
      "나라": 5,
      "어려움": 5,
      "시작": 6,
      "예배": 5,
      "얘기": 6,
      "사랑": 5,
      "이야기": 5
    },
    "NNP": {
      "다윗": 30,
      "아라우나": 8,
      "다": 13,
      "프랑스": 5,
      "이스라엘": 10,
      "예루살렘": 5
    },
    "VA": {
      "이렇": 15,
      "없": 12,
      "어떻": 11,
      "엄청나": 5,
      "그렇": 6,
      "많": 6
    },
    "VV": {
      "있": 61,
      "되": 56,
      "받": 24,
      "쌓": 8,
      "살리": 11,
      "믿": 15,
      "죽이": 9,
      "살": 15,
      "망하": 7,
      "나오": 11,
      "보": 11,
      "통하": 9,
      "돌아보": 5,
      "가지": 10,
      "내놓": 5,
      "주": 9,
      "대하": 8,
      "드리": 7,
      "그러": 8,
      "바뀌": 5,
      "이기": 6,
      "모르": 7,
      "나가": 6,
      "끝나": 5,
      "지나": 6,
      "위하": 6,
      "치": 5
    }
  },
  "tfidf": {
    "MAG": {
      "다시": 0.01085486317654102,
      "잘": 0.007133864876206463,
      "잘못": 0.006639297009409321,
      "지금": 0.005455308434746118,
      "더": 0.005035669324381032,
      "정말": 0.005035669324381032,
      "너무": 0.00419639110365086,
      "이제": 0.0037193083072133777,
      "그냥": 0.003357112882920688,
      "다": 0.003357112882920688,
      "안": 0.003357112882920688,
      "또는": 0.002490300825282869,
      "막": 0.0022721100709311116
    },
    "NNB": {
      "거": 0.027696181284095678,
      "수": 0.012169534200587495,
      "때문": 0.005455308434746118,
      "분": 0.005035669324381032,
      "번": 0.003357112882920688,
      "명": 0.0032918153229208155,
      "가지": 0.002246365017234481
    },
    "NNG": {
      "하나님": 0.04699958036088964,
      "잘못": 0.02703732595477845,
      "정리": 0.020909503309939244,
      "전염병": 0.02060113698711699,
      "징계": 0.018836110982103686,
      "사람": 0.01678556441460344,
      "왕": 0.01606071267993556,
      "윗이": 0.01255740732140246,
      "앞": 0.011330255979857323,
      "요압": 0.011024904387268393,
      "지지": 0.010810016191372063,
      "인구": 0.010338032871774521,
      "자수": 0.010038165408976629,
      "제단": 0.00932574991623547,
      "계기": 0.009188136546702917,
      "조사": 0.00871229304580802,
      "타작마당": 0.008583807077965414,
      "생각": 0.00839278220730172,
      "독립": 0.008258780286551373,
      "지난날": 0.008134706795481316,
      "아버지": 0.008119423408678604,
      "겸손": 0.007599142004227568,
      "전화": 0.007599142004227568,
      "중독": 0.007534444392841475,
      "천사": 0.0073329100890054625,
      "전쟁": 0.007300323945425255,
      "인생": 0.007133864876206463,
      "신뢰": 0.006850178982432666,
      "회개": 0.00675408346156602,
      "교만": 0.006657465724939968,
      "오늘": 0.00629458665547629,
      "아들": 0.005945840553637378,
      "삶": 0.00594209053358402,
      "말": 0.005035669324381032,
      "땅": 0.00486325583385062,
      "지금": 0.004722150524746826,
      "마음": 0.004668785419244588,
      "해": 0.004539898561593439,
      "미래": 0.0045030399337749145,
      "필요": 0.004281066946546665,
      "용서": 0.0040935297731054246,
      "자녀": 0.003655858473545255,
      "성경": 0.003357112882920688,
      "가정": 0.003180954099303556,
      "나라": 0.003009411554015225,
      "어려움": 0.002867106484063985,
      "시작": 0.0026051671623698452,
      "예배": 0.0025192419124258317,
      "얘기": 0.002517834662190516,
      "사랑": 0.00246175350665975,
      "이야기": 0.00209819555182543
    },
    "NNP": {
      "다윗": 0.030627121822343055,
      "아라우나": 0.016061064654362606,
      "다": 0.012543297857194036,
      "프랑스": 0.008115608271179409,
      "이스라엘": 0.006404083490964243,
      "예루살렘": 0.004427278607829904
    },
    "VA": {
      "이렇": 0.00629458665547629,
      "없": 0.005035669324381032,
      "어떻": 0.004616030214015947,
      "엄청나": 0.002670256389188503,
      "그렇": 0.002517834662190516,
      "많": 0.002517834662190516
    },
    "VV": {
      "있": 0.025597985732270248,
      "되": 0.02349979018044482,
      "받": 0.010071338648762064,
      "쌓": 0.008331026574651164,
      "살리": 0.007511154570058594,
      "믿": 0.006512917905924612,
      "죽이": 0.006309722585971876,
      "살": 0.00629458665547629,
      "망하": 0.005730941682347594,
      "나오": 0.004668785419244588,
      "보": 0.004616030214015947,
      "통하": 0.004534635442366497,
      "돌아보": 0.00435614652290401,
      "가지": 0.00419639110365086,
      "내놓": 0.003860156640268193,
      "주": 0.0037767519932857744,
      "대하": 0.003434291290724965,
      "드리": 0.0033681176329597683,
      "그러": 0.003357112882920688,
      "바뀌": 0.0032843344713597575,
      "이기": 0.0030940199054020497,
      "모르": 0.0029374737725556023,
      "나가": 0.0028540446310311098,
      "끝나": 0.002670256389188503,
      "지나": 0.0026651184389801306,
      "위하": 0.0025757184680437234,
      "치": 0.0025192419124258317
    }
  }
}