{
  "scope": "sermon",
  "idf_scope": "church",
  "church": "G-ng",
  "sermon": "G-ng-0031",
  "document_unit": "sermon_json",
  "document_count": 87,
  "min_count": 5,
  "freq": {
    "MAG": {
      "제대로": 12,
      "잘": 19,
      "안": 14,
      "간절히": 5,
      "아무리": 9,
      "너무": 10,
      "다": 10,
      "정말": 9,
      "지금": 6,
      "다시": 5,
      "더": 5
    },
    "NNB": {
      "거": 48,
      "명": 31,
      "수": 32,
      "분": 11,
      "절": 5
    },
    "NNG": {
      "사람": 69,
      "관계": 48,
      "인싸": 8,
      "제사장": 12,
      "나병": 9,
      "병": 17,
      "진심": 14,
      "환자": 10,
      "보답": 6,
      "은혜": 19,
      "하나님": 22,
      "쉼표": 5,
      "아버지": 14,
      "신뢰": 11,
      "원인": 6,
      "청년": 9,
      "말": 17,
      "말씀": 17,
      "오해": 6,
      "생각": 16,
      "인생": 16,
      "제공": 5,
      "몸": 10,
      "어머니": 7,
      "문제": 13,
      "해결": 8,
      "모임": 5,
      "권사": 5,
      "소리": 9,
      "응답": 6,
      "마음": 11,
      "예배": 9,
      "지금": 10,
      "회사": 5,
      "앞": 10,
      "오늘": 10,
      "기도": 9,
      "주": 9,
      "걱정": 5,
      "사이": 5,
      "이야기": 8,
      "가족": 6,
      "돈": 5,
      "시작": 6,
      "삶": 6,
      "세상": 6,
      "모습": 5,
      "중요": 5
    },
    "NNP": {
      "예수": 101,
      "아멘": 5
    },
    "VA": {
      "이렇": 16,
      "많": 12,
      "같": 8,
      "그렇": 6,
      "어떻": 6,
      "없": 6,
      "크": 5
    },
    "VV": {
      "되": 71,
      "있": 64,
      "받": 20,
      "알": 19,
      "만나": 16,
      "넘어지": 6,
      "보": 14,
      "믿": 13,
      "주": 13,
      "남기": 5,
      "드리": 10,
      "부르": 10,
      "원하": 9,
      "보이": 9,
      "살": 9,
      "가지": 8,
      "살아가": 6,
      "일어나": 6,
      "그러": 6,
      "대하": 5,
      "위하": 5
    }
  },
  "tfidf": {
    "MAG": {
      "제대로": 0.011181119616925092,
      "잘": 0.008663930688554491,
      "안": 0.006383948928408573,
      "간절히": 0.006028553284135866,
      "아무리": 0.005162089367860875,
      "너무": 0.004559963520291838,
      "다": 0.004559963520291838,
      "정말": 0.004103967168262654,
      "지금": 0.0027359781121751026,
      "다시": 0.002359064199698792,
      "더": 0.002279981760145919
    },
    "NNB": {
      "거": 0.02188782489740082,
      "명": 0.015841070506815803,
      "수": 0.01459188326493388,
      "분": 0.005015959872321021,
      "절": 0.0024972872316560077
    },
    "NNG": {
      "사람": 0.03146374829001368,
      "관계": 0.030270692251843628,
      "인싸": 0.017452584163860505,
      "제사장": 0.016850569311517568,
      "나병": 0.01678950391255123,
      "병": 0.016094104130356984,
      "진심": 0.012645512787124563,
      "환자": 0.012057106568271731,
      "보답": 0.01198009446186073,
      "은혜": 0.011288664544947022,
      "하나님": 0.010031919744642043,
      "쉼표": 0.009983412051550608,
      "아버지": 0.009501568057818079,
      "신뢰": 0.009097823461848682,
      "원인": 0.008425284655758784,
      "청년": 0.008129258220294361,
      "말": 0.007751937984496124,
      "말씀": 0.007751937984496124,
      "오해": 0.007576707560536242,
      "생각": 0.00729594163246694,
      "인생": 0.00729594163246694,
      "제공": 0.007238376017975743,
      "몸": 0.0062310212052206805,
      "어머니": 0.006227466497507669,
      "문제": 0.006203721022915461,
      "해결": 0.005783917980365089,
      "모임": 0.005658013089202498,
      "권사": 0.005546772404821668,
      "소리": 0.005347262152869642,
      "응답": 0.005337828426435144,
      "마음": 0.005073285751965277,
      "예배": 0.004927513114071756,
      "지금": 0.004664794884745548,
      "회사": 0.004586413387319835,
      "앞": 0.004559963520291838,
      "오늘": 0.004559963520291838,
      "기도": 0.004444135402759649,
      "주": 0.004103967168262654,
      "걱정": 0.003912760371146019,
      "사이": 0.0036619603364576275,
      "이야기": 0.00364797081623347,
      "가족": 0.0035230699656683467,
      "돈": 0.003351581462028581,
      "시작": 0.0028308770396385506,
      "삶": 0.002767246773799242,
      "세상": 0.002767246773799242,
      "모습": 0.0026444338826764617,
      "중요": 0.002279981760145919
    },
    "NNP": {
      "예수": 0.05725775708982017,
      "아멘": 0.0033104995981373853
    },
    "VA": {
      "이렇": 0.00729594163246694,
      "많": 0.005471956224350205,
      "같": 0.00364797081623347,
      "그렇": 0.0027359781121751026,
      "어떻": 0.0027359781121751026,
      "없": 0.0027359781121751026,
      "크": 0.002306038978166035
    },
    "VV": {
      "되": 0.03237574099407205,
      "있": 0.02918376652986776,
      "받": 0.009119927040583675,
      "알": 0.008663930688554491,
      "만나": 0.007549005439036135,
      "넘어지": 0.006656126885786001,
      "보": 0.006383948928408573,
      "믿": 0.006133566919216859,
      "주": 0.005927952576379389,
      "남기": 0.005242323265230872,
      "드리": 0.0052284700145548355,
      "부르": 0.005051933251304993,
      "원하": 0.004870905772899378,
      "보이": 0.004246315559457826,
      "살": 0.004103967168262654,
      "가지": 0.00364797081623347,
      "살아가": 0.0030311599507829956,
      "일어나": 0.0029967446779872093,
      "그러": 0.0027359781121751026,
      "대하": 0.002332397442372774,
      "위하": 0.002332397442372774
    }
  }
}