{
  "scope": "sermon",
  "idf_scope": "church",
  "church": "J-Ig",
  "sermon": "J-Ig-0454",
  "document_unit": "sermon_json",
  "document_count": 554,
  "min_count": 5,
  "freq": {
    "MAG": {
      "잘": 13,
      "아직": 8,
      "이제": 6,
      "더": 6,
      "정말": 5,
      "그냥": 5
    },
    "NNB": {
      "거": 31,
      "수": 13,
      "줄": 11,
      "장": 6,
      "번": 6,
      "때문": 5,
      "절": 5
    },
    "NNG": {
      "하나님": 176,
      "제물": 21,
      "아버지": 51,
      "삶": 48,
      "변화": 31,
      "성도": 30,
      "예배": 29,
      "순종": 21,
      "유목": 5,
      "전인격": 5,
      "기도": 26,
      "앞": 23,
      "마음": 22,
      "말": 22,
      "은혜": 21,
      "말씀": 20,
      "믿음": 18,
      "형제": 14,
      "순간": 12,
      "민족": 13,
      "자매": 10,
      "자비": 7,
      "오늘": 17,
      "산": 10,
      "계속": 9,
      "가운데": 16,
      "구원": 15,
      "몸": 11,
      "사역": 6,
      "자녀": 10,
      "역사": 12,
      "뜻": 11,
      "사람": 12,
      "제사": 5,
      "단어": 6,
      "허락": 9,
      "감사": 11,
      "교회": 10,
      "세대": 5,
      "이름": 9,
      "인정": 5,
      "사랑": 8,
      "주": 8,
      "나라": 7,
      "나님": 5,
      "세상": 7,
      "절": 7,
      "축복": 7,
      "땅": 6,
      "성경": 6,
      "성령": 6,
      "영광": 5,
      "능력": 5,
      "안": 5,
      "장": 5
    },
    "NNP": {
      "바울": 14,
      "예수": 24,
      "주님": 10,
      "그리스도": 7
    },
    "VA": {
      "놀랍": 14,
      "새롭": 7,
      "없": 12,
      "그렇": 10,
      "많": 8,
      "어떻": 7,
      "귀하": 6,
      "이렇": 6,
      "기쁘": 5
    },
    "VV": {
      "되": 53,
      "받": 36,
      "있": 31,
      "겁": 13,
      "드리": 23,
      "믿": 22,
      "살": 21,
      "향하": 14,
      "내려놓": 9,
      "바치": 6,
      "죽": 14,
      "기뻐하": 9,
      "위하": 13,
      "보": 13,
      "멈추": 6,
      "원하": 11,
      "나아가": 9,
      "바꾸": 7,
      "바라": 9,
      "살아가": 9,
      "입": 6,
      "붙들": 5,
      "깨닫": 6,
      "붓": 5,
      "알": 7,
      "먹": 6,
      "대하": 5,
      "나오": 5
    }
  },
  "tfidf": {
    "MAG": {
      "잘": 0.005819327144921185,
      "아직": 0.005132685556987455,
      "이제": 0.002700400987118424,
      "더": 0.0026761819803746653,
      "정말": 0.0024495493836902216,
      "그냥": 0.0022830109551890904
    },
    "NNB": {
      "거": 0.013851876109265688,
      "수": 0.005798394290811775,
      "줄": 0.004941822636275076,
      "장": 0.0027052712013476464,
      "번": 0.0026761819803746653,
      "때문": 0.00232035390183004,
      "절": 0.0022747967593454324
    },
    "NNG": {
      "하나님": 0.07850133809099019,
      "제물": 0.024274391701925056,
      "아버지": 0.022788570373308066,
      "삶": 0.021525496538148205,
      "변화": 0.015325338598740067,
      "성도": 0.013380909901873328,
      "예배": 0.013313257690582376,
      "순종": 0.01311398726536086,
      "유목": 0.01232651348019264,
      "전인격": 0.01232651348019264,
      "기도": 0.011617702543255093,
      "앞": 0.010426418454074568,
      "마음": 0.010045248202832,
      "말": 0.009812667261373774,
      "은혜": 0.00936663693131133,
      "말씀": 0.008920606601248885,
      "믿음": 0.008368351132598671,
      "형제": 0.008368043213128624,
      "순간": 0.007835305217898344,
      "민족": 0.007829343086036526,
      "자매": 0.007740730619824868,
      "자비": 0.007653896361746639,
      "오늘": 0.007582515611061552,
      "산": 0.0074173786928036665,
      "계속": 0.007413147618498947,
      "가운데": 0.007188105652763747,
      "구원": 0.006973625943832227,
      "몸": 0.006158346099753386,
      "사역": 0.005573218958741708,
      "자녀": 0.00549595623030387,
      "역사": 0.005449682350133042,
      "뜻": 0.005438023373746476,
      "사람": 0.0053523639607493305,
      "제사": 0.005333885879993822,
      "단어": 0.0051404248320125285,
      "허락": 0.005038646808889134,
      "감사": 0.004959663869137352,
      "교회": 0.0044844784454475435,
      "세대": 0.004314168267077042,
      "이름": 0.004014272970561998,
      "인정": 0.003921245501184003,
      "사랑": 0.003568242640499554,
      "주": 0.003568242640499554,
      "나라": 0.003260233116650968,
      "나님": 0.0032329866204564234,
      "세상": 0.003133483847265254,
      "절": 0.0031278429924148326,
      "축복": 0.0031278429924148326,
      "땅": 0.002804584340467801,
      "성경": 0.0027052712013476464,
      "성령": 0.002685843297655932,
      "영광": 0.002507945411779131,
      "능력": 0.0023120012641624174,
      "안": 0.0022995306725795053,
      "장": 0.0022953892569969616
    },
    "NNP": {
      "바울": 0.010720735994707525,
      "예수": 0.010704727921498661,
      "주님": 0.00447640549609322,
      "그리스도": 0.0031222123104371097
    },
    "VA": {
      "놀랍": 0.007177075529692106,
      "새롭": 0.0055503710883657706,
      "없": 0.0053523639607493305,
      "그렇": 0.0044603033006244425,
      "많": 0.003581124396874576,
      "어떻": 0.003133483847265254,
      "귀하": 0.002934144100825332,
      "이렇": 0.0026761819803746653,
      "기쁘": 0.00266832137429092
    },
    "VV": {
      "되": 0.023639607493309546,
      "받": 0.016057091882247992,
      "있": 0.013826940231935772,
      "겁": 0.012902690842201489,
      "드리": 0.010314300424529351,
      "믿": 0.009991084308577246,
      "살": 0.00936663693131133,
      "향하": 0.008479696180965323,
      "내려놓": 0.008071500333232413,
      "바치": 0.006644120089549392,
      "죽": 0.0064736035396547684,
      "기뻐하": 0.00627521547789282,
      "위하": 0.005840335842870544,
      "보": 0.005798394290811775,
      "멈추": 0.005674766500840166,
      "원하": 0.005428181176603066,
      "나아가": 0.005029322128806503,
      "바꾸": 0.0043966102979221015,
      "바라": 0.004199295256379305,
      "살아가": 0.004146623627626284,
      "입": 0.0037830676155892885,
      "붙들": 0.003565246068552683,
      "깨닫": 0.003359097872592756,
      "붓": 0.00324562207437185,
      "알": 0.0031222123104371097,
      "먹": 0.0029877767972127886,
      "대하": 0.002526225445686755,
      "나오": 0.00223820274804661
    }
  }
}