{
  "scope": "sermon",
  "idf_scope": "church",
  "church": "J-Ig",
  "sermon": "J-Ig-0461",
  "document_unit": "sermon_json",
  "document_count": 554,
  "min_count": 5,
  "freq": {
    "MAG": {
      "안": 67,
      "지금": 20,
      "다": 20,
      "그냥": 19,
      "잘": 16,
      "막": 15,
      "잘못": 10,
      "제발": 5,
      "못": 10,
      "꼭": 8,
      "많이": 8,
      "이제": 8,
      "계속": 5,
      "매일": 5,
      "더": 5
    },
    "NNB": {
      "거": 42,
      "푼": 6,
      "장": 19,
      "수": 13,
      "절": 10,
      "줄": 10,
      "분": 10,
      "가지": 7,
      "중": 6,
      "번": 6
    },
    "NNG": {
      "말": 62,
      "돈": 46,
      "사람": 58,
      "하나님": 56,
      "조작": 14,
      "부활": 18,
      "얘기": 23,
      "손해": 7,
      "회개": 17,
      "먼지": 5,
      "주인": 11,
      "목사": 20,
      "소리": 16,
      "남": 12,
      "교회": 18,
      "옷": 10,
      "절": 16,
      "진짜": 13,
      "유익": 7,
      "삶": 14,
      "시작": 14,
      "짓": 6,
      "기도": 13,
      "구원": 12,
      "대표": 6,
      "진실": 5,
      "인간": 9,
      "장로": 7,
      "신": 9,
      "애": 7,
      "전": 10,
      "지금": 10,
      "말씀": 10,
      "엄마": 5,
      "눈": 7,
      "자리": 7,
      "사실": 6,
      "진": 5,
      "성경": 7,
      "성령": 7,
      "아버지": 7,
      "집": 6,
      "증거": 5,
      "손": 6,
      "앞": 6,
      "사랑": 6,
      "오늘": 6,
      "주": 6,
      "유튜브": 5,
      "길": 5,
      "장": 5,
      "속": 5,
      "생각": 5,
      "가운데": 5,
      "세상": 5
    },
    "NNP": {
      "요셉": 10,
      "예수": 17,
      "마태복음": 9,
      "아브라함": 5,
      "창세기": 5,
      "누가": 6
    },
    "VA": {
      "없": 38,
      "그렇": 27,
      "어떻": 23,
      "부럽": 6,
      "좋": 13,
      "이렇": 12,
      "같": 9,
      "안타깝": 5
    },
    "VV": {
      "보": 64,
      "있": 56,
      "되": 53,
      "믿": 38,
      "알": 35,
      "받": 28,
      "듣": 24,
      "그러": 18,
      "살": 18,
      "주": 17,
      "나오": 15,
      "벌": 7,
      "쌓이": 5,
      "잃어버리": 6,
      "흔들리": 5,
      "모르": 11,
      "먹": 10,
      "망하": 5,
      "들어가": 9,
      "내": 8,
      "서": 7,
      "죽": 7,
      "버리": 5,
      "이르": 6,
      "갖": 6,
      "입": 5,
      "잡": 5,
      "치": 6,
      "찾": 6,
      "맞": 5
    }
  },
  "tfidf": {
    "MAG": {
      "안": 0.023448826531027023,
      "지금": 0.006936868488936088,
      "다": 0.006887052341597796,
      "그냥": 0.006697775528178023,
      "잘": 0.005529532298755371,
      "막": 0.005501752593858272,
      "잘못": 0.004266649168907867,
      "제발": 0.0037287818857587047,
      "못": 0.0036152611227278685,
      "꼭": 0.0028610806467940487,
      "많이": 0.0028150379994834685,
      "이제": 0.0027797516130025285,
      "계속": 0.0020226971067851046,
      "매일": 0.0018076305613639342,
      "더": 0.001721763085399449
    },
    "NNB": {
      "거": 0.014488892539243915,
      "푼": 0.007350760326555521,
      "장": 0.0066138167260678974,
      "수": 0.004476584022038568,
      "절": 0.003512461662846047,
      "줄": 0.003468434244468044,
      "분": 0.003449736318867599,
      "가지": 0.002604856894266008,
      "중": 0.002092340551236403,
      "번": 0.002066115702479339
    },
    "NNG": {
      "말": 0.02134986225895317,
      "돈": 0.020598224988123,
      "사람": 0.01997245179063361,
      "하나님": 0.01928374655647383,
      "조작": 0.018729246807733482,
      "부활": 0.01249378020054148,
      "얘기": 0.008939053815959231,
      "손해": 0.00821233325007852,
      "회개": 0.00728015681996617,
      "먼지": 0.007129673352958831,
      "주인": 0.007059268933290656,
      "목사": 0.006924380629954127,
      "소리": 0.0067639571992767844,
      "남": 0.006646864034593243,
      "교회": 0.006231942566958714,
      "옷": 0.005750667615651614,
      "절": 0.005519578110188158,
      "진짜": 0.005385670746358198,
      "유익": 0.005363817283256785,
      "삶": 0.004847066440967889,
      "시작": 0.00483834076141095,
      "짓": 0.00464889237918637,
      "기도": 0.0044846572145278785,
      "구원": 0.004307126547127232,
      "대표": 0.004113826332555482,
      "진실": 0.003974402237689702,
      "인간": 0.003970342542843895,
      "장로": 0.00391757982940983,
      "신": 0.0038187811575437843,
      "애": 0.0035634590890534622,
      "전": 0.0034935237993266297,
      "지금": 0.0034621903149770635,
      "말씀": 0.003443526170798898,
      "엄마": 0.0032534822396556367,
      "눈": 0.002770489555366684,
      "자리": 0.002730480863953714,
      "사실": 0.002712014368067566,
      "진": 0.0024480272832467184,
      "성경": 0.002436669320130278,
      "성령": 0.002419170380705475,
      "아버지": 0.0024148154232073193,
      "집": 0.0023025007255738517,
      "증거": 0.0022016415331766884,
      "손": 0.002118902551446184,
      "앞": 0.0020998949132263007,
      "사랑": 0.002066115702479339,
      "오늘": 0.002066115702479339,
      "주": 0.002066115702479339,
      "유튜브": 0.0020226971067851046,
      "길": 0.0018339175312860907,
      "장": 0.001772129033811015,
      "속": 0.0017467618996633149,
      "생각": 0.0017373447581265802,
      "가운데": 0.001734217122234022,
      "세상": 0.0017279788433610535
    },
    "NNP": {
      "요셉": 0.007208062810031795,
      "예수": 0.005853994490358127,
      "마태복음": 0.004372578023483999,
      "아브라함": 0.002827503979817756,
      "창세기": 0.0028099048853419675,
      "누가": 0.002366078532736566
    },
    "VA": {
      "없": 0.013085399449035813,
      "그렇": 0.009297520661157025,
      "어떻": 0.007948702679460847,
      "부럽": 0.006958108254473155,
      "좋": 0.004476584022038568,
      "이렇": 0.004132231404958678,
      "같": 0.003104762686980839,
      "안타깝": 0.0025503403350215126
    },
    "VV": {
      "보": 0.02203856749311295,
      "있": 0.01928374655647383,
      "되": 0.01825068870523416,
      "믿": 0.013323322357149184,
      "알": 0.012052341597796144,
      "받": 0.009641873278236915,
      "듣": 0.008339254839007585,
      "그러": 0.006299684739678902,
      "살": 0.006198347107438017,
      "주": 0.005853994490358127,
      "나오": 0.005183936530083161,
      "벌": 0.004870714611015422,
      "쌓이": 0.00474280289648519,
      "잃어버리": 0.004347174289540184,
      "흔들리": 0.004044688040927055,
      "모르": 0.0038776595163135916,
      "먹": 0.0038444648641822042,
      "망하": 0.0035493676682483693,
      "들어가": 0.0034164111962651953,
      "내": 0.0032186373148764607,
      "서": 0.002915993015452646,
      "죽": 0.0024989358016367065,
      "버리": 0.002471841813461012,
      "이르": 0.0024495249395656733,
      "갖": 0.002440580701777274,
      "입": 0.0024338950855576176,
      "잡": 0.002342533437873025,
      "치": 0.002244876233875851,
      "찾": 0.002165247276628378,
      "맞": 0.001950343474252653
    }
  }
}