{
  "scope": "sermon",
  "idf_scope": "church",
  "church": "S-jA",
  "sermon": "S-jA-0035",
  "document_unit": "sermon_json",
  "document_count": 94,
  "min_count": 5,
  "freq": {
    "MAG": {
      "안": 34,
      "다": 27,
      "이제": 19,
      "막": 17,
      "이미": 6,
      "지금": 9,
      "그냥": 8,
      "더": 7,
      "못": 5,
      "잘": 5
    },
    "NNB": {
      "거": 95,
      "수": 18,
      "살": 9,
      "번": 11,
      "분": 11,
      "절": 7,
      "때문": 6,
      "장": 5
    },
    "NNG": {
      "하나님": 67,
      "감옥": 28,
      "사명": 35,
      "사도": 23,
      "치료자": 11,
      "주체": 9,
      "복음": 26,
      "결박": 7,
      "회사": 9,
      "아버지": 23,
      "성령": 15,
      "시민": 8,
      "노래": 12,
      "주체자": 5,
      "은혜": 22,
      "교회": 21,
      "직원": 6,
      "성경책": 6,
      "재판": 5,
      "돈": 14,
      "사람": 19,
      "가치": 6,
      "전도": 8,
      "구원": 12,
      "주": 15,
      "생명": 10,
      "오른쪽": 5,
      "준비": 9,
      "길": 11,
      "마음": 12,
      "영원": 8,
      "아들": 10,
      "전": 10,
      "젊은이": 7,
      "선교사": 5,
      "장로": 7,
      "찬양": 9,
      "고난": 7,
      "말": 10,
      "일반": 6,
      "나라": 9,
      "하늘": 6,
      "곳": 8,
      "해": 5,
      "인생": 9,
      "삶": 9,
      "말씀": 9,
      "선교": 5,
      "속": 8,
      "이제": 5,
      "생각": 8,
      "상황": 6,
      "자녀": 6,
      "인간": 5,
      "사실": 6,
      "세상": 6,
      "기도": 6,
      "설교": 5,
      "예배": 5,
      "축복": 5,
      "오늘": 5
    },
    "NNP": {
      "바울": 37,
      "로마": 16,
      "예수": 43,
      "멘": 28,
      "인도네시아": 6,
      "미국": 7,
      "아멘": 6
    },
    "VA": {
      "부럽": 7,
      "그렇": 21,
      "이렇": 18,
      "천하": 6,
      "없": 15,
      "괜찮": 7,
      "많": 10,
      "좋": 6
    },
    "VV": {
      "되": 80,
      "있": 38,
      "매이": 12,
      "붙들리": 9,
      "보": 31,
      "갇히": 9,
      "전하": 15,
      "믿": 20,
      "죽": 14,
      "받": 16,
      "닿": 5,
      "미치": 5,
      "깨닫": 6,
      "집어넣": 5,
      "주": 14,
      "살": 13,
      "알": 13,
      "피하": 5,
      "가지": 11,
      "그러": 11,
      "위하": 10,
      "쓰": 8,
      "만나": 8,
      "모르": 8,
      "보내": 7,
      "주어지": 6,
      "바뀌": 5,
      "들어가": 6,
      "읽": 6,
      "나오": 6,
      "살아가": 5
    }
  },
  "tfidf": {
    "MAG": {
      "안": 0.01365988652525873,
      "다": 0.010621557828481511,
      "이제": 0.007474429583005508,
      "막": 0.006902242858920342,
      "이미": 0.0040721530175722555,
      "지금": 0.0035405192761605035,
      "그냥": 0.003214090947119701,
      "더": 0.0028123295787297383,
      "못": 0.002051568420699628,
      "잘": 0.002008806841949813
    },
    "NNB": {
      "거": 0.037372147915027534,
      "수": 0.007081038552321007,
      "살": 0.006108229526358384,
      "번": 0.004373093313389421,
      "분": 0.004373093313389421,
      "절": 0.0029645084735862868,
      "때문": 0.0024618821048395536,
      "장": 0.0021857309895952485
    },
    "NNG": {
      "하나님": 0.026357199055861525,
      "감옥": 0.02447160766322165,
      "사명": 0.02436626830011007,
      "사도": 0.01947743065640553,
      "치료자": 0.019279272475317365,
      "주체": 0.015773950207077843,
      "복음": 0.014268229352581667,
      "결박": 0.012268627938838322,
      "회사": 0.009847204376178928,
      "아버지": 0.009843934609660512,
      "성령": 0.009688358887720662,
      "시민": 0.009658442932533566,
      "노래": 0.009571281040052145,
      "주체자": 0.009560837354525169,
      "은혜": 0.009122532992897746,
      "교회": 0.008261211644374508,
      "직원": 0.008200870220111813,
      "성경책": 0.00792286148134773,
      "재판": 0.007758534577432022,
      "돈": 0.007513418605050203,
      "사람": 0.007474429583005508,
      "가치": 0.006717136169547594,
      "전도": 0.006289626530640841,
      "구원": 0.006095343892490442,
      "주": 0.005963309063712847,
      "생명": 0.005875034937270344,
      "오른쪽": 0.00573331935874367,
      "준비": 0.005167502346343809,
      "길": 0.004964096808693613,
      "마음": 0.004821136420679551,
      "영원": 0.0047547619945428506,
      "아들": 0.00460995380380275,
      "전": 0.0044180176741039625,
      "젊은이": 0.004360776886836716,
      "선교사": 0.004046753206400591,
      "장로": 0.00401916849160074,
      "찬양": 0.003976215906693566,
      "고난": 0.003973651137683166,
      "말": 0.003933910306845004,
      "일반": 0.0038753435550882647,
      "나라": 0.0038115108946109397,
      "하늘": 0.003737808760145757,
      "곳": 0.0037275500838191006,
      "해": 0.0037181653136720977,
      "인생": 0.00369282315725933,
      "삶": 0.0036541285723695927,
      "말씀": 0.0035405192761605035,
      "선교": 0.0034366923718139675,
      "속": 0.0033524485345976427,
      "이제": 0.0031523075787158014,
      "생각": 0.003147128245476003,
      "상황": 0.00276597228228165,
      "자녀": 0.0025952704846900856,
      "인간": 0.0025397266218710173,
      "사실": 0.002514336400948232,
      "세상": 0.0024360857149130616,
      "기도": 0.0023603461841070024,
      "설교": 0.002329718802386938,
      "예배": 0.002304976901901375,
      "축복": 0.002051568420699628,
      "오늘": 0.001966955153422502
    },
    "NNP": {
      "바울": 0.02951144987349411,
      "로마": 0.017506141113206985,
      "예수": 0.017094819315976822,
      "멘": 0.012111262261887067,
      "인도네시아": 0.00983693752277101,
      "미국": 0.004065450878781963,
      "아멘": 0.0028257310737473226
    },
    "VA": {
      "부럽": 0.008953203221969106,
      "그렇": 0.008348632689197983,
      "이렇": 0.007081038552321007,
      "천하": 0.00705490369977735,
      "없": 0.005900865460267506,
      "괜찮": 0.005205431439140937,
      "많": 0.003933910306845004,
      "좋": 0.0024618821048395536
    },
    "VV": {
      "되": 0.03147128245476003,
      "있": 0.014948859166011016,
      "매이": 0.014487664398800348,
      "붙들리": 0.01230130533016772,
      "보": 0.012195121951219513,
      "갇히": 0.009430191268032804,
      "전하": 0.00901962156293504,
      "믿": 0.007867820613690008,
      "죽": 0.00631794139288278,
      "받": 0.006294256490952006,
      "닿": 0.0062076743092096195,
      "미치": 0.005879086416481125,
      "깨닫": 0.00560776489674098,
      "집어넣": 0.005597613474622995,
      "주": 0.0055074744295830055,
      "살": 0.005222897789069514,
      "알": 0.0051140833988985055,
      "피하": 0.004844284890326956,
      "가지": 0.004419375052289589,
      "그러": 0.004327301337529505,
      "위하": 0.004146605905862611,
      "쓰": 0.0034971695833523977,
      "만나": 0.0034603606462534475,
      "모르": 0.0034239772555340908,
      "보내": 0.0032966862527052097,
      "주어지": 0.0032200365450215152,
      "바뀌": 0.002937517468635172,
      "들어가": 0.0028870422139595825,
      "읽": 0.002856187576113746,
      "나오": 0.00254100726307396,
      "살아가": 0.0021399857847088067
    }
  }
}