{
  "scope": "sermon",
  "idf_scope": "church",
  "church": "S-jA",
  "sermon": "S-jA-0056",
  "document_unit": "sermon_json",
  "document_count": 94,
  "min_count": 5,
  "freq": {
    "MAG": {
      "다": 34,
      "막": 31,
      "안": 30,
      "지금": 18,
      "잘": 13,
      "이제": 11,
      "그냥": 6
    },
    "NNB": {
      "거": 70,
      "분": 14,
      "수": 10,
      "명": 8,
      "번": 8
    },
    "NNG": {
      "왕": 54,
      "동방": 19,
      "박사": 18,
      "경배": 14,
      "하나님": 40,
      "왕궁": 12,
      "사람": 37,
      "불": 20,
      "예배": 29,
      "교회": 32,
      "가슴": 15,
      "열정": 11,
      "촛대": 5,
      "별": 7,
      "등록": 6,
      "선교": 11,
      "탄생": 7,
      "신앙": 16,
      "백성": 14,
      "쭉정": 5,
      "주": 15,
      "은혜": 14,
      "바": 5,
      "아기": 6,
      "시대": 9,
      "믿음": 11,
      "자녀": 10,
      "우리나라": 6,
      "주일": 5,
      "경험": 6,
      "당시": 6,
      "이름": 8,
      "복음": 6,
      "세상": 8,
      "말": 8,
      "중심": 5,
      "사실": 7,
      "곳": 6,
      "목사": 6,
      "날": 6,
      "축복": 6,
      "부모": 5,
      "성경": 6,
      "절": 6,
      "생각": 6,
      "상황": 5,
      "세계": 5,
      "속": 5,
      "말씀": 5,
      "앞": 5,
      "오늘": 5
    },
    "NNP": {
      "만왕": 19,
      "예루살렘": 12,
      "헤롯": 6,
      "예수": 17,
      "메시아": 5,
      "유럽": 5,
      "한국": 5,
      "주님": 6
    },
    "VA": {
      "같": 22,
      "없": 15,
      "그렇": 13,
      "힘들": 8,
      "이렇": 8
    },
    "VV": {
      "되": 64,
      "있": 44,
      "겁": 15,
      "믿": 32,
      "보": 29,
      "기다리": 16,
      "택하": 10,
      "움직이": 9,
      "살": 14,
      "받": 14,
      "타": 7,
      "깨": 6,
      "그러": 12,
      "계시": 7,
      "통하": 11,
      "듣": 10,
      "무너지": 5,
      "만나": 9,
      "드리": 8,
      "임하": 6,
      "시키": 5,
      "떨어지": 5,
      "들어오": 6,
      "나오": 6,
      "가지": 6,
      "알": 5
    }
  },
  "tfidf": {
    "MAG": {
      "다": 0.013866231647634585,
      "막": 0.013048424857706572,
      "안": 0.012495237338262051,
      "지금": 0.00734094616639478,
      "잘": 0.005414602846580223,
      "이제": 0.004486133768352365,
      "그냥": 0.0024990474676524098
    },
    "NNB": {
      "거": 0.028548123980424143,
      "분": 0.005770044669913344,
      "수": 0.004078303425774877,
      "명": 0.003587372252355736,
      "번": 0.0032971683828076246
    },
    "NNG": {
      "왕": 0.03288965317166499,
      "동방": 0.026009948601558773,
      "박사": 0.025505642862386907,
      "경배": 0.016642526047224285,
      "하나님": 0.01631321370309951,
      "왕궁": 0.015445260777172122,
      "사람": 0.015089722675367047,
      "불": 0.014622159672976984,
      "예배": 0.013859566660225576,
      "교회": 0.013050570962479609,
      "가슴": 0.011257982207766514,
      "열정": 0.010129869609118403,
      "촛대": 0.009084960446436441,
      "별": 0.008761334295549667,
      "등록": 0.00795585268827038,
      "선교": 0.007838237528602134,
      "탄생": 0.007603807477948872,
      "신앙": 0.007565596978323668,
      "백성": 0.00729239429697504,
      "쭉정": 0.006844723316199676,
      "주": 0.0061821907177642965,
      "은혜": 0.006018328343305001,
      "바": 0.005671468534585561,
      "아기": 0.005525383423155493,
      "시대": 0.00517809114473127,
      "믿음": 0.004630086239831364,
      "자녀": 0.004484215315444669,
      "우리나라": 0.0039216146158705875,
      "주일": 0.0038030127191814936,
      "경험": 0.0037402737378435355,
      "당시": 0.0036544059079627765,
      "이름": 0.003439044767602857,
      "복음": 0.0034135248162500873,
      "세상": 0.0033673354471500834,
      "말": 0.0032626427406199023,
      "중심": 0.0032291700204902505,
      "사실": 0.003041061848727083,
      "곳": 0.0028982766047312867,
      "목사": 0.002662240064304952,
      "날": 0.00263427425070718,
      "축복": 0.0025522448248377423,
      "부모": 0.00254855586948689,
      "성경": 0.002525501585362562,
      "절": 0.002525501585362562,
      "생각": 0.0024469820554649264,
      "상황": 0.002389580458659582,
      "세계": 0.002389580458659582,
      "속": 0.002172187034805059,
      "말씀": 0.0020391517128874386,
      "앞": 0.0020391517128874386,
      "오늘": 0.0020391517128874386
    },
    "NNP": {
      "만왕": 0.021551580431425136,
      "예루살렘": 0.012053023351919533,
      "헤롯": 0.010901952535723729,
      "예수": 0.007006482813466203,
      "메시아": 0.0059437593025801014,
      "유럽": 0.0038546395706992136,
      "한국": 0.00330760860292866,
      "주님": 0.0031942454719849473
    },
    "VA": {
      "같": 0.009067213052720968,
      "없": 0.006117455138662317,
      "그렇": 0.00535789862206239,
      "힘들": 0.003905931696283684,
      "이렇": 0.0032626427406199023
    },
    "VV": {
      "되": 0.026101141924959218,
      "있": 0.01794453507340946,
      "겁": 0.014794347526537875,
      "믿": 0.013050570962479609,
      "보": 0.011827079934747145,
      "기다리": 0.011401072768875831,
      "택하": 0.008268826945287027,
      "움직이": 0.007780998035904792,
      "살": 0.005831110757855624,
      "받": 0.005709624796084829,
      "타": 0.005324217806854091,
      "깨": 0.005267568131986261,
      "그러": 0.004893964110929853,
      "계시": 0.004687184830019072,
      "통하": 0.004630086239831364,
      "듣": 0.004390457084511966,
      "무너지": 0.004134413472643514,
      "만나": 0.004035793783900203,
      "드리": 0.003990680428431353,
      "임하": 0.0037402737378435355,
      "시키": 0.003562835240273697,
      "떨어지": 0.003431231404348797,
      "들어오": 0.003301429703612336,
      "나오": 0.00263427425070718,
      "가지": 0.0024990474676524098,
      "알": 0.0020391517128874386
    }
  }
}