{
  "scope": "sermon",
  "idf_scope": "church",
  "church": "S-jA",
  "sermon": "S-jA-0070",
  "document_unit": "sermon_json",
  "document_count": 94,
  "min_count": 5,
  "freq": {
    "MAG": {
      "아직": 7,
      "지금": 9,
      "다": 5
    },
    "NNB": {
      "수": 19,
      "분": 7,
      "번": 6,
      "줄": 5
    },
    "NNG": {
      "포도주": 25,
      "하나님": 43,
      "최고": 21,
      "축제": 9,
      "최선": 12,
      "삶": 27,
      "주": 26,
      "결혼": 15,
      "말씀": 25,
      "축복": 21,
      "문제": 16,
      "행복": 9,
      "상황": 14,
      "만족": 5,
      "성공": 5,
      "물": 11,
      "오늘": 14,
      "기쁨": 6,
      "사람": 11,
      "노력": 5,
      "해결": 6,
      "인생": 10,
      "믿음": 10,
      "존재": 6,
      "열매": 5,
      "이유": 5,
      "속": 8,
      "경험": 5,
      "사랑": 7,
      "안": 7,
      "생활": 6,
      "생각": 7,
      "집": 6,
      "나라": 6,
      "앞": 6,
      "고백": 5,
      "성경": 5,
      "세상": 5
    },
    "NNP": {
      "예수": 58,
      "마리아": 5,
      "아멘": 9,
      "그리스도": 7,
      "멘": 9
    },
    "VA": {
      "많": 17,
      "기쁘": 7,
      "없": 11,
      "크": 5,
      "어떻": 5
    },
    "VV": {
      "있": 33,
      "되": 26,
      "믿": 19,
      "느끼": 8,
      "만들": 12,
      "떨어지": 9,
      "바라": 13,
      "잃어버리": 6,
      "바라보": 8,
      "원하": 9,
      "나아가": 7,
      "위하": 8,
      "보": 8,
      "통하": 6,
      "갖": 5
    }
  },
  "tfidf": {
    "MAG": {
      "아직": 0.010207179094922776,
      "지금": 0.007036747458952306,
      "다": 0.003909304143862392
    },
    "NNB": {
      "수": 0.014855355746677092,
      "분": 0.005530941958806691,
      "번": 0.0047408073932628785,
      "줄": 0.004164349186350277
    },
    "NNG": {
      "포도주": 0.08708492187123594,
      "하나님": 0.033620015637216574,
      "최고": 0.029434098744367903,
      "축제": 0.027756020963641877,
      "최선": 0.026700484977310375,
      "삶": 0.02178763447450392,
      "주": 0.02054349870413914,
      "결혼": 0.020491177503872804,
      "말씀": 0.019546520719311962,
      "축복": 0.017125383179638395,
      "문제": 0.016152581886589214,
      "행복": 0.015147862071497629,
      "상황": 0.012827133383090874,
      "만족": 0.012710288501198182,
      "성공": 0.012710288501198182,
      "물": 0.012133044423220555,
      "오늘": 0.0109460516028147,
      "기쁨": 0.009243274213343694,
      "사람": 0.008600469116497263,
      "노력": 0.008415478928609794,
      "해결": 0.00840974249839083,
      "인생": 0.008154944371256377,
      "믿음": 0.008069494249816267,
      "존재": 0.007428858380211505,
      "열매": 0.007389817222325623,
      "이유": 0.006918245729797809,
      "속": 0.006662958698160444,
      "경험": 0.005975469901741171,
      "사랑": 0.005768937098429969,
      "안": 0.005648645974871387,
      "생활": 0.005556352020954743,
      "생각": 0.00547302580140735,
      "집": 0.0053246424572507105,
      "나라": 0.005050227101433938,
      "앞": 0.004691164972634871,
      "고백": 0.004630293350795618,
      "성경": 0.004034747124908133,
      "세상": 0.004034747124908133
    },
    "NNP": {
      "예수": 0.04582780480154115,
      "마리아": 0.013582624511026993,
      "아멘": 0.00842416933870097,
      "그리스도": 0.008365657862437639,
      "멘": 0.0077371120861010915
    },
    "VA": {
      "많": 0.013291634089132134,
      "기쁘": 0.009940149267568574,
      "없": 0.008600469116497263,
      "크": 0.0040774721856281886,
      "어떻": 0.003992483965782974
    },
    "VV": {
      "있": 0.02580140734949179,
      "되": 0.020328381548084442,
      "믿": 0.014855355746677092,
      "느끼": 0.013676816648094243,
      "만들": 0.012519491975835191,
      "떨어지": 0.011840565227704339,
      "바라": 0.01027174935206957,
      "잃어버리": 0.009511413762241029,
      "바라보": 0.009234335872993408,
      "원하": 0.008072258638801086,
      "나아가": 0.007549982292364602,
      "위하": 0.00659307096963425,
      "보": 0.006254886630179828,
      "통하": 0.004841696549889761,
      "갖": 0.004630293350795618
    }
  }
}