{
  "scope": "sermon",
  "idf_scope": "church",
  "church": "S-jA",
  "sermon": "S-jA-0038",
  "document_unit": "sermon_json",
  "document_count": 94,
  "min_count": 5,
  "freq": {
    "MAG": {
      "이제": 22,
      "안": 21,
      "막": 17,
      "지금": 16,
      "그냥": 14,
      "다": 12,
      "너무": 9,
      "더": 6,
      "못": 5
    },
    "NNB": {
      "거": 76,
      "줄": 14,
      "시": 5,
      "수": 7,
      "번": 6,
      "절": 5,
      "분": 5
    },
    "NNG": {
      "눈물": 30,
      "하나님": 62,
      "기도": 48,
      "자녀": 41,
      "사람": 30,
      "통곡": 7,
      "말씀": 23,
      "말": 22,
      "교회": 18,
      "부모": 14,
      "어둠": 8,
      "마을": 6,
      "아들": 14,
      "앞": 16,
      "야곱": 8,
      "아기": 6,
      "답": 6,
      "축복": 11,
      "날": 10,
      "세대": 6,
      "형제": 6,
      "기적": 6,
      "그날": 5,
      "문화": 6,
      "새벽": 6,
      "마음": 9,
      "사명": 5,
      "영혼": 5,
      "복": 6,
      "하늘": 5,
      "애": 5,
      "사랑": 7,
      "성경": 7,
      "가정": 6,
      "목사": 6,
      "구원": 5,
      "문제": 5,
      "생각": 6,
      "오늘": 6,
      "손": 5,
      "사실": 5,
      "주": 5
    },
    "NNP": {
      "예수": 23,
      "멘": 20,
      "누가": 10,
      "아멘": 6
    },
    "VA": {
      "그렇": 22,
      "없": 18,
      "이렇": 9,
      "많": 8,
      "어리": 6,
      "좋": 6,
      "크": 5,
      "어떻": 5
    },
    "VV": {
      "울": 78,
      "되": 55,
      "위하": 41,
      "있": 40,
      "보": 25,
      "우르": 5,
      "우": 9,
      "받": 19,
      "믿": 18,
      "부르짖": 10,
      "그러": 16,
      "살리": 9,
      "살아나": 5,
      "듣": 12,
      "향하": 9,
      "르": 5,
      "흘리": 5,
      "원하": 9,
      "잡히": 5,
      "바라": 10,
      "다니": 8,
      "살": 9,
      "나오": 8,
      "죽이": 5,
      "들어가": 6,
      "열": 5,
      "일어나": 6,
      "부르": 5
    }
  },
  "tfidf": {
    "MAG": {
      "이제": 0.00960698689956332,
      "안": 0.009365425924625756,
      "막": 0.0076617909813866845,
      "지금": 0.0069868995633187774,
      "그냥": 0.006243617283083838,
      "다": 0.005240174672489083,
      "너무": 0.004508479824902441,
      "더": 0.002675835978464502,
      "못": 0.002277330535117229
    },
    "NNB": {
      "거": 0.03318777292576419,
      "줄": 0.006512387469937822,
      "시": 0.004850813059880648,
      "수": 0.003056768558951965,
      "번": 0.0026478133868922363,
      "절": 0.002350524185856625,
      "분": 0.0022065111557435305
    },
    "NNG": {
      "눈물": 0.027771480617232242,
      "하나님": 0.027074235807860263,
      "기도": 0.02096069868995633,
      "자녀": 0.019685901052064782,
      "사람": 0.013100436681222707,
      "통곡": 0.01205723705422056,
      "말씀": 0.010043668122270743,
      "말": 0.00960698689956332,
      "교회": 0.007860262008733625,
      "부모": 0.007640770819890478,
      "어둠": 0.007405728164595265,
      "마을": 0.00728721791098889,
      "아들": 0.007164150042346388,
      "앞": 0.0069868995633187774,
      "야곱": 0.006694465438861677,
      "아기": 0.005916262075797934,
      "답": 0.005554296123446449,
      "축복": 0.005010127177257903,
      "날": 0.00470104837171325,
      "세대": 0.004636735172966672,
      "형제": 0.004636735172966672,
      "기적": 0.0045202676727810805,
      "그날": 0.004302091600752032,
      "문화": 0.004249915962121088,
      "새벽": 0.004052079580003677,
      "마음": 0.004013753967696754,
      "사명": 0.003863945977472226,
      "영혼": 0.003673964805005786,
      "복": 0.003496163807225591,
      "하늘": 0.0034576091223764605,
      "애": 0.003223448575752885,
      "사랑": 0.003222039541000843,
      "성경": 0.0031548551099827528,
      "가정": 0.003037801930815988,
      "목사": 0.0028505732042252156,
      "구원": 0.0028192074553694876,
      "문제": 0.0028192074553694876,
      "생각": 0.0026200873362445414,
      "오늘": 0.0026200873362445414,
      "손": 0.002504711013834689,
      "사실": 0.0023258526678349364,
      "주": 0.0022065111557435305
    },
    "NNP": {
      "예수": 0.01014995131642024,
      "멘": 0.00960287856198282,
      "누가": 0.005700356548258435,
      "아멘": 0.003136684886229561
    },
    "VA": {
      "그렇": 0.009708649085271534,
      "없": 0.007860262008733625,
      "이렇": 0.003930131004366812,
      "많": 0.0034934497816593887,
      "어리": 0.003310264062320043,
      "좋": 0.0027327966421406744,
      "크": 0.002277330535117229,
      "어떻": 0.002229863315387085
    },
    "VV": {
      "울": 0.06027755724856673,
      "되": 0.024017467248908297,
      "위하": 0.018871945883004934,
      "있": 0.017467248908296942,
      "보": 0.010917030567685589,
      "우르": 0.010612946967337543,
      "우": 0.01046792410626174,
      "받": 0.008296943231441048,
      "믿": 0.007860262008733625,
      "부르짖": 0.007083193270201812,
      "그러": 0.0069868995633187774,
      "살리": 0.006866781491909166,
      "살아나": 0.005940313422585861,
      "듣": 0.0056412580460559,
      "향하": 0.005607284960261591,
      "르": 0.004850813059880648,
      "흘리": 0.00462858010287204,
      "원하": 0.004508479824902441,
      "잡히": 0.0044920727732184725,
      "바라": 0.004413022311487061,
      "다니": 0.004093800024197936,
      "살": 0.004013753967696754,
      "나오": 0.0037608386973706004,
      "죽이": 0.003541596635100906,
      "들어가": 0.0032047429292075364,
      "열": 0.0031506616319371826,
      "일어나": 0.002675835978464502,
      "부르": 0.0025586250151237097
    }
  }
}