{
  "scope": "sermon",
  "idf_scope": "church",
  "church": "S-jA",
  "sermon": "S-jA-0031",
  "document_unit": "sermon_json",
  "document_count": 94,
  "min_count": 5,
  "freq": {
    "MAG": {
      "안": 28,
      "빨리": 13,
      "다": 16,
      "지금": 12,
      "잘": 11,
      "막": 6,
      "더": 6
    },
    "NNB": {
      "거": 74,
      "번": 13,
      "때문": 12,
      "수": 10,
      "중": 6,
      "줄": 5
    },
    "NNG": {
      "하나님": 84,
      "야곱": 30,
      "최고": 25,
      "영성": 12,
      "인생": 31,
      "기도": 31,
      "아버지": 26,
      "고통": 17,
      "임신": 8,
      "대면": 6,
      "길": 20,
      "사람": 22,
      "쌍둥이": 8,
      "이삭": 10,
      "소리": 13,
      "남자": 11,
      "말": 18,
      "형": 10,
      "형제": 10,
      "상황": 14,
      "뜻": 12,
      "이유": 8,
      "오늘": 14,
      "엄마": 9,
      "교회": 13,
      "관계": 6,
      "부모": 10,
      "동생": 6,
      "순간": 6,
      "응답": 5,
      "집": 10,
      "현실": 5,
      "성경": 9,
      "앞": 9,
      "여자": 5,
      "속": 8,
      "장": 7,
      "일반": 5,
      "마음": 8,
      "문제": 6,
      "이해": 5,
      "사랑": 7,
      "아내": 5,
      "모습": 5,
      "생각": 7,
      "신앙": 6,
      "사실": 6,
      "아들": 5,
      "가정": 5,
      "축복": 5,
      "말씀": 5
    },
    "NNP": {
      "멘": 30,
      "아멘": 7,
      "한국": 5,
      "아브라함": 5
    },
    "VA": {
      "그렇": 23,
      "없": 23,
      "크": 13,
      "같": 12,
      "많": 11,
      "이렇": 11,
      "좋": 10,
      "어리": 5,
      "렇": 5,
      "힘들": 5
    },
    "VV": {
      "되": 60,
      "있": 40,
      "열리": 17,
      "심": 11,
      "그러": 21,
      "보": 21,
      "죽이": 11,
      "받아들이": 7,
      "내": 10,
      "싸우": 7,
      "듣": 11,
      "겪": 6,
      "믿": 11,
      "살아가": 10,
      "부르": 9,
      "받": 9,
      "주": 9,
      "살리": 5,
      "열": 6,
      "치": 6,
      "바라": 7,
      "섬기": 5,
      "나아가": 5,
      "죽": 6,
      "나오": 5,
      "가지": 5,
      "일어나": 5
    }
  },
  "tfidf": {
    "MAG": {
      "안": 0.01246002926210195,
      "빨리": 0.009897075043047005,
      "다": 0.006971677559912854,
      "지금": 0.00522875816993464,
      "잘": 0.004895011495825766,
      "막": 0.0026982701034026155,
      "더": 0.002670006270450418
    },
    "NNB": {
      "거": 0.03224400871459695,
      "번": 0.0057244302489311465,
      "때문": 0.005453685673640213,
      "수": 0.004357298474945534,
      "중": 0.0028745871773778638,
      "줄": 0.0023207854506936843
    },
    "NNG": {
      "하나님": 0.036601307189542485,
      "야곱": 0.025049552050642552,
      "최고": 0.019528069454324386,
      "영성": 0.016046903225163608,
      "인생": 0.014088687990237218,
      "기도": 0.013507625272331155,
      "아버지": 0.012325572155379038,
      "고통": 0.012161880638314035,
      "임신": 0.010697935483442406,
      "대면": 0.010312258769062587,
      "길": 0.009997016508377235,
      "사람": 0.009586056644880174,
      "쌍둥이": 0.009284549485679743,
      "이삭": 0.008964572244592857,
      "소리": 0.008760378293152467,
      "남자": 0.008374448113347465,
      "말": 0.00784313725490196,
      "형": 0.007811227781729754,
      "형제": 0.007711055589029542,
      "상황": 0.007148541872319489,
      "뜻": 0.006751356938871766,
      "이유": 0.006168844471223633,
      "오늘": 0.006100217864923747,
      "엄마": 0.0057236561936409415,
      "교회": 0.005664488017429194,
      "관계": 0.005459192127583828,
      "부모": 0.005445803043121443,
      "동생": 0.005300696384272887,
      "순간": 0.0050099104101285095,
      "응답": 0.005001700116729977,
      "집": 0.0049456918684267675,
      "현실": 0.004763793162557881,
      "성경": 0.004047405155103923,
      "앞": 0.00392156862745098,
      "여자": 0.003905613890864877,
      "속": 0.0037132567211098943,
      "장": 0.003612637592128381,
      "일반": 0.0035770237171511873,
      "마음": 0.0035600083606005576,
      "문제": 0.003375678469435883,
      "이해": 0.0032164258119712886,
      "사랑": 0.003215019847011734,
      "아내": 0.0031437974453752283,
      "모습": 0.003108371473977014,
      "생각": 0.0030501089324618735,
      "신앙": 0.003031183625955822,
      "사실": 0.0027849425408324204,
      "아들": 0.002553050668685532,
      "가정": 0.0025259863549631856,
      "축복": 0.0022723690306834226,
      "말씀": 0.002178649237472767
    },
    "NNP": {
      "멘": 0.01437293588688932,
      "아멘": 0.0036514930084429816,
      "한국": 0.0035338807382924078,
      "아브라함": 0.0033693762665971028
    },
    "VA": {
      "그렇": 0.010127838132724335,
      "없": 0.010021786492374727,
      "크": 0.0059081594797768975,
      "같": 0.005284089460551826,
      "많": 0.004793028322440087,
      "이렇": 0.004793028322440087,
      "좋": 0.004544738061366845,
      "어리": 0.0027525434650373637,
      "렇": 0.002693657468549522,
      "힘들": 0.0026082092917449873
    },
    "VV": {
      "되": 0.026143790849673203,
      "있": 0.017429193899782137,
      "열리": 0.011062473192993492,
      "심": 0.010480344957627338,
      "그러": 0.009150326797385621,
      "보": 0.009150326797385621,
      "죽이": 0.007774537624243297,
      "받아들이": 0.006009806393033122,
      "내": 0.005944323091826211,
      "싸우": 0.005196559925591885,
      "듣": 0.005159887079889184,
      "겪": 0.004942000641753972,
      "믿": 0.004793028322440087,
      "살아가": 0.004740604675145784,
      "부르": 0.004595491203633957,
      "받": 0.00392156862745098,
      "주": 0.00392156862745098,
      "살리": 0.003806567324248848,
      "열": 0.0037725569344502735,
      "치": 0.0032674818258728654,
      "바라": 0.0030823855186552325,
      "섬기": 0.0030392021966032007,
      "나아가": 0.0030054240124289845,
      "죽": 0.00299910495251317,
      "나오": 0.0023454032181314476,
      "가지": 0.0022250052253753485,
      "일어나": 0.0022250052253753485
    }
  }
}