{
  "scope": "sermon",
  "idf_scope": "church",
  "church": "S-jA",
  "sermon": "S-jA-0062",
  "document_unit": "sermon_json",
  "document_count": 94,
  "min_count": 5,
  "freq": {
    "MAG": {
      "이제": 28,
      "막": 23,
      "안": 21,
      "다": 20,
      "더": 18,
      "잘": 13,
      "다시": 10,
      "굉장히": 7,
      "그냥": 8,
      "지금": 7,
      "계속": 5
    },
    "NNB": {
      "거": 78,
      "분": 15,
      "수": 11,
      "데": 6,
      "번": 6
    },
    "NNG": {
      "하나님": 113,
      "비": 13,
      "경험": 18,
      "논": 7,
      "은혜": 22,
      "캠프": 6,
      "교회": 20,
      "계절": 5,
      "믿음": 19,
      "동사": 7,
      "휴가": 5,
      "사실": 17,
      "애": 12,
      "회복": 8,
      "방언": 5,
      "주": 17,
      "기도": 17,
      "앞": 17,
      "감사": 13,
      "여호": 6,
      "어린이": 7,
      "축복": 15,
      "치료": 5,
      "손녀": 6,
      "계속": 5,
      "여름": 5,
      "사람": 13,
      "힘": 11,
      "땅": 12,
      "할아버지": 8,
      "체험": 6,
      "민족": 9,
      "오늘": 11,
      "새벽": 7,
      "청소년": 5,
      "부모": 8,
      "자녀": 9,
      "역사": 9,
      "인생": 9,
      "신앙": 8,
      "머리": 5,
      "찬양": 8,
      "당시": 6,
      "일반": 5,
      "몸": 6,
      "말씀": 8,
      "아빠": 5,
      "영원": 5,
      "엄마": 5,
      "지금": 6,
      "말": 7,
      "생각": 7,
      "이름": 6,
      "세상": 6,
      "가족": 5,
      "생활": 5,
      "상황": 5,
      "집": 5,
      "나라": 5
    },
    "NNP": {
      "께": 8,
      "여호": 10,
      "멘": 14,
      "이스라엘": 10,
      "예루살렘": 5,
      "예수": 10,
      "주님": 6
    },
    "VA": {
      "그렇": 26,
      "이렇": 22,
      "없": 21,
      "좋": 13,
      "같": 9,
      "약하": 5,
      "어떻": 7,
      "많": 7
    },
    "VV": {
      "되": 70,
      "힘쓰": 17,
      "살": 41,
      "싸매": 8,
      "있": 34,
      "돌아오": 17,
      "보": 27,
      "알": 23,
      "주": 21,
      "알아가": 5,
      "받": 18,
      "돌아가": 10,
      "일어나": 14,
      "떠나": 9,
      "따르": 12,
      "그러": 12,
      "먹": 10,
      "따라가": 6,
      "믿": 11,
      "쓰": 9,
      "데리": 5,
      "위하": 9,
      "만나": 8,
      "나아가": 6,
      "나오": 7,
      "보내": 6,
      "부르": 6,
      "나가": 5,
      "가지": 6,
      "다니": 5,
      "살아가": 5
    }
  },
  "tfidf": {
    "MAG": {
      "이제": 0.011217948717948718,
      "막": 0.009510429180562704,
      "안": 0.00859247811193629,
      "다": 0.008012820512820512,
      "더": 0.007364981238802536,
      "잘": 0.005319153116912942,
      "다시": 0.005229894429291593,
      "굉장히": 0.003912242250675514,
      "그냥": 0.003273324995023349,
      "지금": 0.0028044871794871795,
      "계속": 0.002450207434523657
    },
    "NNB": {
      "거": 0.03125,
      "분": 0.0060732097916498615,
      "수": 0.004407051282051282,
      "데": 0.0033160808214060186,
      "번": 0.0024292839166599445
    },
    "NNG": {
      "하나님": 0.045272435897435896,
      "비": 0.013872422571376958,
      "경험": 0.011023018275471575,
      "논": 0.01055081007876899,
      "은혜": 0.009290656597734802,
      "캠프": 0.008352008052694003,
      "교회": 0.008012820512820512,
      "계절": 0.007901520390958414,
      "믿음": 0.007856441496986583,
      "동사": 0.007800087013431618,
      "휴가": 0.007536292913406421,
      "사실": 0.007255243939007538,
      "애": 0.007097785806225103,
      "회복": 0.0070082726333784194,
      "방언": 0.006960006710578334,
      "주": 0.006882971097203176,
      "기도": 0.006810897435897436,
      "앞": 0.006810897435897436,
      "감사": 0.006580299221104946,
      "여호": 0.006540056604673858,
      "어린이": 0.006438486568531015,
      "축복": 0.0062681333238202575,
      "치료": 0.006147776926707813,
      "손녀": 0.006032102052589226,
      "계속": 0.005571490723879726,
      "여름": 0.005450047170561547,
      "사람": 0.005208333333333333,
      "힘": 0.005055582567187165,
      "땅": 0.004961963050728368,
      "할아버지": 0.004956870853743814,
      "체험": 0.004873837420635527,
      "민족": 0.00445813261321237,
      "오늘": 0.004407051282051282,
      "새벽": 0.004337261997025837,
      "청소년": 0.004312258633690676,
      "부모": 0.004005807046142214,
      "자녀": 0.003964649983222475,
      "역사": 0.003922964325526288,
      "인생": 0.0037608799942921546,
      "신앙": 0.0037161145414362244,
      "머리": 0.003686508062692774,
      "찬양": 0.003599551579350087,
      "당시": 0.0035899852909954846,
      "일반": 0.00328897012454406,
      "몸": 0.0032076182365971973,
      "말씀": 0.003205128205128205,
      "아빠": 0.003061949520964326,
      "영원": 0.0030264936373517438,
      "엄마": 0.002923742646992067,
      "지금": 0.0028169477329967768,
      "말": 0.0028044871794871795,
      "생각": 0.0028044871794871795,
      "이름": 0.0025338154357458552,
      "세상": 0.002480981525364184,
      "가족": 0.002372654325187338,
      "생활": 0.002372654325187338,
      "상황": 0.0023474564441639803,
      "집": 0.0022737105044149494,
      "나라": 0.0021565306032098044
    },
    "NNP": {
      "께": 0.011136010736925337,
      "여호": 0.00800692640268881,
      "멘": 0.006167233307234961,
      "이스라엘": 0.005781262129115503,
      "예루살렘": 0.00493356257660702,
      "예수": 0.004048806527766574,
      "주님": 0.0031379366575749567
    },
    "VA": {
      "그렇": 0.010526896972193093,
      "이렇": 0.008814102564102564,
      "없": 0.008413461538461538,
      "좋": 0.005432382213977556,
      "같": 0.003643925874989917,
      "약하": 0.00328897012454406,
      "어떻": 0.0028641593706454304,
      "많": 0.0028044871794871795
    },
    "VV": {
      "되": 0.028044871794871796,
      "힘쓰": 0.02366402281596634,
      "살": 0.016775790599494664,
      "싸매": 0.015579261894360883,
      "있": 0.013621794871794872,
      "돌아오": 0.012370001460894203,
      "보": 0.010817307692307692,
      "알": 0.00921474358974359,
      "주": 0.008413461538461538,
      "알아가": 0.007536292913406421,
      "받": 0.007211538461538462,
      "돌아가": 0.0060529872747034875,
      "일어나": 0.005728318741290861,
      "떠나": 0.005203135916203953,
      "따르": 0.00512134866282885,
      "그러": 0.004807692307692308,
      "먹": 0.004796346413906046,
      "따라가": 0.004736437387366421,
      "믿": 0.004407051282051282,
      "쓰": 0.004006823203522443,
      "데리": 0.0038387234212222654,
      "위하": 0.003800723153618783,
      "만나": 0.0035241333184199775,
      "나아가": 0.0033160808214060186,
      "나오": 0.003019142844493726,
      "보내": 0.0028778078483436276,
      "부르": 0.0028169477329967768,
      "나가": 0.0024767403406735383,
      "가지": 0.002454993746267512,
      "다니": 0.0023474564441639803,
      "살아가": 0.0021794246252923822
    }
  }
}