{
  "scope": "sermon",
  "idf_scope": "church",
  "church": "D-Zg",
  "sermon": "D-Zg-0010",
  "document_unit": "sermon_json",
  "document_count": 664,
  "min_count": 5,
  "freq": {
    "MAG": {
      "안": 12,
      "확": 5,
      "다": 8,
      "지금": 6
    },
    "NNB": {
      "거": 25,
      "석": 6,
      "장": 18,
      "번": 15,
      "절": 14,
      "가지": 7,
      "줄": 5
    },
    "NNG": {
      "제사": 25,
      "지성소": 16,
      "휘장": 11,
      "피": 22,
      "성소": 13,
      "밖": 18,
      "회막": 7,
      "선거": 11,
      "성막": 8,
      "향로": 6,
      "하나님": 25,
      "창고": 7,
      "절": 23,
      "대제사장": 6,
      "불": 10,
      "사람": 19,
      "기숙사": 5,
      "건물": 6,
      "여당": 5,
      "장": 16,
      "기도": 17,
      "예배": 13,
      "말씀": 15,
      "고기": 5,
      "차": 5,
      "안": 9,
      "응답": 7,
      "세상": 9,
      "고난": 6,
      "구약": 6,
      "목사": 8,
      "앞": 9,
      "이해": 6,
      "양": 5,
      "준비": 5,
      "교회": 8,
      "십자가": 5,
      "위": 6,
      "자리": 6,
      "은혜": 6,
      "길": 5,
      "백성": 5,
      "신앙": 5,
      "역사": 5,
      "생각": 5,
      "땅": 5,
      "성경": 5
    },
    "NNP": {
      "히브리서": 10,
      "예수": 28,
      "레위기": 7,
      "북한": 12,
      "여호와": 7
    },
    "VA": {
      "좋": 16,
      "없": 13,
      "그렇": 11,
      "같": 6
    },
    "VV": {
      "되": 41,
      "있": 31,
      "찢어지": 5,
      "찢": 5,
      "짓": 14,
      "들어가": 14,
      "밟": 5,
      "믿": 13,
      "나가": 12,
      "보": 14,
      "받": 14,
      "죽": 11,
      "지내": 6,
      "섬기": 7,
      "나오": 10,
      "따르": 7,
      "모르": 6,
      "주": 8,
      "들어오": 5,
      "잡": 5,
      "그러": 7,
      "일어나": 5,
      "찾": 5,
      "먹": 5,
      "가지": 6,
      "살": 6
    }
  },
  "tfidf": {
    "MAG": {
      "안": 0.007017120161864525,
      "확": 0.006330326755830624,
      "다": 0.00436474034728845,
      "지금": 0.0036439565212889836
    },
    "NNB": {
      "거": 0.014270149484654486,
      "석": 0.014173694388968497,
      "장": 0.009791163413289729,
      "번": 0.00827054018779151,
      "절": 0.007931274348946584,
      "가지": 0.004130622507450936,
      "줄": 0.003455309949261224
    },
    "NNG": {
      "제사": 0.03317304834161902,
      "지성소": 0.03133085515067262,
      "휘장": 0.02721755602470627,
      "피": 0.020757399686673242,
      "성소": 0.020378790752394516,
      "밖": 0.018617601910758973,
      "회막": 0.01754527477672986,
      "선거": 0.016882706999652913,
      "성막": 0.015958080264570462,
      "향로": 0.014845939649839782,
      "하나님": 0.013255567338282079,
      "창고": 0.013170627388399251,
      "절": 0.012231854274024288,
      "대제사장": 0.011228510478590878,
      "불": 0.011119351319106973,
      "사람": 0.01008939179873223,
      "기숙사": 0.0095651292220181,
      "건물": 0.009508783247525994,
      "여당": 0.009307537099924655,
      "장": 0.00909167989795341,
      "기도": 0.009027350556760416,
      "예배": 0.00839223956462249,
      "말씀": 0.007965309314788602,
      "고기": 0.007866350868246549,
      "차": 0.006444546231271535,
      "안": 0.006297949884957335,
      "응답": 0.0057208570696619864,
      "세상": 0.005609147775435254,
      "고난": 0.005578739714047829,
      "구약": 0.0055584763578904175,
      "목사": 0.0055026575756858195,
      "앞": 0.005191791599423974,
      "이해": 0.005178163047233632,
      "양": 0.00514078846670288,
      "준비": 0.004565574542505826,
      "교회": 0.004538992842488725,
      "십자가": 0.00412775096905926,
      "위": 0.004107731753634864,
      "자리": 0.004101337105931711,
      "은혜": 0.0037969621008732937,
      "길": 0.0032828614961156206,
      "백성": 0.0032778069407853406,
      "신앙": 0.0030228344962446364,
      "역사": 0.0030045508826204038,
      "생각": 0.0028626514117410175,
      "땅": 0.00284114996811044,
      "성경": 0.0027944518061248035
    },
    "NNP": {
      "히브리서": 0.01708971856648886,
      "예수": 0.014846235418875928,
      "레위기": 0.01276532778937754,
      "북한": 0.00959696178291329,
      "여호와": 0.0055156432620845006
    },
    "VA": {
      "좋": 0.009215932839775162,
      "없": 0.006986819338416197,
      "그렇": 0.005832449628844115,
      "같": 0.0032933151759254285
    },
    "VV": {
      "되": 0.021739130434782608,
      "있": 0.016436903499469777,
      "찢어지": 0.01194076025212583,
      "찢": 0.010457155300017075,
      "짓": 0.009750847208152199,
      "들어가": 0.008725340984010396,
      "밟": 0.008104813849855614,
      "믿": 0.007717729877427974,
      "나가": 0.007640537394273032,
      "보": 0.007603902722865693,
      "받": 0.007434288693802695,
      "죽": 0.006471373334833271,
      "지내": 0.006193512584520372,
      "섬기": 0.005907703455677871,
      "나오": 0.005464139575079967,
      "따르": 0.004689248225432157,
      "모르": 0.004480839316791588,
      "주": 0.0042866685443501045,
      "들어오": 0.004148708496914811,
      "잡": 0.00392037033750352,
      "그러": 0.0038422010385796668,
      "일어나": 0.0036982868723246794,
      "찾": 0.003605255801775183,
      "먹": 0.0033965719007532477,
      "가지": 0.003343258684546119,
      "살": 0.0032933151759254285
    }
  }
}