{
  "scope": "sermon",
  "idf_scope": "church",
  "church": "D-Zg",
  "sermon": "D-Zg-0509",
  "document_unit": "sermon_json",
  "document_count": 664,
  "min_count": 5,
  "freq": {
    "MAG": {
      "이제": 9,
      "다": 9,
      "그냥": 7,
      "꼭": 5,
      "다시": 5,
      "아주": 5
    },
    "NNB": {
      "거": 26,
      "번": 16,
      "마리": 5,
      "장": 14,
      "가지": 10
    },
    "NNG": {
      "나팔": 21,
      "나팔절": 12,
      "절기": 22,
      "안식": 20,
      "무교절": 7,
      "번뇌": 8,
      "취침": 7,
      "지성소": 9,
      "절기장": 5,
      "초실절": 5,
      "성막": 7,
      "장막절": 5,
      "축제": 7,
      "편안": 8,
      "법회": 5,
      "월절": 5,
      "재림": 5,
      "천국": 12,
      "광야": 6,
      "절": 14,
      "하나님": 14,
      "복음": 9,
      "그날": 6,
      "성경": 11,
      "죄": 9,
      "의미": 6,
      "마음": 10,
      "감옥": 5,
      "어머니": 5,
      "교회": 9,
      "소리": 7,
      "하루": 6,
      "날": 8,
      "해방": 5,
      "장": 8,
      "말씀": 8,
      "안": 6,
      "예배": 6,
      "말": 7,
      "사람": 6,
      "세상": 5,
      "하늘": 5,
      "감사": 5
    },
    "NNP": {
      "레위기": 10,
      "데살로니가전서": 5,
      "유": 5,
      "예수": 10,
      "호": 5
    },
    "VA": {
      "없": 9,
      "그렇": 9
    },
    "VV": {
      "있": 22,
      "쉬": 11,
      "되": 20,
      "누리": 12,
      "끊": 6,
      "불": 5,
      "나오": 14,
      "지": 8,
      "부르": 9,
      "그러": 8,
      "죽": 7,
      "먹": 6,
      "바라": 5,
      "살": 5
    }
  },
  "tfidf": {
    "MAG": {
      "이제": 0.006481045760167388,
      "다": 0.006157505207353238,
      "그냥": 0.00569282237978688,
      "꼭": 0.005273550648329734,
      "다시": 0.0038839268309912335,
      "아주": 0.003600580977870771
    },
    "NNB": {
      "거": 0.01861040026940206,
      "번": 0.011062580705088502,
      "마리": 0.010669307179213642,
      "장": 0.009549567034740764,
      "가지": 0.007399652402215487
    },
    "NNG": {
      "나팔": 0.04851272762522261,
      "나팔절": 0.04554277317628563,
      "절기": 0.04471874152369802,
      "안식": 0.03552491094885044,
      "무교절": 0.024679479550024898,
      "번뇌": 0.024230574795156452,
      "취침": 0.023745506898272862,
      "지성소": 0.022099814466735247,
      "절기장": 0.01846368647473584,
      "초실절": 0.017628199678589213,
      "성막": 0.017509855024340028,
      "장막절": 0.016961076355909186,
      "축제": 0.015406200857982713,
      "편안": 0.014938506161844204,
      "법회": 0.013854995114629823,
      "월절": 0.013209529641089403,
      "재림": 0.012669240646748398,
      "천국": 0.012134850604426053,
      "광야": 0.009549899867374761,
      "절": 0.009336548342140878,
      "하나님": 0.009308510638297872,
      "복음": 0.008048112047709393,
      "그날": 0.007797644665596908,
      "성경": 0.007709268240673559,
      "죄": 0.007666677053641705,
      "의미": 0.007614893856961426,
      "마음": 0.007255706446784281,
      "감옥": 0.007172382941127139,
      "어머니": 0.006956832676847525,
      "교회": 0.006403329829488332,
      "소리": 0.006359523260381941,
      "하루": 0.006296045030633132,
      "날": 0.005901842412715449,
      "해방": 0.005756203606589368,
      "장": 0.0057004349360173295,
      "말씀": 0.005327153676486278,
      "안": 0.00526504143751309,
      "예배": 0.004857128831488753,
      "말": 0.004682335376083228,
      "사람": 0.003995365257364708,
      "세상": 0.003907673132561646,
      "하늘": 0.003901720636638148,
      "감사": 0.003344525268630877
    },
    "NNP": {
      "레위기": 0.022867978923599964,
      "데살로니가전서": 0.013019508318483192,
      "유": 0.009589981794596391,
      "예수": 0.006648936170212766,
      "호": 0.006296492600930376
    },
    "VA": {
      "없": 0.00606558262327519,
      "그렇": 0.005984042553191489
    },
    "VV": {
      "있": 0.014627659574468085,
      "쉬": 0.014324307480366828,
      "되": 0.013297872340425532,
      "누리": 0.011876488294561375,
      "끊": 0.010470437702611845,
      "불": 0.009690224607663837,
      "나오": 0.009592762057208208,
      "지": 0.007564599985674573,
      "부르": 0.007513684348357089,
      "그러": 0.005506376260456878,
      "죽": 0.0051641121111260175,
      "먹": 0.005111118035761136,
      "바라": 0.003589734416584813,
      "살": 0.0034414851627855487
    }
  }
}