{
  "scope": "sermon",
  "idf_scope": "church",
  "church": "D-Zg",
  "sermon": "D-Zg-0248",
  "document_unit": "sermon_json",
  "document_count": 664,
  "min_count": 5,
  "freq": {
    "MAG": {
      "안": 9,
      "못": 5
    },
    "NNB": {
      "수": 19,
      "거": 7
    },
    "NNG": {
      "성탄절": 19,
      "몰약": 10,
      "돌멩이": 10,
      "싱": 5,
      "신": 15,
      "독사": 6,
      "가문": 7,
      "힌두교": 6,
      "도시락": 5,
      "아기": 8,
      "이후": 11,
      "진짜": 8,
      "깡패": 5,
      "이전": 8,
      "변화": 9,
      "역사": 14,
      "가정": 10,
      "사람": 14,
      "고민": 5,
      "중심": 7,
      "선교사": 5,
      "동네": 5,
      "왕": 6,
      "하나님": 10,
      "세계": 8,
      "복음": 7,
      "가족": 5,
      "나라": 7,
      "전": 5,
      "말": 5,
      "기도": 5
    },
    "NNP": {
      "예수": 78,
      "김익두": 6,
      "싱": 5,
      "평양": 5,
      "한반도": 5,
      "다": 5,
      "그리스도": 8,
      "한국": 6,
      "영어": 5
    },
    "VA": {
      "기쁘": 8,
      "그렇": 12,
      "없": 11,
      "많": 6,
      "같": 5
    },
    "VV": {
      "되": 37,
      "있": 30,
      "맞": 13,
      "모시": 8,
      "살": 13,
      "믿": 11,
      "나타나": 5,
      "그러": 9,
      "가지": 7,
      "만나": 5,
      "위하": 6,
      "죽": 6,
      "바라": 6,
      "알": 5
    }
  },
  "tfidf": {
    "MAG": {
      "안": 0.007266263886498808,
      "못": 0.004388730768640593
    },
    "NNB": {
      "수": 0.014014199785558035,
      "거": 0.005516676822735242
    },
    "NNG": {
      "성탄절": 0.043365627901652624,
      "몰약": 0.03734913446454966,
      "돌멩이": 0.03334808244135734,
      "싱": 0.02237735241411407,
      "신": 0.021001519570888777,
      "독사": 0.020008849464814408,
      "가문": 0.01940227292654526,
      "힌두교": 0.018631144228262248,
      "도시락": 0.018063095472892816,
      "아기": 0.017701026214803208,
      "이후": 0.017489765439625916,
      "진짜": 0.01618499907620122,
      "깡패": 0.015126248940956738,
      "이전": 0.014898740749953695,
      "변화": 0.01290388833051014,
      "역사": 0.011615250586341016,
      "가정": 0.010394244843047322,
      "사람": 0.010264325385440618,
      "고민": 0.009691642667409359,
      "중심": 0.008746276739313304,
      "선교사": 0.00858892915870452,
      "동네": 0.008423462699085022,
      "왕": 0.007326081537506606,
      "하나님": 0.007320644216691069,
      "세계": 0.007011233176638062,
      "복음": 0.00689202242055348,
      "가족": 0.006748884443030752,
      "나라": 0.005425976208023817,
      "전": 0.0038873916212278647,
      "말": 0.003682405566633118,
      "기도": 0.0036658304948002205
    },
    "NNP": {
      "예수": 0.05710102489019034,
      "김익두": 0.029897393236146014,
      "싱": 0.02237735241411407,
      "평양": 0.010451669624869993,
      "한반도": 0.009442921357348935,
      "다": 0.008991075855551272,
      "그리스도": 0.008409966805084898,
      "한국": 0.005796941670585423,
      "영어": 0.005307663197012798
    },
    "VA": {
      "기쁘": 0.011470122960453459,
      "그렇": 0.008784773060029283,
      "없": 0.008162436873227976,
      "많": 0.004873556545785525,
      "같": 0.003789160823447632
    },
    "VV": {
      "되": 0.027086383601756955,
      "있": 0.021961932650073207,
      "맞": 0.01368835401351529,
      "모시": 0.011222786131034584,
      "살": 0.009851818140963843,
      "믿": 0.009016332021461917,
      "나타나": 0.007168826850283412,
      "그러": 0.006820489482205738,
      "가지": 0.0053852734447752395,
      "만나": 0.005057429877798339,
      "위하": 0.005000664259514754,
      "죽": 0.004873556545785525,
      "바라": 0.0047428643301993196,
      "알": 0.004006436978861686
    }
  }
}