{
  "scope": "sermon",
  "idf_scope": "church",
  "church": "D-Zg",
  "sermon": "D-Zg-0643",
  "document_unit": "sermon_json",
  "document_count": 664,
  "min_count": 5,
  "freq": {
    "MAG": {
      "다시": 7,
      "아주": 6
    },
    "NNB": {
      "권": 8,
      "중": 7,
      "수": 6,
      "장": 5
    },
    "NNG": {
      "예언자": 28,
      "하나님": 33,
      "이사": 12,
      "야서": 9,
      "문서": 8,
      "주교": 5,
      "세기": 9,
      "성경": 19,
      "이사야": 5,
      "이사야서": 5,
      "역사": 15,
      "나라": 16,
      "인류": 6,
      "감옥": 7,
      "사람": 14,
      "정치": 8,
      "기": 11,
      "멸망": 5,
      "부분": 6,
      "서": 7,
      "운동": 6,
      "이야기": 6,
      "구약": 6,
      "주제": 5,
      "말씀": 10,
      "날": 9,
      "장": 9,
      "말": 9,
      "백성": 7,
      "기독교": 5,
      "하루": 5,
      "절": 7,
      "얘기": 5,
      "교회": 5,
      "감사": 5,
      "이름": 5
    },
    "NNP": {
      "김지하": 6,
      "이사야": 8,
      "예수": 11,
      "한국": 5
    },
    "VA": {
      "새롭": 6,
      "같": 7
    },
    "VV": {
      "있": 26,
      "읽": 17,
      "되": 17,
      "넘어지": 5,
      "드리": 7,
      "받": 7,
      "대하": 5
    }
  },
  "tfidf": {
    "MAG": {
      "다시": 0.006204853061711033,
      "아주": 0.0049304465469356355
    },
    "NNB": {
      "권": 0.0134851130890764,
      "중": 0.005581398729562198,
      "수": 0.004586709585593549,
      "장": 0.003891867770499163
    },
    "NNG": {
      "예언자": 0.06519815384730739,
      "하나님": 0.02503793626707132,
      "이사": 0.023422154981778295,
      "야서": 0.02250064475825796,
      "문서": 0.02228312985837183,
      "주교": 0.019354672867441136,
      "세기": 0.01863575246260372,
      "성경": 0.01519520273454874,
      "이사야": 0.014363486244125746,
      "이사야서": 0.013180710735662767,
      "역사": 0.012898140283661793,
      "나라": 0.012853905918336064,
      "인류": 0.011678208380235944,
      "감옥": 0.01145839872597671,
      "사람": 0.010638139967004464,
      "정치": 0.010547712642644475,
      "기": 0.01049560055175082,
      "멸망": 0.010450891169547057,
      "부분": 0.010426255938457207,
      "서": 0.010000843399791336,
      "운동": 0.008221797732260188,
      "이야기": 0.008130747656205547,
      "구약": 0.007953935061442586,
      "주제": 0.007821349513401589,
      "말씀": 0.0075986714050031885,
      "날": 0.0075765685601779514,
      "장": 0.0073180090377400015,
      "말": 0.00686972595389796,
      "백성": 0.0065665564844079,
      "기독교": 0.006272186136563468,
      "하루": 0.005987134374097264,
      "절": 0.005327074623133491,
      "얘기": 0.004654438672646762,
      "교회": 0.00405943688397844,
      "감사": 0.0038165144188322003,
      "이름": 0.0037936267071320183
    },
    "NNP": {
      "김지하": 0.020281932942029277,
      "이사야": 0.016881870527227675,
      "예수": 0.00834597875569044,
      "한국": 0.005006716187417608
    },
    "VA": {
      "새롭": 0.006981670568431694,
      "같": 0.005498020606040403
    },
    "VV": {
      "있": 0.019726858877086494,
      "읽": 0.013677862960886075,
      "되": 0.012898330804248861,
      "넘어지": 0.012123376128420654,
      "드리": 0.005539546051279086,
      "받": 0.005319069983502232,
      "대하": 0.004398436027800084
    }
  }
}