{
  "scope": "sermon",
  "idf_scope": "church",
  "church": "D-Zg",
  "sermon": "D-Zg-0381",
  "document_unit": "sermon_json",
  "document_count": 664,
  "min_count": 5,
  "freq": {
    "MAG": {
      "잘": 19,
      "못": 8,
      "너무": 6,
      "안": 7
    },
    "NNB": {
      "번": 15,
      "수": 13,
      "거": 11,
      "편": 6,
      "장": 10,
      "절": 7,
      "데": 5
    },
    "NNG": {
      "물권": 9,
      "스트레스": 13,
      "하나님": 43,
      "관리": 12,
      "번성": 9,
      "단고기": 6,
      "생육": 6,
      "감자": 7,
      "식품": 7,
      "복": 18,
      "농장": 7,
      "물질": 7,
      "성전": 8,
      "마음": 16,
      "창조": 7,
      "몸": 10,
      "절제": 5,
      "사람": 14,
      "건강": 7,
      "절": 13,
      "통일": 7,
      "사명": 6,
      "성경": 9,
      "말씀": 9,
      "땅": 7,
      "감사": 7,
      "장": 6,
      "전": 6
    },
    "NNP": {
      "리": 9,
      "스위스": 6,
      "멘": 12,
      "다": 8,
      "고린도전서": 5,
      "시편": 6,
      "북한": 7,
      "한국": 8,
      "아멘": 5
    },
    "VA": {
      "멋지": 5,
      "그렇": 14,
      "없": 6,
      "많": 5,
      "같": 5
    },
    "VV": {
      "다스리": 38,
      "되": 37,
      "주": 30,
      "있": 28,
      "스": 7,
      "살": 20,
      "누리": 12,
      "먹": 9,
      "짓": 5,
      "그러": 6,
      "가지": 5,
      "받": 5
    }
  },
  "tfidf": {
    "MAG": {
      "잘": 0.01427756812775134,
      "못": 0.006565373010226475,
      "너무": 0.005286164044781665,
      "안": 0.005284053181435972
    },
    "NNB": {
      "번": 0.01067641259012648,
      "수": 0.008965170207570143,
      "거": 0.00810536676820375,
      "편": 0.0080111332885447,
      "장": 0.00702187778441875,
      "절": 0.005119227728307069,
      "데": 0.004537990885537021
    },
    "NNG": {
      "물권": 0.037660119175786225,
      "스트레스": 0.029453607037770415,
      "하나님": 0.02943189596167009,
      "관리": 0.02369335953851823,
      "번성": 0.022888690390580654,
      "단고기": 0.01996192899811333,
      "생육": 0.01967859071685275,
      "감자": 0.01963732211701293,
      "식품": 0.01814066038169803,
      "복": 0.017923388828991894,
      "농장": 0.01426830201591218,
      "물질": 0.013412146970598263,
      "성전": 0.01317473971169934,
      "마음": 0.011950809030487128,
      "창조": 0.010268586832229221,
      "몸": 0.010138219207115808,
      "절제": 0.009642901483681156,
      "사람": 0.009596898341212787,
      "건강": 0.009290717226202795,
      "절": 0.00892481632861731,
      "통일": 0.008266015376988445,
      "사명": 0.00790077181728763,
      "성경": 0.006493227235751186,
      "말씀": 0.006169434647922507,
      "땅": 0.005134683350991653,
      "감사": 0.004820145383729757,
      "장": 0.004401157157992846,
      "전": 0.004361541646486459
    },
    "NNP": {
      "리": 0.015714746305612027,
      "스위스": 0.014901790676583012,
      "멘": 0.01367537005004722,
      "다": 0.013450304852767186,
      "고린도전서": 0.010627439719313536,
      "시편": 0.009708372088729331,
      "북한": 0.007226733370865916,
      "한국": 0.007226668785781144,
      "아멘": 0.006867644070209807
    },
    "VA": {
      "멋지": 0.01019164429708013,
      "그렇": 0.009582477754962354,
      "없": 0.004162736146660227,
      "많": 0.0037972155153679138,
      "같": 0.003542774596050284
    },
    "VV": {
      "다스리": 0.05586673406764677,
      "되": 0.025325119780971937,
      "주": 0.020751172676191722,
      "있": 0.019164955509924708,
      "스": 0.01814066038169803,
      "살": 0.014171098384201136,
      "누리": 0.012226035862436898,
      "먹": 0.00789232189505621,
      "짓": 0.004495477127841753,
      "그러": 0.004251329515260341,
      "가지": 0.0035965011858624116,
      "받": 0.003427463693290281
    }
  }
}