{
  "scope": "sermon",
  "idf_scope": "church",
  "church": "D-Zg",
  "sermon": "D-Zg-0205",
  "document_unit": "sermon_json",
  "document_count": 664,
  "min_count": 5,
  "freq": {
    "MAG": {
      "늘": 13,
      "맨날": 5,
      "다": 11,
      "못": 7,
      "안": 6
    },
    "NNB": {
      "거": 29,
      "편": 8,
      "가지": 13,
      "장": 8,
      "절": 7,
      "중": 6,
      "수": 6
    },
    "NNG": {
      "열매": 37,
      "복": 29,
      "사람": 40,
      "관계": 17,
      "나무": 15,
      "시냇가": 7,
      "묵상": 12,
      "회개": 16,
      "성품": 9,
      "물가": 7,
      "성령": 21,
      "하나님": 23,
      "찬송": 12,
      "율법": 8,
      "말씀": 22,
      "시편": 6,
      "물": 12,
      "밤낮": 5,
      "말": 21,
      "위": 16,
      "상대방": 6,
      "주": 16,
      "꾀": 5,
      "성도": 14,
      "사랑": 12,
      "약속": 9,
      "교통": 7,
      "영원": 8,
      "길": 12,
      "죄인": 5,
      "찬송가": 7,
      "두레온라인교회": 5,
      "믿음": 9,
      "감사": 13,
      "절": 12,
      "변화": 6,
      "귀": 5,
      "기쁨": 6,
      "예배": 9,
      "은혜": 9,
      "밑": 6,
      "선생": 5,
      "성경": 9,
      "죄": 7,
      "기도": 8,
      "이름": 8,
      "전체": 5,
      "마음": 7,
      "장": 7,
      "소리": 5,
      "삶": 5,
      "생각": 6,
      "자리": 5,
      "땅": 6,
      "앞": 5,
      "나라": 5,
      "오늘": 5
    },
    "NNP": {
      "시편": 8,
      "예수": 15,
      "주님": 9,
      "일본": 6,
      "여호": 6,
      "한국": 6
    },
    "VA": {
      "굳": 16,
      "없": 13,
      "나쁘": 6,
      "좋": 9,
      "같": 7,
      "그렇": 6
    },
    "VV": {
      "있": 41,
      "읊조리": 8,
      "심기": 7,
      "되": 31,
      "맺": 15,
      "받": 23,
      "서": 16,
      "겁": 6,
      "믿": 14,
      "심": 6,
      "드리": 11,
      "살": 10,
      "따르": 8,
      "앉": 7,
      "바뀌": 5,
      "주": 9,
      "나오": 6,
      "알": 5
    }
  },
  "tfidf": {
    "MAG": {
      "늘": 0.009290696942137204,
      "맨날": 0.006931555846408479,
      "다": 0.005230528144919489,
      "못": 0.0038784698345417147,
      "안": 0.0030578300890195228
    },
    "NNB": {
      "거": 0.014426830978071948,
      "편": 0.00721150076066778,
      "가지": 0.006685674850652366,
      "장": 0.003792592770068685,
      "절": 0.003456188406218405,
      "중": 0.0029137642694334475,
      "수": 0.00279356896202047
    },
    "NNG": {
      "열매": 0.03276467517529748,
      "복": 0.01949568857300158,
      "사람": 0.018512105197401485,
      "관계": 0.017413085167561793,
      "나무": 0.015399762348142354,
      "시냇가": 0.014910308215950938,
      "묵상": 0.014596594770056958,
      "회개": 0.013842261936896243,
      "성품": 0.013404846716616538,
      "물가": 0.012668150053326345,
      "성령": 0.01229857648161366,
      "하나님": 0.010628465804066543,
      "찬송": 0.010282847373452586,
      "율법": 0.010184306514944931,
      "말씀": 0.010181657858570815,
      "시편": 0.01006077457416256,
      "물": 0.010052560171807954,
      "밤낮": 0.009800578795365925,
      "말": 0.00976279908358943,
      "위": 0.009546743176038635,
      "상대방": 0.009263134816902538,
      "주": 0.008933219231774743,
      "꾀": 0.00886373704835076,
      "성도": 0.008770064552413546,
      "사랑": 0.00821364413766887,
      "약속": 0.008064671297025386,
      "교통": 0.007665997356806593,
      "영원": 0.007140268158575812,
      "길": 0.006866702530507276,
      "죄인": 0.006782437267070283,
      "찬송가": 0.006641103365492981,
      "두레온라인교회": 0.0063056895013636535,
      "믿음": 0.006262675841101462,
      "감사": 0.006043637527936314,
      "절": 0.00556198918929755,
      "변화": 0.005430286956092684,
      "귀": 0.00527923124548722,
      "기쁨": 0.005190848226336091,
      "예배": 0.005063624142254449,
      "은혜": 0.00496377346736162,
      "밑": 0.004740739934635677,
      "선생": 0.004543432421276188,
      "성경": 0.004383828554266396,
      "죄": 0.004144319984634415,
      "기도": 0.0037024210394802966,
      "이름": 0.0036968576709796672,
      "전체": 0.0035554105846408984,
      "마음": 0.0035299481271601164,
      "장": 0.003466623094176898,
      "소리": 0.0031570910297116584,
      "삶": 0.003016131352937112,
      "생각": 0.0029938783156433784,
      "자리": 0.00297871294739187,
      "땅": 0.0029713912235801976,
      "앞": 0.002513791065032249,
      "나라": 0.00244648914053358,
      "오늘": 0.002431795698046768
    },
    "NNP": {
      "시편": 0.008739329403347845,
      "예수": 0.006931608133086876,
      "주님": 0.006676736533049459,
      "일본": 0.004924774321728669,
      "여호": 0.00431697134619913,
      "한국": 0.0036592524593436634
    },
    "VA": {
      "굳": 0.026526905990593038,
      "없": 0.006089251974238884,
      "나쁘": 0.005716380032530477,
      "좋": 0.004518000347225728,
      "같": 0.003348609592773222,
      "그렇": 0.0027726432532347504
    },
    "VV": {
      "있": 0.018946395563770795,
      "읊조리": 0.017969425918819205,
      "심기": 0.01715246637857553,
      "되": 0.01432532347504621,
      "맺": 0.013027168495416156,
      "받": 0.010644460488505852,
      "서": 0.010102691295077305,
      "겁": 0.007638229886208698,
      "믿": 0.007243670541860096,
      "심": 0.006246108045735771,
      "드리": 0.00530184437889122,
      "살": 0.004783727989676031,
      "따르": 0.004670674493353603,
      "앉": 0.004630097119631335,
      "바뀌": 0.004334033120306183,
      "주": 0.004202975500912584,
      "나오": 0.002857310694621299,
      "알": 0.0025290170578211937
    }
  }
}