{
  "scope": "sermon",
  "idf_scope": "church",
  "church": "D-Zg",
  "sermon": "D-Zg-0300",
  "document_unit": "sermon_json",
  "document_count": 664,
  "min_count": 5,
  "freq": {
    "MAG": {
      "못": 8,
      "안": 8,
      "자꾸": 5,
      "아주": 5
    },
    "NNB": {
      "거": 17,
      "평": 5
    },
    "NNG": {
      "목사": 30,
      "사모병": 6,
      "축복": 25,
      "제사장": 14,
      "사모": 13,
      "양고기": 6,
      "목회자": 11,
      "저주": 6,
      "목회": 10,
      "양": 8,
      "하나님": 15,
      "가족": 8,
      "교인": 8,
      "기도": 12,
      "말": 11,
      "복": 7,
      "말씀": 10,
      "새벽": 6,
      "자녀": 5,
      "절": 8,
      "하루": 5,
      "몸": 5,
      "이름": 7,
      "교회": 6,
      "백성": 5,
      "사람": 6
    },
    "NNP": {
      "민수기": 5,
      "여호": 8
    },
    "VA": {
      "그렇": 14,
      "좋": 8,
      "없": 7
    },
    "VV": {
      "되": 24,
      "있": 22,
      "그러": 19,
      "입": 9,
      "원하": 6,
      "먹": 8,
      "받": 10,
      "죽": 8,
      "주": 8,
      "이르": 6,
      "대하": 6,
      "위하": 5,
      "보": 5
    }
  },
  "tfidf": {
    "MAG": {
      "못": 0.007655235409370216,
      "안": 0.007041387935768287,
      "자꾸": 0.006130118503740654,
      "아주": 0.0043218466007323535
    },
    "NNB": {
      "거": 0.014605890910678121,
      "평": 0.011318228038881833
    },
    "NNG": {
      "목사": 0.031059493778162774,
      "사모병": 0.030652073832343547,
      "축복": 0.03019423454452148,
      "제사장": 0.026679321254740904,
      "사모": 0.026105622862184943,
      "양고기": 0.025391360558593624,
      "목회자": 0.024655092372461145,
      "저주": 0.017085210253463025,
      "목회": 0.0168089345116001,
      "양": 0.012380561274638954,
      "하나님": 0.011971268954509178,
      "가족": 0.011772036583150848,
      "교인": 0.009694319740790894,
      "기도": 0.009591427529252228,
      "말": 0.00883189561759445,
      "복": 0.008127272215753309,
      "말씀": 0.007992856274376858,
      "새벽": 0.007455647241161148,
      "자녀": 0.00685971079354958,
      "절": 0.006403907744421335,
      "하루": 0.006297719956153387,
      "몸": 0.005910589888905106,
      "이름": 0.00558659217877095,
      "교회": 0.0051240266366323235,
      "백성": 0.004933714198181286,
      "사람": 0.004795713764626114
    },
    "NNP": {
      "민수기": 0.01708264651152296,
      "여호": 0.009940862988214864
    },
    "VA": {
      "그렇": 0.0111731843575419,
      "좋": 0.006935853685481228,
      "없": 0.005662716490009862
    },
    "VV": {
      "되": 0.019154030327214685,
      "있": 0.017557861133280128,
      "그러": 0.01569734716867675,
      "입": 0.013604042114316608,
      "원하": 0.009340994201567284,
      "먹": 0.008179964379659217,
      "받": 0.007992856274376858,
      "죽": 0.007084094963067866,
      "주": 0.00645224012341923,
      "이르": 0.0060125465602176445,
      "대하": 0.005551928508833689,
      "위하": 0.004543034968407258,
      "보": 0.004087607038913663
    }
  }
}