{
  "scope": "sermon",
  "idf_scope": "church",
  "church": "D-Zg",
  "sermon": "D-Zg-0408",
  "document_unit": "sermon_json",
  "document_count": 664,
  "min_count": 5,
  "freq": {
    "MAG": {
      "안": 16,
      "다": 15,
      "못": 12,
      "잘": 12,
      "아주": 10,
      "지금": 9,
      "너무": 7,
      "다시": 5,
      "이제": 5
    },
    "NNB": {
      "달러": 20,
      "거": 33,
      "수": 25,
      "씨": 5,
      "원": 5,
      "대로": 6,
      "개": 6,
      "명": 9,
      "번": 10,
      "장": 9,
      "중": 7
    },
    "NNG": {
      "자유": 39,
      "관세": 14,
      "안기세": 11,
      "주": 33,
      "머스크": 5,
      "모디": 5,
      "보따리": 6,
      "핵": 7,
      "하나님": 26,
      "단체": 8,
      "정부": 12,
      "사람": 24,
      "과학자": 6,
      "기술자": 5,
      "사랑": 14,
      "수상": 6,
      "안보": 6,
      "기술": 7,
      "세계": 16,
      "국민": 12,
      "예배": 15,
      "말씀": 18,
      "평등": 5,
      "국가": 10,
      "영원": 9,
      "두레": 10,
      "조건": 6,
      "찬양": 9,
      "찬송": 8,
      "은혜": 12,
      "기도": 14,
      "대통령": 8,
      "나라": 12,
      "정권": 5,
      "가운데": 7,
      "목사": 9,
      "오늘": 11,
      "영광": 9,
      "감사": 11,
      "마음": 10,
      "안": 8,
      "우리나라": 7,
      "권사": 5,
      "진리": 5,
      "속": 8,
      "절": 9,
      "앞": 8,
      "정치": 5,
      "소리": 6,
      "십자가": 5,
      "성령": 6,
      "축복": 5,
      "생각": 7,
      "이름": 7,
      "역사": 6,
      "죄": 5,
      "말": 6,
      "아버지": 5,
      "장": 5,
      "성경": 5
    },
    "NNP": {
      "미국": 34,
      "트럼프": 11,
      "한국": 19,
      "갈라디아서": 6,
      "일본": 11,
      "예수": 19,
      "프": 5,
      "트": 6,
      "인도": 5,
      "중국": 5,
      "주님": 6,
      "멘": 5
    },
    "VA": {
      "없": 21,
      "크": 8,
      "그렇": 8,
      "귀하": 5,
      "이렇": 6,
      "많": 6,
      "좋": 6
    },
    "VV": {
      "있": 52,
      "되": 48,
      "내": 31,
      "그러": 20,
      "드리": 16,
      "지나가": 8,
      "죽": 13,
      "도와주": 7,
      "주": 14,
      "갚": 5,
      "받": 13,
      "가지": 12,
      "더불": 5,
      "만들": 9,
      "살": 11,
      "누리": 7,
      "위하": 9,
      "믿": 8,
      "알": 7,
      "나오": 7,
      "듣": 5,
      "보": 5
    }
  },
  "tfidf": {
    "MAG": {
      "안": 0.006691588231716088,
      "다": 0.005853171427037839,
      "못": 0.0054562058975772924,
      "잘": 0.004995994739152076,
      "아주": 0.0041071473573891844,
      "지금": 0.00390927303705974,
      "너무": 0.0034168625765378644,
      "다시": 0.0022151785945433503,
      "이제": 0.0020535736786945922
    },
    "NNB": {
      "달러": 0.02102691863438387,
      "거": 0.013472060123260157,
      "수": 0.009552021289679398,
      "씨": 0.004905445875843386,
      "원": 0.004770914711694193,
      "대로": 0.0045472783392744645,
      "개": 0.004412071466758421,
      "명": 0.0042920265365211235,
      "번": 0.003943430361313307,
      "장": 0.003501352710933718,
      "중": 0.002789641079091004
    },
    "NNG": {
      "자유": 0.02721724997002392,
      "관세": 0.025805921863696752,
      "안기세": 0.02550186555741206,
      "주": 0.015119905474485636,
      "머스크": 0.012906029313795806,
      "모디": 0.012137229336343845,
      "보따리": 0.010902700431293844,
      "핵": 0.010116174859989923,
      "하나님": 0.009859689040576413,
      "단체": 0.009820575392080512,
      "정부": 0.00940188867850564,
      "사람": 0.009114947815057294,
      "과학자": 0.008454146545478027,
      "기술자": 0.00797108489695018,
      "사랑": 0.007863751826406779,
      "수상": 0.007673839944506854,
      "안보": 0.007463661741705909,
      "기술": 0.0074068251328800305,
      "세계": 0.007263818368818804,
      "국민": 0.007145382922711989,
      "예배": 0.006925598940613467,
      "말씀": 0.006836210861292971,
      "평등": 0.006656812654705308,
      "국가": 0.006625765649716424,
      "영원": 0.006591954050835349,
      "두레": 0.0063361449489785625,
      "조건": 0.006078437550292498,
      "찬양": 0.005642826845044812,
      "찬송": 0.005625605287865351,
      "은혜": 0.005431225272845681,
      "기도": 0.0053170528921167555,
      "대통령": 0.005177924709205037,
      "나라": 0.004818386803289798,
      "정권": 0.0047970681476675265,
      "가운데": 0.004555075088465231,
      "목사": 0.0044274796022796305,
      "오늘": 0.00439032725038341,
      "영광": 0.004345564407400643,
      "감사": 0.004196573837256673,
      "마음": 0.004138256539993765,
      "안": 0.0040038540371733974,
      "우리나라": 0.003918989811855802,
      "권사": 0.0038603626007399387,
      "진리": 0.0038603626007399387,
      "속": 0.003659818769235867,
      "절": 0.00342324931901021,
      "앞": 0.003300625780647576,
      "정치": 0.003294910234879934,
      "소리": 0.0031089624520118445,
      "십자가": 0.002952195042717393,
      "성령": 0.0028835927738460328,
      "축복": 0.002869425550571514,
      "생각": 0.002866342354023884,
      "이름": 0.0026545316647705727,
      "역사": 0.002578649813252369,
      "죄": 0.002429250892992273,
      "말": 0.002289040274867276,
      "아버지": 0.0022151785945433503,
      "장": 0.0020320094197407244,
      "성경": 0.0019986105826133404
    },
    "NNP": {
      "미국": 0.019035093371871037,
      "트럼프": 0.016222055520715935,
      "한국": 0.00950915333828682,
      "갈라디아서": 0.008209253111593236,
      "일본": 0.007409261026066821,
      "예수": 0.00720515737580584,
      "프": 0.006521319738546519,
      "트": 0.006190360745265812,
      "인도": 0.0059354174975139035,
      "중국": 0.0037284746908007845,
      "주님": 0.0036527513228464237,
      "멘": 0.0031569516564149583
    },
    "VA": {
      "없": 0.008072108944234761,
      "크": 0.0035227697002735564,
      "그렇": 0.0030337504740235114,
      "귀하": 0.002808482795145278,
      "이렇": 0.0026949466191888947,
      "많": 0.0025245651276234455,
      "좋": 0.0024717362536712108
    },
    "VV": {
      "있": 0.019719378081152827,
      "되": 0.01820250284414107,
      "내": 0.016320785261944807,
      "그러": 0.007851336647447046,
      "드리": 0.006328508972824821,
      "지나가": 0.005790823087280993,
      "죽": 0.0054698911098508,
      "도와주": 0.005461352032968686,
      "주": 0.005365244418137094,
      "갚": 0.005256729658595968,
      "받": 0.004937263399822702,
      "가지": 0.004782241849870292,
      "더불": 0.004707067129012002,
      "만들": 0.004575739427180619,
      "살": 0.004318235156095875,
      "누리": 0.003951323118605175,
      "위하": 0.003885612843286208,
      "믿": 0.003396782719017335,
      "알": 0.002905540416524493,
      "나오": 0.0027355923651955147,
      "듣": 0.002148874844376974,
      "보": 0.0019422721349104362
    }
  }
}