{
  "scope": "sermon",
  "idf_scope": "church",
  "church": "D-Zg",
  "sermon": "D-Zg-0139",
  "document_unit": "sermon_json",
  "document_count": 664,
  "min_count": 5,
  "freq": {
    "MAG": {
      "이제": 9,
      "다": 9,
      "그냥": 7,
      "안": 6,
      "아주": 6,
      "잘": 5
    },
    "NNB": {
      "거": 27,
      "년대": 6,
      "분": 13,
      "장": 12,
      "중": 5,
      "번": 5
    },
    "NNG": {
      "전략": 10,
      "돈": 21,
      "복": 23,
      "사람": 26,
      "운동": 14,
      "름": 6,
      "학생회": 5,
      "평화": 10,
      "정의": 8,
      "사회": 11,
      "뱀": 5,
      "공동체": 9,
      "말씀": 18,
      "비둘기": 5,
      "복지": 5,
      "화평": 5,
      "금식": 8,
      "선교": 8,
      "순수": 5,
      "담배": 5,
      "목": 6,
      "데모": 5,
      "병원": 6,
      "헌신": 6,
      "크리스천": 6,
      "숨": 5,
      "하나님": 12,
      "행복": 6,
      "절": 9,
      "중심": 5,
      "세상": 7,
      "시작": 7,
      "마지막": 5,
      "복음": 5,
      "삶": 5,
      "장": 6,
      "교회": 6,
      "나라": 6,
      "중요": 5,
      "전": 5,
      "오늘": 5,
      "기도": 5
    },
    "NNP": {
      "예수": 14,
      "김일성": 5,
      "마태복음": 5
    },
    "VA": {
      "목마르": 11,
      "마": 6,
      "그렇": 12,
      "같": 10,
      "좋": 7
    },
    "VV": {
      "주리": 10,
      "되": 39,
      "있": 39,
      "만들": 15,
      "찍": 5,
      "타": 7,
      "위하": 11,
      "누리": 7,
      "죽": 9,
      "읽": 8,
      "먹": 6,
      "세우": 6,
      "나오": 7,
      "그러": 6,
      "보": 5,
      "받": 5
    }
  },
  "tfidf": {
    "MAG": {
      "이제": 0.006005848936100894,
      "다": 0.005706030703548534,
      "그냥": 0.005275418890449456,
      "안": 0.004077106785359364,
      "아주": 0.004003899290733929,
      "잘": 0.0033822237952207904
    },
    "NNB": {
      "거": 0.01790916949002035,
      "년대": 0.01297893898000584,
      "분": 0.009888056539085567,
      "장": 0.00758518554013737,
      "중": 0.0032375158549260525,
      "번": 0.00320358159666765
    },
    "NNG": {
      "전략": 0.02289339129228338,
      "돈": 0.02181071268357766,
      "복": 0.02061613044501317,
      "사람": 0.016043824504414616,
      "운동": 0.015579031808961282,
      "름": 0.014913312894107682,
      "학생회": 0.014033727854249577,
      "평화": 0.012838488222128366,
      "정의": 0.012644796586692113,
      "사회": 0.012472799182907309,
      "뱀": 0.011980496389438168,
      "공동체": 0.011755395677164849,
      "말씀": 0.01110726311844089,
      "비둘기": 0.010991871250559237,
      "복지": 0.010595637800706822,
      "화평": 0.01054297472812734,
      "금식": 0.010119776556941686,
      "선교": 0.010098575906790653,
      "순수": 0.009929516086382621,
      "담배": 0.00976295040163131,
      "목": 0.009430784289381463,
      "데모": 0.009346515471353267,
      "병원": 0.009177475799781626,
      "헌신": 0.008083478970846828,
      "크리스천": 0.007686698859088976,
      "숨": 0.0074123131233798266,
      "하나님": 0.0073937153419593345,
      "행복": 0.007001792881182465,
      "절": 0.00556198918929755,
      "중심": 0.0052580820464316405,
      "세상": 0.005069622025829823,
      "시작": 0.004895412191391005,
      "마지막": 0.004578163538549145,
      "복음": 0.004143342411088836,
      "삶": 0.004021508470582815,
      "장": 0.003961854964773597,
      "교회": 0.003955887477326125,
      "나라": 0.003914382624853727,
      "중요": 0.003544818389636649,
      "전": 0.0032718280681437234,
      "오늘": 0.0032423942640623566,
      "기도": 0.0030853508662335802
    },
    "NNP": {
      "예수": 0.00862600123228589,
      "김일성": 0.007925241390938536,
      "마태복음": 0.0067667348508834825
    },
    "VA": {
      "목마르": 0.029579310580402803,
      "마": 0.01824339254415644,
      "그렇": 0.0073937153419593345,
      "같": 0.006378303986234707,
      "좋": 0.004685333693419272
    },
    "VV": {
      "주리": 0.025051138855025926,
      "되": 0.024029574861367836,
      "있": 0.024029574861367836,
      "만들": 0.01239086554680149,
      "찍": 0.007947646687700953,
      "타": 0.007907284330131825,
      "위하": 0.0077161615489288035,
      "누리": 0.006419987100284563,
      "죽": 0.006152752533773592,
      "읽": 0.005227044581913768,
      "먹": 0.004736365696725046,
      "세우": 0.004613246423253107,
      "나오": 0.004444705524966465,
      "그러": 0.0038269823917408247,
      "보": 0.0031557434502518917,
      "받": 0.0030853508662335802
    }
  }
}