{
  "scope": "sermon",
  "idf_scope": "church",
  "church": "D-Zg",
  "sermon": "D-Zg-0303",
  "document_unit": "sermon_json",
  "document_count": 664,
  "min_count": 5,
  "freq": {
    "MAG": {
      "가득": 5,
      "지금": 5,
      "다": 5
    },
    "NNB": {
      "장": 12,
      "번": 11,
      "수": 11,
      "절": 9
    },
    "NNG": {
      "질문": 25,
      "하나님": 44,
      "이사": 11,
      "대답": 11,
      "절": 22,
      "병": 10,
      "성전": 7,
      "고백": 8,
      "주": 12,
      "스": 6,
      "장": 12,
      "영광": 10,
      "말씀": 12,
      "응답": 7,
      "예배": 8,
      "새벽": 6,
      "마음": 8,
      "아들": 6,
      "세상": 7,
      "문제": 5,
      "기도": 8,
      "영혼": 5,
      "자리": 6,
      "길": 6,
      "말": 7,
      "이름": 7,
      "신앙": 6,
      "앞": 6,
      "위": 5,
      "교회": 6,
      "사람": 5
    },
    "NNP": {
      "베데": 6,
      "아담": 5,
      "예수": 14,
      "이사야": 5,
      "다": 5,
      "누가": 7
    },
    "VA": {
      "없": 6
    },
    "VV": {
      "있": 44,
      "낳": 13,
      "보내": 15,
      "묻": 11,
      "받": 18,
      "위하": 10,
      "이르": 8,
      "되": 10,
      "일어나": 7,
      "주": 7,
      "드리": 6,
      "그러": 6,
      "믿": 5,
      "나오": 5
    }
  },
  "tfidf": {
    "MAG": {
      "가득": 0.009991356023660507,
      "지금": 0.004585336268448773,
      "다": 0.004119245543928151
    },
    "NNB": {
      "장": 0.009856490097392276,
      "번": 0.009158293393964382,
      "수": 0.008873514220968144,
      "절": 0.007699042136510311
    },
    "NNG": {
      "질문": 0.05813985569498127,
      "하나님": 0.03522818254603683,
      "이사": 0.02265641866331877,
      "대답": 0.01961141897759262,
      "절": 0.017667145804915785,
      "병": 0.015342599934941192,
      "성전": 0.013484593978337584,
      "고백": 0.011809737260759016,
      "주": 0.011608178393250927,
      "스": 0.011384571620813999,
      "장": 0.010296382078186625,
      "영광": 0.010194158297585175,
      "말씀": 0.00962214467105928,
      "응답": 0.008638539978688955,
      "예배": 0.007798368574922962,
      "새벽": 0.007479524414071191,
      "마음": 0.006989644513027099,
      "아들": 0.00662685166551595,
      "세상": 0.00658766737223523,
      "문제": 0.006572673683636488,
      "기도": 0.00641476311403952,
      "영혼": 0.006361050426802749,
      "자리": 0.006193051866923304,
      "길": 0.005948576571664429,
      "말": 0.0056382965617527425,
      "이름": 0.005604483586869495,
      "신앙": 0.0054774051496404,
      "앞": 0.00522643125514471,
      "위": 0.005168923196794337,
      "교회": 0.0051404366498801445,
      "사람": 0.0040092269462747
    },
    "NNP": {
      "베데": 0.022708718903519966,
      "아담": 0.015255835014179014,
      "예수": 0.01120896717373899,
      "이사야": 0.011134059925383345,
      "다": 0.009833314346423568,
      "누가": 0.009634351220211907
    },
    "VA": {
      "없": 0.004869301449375973
    },
    "VV": {
      "있": 0.03522818254603683,
      "낳": 0.025838745916679014,
      "보내": 0.01612659793919494,
      "묻": 0.015332055992445403,
      "받": 0.014433217006588924,
      "위하": 0.00911516863957453,
      "이르": 0.008042402818204118,
      "되": 0.008006405124099279,
      "일어나": 0.007818219902070522,
      "주": 0.005663790844926948,
      "드리": 0.005010491841875216,
      "그러": 0.004972932283262897,
      "믿": 0.004482243810072414,
      "나오": 0.004125447253242921
    }
  }
}