{
  "scope": "sermon",
  "idf_scope": "church",
  "church": "D-Zg",
  "sermon": "D-Zg-0115",
  "document_unit": "sermon_json",
  "document_count": 664,
  "min_count": 5,
  "freq": {
    "MAG": {
      "마침내": 43,
      "잘": 13,
      "못": 9,
      "안": 7,
      "그냥": 6,
      "이제": 5
    },
    "NNB": {
      "거": 33,
      "장": 19,
      "절": 18,
      "때문": 7,
      "번": 6
    },
    "NNG": {
      "우물": 67,
      "이삭": 45,
      "하나님": 44,
      "시비": 11,
      "사람": 36,
      "루핑": 5,
      "물": 17,
      "전편": 6,
      "후편": 6,
      "세속사": 5,
      "이삭이": 5,
      "지붕": 6,
      "복": 17,
      "약속": 12,
      "평화": 11,
      "분쟁": 6,
      "양보": 5,
      "거부": 5,
      "바보": 5,
      "지역": 8,
      "절": 18,
      "땅": 16,
      "역사": 14,
      "배": 8,
      "골짜기": 6,
      "축복": 9,
      "종": 6,
      "말씀": 13,
      "지방": 5,
      "세상": 10,
      "말": 11,
      "집": 8,
      "앞": 8,
      "아들": 6,
      "아버지": 7,
      "장": 6,
      "이름": 6,
      "하늘": 5,
      "오늘": 5
    },
    "NNP": {
      "아브라함": 17,
      "브엘세바": 5,
      "가나안": 8,
      "창세기": 10
    },
    "VA": {
      "그렇": 19,
      "없": 10,
      "어떻": 5,
      "같": 5
    },
    "VV": {
      "파": 20,
      "옮기": 17,
      "되": 35,
      "터지": 11,
      "뺏": 8,
      "내려가": 10,
      "떠나": 12,
      "쫓아내": 6,
      "떠나가": 5,
      "다투": 6,
      "찾아오": 7,
      "올라가": 8,
      "그러": 13,
      "있": 13,
      "얻": 8,
      "믿": 10,
      "붙": 5,
      "살": 10,
      "받": 10,
      "들어가": 8,
      "주": 9,
      "나오": 8,
      "보": 5
    }
  },
  "tfidf": {
    "MAG": {
      "마침내": 0.09862743467840836,
      "잘": 0.00785487505287435,
      "못": 0.005938916463364606,
      "안": 0.0042487626296521495,
      "그냥": 0.004038999068731567,
      "이제": 0.002980337804467606
    },
    "NNB": {
      "거": 0.019551911142012674,
      "장": 0.010727589731297749,
      "절": 0.01058459397743685,
      "때문": 0.004432876359346392,
      "번": 0.0034338445336653356
    },
    "NNG": {
      "우물": 0.1465160025176992,
      "이삭": 0.09914561175757942,
      "하나님": 0.024215740231150248,
      "시비": 0.024054866084995387,
      "사람": 0.019842694596840463,
      "루핑": 0.017614680110037823,
      "물": 0.016960813777310173,
      "전편": 0.015823016531272355,
      "후편": 0.01522096405974581,
      "세속사": 0.014915645291623605,
      "이삭이": 0.014915645291623605,
      "지붕": 0.01487304821277445,
      "복": 0.013611056330510355,
      "약속": 0.012806419876545906,
      "평화": 0.012614503589964653,
      "분쟁": 0.012195237922571935,
      "양보": 0.011780162949333116,
      "거부": 0.010701345976916977,
      "바보": 0.010486812290979412,
      "지역": 0.009988677705233978,
      "절": 0.009936277880275094,
      "땅": 0.009436933564964297,
      "역사": 0.008732213704425881,
      "배": 0.008520711649237912,
      "골짜기": 0.0076543868696657205,
      "축복": 0.0074958807475744346,
      "종": 0.007188036526749958,
      "말씀": 0.0071654174933035025,
      "지방": 0.006831335178428536,
      "세상": 0.006469059319067382,
      "말": 0.006090459663646586,
      "집": 0.005856582534570823,
      "앞": 0.004790176215502288,
      "아들": 0.004555276681469137,
      "아버지": 0.0045008235197221465,
      "장": 0.0035388500868616113,
      "이름": 0.003302146395156852,
      "하늘": 0.003229602552286062,
      "오늘": 0.002896205773568082
    },
    "NNP": {
      "아브라함": 0.02708227106733735,
      "브엘세바": 0.013799891004039224,
      "가나안": 0.013307430825218042,
      "창세기": 0.011980060877916598
    },
    "VA": {
      "그렇": 0.010456796917996699,
      "없": 0.0055785704552105955,
      "어떻": 0.003104499706725365,
      "같": 0.0028486481479523752
    },
    "VV": {
      "파": 0.03352162624548538,
      "옮기": 0.02059712958713973,
      "되": 0.01926252063841497,
      "터지": 0.015274400814853099,
      "뺏": 0.014993692805432045,
      "내려가": 0.01291411913130476,
      "떠나": 0.012908814063905063,
      "쫓아내": 0.011593185451045393,
      "떠나가": 0.010934030038634267,
      "다투": 0.010018312345628852,
      "찾아오": 0.008658555469600754,
      "올라가": 0.007892908204323515,
      "그러": 0.007406485184676175,
      "있": 0.007154650522839846,
      "얻": 0.006843660680459125,
      "믿": 0.006162160174772092,
      "붙": 0.00615601775385517,
      "살": 0.0056972962959047505,
      "받": 0.005511859610233463,
      "들어가": 0.005175247455253905,
      "주": 0.00500563510400376,
      "나오": 0.0045373108370284285,
      "보": 0.00281880661516721
    }
  }
}