{
  "scope": "sermon",
  "idf_scope": "church",
  "church": "D-Zg",
  "sermon": "D-Zg-0095",
  "document_unit": "sermon_json",
  "document_count": 664,
  "min_count": 5,
  "freq": {
    "MAG": {
      "이미": 14,
      "다": 14,
      "안": 8,
      "막": 6,
      "너무": 5,
      "그냥": 5
    },
    "NNB": {
      "거": 20,
      "장": 18,
      "바": 8,
      "번": 15,
      "명": 12,
      "줄": 11,
      "쪽": 7,
      "절": 6
    },
    "NNG": {
      "바알": 31,
      "불": 40,
      "아합": 11,
      "사관": 12,
      "구름": 15,
      "하나님": 39,
      "사람": 36,
      "오뎅국물": 6,
      "비": 15,
      "대결": 6,
      "절": 27,
      "하늘": 23,
      "말씀": 26,
      "종교": 12,
      "이세벨": 5,
      "알": 7,
      "성령": 19,
      "역사": 19,
      "꼭대기": 6,
      "무릎": 7,
      "손바닥": 5,
      "제단": 7,
      "사이": 10,
      "권력": 5,
      "제사장": 7,
      "백성": 13,
      "기도": 16,
      "사회주의": 5,
      "나라": 14,
      "바": 5,
      "방": 6,
      "말": 13,
      "감사": 12,
      "민주주의": 5,
      "문제": 7,
      "바다": 5,
      "체험": 5,
      "소리": 8,
      "응답": 7,
      "가정": 7,
      "교회": 9,
      "신": 5,
      "자유": 5,
      "눈": 6,
      "시작": 8,
      "앞": 7,
      "장": 7,
      "시대": 6,
      "주": 6,
      "위": 5,
      "성경": 6,
      "기": 5,
      "세상": 5
    },
    "NNP": {
      "엘리야": 19,
      "갈멜산": 14,
      "열왕기상": 8,
      "알": 6,
      "여호와": 14,
      "누가복음": 6,
      "중국": 8,
      "예수": 6
    },
    "VA": {
      "없": 21,
      "춥": 5,
      "뜨겁": 5,
      "같": 9,
      "그렇": 9
    },
    "VV": {
      "되": 36,
      "임하": 16,
      "그러": 22,
      "있": 20,
      "던지": 7,
      "내려오": 6,
      "싣": 5,
      "믿": 13,
      "읽": 13,
      "보": 13,
      "뜨": 5,
      "바라": 10,
      "올라가": 5,
      "듣": 7,
      "찾": 5,
      "지키": 5,
      "부르": 5,
      "이르": 5,
      "받": 6,
      "알": 5,
      "가지": 5
    }
  },
  "tfidf": {
    "MAG": {
      "이미": 0.015018893034694529,
      "다": 0.0066508889733266525,
      "안": 0.004073342143821636,
      "막": 0.004049629143306694,
      "너무": 0.0029713318211088075,
      "그냥": 0.002823507736182386
    },
    "NNB": {
      "거": 0.009940351589310567,
      "장": 0.008525454384794288,
      "바": 0.007473032275990187,
      "번": 0.007201402952065923,
      "명": 0.006967112327981658,
      "줄": 0.006619008329397355,
      "쪽": 0.006538903241491414,
      "절": 0.0029597117970148906
    },
    "NNG": {
      "바알": 0.05964684138730387,
      "불": 0.03872778686580933,
      "아합": 0.024685146270289265,
      "사관": 0.021253326285463756,
      "구름": 0.021171300444359678,
      "하나님": 0.018005540166204988,
      "사람": 0.016645510656721665,
      "오뎅국물": 0.016316756587871895,
      "비": 0.016290114708049867,
      "대결": 0.013669910479762652,
      "절": 0.012502920296717346,
      "하늘": 0.012462448777708846,
      "말씀": 0.012021757696521203,
      "종교": 0.011899883142270291,
      "이세벨": 0.011777220147408781,
      "알": 0.011530807874201616,
      "성령": 0.0111170089833801,
      "역사": 0.009941373622144001,
      "꼭대기": 0.008967055854887919,
      "무릎": 0.008556924024540008,
      "손바닥": 0.008282003774763869,
      "제단": 0.008267318710215073,
      "사이": 0.008022786970801835,
      "권력": 0.007748504880573227,
      "제사장": 0.007716802754429906,
      "백성": 0.007420615934826868,
      "기도": 0.00739800473632074,
      "사회주의": 0.007346027070913075,
      "나라": 0.006843844413813973,
      "바": 0.006547432932926564,
      "방": 0.006168386376986447,
      "말": 0.006038057068538404,
      "감사": 0.005573591140189296,
      "민주주의": 0.005416656154566194,
      "문제": 0.005306083657990196,
      "바다": 0.005224711629330344,
      "체험": 0.0050589089179470205,
      "소리": 0.00504668143179762,
      "응답": 0.0049813187596410465,
      "가정": 0.004588632003195682,
      "교회": 0.004446264110595777,
      "신": 0.0044149085462964095,
      "자유": 0.0042481644157346095,
      "눈": 0.004213022924528344,
      "시작": 0.004192193107309115,
      "앞": 0.0035160578996406744,
      "장": 0.0034634221494916004,
      "시대": 0.0034620825440342686,
      "주": 0.003346863991959928,
      "위": 0.0029806025266833455,
      "성경": 0.00291985379853262,
      "기": 0.0029029634699923573,
      "세상": 0.002713361214853516
    },
    "NNP": {
      "엘리야": 0.03435322896666442,
      "갈멜산": 0.02741628210382327,
      "열왕기상": 0.01645527092495819,
      "알": 0.012341453193718644,
      "여호와": 0.009605266105532195,
      "누가복음": 0.008074292415471696,
      "중국": 0.007262779508507235,
      "예수": 0.002770083102493075
    },
    "VA": {
      "없": 0.009827401332385534,
      "춥": 0.0068744193527396445,
      "뜨겁": 0.004958284642612621,
      "같": 0.00430137979348709,
      "그렇": 0.004155124653739612
    },
    "VV": {
      "되": 0.01662049861495845,
      "임하": 0.011013657286893882,
      "그러": 0.010514483939635109,
      "있": 0.009233610341643583,
      "던지": 0.008482053565181403,
      "내려오": 0.0068584668138769464,
      "싣": 0.006728577012893079,
      "믿": 0.006720054731684745,
      "읽": 0.006364578349134268,
      "보": 0.006148017641446414,
      "뜨": 0.00565542713159353,
      "바라": 0.004985189808442806,
      "올라가": 0.0041382197043097375,
      "듣": 0.003662611334474106,
      "찾": 0.003139202420197597,
      "지키": 0.0030657581792357777,
      "부르": 0.002898476777451796,
      "이르": 0.002898476777451796,
      "받": 0.0027742517761202776,
      "알": 0.0025266818620152645,
      "가지": 0.002425894844203594
    }
  }
}