{
  "scope": "sermon",
  "idf_scope": "church",
  "church": "D-Zg",
  "sermon": "D-Zg-0031",
  "document_unit": "sermon_json",
  "document_count": 664,
  "min_count": 5,
  "freq": {
    "MAG": {
      "서로": 13,
      "항상": 9,
      "안": 12,
      "꼭": 6,
      "늘": 6,
      "다": 9,
      "막": 6,
      "아주": 8,
      "먼저": 5,
      "잘": 7,
      "못": 5
    },
    "NNB": {
      "거": 44,
      "번": 29,
      "가지": 14,
      "세": 5,
      "절": 10,
      "중": 6,
      "장": 6,
      "수": 5
    },
    "NNG": {
      "화분": 6,
      "화목": 7,
      "십계명": 9,
      "호르몬": 6,
      "덕": 7,
      "모세": 11,
      "범사": 6,
      "마음": 23,
      "온유": 7,
      "기력": 6,
      "소멸": 5,
      "성질": 6,
      "기도": 21,
      "신명기": 5,
      "존중": 6,
      "감사": 19,
      "쇠": 5,
      "돈": 11,
      "절": 18,
      "사람": 18,
      "별명": 5,
      "계명": 5,
      "혼": 5,
      "대화": 6,
      "결론": 6,
      "선택": 6,
      "설교": 8,
      "숨": 6,
      "염려": 5,
      "책": 10,
      "근심": 5,
      "신약": 7,
      "하나님": 13,
      "건강": 6,
      "성령": 9,
      "몸": 7,
      "상처": 5,
      "장": 9,
      "말": 9,
      "은혜": 7,
      "천국": 5,
      "말씀": 7,
      "성도": 5,
      "날": 6,
      "성경": 6,
      "세상": 5
    },
    "NNP": {
      "예수": 20,
      "데살로니가전서": 5,
      "모세": 5,
      "그리스도": 5
    },
    "VA": {
      "부드럽": 15,
      "그렇": 19,
      "좋": 17,
      "나쁘": 8,
      "없": 9,
      "어떻": 6,
      "같": 5
    },
    "VV": {
      "되": 32,
      "살": 28,
      "있": 28,
      "깨지": 6,
      "씹": 5,
      "줍": 5,
      "고치": 8,
      "받": 16,
      "나오": 14,
      "보": 14,
      "기다리": 7,
      "쉬": 7,
      "걷": 6,
      "먹": 8,
      "쓰": 9,
      "이기": 5,
      "세우": 7,
      "만나": 6,
      "내": 5,
      "읽": 6,
      "그러": 6,
      "주": 6,
      "대하": 5,
      "믿": 5,
      "죽": 5
    }
  },
  "tfidf": {
    "MAG": {
      "서로": 0.013052925496407661,
      "항상": 0.008470766948750277,
      "안": 0.0074812259046221,
      "꼭": 0.005380273719675243,
      "늘": 0.0052454845891511705,
      "다": 0.005235097700316151,
      "막": 0.0049584492506513835,
      "아주": 0.004897929940728221,
      "먼저": 0.004747609130309476,
      "잘": 0.004344312553703041,
      "못": 0.003388923815694206
    },
    "NNB": {
      "거": 0.02677657625403206,
      "번": 0.017047255512759332,
      "가지": 0.008807636007973392,
      "세": 0.006382249931023775,
      "절": 0.006039886708436266,
      "중": 0.0035643786766839914,
      "장": 0.0034795805911935988,
      "수": 0.0028477874664651864
    },
    "NNG": {
      "화분": 0.019360183961880606,
      "화목": 0.018705702786270498,
      "십계명": 0.01691837079527527,
      "호르몬": 0.0162523578503798,
      "덕": 0.015962893140188183,
      "모세": 0.014663289047871758,
      "범사": 0.014658224568596636,
      "마음": 0.014188207880563134,
      "온유": 0.014118558425958563,
      "기력": 0.01292563341958819,
      "소멸": 0.01246112093639779,
      "성질": 0.011907754643611915,
      "기도": 0.011888978357698036,
      "신명기": 0.011148781738740645,
      "존중": 0.01102755838984679,
      "감사": 0.010805331156178174,
      "쇠": 0.010633457949046032,
      "돈": 0.010481753305335592,
      "절": 0.010205888585901554,
      "사람": 0.010190552878026888,
      "별명": 0.00948742881363573,
      "계명": 0.009313438160726084,
      "혼": 0.009110008257885244,
      "대화": 0.008876150767901018,
      "결론": 0.00839764789081824,
      "선택": 0.008375406848830137,
      "설교": 0.008244356080893488,
      "숨": 0.008160667630918344,
      "염려": 0.008070650484778072,
      "책": 0.008065248765152343,
      "근심": 0.008043602856128691,
      "신약": 0.007892135971206578,
      "하나님": 0.007348784624081402,
      "건강": 0.0065769544702328755,
      "성령": 0.006447739523430178,
      "몸": 0.005861140069597138,
      "상처": 0.00579069696746793,
      "장": 0.0054523097296446145,
      "말": 0.005118314758189662,
      "은혜": 0.004722771213089242,
      "천국": 0.004298759965389294,
      "말씀": 0.003962992785899345,
      "성도": 0.0038315472202662755,
      "날": 0.0037633003061294666,
      "성경": 0.0035751290715780974,
      "세상": 0.003322295303206736
    },
    "NNP": {
      "예수": 0.011305822498586773,
      "데살로니가전서": 0.011069158005086899,
      "모세": 0.008326484310501168,
      "그리스도": 0.004058795454969605
    },
    "VA": {
      "부드럽": 0.030768112179886627,
      "그렇": 0.010740531373657434,
      "좋": 0.010439557614078264,
      "나쁘": 0.009323720663573357,
      "없": 0.005156945316792474,
      "어떻": 0.0038264845452481546,
      "같": 0.002925943292724401
    },
    "VV": {
      "되": 0.018089315997738834,
      "살": 0.016385282439256646,
      "있": 0.01582815149802148,
      "깨지": 0.012378652704168894,
      "씹": 0.01131509180098749,
      "줍": 0.010376330254852344,
      "고치": 0.009323720663573357,
      "받": 0.009058269224912789,
      "나오": 0.008155745694766051,
      "보": 0.008106817713580948,
      "기다리": 0.008022959055336717,
      "쉬": 0.00774995164979197,
      "걷": 0.007022412928325878,
      "먹": 0.005793948766372526,
      "쓰": 0.005783397645018939,
      "이기": 0.005707032553176549,
      "세우": 0.004937920917145143,
      "만나": 0.00468634203260997,
      "내": 0.00392402402813221,
      "읽": 0.0035967326270969664,
      "그러": 0.003511131951269281,
      "주": 0.0034276385845015385,
      "대하": 0.0032770710484118204,
      "믿": 0.0031646820343586464,
      "죽": 0.0031360835884412224
    }
  }
}