{
  "scope": "sermon",
  "idf_scope": "church",
  "church": "D-Zg",
  "sermon": "D-Zg-0634",
  "document_unit": "sermon_json",
  "document_count": 664,
  "min_count": 5,
  "freq": {
    "MAG": {
      "잘": 9
    },
    "NNB": {
      "차": 7,
      "번": 12,
      "장": 10,
      "거": 8,
      "수": 6,
      "가지": 5
    },
    "NNG": {
      "화": 40,
      "포도원": 11,
      "투기": 10,
      "거짓말": 14,
      "담배": 13,
      "술": 16,
      "가옥": 6,
      "거짓": 9,
      "교만": 9,
      "여전도회": 6,
      "노래": 11,
      "하나님": 21,
      "진실": 7,
      "사람": 19,
      "서": 9,
      "전통": 7,
      "가치관": 6,
      "진": 5,
      "절": 15,
      "사회": 8,
      "교회": 13,
      "나라": 13,
      "집": 10,
      "값": 5,
      "이사": 5,
      "땅": 11,
      "뿌리": 5,
      "목사": 8,
      "시작": 9,
      "돈": 6,
      "말": 10,
      "하루": 6,
      "운동": 5,
      "말씀": 8,
      "국민": 5,
      "사랑": 5,
      "우리나라": 5,
      "백성": 5,
      "주": 5,
      "감사": 6,
      "기도": 5
    },
    "NNP": {
      "일본": 10,
      "한국": 8,
      "이스라엘": 6
    },
    "VA": {
      "그렇": 8,
      "없": 6
    },
    "VV": {
      "있": 53,
      "되": 44,
      "지": 22,
      "금하": 5,
      "빌리": 7,
      "마시": 7,
      "끊": 5,
      "보": 9,
      "주": 9,
      "빠지": 5,
      "살": 7,
      "맞": 5,
      "위하": 6,
      "쓰": 5,
      "그러": 5
    }
  },
  "tfidf": {
    "MAG": {
      "잘": 0.006099276910714826
    },
    "NNB": {
      "차": 0.012915118974674707,
      "번": 0.007702833972431994,
      "장": 0.006332693483355428,
      "거": 0.00531624729443128,
      "수": 0.003731656317168085,
      "가지": 0.0034349003743617567
    },
    "NNG": {
      "화": 0.0653767105366972,
      "포도원": 0.03464247496693353,
      "투기": 0.03149315906084866,
      "거짓말": 0.029146380974413993,
      "담배": 0.025430677842471484,
      "술": 0.02512553069683549,
      "가옥": 0.02264256547976283,
      "거짓": 0.019932022417931714,
      "교만": 0.019012497759722972,
      "여전도회": 0.017071908454665517,
      "노래": 0.01601194958375626,
      "하나님": 0.012962962962962963,
      "진실": 0.01250760369300885,
      "사람": 0.011746045020005546,
      "서": 0.010461199683273794,
      "전통": 0.010343759856349947,
      "가치관": 0.010334284590161185,
      "진": 0.009328550080795209,
      "절": 0.009287148615462884,
      "사회": 0.009087925061215965,
      "교회": 0.008586961922232914,
      "나라": 0.008496868210060576,
      "집": 0.008210964865212335,
      "값": 0.007962364551937435,
      "이사": 0.007939917763884719,
      "땅": 0.007276851510915949,
      "뿌리": 0.0069856329562527925,
      "목사": 0.0064061803628046015,
      "시작": 0.0063057571322441275,
      "돈": 0.006243172254928843,
      "말": 0.00621008148644548,
      "하루": 0.005845217114859403,
      "운동": 0.005574243524238131,
      "말씀": 0.004945703166318124,
      "국민": 0.004846289806376418,
      "사랑": 0.004571585883208702,
      "우리나라": 0.004556603233625991,
      "백성": 0.003816014747111822,
      "주": 0.003729067595980043,
      "감사": 0.003726048891867289,
      "기도": 0.003091064478948828
    },
    "NNP": {
      "일본": 0.010964209498169588,
      "한국": 0.006517384627176698,
      "이스라엘": 0.005651768254765159
    },
    "VA": {
      "그렇": 0.0049382716049382715,
      "없": 0.003754171302636167
    },
    "VV": {
      "있": 0.03271604938271605,
      "되": 0.027160493827160494,
      "지": 0.019313077494290145,
      "금하": 0.015002252194569738,
      "빌리": 0.014504053209784104,
      "마시": 0.010214765571135273,
      "끊": 0.008100585547699699,
      "보": 0.0056908573552875786,
      "주": 0.005614345051836316,
      "빠지": 0.005553529219954221,
      "살": 0.004473080962198303,
      "맞": 0.004439290499159991,
      "위하": 0.004216609492899477,
      "쓰": 0.0035085152380104605,
      "그러": 0.003195057830141645
    }
  }
}