{
  "scope": "sermon",
  "idf_scope": "church",
  "church": "D-Zg",
  "sermon": "D-Zg-0482",
  "document_unit": "sermon_json",
  "document_count": 664,
  "min_count": 5,
  "freq": {
    "MAG": {
      "안": 10,
      "지금": 9,
      "이제": 9,
      "자꾸": 6,
      "잘": 8,
      "다": 5
    },
    "NNB": {
      "번": 19,
      "거": 16,
      "개월": 5,
      "수": 10,
      "개": 5,
      "가지": 8,
      "줄": 6,
      "명": 5
    },
    "NNG": {
      "해양": 10,
      "혈통": 8,
      "기적": 12,
      "세력": 13,
      "통일": 18,
      "한라": 5,
      "오빠": 6,
      "사람": 27,
      "막대기": 6,
      "대륙": 7,
      "단고기": 5,
      "한쪽": 6,
      "핵무기": 5,
      "나라": 18,
      "하나님": 19,
      "문화": 7,
      "교회": 17,
      "시장": 6,
      "기회": 7,
      "황제": 5,
      "설교": 9,
      "신부": 5,
      "역사": 14,
      "정치": 7,
      "손": 9,
      "돈": 7,
      "비전": 5,
      "감옥": 5,
      "준비": 6,
      "말": 10,
      "생각": 9,
      "길": 7,
      "청년": 5,
      "책": 6,
      "말씀": 8,
      "세계": 6,
      "기도": 7,
      "시대": 5,
      "성경": 5
    },
    "NNP": {
      "북한": 39,
      "남한": 14,
      "에스겔": 7,
      "고종": 5,
      "한국": 17,
      "한강": 5,
      "한반도": 7,
      "이승만": 6,
      "미국": 10,
      "대한민국": 7,
      "중국": 6,
      "예수": 7
    },
    "VA": {
      "그렇": 21,
      "없": 12,
      "좋": 6,
      "크": 5,
      "어떻": 5,
      "같": 5
    },
    "VV": {
      "되": 69,
      "있": 38,
      "그러": 18,
      "따라오": 5,
      "쓰": 13,
      "믿": 13,
      "가지": 13,
      "보내": 10,
      "이루": 11,
      "도와주": 6,
      "보": 11,
      "주": 11,
      "죽": 10,
      "바꾸": 5,
      "살": 8,
      "보이": 5,
      "만들": 5,
      "읽": 6,
      "받": 5
    }
  },
  "tfidf": {
    "MAG": {
      "안": 0.005935723280084543,
      "지금": 0.0055483062425869395,
      "이제": 0.00524622864547457,
      "자꾸": 0.00496084293984093,
      "잘": 0.004727103741350564,
      "다": 0.0027690730271077834
    },
    "NNB": {
      "번": 0.010633890817700787,
      "거": 0.009270528113001802,
      "개월": 0.007276632118027753,
      "수": 0.0054227513758632025,
      "개": 0.0052182599828857,
      "가지": 0.004791852405998748,
      "줄": 0.004208857630337999,
      "명": 0.0033841866932203695
    },
    "NNG": {
      "해양": 0.02699074483782483,
      "혈통": 0.01961398519478757,
      "기적": 0.017905700034080818,
      "세력": 0.017750404378443115,
      "통일": 0.0167137991991421,
      "한라": 0.01585131627616188,
      "오빠": 0.015473854164328239,
      "사람": 0.014553623284092758,
      "막대기": 0.014093518271453298,
      "대륙": 0.013998483233134096,
      "단고기": 0.013080542817654995,
      "한쪽": 0.011219920398021653,
      "핵무기": 0.010614744292697634,
      "나라": 0.01025787352013606,
      "하나님": 0.01022604951560818,
      "문화": 0.009831036268589183,
      "교회": 0.009790715050852631,
      "시장": 0.009252071213432352,
      "기회": 0.009018778776795971,
      "황제": 0.008948869135522652,
      "설교": 0.008830623867324087,
      "신부": 0.008599897598093877,
      "역사": 0.008539522228709273,
      "정치": 0.006546905061964339,
      "손": 0.006483970651586114,
      "돈": 0.006350697288382946,
      "비전": 0.006222823559782291,
      "감옥": 0.005805847117037253,
      "준비": 0.00556125312411151,
      "말": 0.0054146028030364265,
      "생각": 0.005230424656931327,
      "길": 0.0046652677579890655,
      "청년": 0.004642721999761695,
      "책": 0.004607349321492302,
      "말씀": 0.004312184676768224,
      "세계": 0.0038659894453529037,
      "기도": 0.003773161592172197,
      "시대": 0.003363325614629632,
      "성경": 0.0028365641046024645
    },
    "NNP": {
      "북한": 0.03166015998297471,
      "남한": 0.018856860460971125,
      "에스겔": 0.01508232311858214,
      "고종": 0.012894878470273534,
      "한국": 0.012075401818652198,
      "한강": 0.009764763266275466,
      "한반도": 0.009719398710330519,
      "이승만": 0.008169990552464543,
      "미국": 0.007945852786301515,
      "대한민국": 0.006418786345120224,
      "중국": 0.006350045915807322,
      "예수": 0.003767491926803014
    },
    "VA": {
      "그렇": 0.011302475780409042,
      "없": 0.006546563520205157,
      "좋": 0.0035080562437734032,
      "크": 0.0031248465082149386,
      "어떻": 0.003035993523745957,
      "같": 0.002785787774396914
    },
    "VV": {
      "되": 0.03713670613562971,
      "있": 0.02045209903121636,
      "그러": 0.010028835987828888,
      "따라오": 0.009821419372835833,
      "쓰": 0.00795364164827775,
      "믿": 0.007834035817453799,
      "가지": 0.007352889884078018,
      "보내": 0.007227169295319154,
      "이루": 0.0071421126910135085,
      "도와주": 0.00664381915005617,
      "보": 0.006064530443202047,
      "주": 0.00598299418871685,
      "죽": 0.0059717242927368385,
      "바꾸": 0.005433660164999632,
      "살": 0.004457260439035061,
      "보이": 0.003992545427765073,
      "만들": 0.003607889268471263,
      "읽": 0.0034244456498033014,
      "받": 0.0026951154229801406
    }
  }
}