{
  "scope": "sermon",
  "idf_scope": "church",
  "church": "D-Zg",
  "sermon": "D-Zg-0451",
  "document_unit": "sermon_json",
  "document_count": 664,
  "min_count": 5,
  "freq": {
    "MAG": {
      "스스로": 7,
      "아주": 10,
      "안": 9,
      "다": 6,
      "지금": 5,
      "잘": 5
    },
    "NNB": {
      "장": 26,
      "세": 11,
      "거": 7,
      "수": 7,
      "절": 6,
      "중": 5
    },
    "NNG": {
      "돌": 43,
      "기업가": 16,
      "공동체": 30,
      "정신": 34,
      "제사장": 22,
      "지파": 15,
      "개척": 15,
      "수염": 9,
      "백정": 9,
      "말씀": 33,
      "사람": 31,
      "혁신": 6,
      "하나님": 29,
      "창조": 12,
      "절": 25,
      "커": 5,
      "언약": 8,
      "교과서": 7,
      "성경": 20,
      "산성": 5,
      "수아": 5,
      "증인": 5,
      "장": 13,
      "후손": 5,
      "기업": 6,
      "말": 13,
      "발전": 6,
      "땅": 12,
      "교회": 12,
      "얘기": 9,
      "교수": 5,
      "종교": 5,
      "나라": 10,
      "역사": 9,
      "시대": 8,
      "형제": 5,
      "세계": 8,
      "성": 5,
      "산": 5,
      "마지막": 5,
      "백성": 6,
      "책": 5,
      "신앙": 5,
      "오늘": 5
    },
    "NNP": {
      "여호수": 17,
      "헤브론": 7,
      "일본": 16,
      "세겜": 5,
      "가나안": 7,
      "베드로전서": 5,
      "요셉": 5,
      "코리아": 6,
      "성령": 9,
      "한국": 11,
      "예수": 12,
      "여호": 7,
      "이스라엘": 7,
      "영어": 5
    },
    "VA": {
      "그렇": 15,
      "아름답": 5,
      "많": 8,
      "없": 6,
      "어떻": 5,
      "좋": 5,
      "같": 5
    },
    "VV": {
      "되": 46,
      "있": 24,
      "더불": 7,
      "그러": 14,
      "살": 14,
      "받": 12,
      "이르": 9,
      "맺": 6,
      "주": 10,
      "세우": 7,
      "이루": 7,
      "나오": 8,
      "믿": 7,
      "바라": 7,
      "읽": 7,
      "일어나": 5,
      "죽": 6,
      "쓰": 5,
      "가지": 5
    }
  },
  "tfidf": {
    "MAG": {
      "스스로": 0.008005855889122214,
      "아주": 0.005369631919402717,
      "안": 0.004921029483865826,
      "다": 0.0030609445816755145,
      "지금": 0.002839407535593713,
      "잘": 0.0027215415070120695
    },
    "NNB": {
      "장": 0.013224246381702064,
      "세": 0.012314546495566845,
      "거": 0.0037361331382530193,
      "수": 0.003496693326449023,
      "절": 0.003178351885143407,
      "중": 0.0026051007598140723
    },
    "NNG": {
      "돌": 0.051823481434175395,
      "기업가": 0.03334814218860902,
      "공동체": 0.031530337438503635,
      "정신": 0.026069650974969945,
      "제사장": 0.026044414254132293,
      "지파": 0.021908107206658256,
      "개척": 0.021093316409596833,
      "수염": 0.02032629278800432,
      "백정": 0.019672137474307308,
      "말씀": 0.016385553499712876,
      "사람": 0.015392489651245428,
      "혁신": 0.01445928520884659,
      "하나님": 0.014377788795240456,
      "창조": 0.012750822603770999,
      "절": 0.01243197881098155,
      "커": 0.012049404340705493,
      "언약": 0.011601689884590862,
      "교과서": 0.010489415757681475,
      "성경": 0.010451831643731044,
      "산성": 0.009849842627763245,
      "수아": 0.009446969723703317,
      "증인": 0.008095390520720364,
      "장": 0.006907220120786492,
      "후손": 0.006850740189046502,
      "기업": 0.0067646218153970825,
      "말": 0.006484100947176095,
      "발전": 0.006432074251723955,
      "땅": 0.006375895496110608,
      "교회": 0.0063662918945962335,
      "얘기": 0.005474561381748726,
      "교수": 0.0053481725054314415,
      "종교": 0.0053245634783832116,
      "나라": 0.005249581061095356,
      "역사": 0.005056940672444098,
      "시대": 0.004957111743763494,
      "형제": 0.004816457558146546,
      "세계": 0.004748311610950715,
      "성": 0.0043708843410427915,
      "산": 0.00412735821416274,
      "마지막": 0.003683866843364037,
      "백성": 0.0036779041489268132,
      "책": 0.0035367935214562453,
      "신앙": 0.0028265076152292432,
      "오늘": 0.0026090262223962346
    },
    "NNP": {
      "여호수": 0.029590307833196258,
      "헤브론": 0.016195347484480645,
      "일본": 0.014089851769586301,
      "세겜": 0.012647227981798423,
      "가나안": 0.010489415757681475,
      "베드로전서": 0.009267691930992295,
      "요셉": 0.008703031715645959,
      "코리아": 0.0077847846843911266,
      "성령": 0.007313340284933017,
      "한국": 0.007197557886482942,
      "예수": 0.005949429846306396,
      "여호": 0.005403526851117536,
      "이스라엘": 0.005295905801440829,
      "영어": 0.0035945800332768878
    },
    "VA": {
      "그렇": 0.0074367873078829945,
      "아름답": 0.0054203794288896065,
      "많": 0.004400778873933582,
      "없": 0.003015249137466827,
      "어떻": 0.002796666319841343,
      "좋": 0.0026929303011613715,
      "같": 0.0025661842760681536
    },
    "VV": {
      "되": 0.022806147744174516,
      "있": 0.011898859692612791,
      "더불": 0.008615543097117753,
      "그러": 0.007185315972990829,
      "살": 0.007185315972990829,
      "받": 0.005958383090804682,
      "이르": 0.005602667952369391,
      "맺": 0.00559063810095797,
      "주": 0.0050103228028286415,
      "세우": 0.004330779426093088,
      "이루": 0.004186700214509473,
      "나오": 0.004087403961765322,
      "믿": 0.003885796492956184,
      "바라": 0.0037474193294799118,
      "읽": 0.0036802462503174463,
      "일어나": 0.0034580907492336864,
      "죽": 0.0033005841554501866,
      "쓰": 0.00281794481188743,
      "가지": 0.0026051007598140723
    }
  }
}