{
  "scope": "sermon",
  "idf_scope": "church",
  "church": "D-Zg",
  "sermon": "D-Zg-0284",
  "document_unit": "sermon_json",
  "document_count": 664,
  "min_count": 5,
  "freq": {
    "MAG": {
      "더": 6
    },
    "NNB": {
      "거": 14,
      "편": 6,
      "수": 10,
      "장": 9
    },
    "NNG": {
      "성전": 16,
      "안식일": 8,
      "사람": 28,
      "형식": 6,
      "하나님": 25,
      "먼": 5,
      "갈대": 5,
      "제사": 9,
      "밀": 5,
      "이삭": 5,
      "우물": 5,
      "손바닥": 5,
      "말씀": 16,
      "마음": 14,
      "자비": 7,
      "건물": 5,
      "시장": 5,
      "관심": 5,
      "인간": 8,
      "절": 13,
      "제자": 6,
      "제사장": 5,
      "심령": 6,
      "영혼": 7,
      "종교": 5,
      "예배": 7,
      "사랑": 5,
      "신앙": 6,
      "아버지": 5
    },
    "NNP": {
      "예수": 18,
      "마태복음": 7,
      "시편": 5
    },
    "VA": {
      "그렇": 9,
      "없": 8,
      "크": 5
    },
    "VV": {
      "상하": 13,
      "있": 20,
      "꺼지": 5,
      "되": 16,
      "원하": 8,
      "대하": 13,
      "먹": 9,
      "이르": 8,
      "내": 6,
      "받": 7,
      "죽": 6,
      "나오": 5,
      "주": 5
    }
  },
  "tfidf": {
    "MAG": {
      "더": 0.006799924011532202
    },
    "NNB": {
      "거": 0.01375142434280354,
      "편": 0.01067907457533194,
      "수": 0.009192948956527216,
      "장": 0.0084243312944637
    },
    "NNG": {
      "성전": 0.035124625399256815,
      "안식일": 0.02781684369738626,
      "사람": 0.025585891380496138,
      "형식": 0.023220933408582327,
      "하나님": 0.02281021897810219,
      "먼": 0.02217486182044067,
      "갈대": 0.02128911357937791,
      "제사": 0.0205503402390745,
      "밀": 0.02032511223965525,
      "이삭": 0.0182631363101705,
      "우물": 0.018126945784852612,
      "손바닥": 0.01636753665706071,
      "말씀": 0.014620509360283506,
      "마음": 0.01393943019557389,
      "자비": 0.013902773203122373,
      "건물": 0.013635618312677938,
      "시장": 0.013070520312163403,
      "관심": 0.012647806669450333,
      "인간": 0.012615663631575463,
      "절": 0.011897040744625812,
      "제자": 0.011310575020629276,
      "제사장": 0.010893244764139191,
      "심령": 0.010429246319638768,
      "영혼": 0.010148661292251176,
      "종교": 0.009798945744433336,
      "예배": 0.0077761332630647195,
      "사랑": 0.0067572711047427896,
      "신앙": 0.006242042912318303,
      "아버지": 0.005329768206031765
    },
    "NNP": {
      "예수": 0.016423357664233577,
      "마태복음": 0.014028626759285994,
      "시편": 0.010784619541996313
    },
    "VA": {
      "그렇": 0.008211678832116789,
      "없": 0.007398731764319454,
      "크": 0.005297413149875324
    },
    "VV": {
      "상하": 0.0345735896950809,
      "있": 0.01824817518248175,
      "꺼지": 0.01627719620406719,
      "되": 0.014598540145985401,
      "원하": 0.014238766100442586,
      "대하": 0.013752336295680042,
      "먹": 0.01052069551886599,
      "이르": 0.009165110510891373,
      "내": 0.00760029033478016,
      "받": 0.006396472845124034,
      "죽": 0.006074158979510061,
      "나오": 0.004701353667244898,
      "주": 0.00461031984183639
    }
  }
}