{
  "scope": "sermon",
  "idf_scope": "church",
  "church": "D-Zg",
  "sermon": "D-Zg-0366",
  "document_unit": "sermon_json",
  "document_count": 664,
  "min_count": 5,
  "freq": {
    "MAG": {
      "다": 27,
      "이제": 23,
      "안": 16,
      "못": 11,
      "잘": 10,
      "그냥": 7,
      "많이": 6,
      "지금": 5
    },
    "NNB": {
      "거": 59,
      "장": 18,
      "원": 5,
      "번": 10,
      "절": 9,
      "수": 8,
      "때문": 7
    },
    "NNG": {
      "형": 40,
      "상속자": 12,
      "대제사장": 14,
      "동생": 15,
      "보좌": 18,
      "목수": 9,
      "죄": 28,
      "우편": 14,
      "폐렴": 5,
      "낭비": 6,
      "사람": 24,
      "하나님": 23,
      "복음": 16,
      "제사": 8,
      "집": 15,
      "말씀": 19,
      "여행": 6,
      "어머니": 9,
      "승천": 5,
      "고생": 8,
      "비둘기": 5,
      "입원": 5,
      "지상": 6,
      "저자": 5,
      "얼굴": 8,
      "복음서": 5,
      "우주": 5,
      "천국": 10,
      "꿈": 7,
      "마음": 13,
      "말": 14,
      "하늘": 12,
      "절": 14,
      "병": 7,
      "세월": 7,
      "생각": 12,
      "용서": 6,
      "날": 11,
      "가난": 5,
      "성공": 5,
      "앞": 10,
      "정신": 7,
      "위로": 5,
      "감동": 6,
      "뒤": 9,
      "대학": 6,
      "기도": 10,
      "산": 6,
      "아들": 7,
      "나이": 5,
      "마지막": 6,
      "돈": 5,
      "중요": 7,
      "이름": 8,
      "하루": 5,
      "성경": 7,
      "예배": 6,
      "은혜": 6,
      "가정": 5,
      "소리": 5,
      "자리": 5,
      "얘기": 5,
      "감사": 6,
      "아버지": 5,
      "땅": 5,
      "장": 5
    },
    "NNP": {
      "히브리서": 21,
      "예수": 59,
      "로마서": 5
    },
    "VA": {
      "그렇": 26,
      "없": 21,
      "크": 11,
      "이렇": 8,
      "어떻": 6,
      "많": 6,
      "좋": 6,
      "같": 6
    },
    "VV": {
      "되": 56,
      "있": 35,
      "계시": 20,
      "겪": 8,
      "받": 20,
      "챙기": 7,
      "지내": 10,
      "나오": 18,
      "보": 18,
      "살": 17,
      "치르": 5,
      "죽": 13,
      "그러": 13,
      "박히": 6,
      "읽": 12,
      "걷": 6,
      "짓": 9,
      "쉬": 6,
      "붙들": 5,
      "부르": 8,
      "통하": 7,
      "믿": 8,
      "지나": 6,
      "주": 7,
      "모르": 5,
      "위하": 6,
      "먹": 5,
      "드리": 6
    }
  },
  "tfidf": {
    "MAG": {
      "다": 0.01094236451184632,
      "이제": 0.009811051373493952,
      "안": 0.006949869305646052,
      "못": 0.005194570187443368,
      "잘": 0.004324024592078255,
      "그냥": 0.0033721956909017205,
      "많이": 0.003223841235700942,
      "지금": 0.00225564592331332
    },
    "NNB": {
      "거": 0.025016094742110175,
      "장": 0.007272994957646486,
      "원": 0.00495506187268121,
      "번": 0.004095638386287197,
      "절": 0.003787358656361315,
      "수": 0.0031746268787251133,
      "때문": 0.0031723262484964136
    },
    "NNG": {
      "형": 0.038698100413337655,
      "상속자": 0.02624912276455553,
      "대제사장": 0.01946157218568423,
      "동생": 0.017403959131874636,
      "보좌": 0.016970913037256764,
      "목수": 0.016756512353581988,
      "죄": 0.01412888294091985,
      "우편": 0.01253901738369324,
      "폐렴": 0.011240700219432452,
      "낭비": 0.009608034272163942,
      "사람": 0.009466765414850762,
      "하나님": 0.009058684521465145,
      "복음": 0.008475330108795188,
      "제사": 0.007885229671183108,
      "집": 0.007858465782775098,
      "말씀": 0.007494522620090187,
      "여행": 0.007427518426072302,
      "어머니": 0.007417698866782835,
      "승천": 0.007272793522815154,
      "고생": 0.007268468498670796,
      "비둘기": 0.007026312343307461,
      "입원": 0.006913751465324104,
      "지상": 0.006770519225898901,
      "저자": 0.006706267188723422,
      "얼굴": 0.006565377356286519,
      "복음서": 0.006488961050147476,
      "우주": 0.006020354045225557,
      "천국": 0.005990158628415646,
      "꿈": 0.005794159265051875,
      "마음": 0.005587379773435457,
      "말": 0.005547248842559414,
      "하늘": 0.005546928243406482,
      "절": 0.00553059027435206,
      "병": 0.005283196188703854,
      "세월": 0.005122158246563286,
      "생각": 0.005103389267469296,
      "용서": 0.004811237264191202,
      "날": 0.004807014615791866,
      "가난": 0.00467865904145844,
      "성공": 0.0042963116321615554,
      "앞": 0.0042850286449230305,
      "정신": 0.004263806988805235,
      "위로": 0.004192888957322157,
      "감동": 0.00418969506042219,
      "뒤": 0.0041601961825548615,
      "대학": 0.003997584601832399,
      "기도": 0.003944485589521151,
      "산": 0.003934563931295586,
      "아들": 0.003803240390679136,
      "나이": 0.0036240740939272017,
      "마지막": 0.00351178862059012,
      "돈": 0.0033195283750113973,
      "중요": 0.0031723262484964136,
      "이름": 0.0031508467900748325,
      "하루": 0.0031079334797401315,
      "성경": 0.0029060537805797285,
      "예배": 0.002877164932083137,
      "은혜": 0.0028204295085651953,
      "가정": 0.0027960887072868536,
      "소리": 0.002690801492042548,
      "자리": 0.0025387691288523066,
      "얘기": 0.0024161284641781933,
      "감사": 0.0023773923610968914,
      "아버지": 0.002300679777003078,
      "땅": 0.002110440661621225,
      "장": 0.002110440661621225
    },
    "NNP": {
      "히브리서": 0.026658345551175962,
      "예수": 0.02323749507680189,
      "로마서": 0.005391124666912364
    },
    "VA": {
      "그렇": 0.010240252067743205,
      "없": 0.008383675181546698,
      "크": 0.005030769037802041,
      "이렇": 0.0037319544360252675,
      "어떻": 0.0026660303901315423,
      "많": 0.002622007972250109,
      "좋": 0.002567140016120907,
      "같": 0.0024463144630938786
    },
    "VV": {
      "되": 0.02205592753052383,
      "있": 0.013784954706577392,
      "계시": 0.010627682333277471,
      "겪": 0.008820186450928516,
      "받": 0.007888971179042302,
      "챙기": 0.007872301296022597,
      "지내": 0.007667693799662217,
      "나오": 0.007305892488964739,
      "보": 0.007262062950426055,
      "살": 0.0069312243120993235,
      "치르": 0.006139740854631691,
      "죽": 0.005681017273208569,
      "그러": 0.005300348003370071,
      "박히": 0.005178856266060612,
      "읽": 0.0050119102145210976,
      "걷": 0.004892732757073052,
      "짓": 0.004656244880188359,
      "쉬": 0.004628255601805659,
      "붙들": 0.004355100452858053,
      "부르": 0.003956266687647477,
      "통하": 0.003650034814435073,
      "믿": 0.0035278913076206035,
      "지나": 0.003449072066274376,
      "주": 0.0027861657208797788,
      "모르": 0.002773684833749815,
      "위하": 0.0026903928233545306,
      "먹": 0.0025230148108785445,
      "드리": 0.0024647909848373945
    }
  }
}