{
  "scope": "sermon",
  "idf_scope": "church",
  "church": "D-Zg",
  "sermon": "D-Zg-0189",
  "document_unit": "sermon_json",
  "document_count": 664,
  "min_count": 5,
  "freq": {
    "MAG": {
      "대대로": 9,
      "안": 19,
      "다": 8,
      "못": 5,
      "지금": 5
    },
    "NNB": {
      "수": 21,
      "거": 13,
      "줄": 8,
      "가지": 7
    },
    "NNG": {
      "상륙": 11,
      "전쟁": 26,
      "천찬": 7,
      "승인": 6,
      "장군": 15,
      "작곡": 9,
      "깃발": 10,
      "대표": 16,
      "하나님": 30,
      "동맹": 8,
      "방해": 8,
      "참전": 6,
      "총회": 6,
      "박사": 12,
      "통과": 9,
      "휴전": 6,
      "대통령": 15,
      "전선": 7,
      "유엔군": 5,
      "나라": 23,
      "국군": 5,
      "작전": 5,
      "철수": 5,
      "대사": 5,
      "정부": 9,
      "승리": 9,
      "군사": 6,
      "군대": 7,
      "반대": 7,
      "미군": 5,
      "말": 15,
      "무기": 5,
      "통일": 8,
      "건국": 5,
      "성공": 6,
      "기도": 12,
      "신": 6,
      "국가": 6,
      "말씀": 10,
      "백성": 8,
      "뒤": 8,
      "절": 9,
      "사람": 9,
      "책": 6,
      "찬양": 5,
      "국민": 5,
      "마지막": 5,
      "예배": 6,
      "세계": 6,
      "하늘": 6,
      "소리": 5,
      "지금": 5,
      "전": 6,
      "역사": 5,
      "날": 5
    },
    "NNP": {
      "이승만": 21,
      "아말렉": 10,
      "닛시": 7,
      "맥아더": 8,
      "유성룡": 6,
      "소련": 10,
      "작": 5,
      "김홍일": 5,
      "인천": 7,
      "한강": 7,
      "대한민국": 14,
      "우신": 5,
      "여호와": 11,
      "미국": 11,
      "출애굽기": 5,
      "북": 5,
      "이스라엘": 8,
      "스": 5,
      "서울": 5
    },
    "VA": {
      "없": 19,
      "어떻": 11,
      "그렇": 9
    },
    "VV": {
      "되": 51,
      "있": 25,
      "싸우": 10,
      "건너": 7,
      "도": 8,
      "지키": 13,
      "믿": 13,
      "터지": 5,
      "그러": 10,
      "받": 10,
      "향하": 5,
      "맺": 5,
      "주": 8,
      "부르": 6,
      "나오": 7,
      "알": 6,
      "쓰": 5,
      "드리": 5
    }
  },
  "tfidf": {
    "MAG": {
      "대대로": 0.017390373292939073,
      "안": 0.010762347366900077,
      "다": 0.00422799193373704,
      "못": 0.0030790992449733177,
      "지금": 0.002941492038671042
    },
    "NNB": {
      "수": 0.01086722717942632,
      "거": 0.007187992297170182,
      "줄": 0.005355286750329055,
      "가지": 0.004001209064741893
    },
    "NNG": {
      "상륙": 0.030623420898169593,
      "전쟁": 0.024668589815134718,
      "천찬": 0.024471740637222066,
      "승인": 0.019726270422150215,
      "장군": 0.01959907537022029,
      "작곡": 0.01943274348837377,
      "깃발": 0.0166989820164689,
      "대표": 0.016356640608344138,
      "하나님": 0.015408320493066256,
      "동맹": 0.015266964177658318,
      "방해": 0.015174625786894852,
      "참전": 0.014567637344887746,
      "총회": 0.014567637344887746,
      "박사": 0.013852164022244835,
      "통과": 0.013334359894366385,
      "휴전": 0.013318130077990473,
      "대통령": 0.013149256026746615,
      "전선": 0.013121456637195977,
      "유엔군": 0.012878480716147543,
      "나라": 0.012508131227800444,
      "국군": 0.010525397172557007,
      "작전": 0.010203971535797874,
      "철수": 0.00972320229571532,
      "대사": 0.009600890921834339,
      "정부": 0.00955037767535415,
      "승리": 0.009053267313547433,
      "군사": 0.009014101886448295,
      "군대": 0.008785202181383062,
      "반대": 0.008436295902982293,
      "미군": 0.007850887992207338,
      "말": 0.00775064099232795,
      "무기": 0.007485412331754704,
      "통일": 0.0070887950492509325,
      "건국": 0.006986809315727593,
      "성공": 0.00672316501328702,
      "기도": 0.006172603335466381,
      "신": 0.0058938008698169635,
      "국가": 0.00538432789470022,
      "말씀": 0.00514383611288865,
      "백성": 0.005080179879051795,
      "뒤": 0.004822342342067817,
      "절": 0.004636419339614753,
      "사람": 0.004629452501599786,
      "책": 0.004396741160417409,
      "찬양": 0.004245886660498536,
      "국민": 0.0040323520731021046,
      "마지막": 0.003816311978975481,
      "예배": 0.0037519885786127813,
      "세계": 0.00368926984564237,
      "하늘": 0.003616756756550863,
      "소리": 0.0035089599323554327,
      "지금": 0.0032799454868630853,
      "전": 0.003272836335653167,
      "역사": 0.002910417547314885,
      "날": 0.0028493743543669863
    },
    "NNP": {
      "이승만": 0.027287852369120146,
      "아말렉": 0.026693384425587097,
      "닛시": 0.01906416910284409,
      "맥아더": 0.01893955945663971,
      "유성룡": 0.017115183024963145,
      "소련": 0.01677288410918641,
      "작": 0.015126731197282367,
      "김홍일": 0.01465851970063636,
      "인천": 0.014617667618487394,
      "한강": 0.013045763846037874,
      "대한민국": 0.012250749901626478,
      "우신": 0.011837224660399819,
      "여호와": 0.00839588635374606,
      "미국": 0.008340900834434018,
      "출애굽기": 0.007259779676923338,
      "북": 0.006944007434666443,
      "이스라엘": 0.006270066476781071,
      "스": 0.00567930151505218,
      "서울": 0.005455851651185641
    },
    "VA": {
      "없": 0.009891576159488207,
      "어떻": 0.006373871149288122,
      "그렇": 0.004622496147919877
    },
    "VV": {
      "되": 0.026194144838212634,
      "있": 0.012840267077555213,
      "싸우": 0.01281890464668924,
      "건너": 0.010300670964038793,
      "도": 0.009665300724570728,
      "지키": 0.008867552009339601,
      "믿": 0.007475931458052983,
      "터지": 0.006479335640049512,
      "그러": 0.005316891304395958,
      "받": 0.00514383611288865,
      "향하": 0.004960047603735894,
      "맺": 0.004826364085615573,
      "주": 0.004152366140033023,
      "부르": 0.003869399506909455,
      "나오": 0.0037050626949258203,
      "알": 0.0033730618879045074,
      "쓰": 0.0029192576710718775,
      "드리": 0.0026785243582015685
    }
  }
}