{
  "scope": "sermon",
  "idf_scope": "church",
  "church": "D-Zg",
  "sermon": "D-Zg-0652",
  "document_unit": "sermon_json",
  "document_count": 664,
  "min_count": 5,
  "freq": {
    "MAG": {
      "다": 5
    },
    "NNB": {
      "장": 12,
      "수": 8,
      "가지": 5
    },
    "NNG": {
      "나귀": 26,
      "왕": 32,
      "몰약": 9,
      "호산나": 7,
      "평화": 18,
      "마태": 7,
      "황금": 6,
      "유향": 5,
      "말": 17,
      "주": 14,
      "말씀": 16,
      "상징": 5,
      "제자": 7,
      "환영": 5,
      "비유": 5,
      "구약": 7,
      "천국": 8,
      "유대인": 5,
      "절": 11,
      "마을": 6,
      "사람": 10,
      "나라": 9,
      "복음": 6,
      "새벽": 5,
      "세상": 6,
      "기도": 6,
      "뜻": 5,
      "장": 5,
      "오늘": 5,
      "하나님": 5
    },
    "NNP": {
      "예수": 40,
      "마태복음": 9,
      "예루살렘": 9,
      "다윗": 5
    },
    "VA": {
      "그렇": 6
    },
    "VV": {
      "타": 14,
      "쓰": 17,
      "있": 17,
      "이르": 10,
      "이루": 8,
      "들어가": 8,
      "들어오": 6,
      "되": 9,
      "드리": 6,
      "주": 5
    }
  },
  "tfidf": {
    "MAG": {
      "다": 0.004937560157741133
    },
    "NNB": {
      "장": 0.011814545231903026,
      "수": 0.007735487183381059,
      "가지": 0.005340248182788911
    },
    "NNG": {
      "나귀": 0.1111678307833428,
      "왕": 0.05122163726287408,
      "몰약": 0.04406624367631224,
      "호산나": 0.041069528557343325,
      "평화": 0.0359945868446505,
      "마태": 0.024960827108601872,
      "황금": 0.02465016055156039,
      "유향": 0.023324038920540285,
      "말": 0.016413209610048805,
      "주": 0.01623325394948702,
      "말씀": 0.015378194106401845,
      "상징": 0.014841975975967373,
      "제자": 0.013879515604329462,
      "환영": 0.013747879330260164,
      "비유": 0.012742802083480147,
      "구약": 0.011737524772371928,
      "천국": 0.011676785226523856,
      "유대인": 0.010886172858931224,
      "절": 0.010588418958896263,
      "마을": 0.010497312313172203,
      "사람": 0.009611371316501152,
      "나라": 0.009145455374478311,
      "복음": 0.007744312552626313,
      "새벽": 0.007471150026531444,
      "세상": 0.006768299874901401,
      "기도": 0.005766822789900692,
      "뜻": 0.005683440686821109,
      "장": 0.0051424269096509495,
      "오늘": 0.0050502935610107534,
      "하나님": 0.0047984644913627635
    },
    "NNP": {
      "예수": 0.03838771593090211,
      "마태복음": 0.01897153473452112,
      "예루살렘": 0.017439858978718588,
      "다윗": 0.012379108036601387
    },
    "VA": {
      "그렇": 0.005758157389635317
    },
    "VV": {
      "타": 0.0246324807443454,
      "쓰": 0.018545971142957404,
      "있": 0.016314779270633396,
      "이르": 0.012050097312784242,
      "이루": 0.009261940589707276,
      "들어가": 0.009024399833201868,
      "들어오": 0.009010899299633012,
      "되": 0.008637236084452975,
      "드리": 0.006005858263437759,
      "주": 0.004849242367229063
    }
  }
}