{
  "scope": "sermon",
  "idf_scope": "church",
  "church": "D-Zg",
  "sermon": "D-Zg-0269",
  "document_unit": "sermon_json",
  "document_count": 664,
  "min_count": 5,
  "freq": {
    "MAG": {
      "안": 25,
      "자꾸": 11,
      "이제": 14,
      "못": 11,
      "아주": 8,
      "다": 8
    },
    "NNB": {
      "거": 50,
      "수": 9,
      "분": 7,
      "중": 6,
      "번": 5,
      "장": 5
    },
    "NNG": {
      "사랑": 110,
      "퇴학": 10,
      "학원": 11,
      "언더": 8,
      "스탠드": 8,
      "가문": 11,
      "결핍증": 8,
      "연습": 14,
      "아편": 7,
      "선생": 16,
      "애": 13,
      "강도": 5,
      "이슬람": 6,
      "실천": 10,
      "학교": 11,
      "길거리": 5,
      "떡": 7,
      "청소년": 6,
      "사람": 19,
      "훈련": 7,
      "믿음": 11,
      "교육": 8,
      "단어": 7,
      "엄마": 5,
      "대학": 8,
      "이해": 7,
      "평생": 6,
      "말": 11,
      "교회": 10,
      "아버지": 9,
      "하나님": 9,
      "성경": 8,
      "복": 5,
      "말씀": 7,
      "신앙": 6,
      "생각": 6,
      "오늘": 6,
      "마음": 5
    },
    "NNP": {
      "프란시스": 7,
      "샌프란시스코": 5,
      "예수": 6
    },
    "VA": {
      "그렇": 13,
      "좋": 9,
      "같": 6,
      "없": 6
    },
    "VV": {
      "되": 67,
      "있": 30,
      "주": 29,
      "받": 27,
      "때리": 7,
      "그러": 20,
      "내려가": 8,
      "나누": 10,
      "헤매": 5,
      "다니": 9,
      "섬기": 6,
      "세우": 7,
      "모르": 6,
      "보내": 6,
      "먹": 6,
      "알": 7,
      "나가": 6,
      "가지": 6,
      "대하": 5,
      "쓰": 5
    }
  },
  "tfidf": {
    "MAG": {
      "안": 0.014650071538784643,
      "자꾸": 0.008978897272801002,
      "이제": 0.00805673040064261,
      "못": 0.007007977527055638,
      "아주": 0.004603845943224348,
      "다": 0.004374017159928808
    },
    "NNB": {
      "거": 0.02860095847827668,
      "수": 0.004818238496662299,
      "분": 0.004591605098526573,
      "중": 0.003350364441580223,
      "번": 0.0027627061272006356,
      "장": 0.0027255482048447912
    },
    "NNG": {
      "사랑": 0.0865734967468428,
      "퇴학": 0.026221241674783832,
      "학원": 0.025768432763163082,
      "언더": 0.025038678547170047,
      "스탠드": 0.023608403364933223,
      "가문": 0.022129843099610524,
      "결핍증": 0.022092250574545412,
      "연습": 0.019029768678348404,
      "아편": 0.018652583813004768,
      "선생": 0.016717513725214316,
      "애": 0.014804256088092426,
      "강도": 0.013110620837391916,
      "이슬람": 0.01286094942993452,
      "실천": 0.011387889298532636,
      "학교": 0.011156642221888932,
      "길거리": 0.010888920454287193,
      "떡": 0.010584902674542145,
      "청소년": 0.010188274008878909,
      "사람": 0.01011083577705047,
      "훈련": 0.009233554955837678,
      "믿음": 0.008801318675261495,
      "교육": 0.008460780888535076,
      "단어": 0.007541240472311719,
      "엄마": 0.007273148527784532,
      "대학": 0.007190837622424698,
      "이해": 0.00605403015848197,
      "평생": 0.005889366186144113,
      "말": 0.005880109037643915,
      "교회": 0.005685800013903916,
      "아버지": 0.005586911114165498,
      "하나님": 0.004782146652497344,
      "성경": 0.004480625807737623,
      "복": 0.003864988646705213,
      "말씀": 0.0037250447599659624,
      "신앙": 0.0036351110690227735,
      "생각": 0.003442482824151047,
      "오늘": 0.0033554128951582603,
      "마음": 0.002899198325176291
    },
    "NNP": {
      "프란시스": 0.02380883276509788,
      "샌프란시스코": 0.01159482684571388,
      "예수": 0.003188097768331562
    },
    "VA": {
      "그렇": 0.006907545164718385,
      "좋": 0.005194980207968372,
      "같": 0.003300314783100615,
      "없": 0.0032315395910045646
    },
    "VV": {
      "되": 0.035600425079702444,
      "있": 0.015940488841657812,
      "주": 0.015572200409450357,
      "받": 0.01436802978844014,
      "때리": 0.011787128534849449,
      "그러": 0.011001049277002052,
      "내려가": 0.009974475860395642,
      "나누": 0.009796999095834227,
      "헤매": 0.007911791879933086,
      "다니": 0.006822891901699811,
      "섬기": 0.005074508296982752,
      "세우": 0.004641435761121019,
      "모르": 0.004490362886008998,
      "보내": 0.004281003363667265,
      "먹": 0.004084549163541312,
      "알": 0.004071153070337454,
      "나가": 0.0038283882905416943,
      "가지": 0.003350364441580223,
      "대하": 0.0030803074838684965,
      "쓰": 0.003020082192123776
    }
  }
}