{
  "scope": "sermon",
  "idf_scope": "church",
  "church": "D-Zg",
  "sermon": "D-Zg-0163",
  "document_unit": "sermon_json",
  "document_count": 664,
  "min_count": 5,
  "freq": {
    "MAG": {
      "다": 13,
      "안": 9,
      "아주": 9,
      "잘": 8
    },
    "NNB": {
      "쪽": 6,
      "수": 11,
      "분": 7,
      "장": 8,
      "줄": 5,
      "중": 6,
      "번": 5
    },
    "NNG": {
      "교회": 56,
      "민중": 11,
      "복음": 27,
      "대적": 8,
      "국부": 5,
      "하나님": 22,
      "세계": 17,
      "자본": 5,
      "무리": 8,
      "확신": 10,
      "정치": 10,
      "철학": 6,
      "세상": 14,
      "신앙": 14,
      "나라": 15,
      "신학": 7,
      "땅끝": 5,
      "변화": 8,
      "민족": 9,
      "말씀": 15,
      "선교사": 6,
      "사람": 13,
      "책": 9,
      "통일": 7,
      "성경": 11,
      "국민": 7,
      "악": 6,
      "말": 10,
      "선생": 5,
      "생각": 9,
      "천국": 6,
      "구원": 6,
      "피": 5,
      "백성": 7,
      "얘기": 7,
      "은혜": 7,
      "절": 8,
      "역사": 7,
      "죄": 6,
      "지금": 6,
      "교인": 5,
      "길": 6,
      "뒤": 6,
      "시작": 6,
      "손": 5,
      "삶": 5,
      "날": 5,
      "앞": 5,
      "이름": 5
    },
    "NNP": {
      "오클로스": 9,
      "스미스": 8,
      "예수": 37,
      "아담": 8,
      "마르크스": 6,
      "에베소서": 8,
      "칼": 5,
      "대한민국": 8,
      "일본": 6,
      "한국": 8,
      "북한": 5,
      "미국": 5
    },
    "VA": {
      "그렇": 17,
      "없": 12,
      "어떻": 6,
      "크": 5,
      "같": 5
    },
    "VV": {
      "되": 53,
      "있": 38,
      "대하": 24,
      "더불": 8,
      "받": 18,
      "세우": 12,
      "쓰": 11,
      "다니": 8,
      "보": 11,
      "믿": 10,
      "읽": 9,
      "가지": 8,
      "그러": 8,
      "보내": 6,
      "따르": 6,
      "보이": 5,
      "모이": 5,
      "죽": 5,
      "드리": 5
    }
  },
  "tfidf": {
    "MAG": {
      "다": 0.006691764872112195,
      "안": 0.004965340904931151,
      "아주": 0.004876184503897824,
      "잘": 0.0043936762138215854
    },
    "NNB": {
      "쪽": 0.006073006969657859,
      "수": 0.005544281771880546,
      "분": 0.004322861828627819,
      "장": 0.004105638196312473,
      "줄": 0.0032599872757912295,
      "중": 0.0031542700745642725,
      "번": 0.002601006969180388
    },
    "NNG": {
      "교회": 0.029976880193364756,
      "민중": 0.02219838044843292,
      "복음": 0.018165623591428103,
      "대적": 0.014050237094913775,
      "국부": 0.011672270376687438,
      "하나님": 0.011005502751375688,
      "세계": 0.010181019061273704,
      "자본": 0.00993853555787817,
      "무리": 0.00975364485294202,
      "확신": 0.009681173753542575,
      "정치": 0.008693024801779276,
      "철학": 0.008348038527345952,
      "세상": 0.008232112604223915,
      "신앙": 0.007985484946357516,
      "나라": 0.007945276388366182,
      "신학": 0.007925670607694515,
      "땅끝": 0.007893900997504179,
      "변화": 0.007838012988483953,
      "민족": 0.007781447352542544,
      "말씀": 0.0075150442059486264,
      "선교사": 0.007043007842395422,
      "사람": 0.006513038311822142,
      "책": 0.006423553056027535,
      "통일": 0.006041344905342731,
      "성경": 0.005800269851912473,
      "국민": 0.005498441861361539,
      "악": 0.005263383241968086,
      "말": 0.0050326823451934365,
      "선생": 0.004918453106374021,
      "생각": 0.004861495253916161,
      "천국": 0.004564986320424409,
      "구원": 0.004504803838046537,
      "피": 0.004450913616929571,
      "백성": 0.00432952548596779,
      "얘기": 0.004296333286026917,
      "은혜": 0.004179380828391631,
      "절": 0.004014055229494713,
      "역사": 0.003968592371421167,
      "죄": 0.003845483504644697,
      "지금": 0.0038335490922996062,
      "교인": 0.003797830988997933,
      "길": 0.003716744441225049,
      "뒤": 0.003522674039522026,
      "시작": 0.003406812257540599,
      "손": 0.003348123359081485,
      "삶": 0.0032650866672115603,
      "날": 0.0027752535607566396,
      "앞": 0.002721282573651719,
      "이름": 0.0025012506253126563
    },
    "NNP": {
      "오클로스": 0.026519830992494137,
      "스미스": 0.019452645166745754,
      "예수": 0.018509254627313655,
      "아담": 0.015251255974154748,
      "마르크스": 0.013518923763187182,
      "에베소서": 0.012735563490223286,
      "칼": 0.00979556803951912,
      "대한민국": 0.00681832632272329,
      "일본": 0.005331271451836338,
      "한국": 0.0052817224092177335,
      "북한": 0.00377269258015976,
      "미국": 0.003692694966720413
    },
    "VA": {
      "그렇": 0.008504252126063032,
      "없": 0.006084799910225704,
      "어떻": 0.0033862186896168015,
      "크": 0.0029044346234433993,
      "같": 0.002589291488158812
    },
    "VV": {
      "되": 0.026513256628314157,
      "있": 0.01900950475237619,
      "대하": 0.013920092889582016,
      "더불": 0.009934996313520478,
      "받": 0.00901805304713835,
      "세우": 0.007491044467173379,
      "쓰": 0.006255301805037159,
      "다니": 0.005709824938691143,
      "보": 0.005636767165317361,
      "믿": 0.005601123080320606,
      "읽": 0.004774352189095448,
      "가지": 0.0042056934327523625,
      "그러": 0.004142866381054099,
      "보내": 0.004030439384903348,
      "따르": 0.003792148425569234,
      "보이": 0.0037109301674774905,
      "모이": 0.0036328535808143477,
      "죽": 0.0027752535607566396,
      "드리": 0.002608847886652553
    }
  }
}