{
  "scope": "sermon",
  "idf_scope": "church",
  "church": "D-Zg",
  "sermon": "D-Zg-0142",
  "document_unit": "sermon_json",
  "document_count": 664,
  "min_count": 5,
  "freq": {
    "MAG": {
      "자꾸": 13,
      "안": 18,
      "이제": 13,
      "오래": 5,
      "잘": 10,
      "잘못": 6,
      "지금": 5
    },
    "NNB": {
      "거": 36,
      "쪽": 10,
      "가지": 17,
      "절": 7,
      "번": 7,
      "장": 7,
      "중": 6
    },
    "NNG": {
      "사랑": 49,
      "선택": 27,
      "열매": 28,
      "충성": 14,
      "자유": 23,
      "관계": 17,
      "육체": 11,
      "온유": 9,
      "층": 9,
      "절제": 11,
      "양선": 6,
      "성령": 20,
      "콤플렉스": 5,
      "성품": 7,
      "캐릭터": 5,
      "당회장": 5,
      "재주": 5,
      "결혼": 7,
      "기쁨": 10,
      "칭찬": 6,
      "화평": 5,
      "말": 16,
      "기본": 6,
      "하나님": 15,
      "성경": 14,
      "선배": 5,
      "철학": 5,
      "자비": 6,
      "사람": 13,
      "훈련": 5,
      "단어": 6,
      "요새": 5,
      "문제": 7,
      "기준": 5,
      "기초": 5,
      "여자": 5,
      "주제": 5,
      "신앙": 9,
      "절": 10,
      "평생": 5,
      "기도": 9,
      "고난": 5,
      "능력": 5,
      "오늘": 7,
      "생활": 5,
      "은혜": 6,
      "중요": 6,
      "죄": 5,
      "말씀": 6,
      "아버지": 5,
      "교회": 5
    },
    "NNP": {
      "갈라디아서": 7,
      "예수": 19
    },
    "VA": {
      "부드럽": 9,
      "기쁘": 11,
      "그렇": 19,
      "없": 13,
      "좋": 8,
      "같": 7,
      "어떻": 5
    },
    "VV": {
      "있": 44,
      "되": 35,
      "맺": 11,
      "받": 18,
      "보": 17,
      "주": 15,
      "나오": 12,
      "그러": 11,
      "생기": 6,
      "쓰": 9,
      "대하": 8,
      "살": 7,
      "가지": 6
    }
  },
  "tfidf": {
    "MAG": {
      "자꾸": 0.010771682881060573,
      "안": 0.010707353256696193,
      "이제": 0.007594235089463788,
      "오래": 0.006439588059059631,
      "잘": 0.005921628068655172,
      "잘못": 0.005553274622414617,
      "지금": 0.00308904261019014
    },
    "NNB": {
      "거": 0.020903690817909402,
      "쪽": 0.010913287425697644,
      "가지": 0.010204655481113569,
      "절": 0.004034083986546186,
      "번": 0.003926201782064851,
      "장": 0.003873395043217398,
      "중": 0.003400963257310669
    },
    "NNG": {
      "사랑": 0.039146978145534715,
      "선택": 0.0359613949407294,
      "열매": 0.028940744602198677,
      "충성": 0.023174532570321232,
      "자유": 0.02283010300572457,
      "관계": 0.020324658199894128,
      "육체": 0.018279617454936257,
      "온유": 0.01732020100937635,
      "층": 0.017042732981027084,
      "절제": 0.016717483251805814,
      "양선": 0.014917201562329093,
      "성령": 0.013671402633282974,
      "콤플렉스": 0.012748647029169563,
      "성품": 0.012169280718165369,
      "캐릭터": 0.011337513955370889,
      "당회장": 0.010964940226997595,
      "재주": 0.010879318063258167,
      "결혼": 0.010467526727942067,
      "기쁨": 0.010097982346090707,
      "칭찬": 0.009781392317727016,
      "화평": 0.009229367844525714,
      "말": 0.00868205567037038,
      "기본": 0.008165221029887638,
      "하나님": 0.008090614886731391,
      "성경": 0.007959515155223225,
      "선배": 0.007549370752058894,
      "철학": 0.007500777155773354,
      "자비": 0.0070445859596033845,
      "사람": 0.0070224183308157835,
      "훈련": 0.00669500324660445,
      "단어": 0.006561541640726146,
      "요새": 0.006488772491502406,
      "문제": 0.006199016830208611,
      "기준": 0.006047172784865353,
      "기초": 0.005742041565610009,
      "여자": 0.0056556355414875276,
      "주제": 0.005560161088815153,
      "신앙": 0.005535015397978042,
      "절": 0.005409989484735661,
      "평생": 0.004981925189825253,
      "기도": 0.004861674229026312,
      "고난": 0.004729190534292613,
      "능력": 0.0044433240584718986,
      "오늘": 0.00397376928090749,
      "생활": 0.003929757839734285,
      "은혜": 0.003862497584815012,
      "중요": 0.0037237800947445185,
      "죄": 0.0034551966584793017,
      "말씀": 0.0032411161526842078,
      "아버지": 0.003150715185442727,
      "교회": 0.002885834850638395
    },
    "NNP": {
      "갈라디아서": 0.013622312404431819,
      "예수": 0.010248112189859764
    },
    "VA": {
      "부드럽": 0.017614495290038654,
      "기쁘": 0.011620150189035441,
      "그렇": 0.010248112189859764,
      "없": 0.007107411689456822,
      "좋": 0.004687499820878089,
      "같": 0.003908517345610168,
      "어떻": 0.0030425436715857544
    },
    "VV": {
      "있": 0.023732470334412083,
      "되": 0.018878101402373247,
      "맺": 0.011150619160909248,
      "받": 0.009723348458052623,
      "보": 0.00939267718833872,
      "주": 0.008176230658014053,
      "나오": 0.00667014060750862,
      "그러": 0.006141955828815979,
      "생기": 0.005603449983372433,
      "쓰": 0.005518247267550433,
      "대하": 0.005002924431189221,
      "살": 0.003908517345610168,
      "가지": 0.003400963257310669
    }
  }
}