{
  "scope": "sermon",
  "idf_scope": "church",
  "church": "D-Zg",
  "sermon": "D-Zg-0312",
  "document_unit": "sermon_json",
  "document_count": 664,
  "min_count": 5,
  "freq": {
    "MAG": {
      "항상": 7
    },
    "NNB": {
      "수": 7,
      "번": 6
    },
    "NNG": {
      "희망": 55,
      "복권": 7,
      "역정": 7,
      "천로": 6,
      "이장": 6,
      "두려움": 7,
      "온유": 7,
      "사람": 23,
      "소망": 10,
      "연습": 8,
      "하나님": 20,
      "좌절": 7,
      "책": 13,
      "목표": 6,
      "마을": 8,
      "미래": 7,
      "말씀": 13,
      "주인": 6,
      "속": 9,
      "인간": 6,
      "내일": 5,
      "교회": 9,
      "기도": 9,
      "장": 8,
      "성도": 6,
      "말": 8,
      "절": 8,
      "마음": 6,
      "삶": 5,
      "오늘": 6
    },
    "NNP": {
      "베드로전서": 5,
      "예수": 12,
      "그리스도": 5
    },
    "VA": {
      "귀하": 5,
      "그렇": 5
    },
    "VV": {
      "있": 23,
      "되": 20,
      "주": 16,
      "부르짖": 5,
      "대하": 11,
      "모시": 6,
      "쓰": 10,
      "향하": 5,
      "묻": 5,
      "가지": 7,
      "살": 6,
      "읽": 5
    }
  },
  "tfidf": {
    "MAG": {
      "항상": 0.010643684132559584
    },
    "NNB": {
      "수": 0.006440941040591489,
      "번": 0.005697986774127776
    },
    "NNG": {
      "희망": 0.09261071930683111,
      "복권": 0.03765519990644044,
      "역정": 0.0364896739725978,
      "천로": 0.03349859002485459,
      "이장": 0.025902456539266157,
      "두려움": 0.023064627577914696,
      "온유": 0.022808885712804292,
      "사람": 0.02103617579646271,
      "소망": 0.020718524418276412,
      "연습": 0.01868964104508895,
      "하나님": 0.0182648401826484,
      "좌절": 0.017953492336974405,
      "책": 0.016938495511617208,
      "목표": 0.014257245154547633,
      "마을": 0.01331896429872199,
      "미래": 0.011968184007996822,
      "말씀": 0.011890012406696314,
      "주인": 0.00993321470858101,
      "속": 0.00991535146692635,
      "인간": 0.009470388589182676,
      "내일": 0.009335460846110285,
      "교회": 0.0087950758571237,
      "기도": 0.008231547050789755,
      "장": 0.007829638487461245,
      "성도": 0.007427952912494292,
      "말": 0.007350014252450542,
      "절": 0.0073279419212419475,
      "마음": 0.005979497258062224,
      "삶": 0.00596064680160357,
      "오늘": 0.005767020154052827
    },
    "NNP": {
      "베드로전서": 0.017071173173343796,
      "예수": 0.010958904109589041,
      "그리스도": 0.0065570859907225845
    },
    "VA": {
      "귀하": 0.006763442128582737,
      "그렇": 0.0045662100456621
    },
    "VV": {
      "있": 0.021004566210045664,
      "되": 0.0182648401826484,
      "주": 0.014766496574692776,
      "부르짖": 0.011779936597386891,
      "대하": 0.011647219275076824,
      "모시": 0.010500223188351535,
      "쓰": 0.010381360156304923,
      "향하": 0.008819372314587933,
      "묻": 0.007949247793509468,
      "가지": 0.006718067146632856,
      "살": 0.005672321846388455,
      "읽": 0.004842176573313953
    }
  }
}