{
  "scope": "sermon",
  "idf_scope": "church",
  "church": "D-Zg",
  "sermon": "D-Zg-0257",
  "document_unit": "sermon_json",
  "document_count": 664,
  "min_count": 5,
  "freq": {
    "MAG": {
      "잘": 22,
      "안": 15,
      "이제": 13,
      "지금": 10,
      "못": 7,
      "다": 8,
      "많이": 6,
      "꼭": 5,
      "아주": 6
    },
    "NNB": {
      "거": 36,
      "장": 25,
      "절": 12,
      "번": 12,
      "중": 9,
      "수": 9,
      "분": 7,
      "가지": 5
    },
    "NNG": {
      "행복": 35,
      "상상력": 20,
      "생명": 31,
      "비전": 21,
      "자유": 25,
      "하나님": 42,
      "백세": 7,
      "상상": 10,
      "예언": 12,
      "꿈": 14,
      "말씀": 28,
      "대통령": 16,
      "폭포": 5,
      "사람": 27,
      "장악": 5,
      "나라": 21,
      "절": 22,
      "창조": 10,
      "세상": 16,
      "자살": 6,
      "교회": 15,
      "기도": 16,
      "세계": 13,
      "길": 12,
      "마을": 8,
      "민주주의": 6,
      "청년": 8,
      "사랑": 9,
      "젊은이": 5,
      "기억": 7,
      "성경": 12,
      "국민": 8,
      "성도": 9,
      "말": 12,
      "우리나라": 8,
      "목사": 9,
      "뒤": 9,
      "정부": 5,
      "권사": 5,
      "대표": 5,
      "속": 8,
      "미래": 5,
      "복": 6,
      "자녀": 5,
      "장": 8,
      "교인": 5,
      "믿음": 5,
      "얘기": 6,
      "책": 5,
      "뜻": 6,
      "중요": 6,
      "복음": 5,
      "삶": 5,
      "생각": 6,
      "성령": 5,
      "시대": 5,
      "백성": 5
    },
    "NNP": {
      "예수": 19,
      "사도행전": 6,
      "요한복음": 6,
      "대한민국": 7,
      "한": 5,
      "성령": 6,
      "중국": 5,
      "그리스": 5,
      "한국": 5
    },
    "VA": {
      "없": 25,
      "그렇": 15,
      "좋": 12,
      "많": 6
    },
    "VV": {
      "되": 64,
      "있": 46,
      "누리": 19,
      "살": 21,
      "주": 20,
      "얻": 13,
      "가지": 17,
      "나오": 15,
      "믿": 13,
      "지나가": 7,
      "다니": 9,
      "위하": 11,
      "그러": 11,
      "태어나": 5,
      "짓": 8,
      "죽": 9,
      "바라": 9,
      "보": 9,
      "쓰": 8,
      "읽": 8,
      "들어가": 7,
      "찾": 6,
      "만들": 6,
      "받": 8
    }
  },
  "tfidf": {
    "MAG": {
      "잘": 0.01033510336603796,
      "안": 0.007078673847494916,
      "이제": 0.006024694846326856,
      "지금": 0.004901228069569978,
      "못": 0.003591360171993269,
      "다": 0.003522422034653837,
      "많이": 0.003502495891076034,
      "꼭": 0.003393846887072281,
      "아주": 0.002780628390612395
    },
    "NNB": {
      "거": 0.016583415822166898,
      "장": 0.010974500901835467,
      "절": 0.005486295038369064,
      "번": 0.00533957682299522,
      "중": 0.0040471026181347755,
      "수": 0.003880156119263349,
      "분": 0.0036976468957753573,
      "가지": 0.002381060593267457
    },
    "NNG": {
      "행복": 0.02836520072853872,
      "상상력": 0.024519110418709616,
      "생명": 0.022439444189532615,
      "비전": 0.020778958464320534,
      "자유": 0.019686615585111606,
      "하나님": 0.01797175866495507,
      "백세": 0.017097215661101665,
      "상상": 0.014099676599336279,
      "예언": 0.013595670227143706,
      "꿈": 0.012589961809128549,
      "말씀": 0.01199920280403242,
      "대통령": 0.011685226750683512,
      "폭포": 0.01159680252241339,
      "사람": 0.011570659846745547,
      "장악": 0.009861821315275332,
      "나라": 0.009514612965546256,
      "절": 0.00944213312380822,
      "창조": 0.009170734984954394,
      "세상": 0.008047432286004574,
      "자살": 0.007910003678714392,
      "교회": 0.006868212853765834,
      "기도": 0.006856687316589954,
      "세계": 0.006659471477895737,
      "길": 0.006358384371423938,
      "마을": 0.006240593028284373,
      "민주주의": 0.006024378552395571,
      "청년": 0.005905812563496605,
      "사랑": 0.005704212424234735,
      "젊은이": 0.005582879573029741,
      "기억": 0.005554292255493503,
      "성경": 0.005412411919231197,
      "국민": 0.005375089079215951,
      "성도": 0.0052205445694359755,
      "말": 0.005165767398224225,
      "우리나라": 0.005053793573623693,
      "목사": 0.004995833851609494,
      "뒤": 0.004519785240696104,
      "정부": 0.00442033598010615,
      "권사": 0.004355916208023628,
      "대표": 0.004258448232836708,
      "속": 0.004129628624080009,
      "미래": 0.004005489788115569,
      "복": 0.0037349980144283494,
      "자녀": 0.003677885162309638,
      "장": 0.0036685725904022524,
      "교인": 0.0032485511968364865,
      "믿음": 0.0032217064898358684,
      "얘기": 0.003149961576661583,
      "책": 0.0030525085720056683,
      "뜻": 0.003040896121010319,
      "중요": 0.0029541670071272304,
      "복음": 0.0028774688631566887,
      "삶": 0.002792857615642238,
      "생각": 0.0027722518934755113,
      "성령": 0.0027114656057024636,
      "시대": 0.002673966192546793,
      "백성": 0.002645247706598696
    },
    "NNP": {
      "예수": 0.008130081300813009,
      "사도행전": 0.007072798234384092,
      "요한복음": 0.006567765386512323,
      "대한민국": 0.005103168604721171,
      "한": 0.004731536178779031,
      "성령": 0.00420796101974323,
      "중국": 0.004207097886025532,
      "그리스": 0.003731375325350753,
      "한국": 0.0028236422486163488
    },
    "VA": {
      "없": 0.010843241888230265,
      "그렇": 0.006418485237483954,
      "좋": 0.0055780646135481235,
      "많": 0.0028486428076778033
    },
    "VV": {
      "되": 0.02738553701326487,
      "있": 0.019683354728284124,
      "누리": 0.012101787530501566,
      "살": 0.009302170935508667,
      "주": 0.008648541800004596,
      "얻": 0.008646454264715716,
      "가지": 0.00764452716758791,
      "나오": 0.006614484748781013,
      "믿": 0.006228343409854154,
      "지나가": 0.005717415670096269,
      "다니": 0.005494515429610203,
      "위하": 0.005358720664917179,
      "그러": 0.004872565728123587,
      "태어나": 0.004764200860274085,
      "짓": 0.004496631293984974,
      "죽": 0.004272964211516706,
      "바라": 0.0041583778402132674,
      "보": 0.003944881863742352,
      "쓰": 0.0038913442434416407,
      "읽": 0.0036300784580428095,
      "들어가": 0.0035207516251270013,
      "찾": 0.0034914056185612295,
      "만들": 0.00344208383097284,
      "받": 0.003428343658294977
    }
  }
}