{
  "scope": "sermon",
  "idf_scope": "church",
  "church": "D-Zg",
  "sermon": "D-Zg-0223",
  "document_unit": "sermon_json",
  "document_count": 664,
  "min_count": 5,
  "freq": {
    "MAG": {
      "아주": 9,
      "다": 5
    },
    "NNB": {
      "지경": 6,
      "번": 16,
      "장": 14,
      "가지": 11,
      "절": 9,
      "중": 6,
      "수": 6
    },
    "NNG": {
      "기도": 59,
      "족보": 11,
      "근심": 10,
      "응답": 15,
      "출산": 5,
      "환난": 7,
      "절": 21,
      "하나님": 21,
      "제목": 13,
      "어머니": 7,
      "복": 10,
      "주": 10,
      "허락": 7,
      "아들": 8,
      "시작": 9,
      "말씀": 10,
      "이름": 10,
      "장": 9,
      "나라": 9,
      "손": 6,
      "새벽": 5,
      "전체": 5,
      "오늘": 6
    },
    "NNP": {
      "야베스": 42,
      "역대상": 7,
      "야베스라": 5,
      "여호와": 7
    },
    "VA": {
      "없": 9,
      "어렵": 6
    },
    "VV": {
      "넓히": 10,
      "되": 24,
      "낳": 9,
      "벗어나": 8,
      "있": 19,
      "주": 12,
      "태어나": 5,
      "르": 5,
      "바라": 8,
      "드리": 7,
      "받": 6
    }
  },
  "tfidf": {
    "MAG": {
      "아주": 0.00999742853670949,
      "다": 0.005276859163452575
    },
    "NNB": {
      "지경": 0.027130735921831003,
      "번": 0.017064739877387804,
      "장": 0.014730819302820627,
      "가지": 0.012555881983820823,
      "절": 0.009862670388206544,
      "중": 0.0064670624400553645,
      "수": 0.006200290496217741
    },
    "NNG": {
      "기도": 0.060603885722652094,
      "족보": 0.04923817545845513,
      "근심": 0.029187966056393136,
      "응답": 0.023713266886554958,
      "출산": 0.02238098884475233,
      "환난": 0.0222066405679397,
      "절": 0.021603336471661357,
      "하나님": 0.021538461538461538,
      "제목": 0.021331862494311505,
      "어머니": 0.015023904496789895,
      "복": 0.01492083822174197,
      "주": 0.012391978472795221,
      "허락": 0.011685830521295454,
      "아들": 0.011318889203732543,
      "시작": 0.010477258004344089,
      "말씀": 0.010271845037737643,
      "이름": 0.010256410256410256,
      "장": 0.00989244708896546,
      "나라": 0.009773912307904,
      "손": 0.008237413655143248,
      "새벽": 0.007984552130918733,
      "전체": 0.00789118821042349,
      "오늘": 0.0064768072499362525
    },
    "NNP": {
      "야베스": 0.2537381162926294,
      "역대상": 0.03662896653846399,
      "야베스라": 0.03282653718968074,
      "여호와": 0.010669234043375761
    },
    "VA": {
      "없": 0.009356550015800909,
      "어렵": 0.008779953886495074
    },
    "VV": {
      "넓히": 0.041700511140212386,
      "되": 0.024615384615384615,
      "낳": 0.022915451112377815,
      "벗어나": 0.020207872313782356,
      "있": 0.019487179487179488,
      "주": 0.012437933653298917,
      "태어나": 0.01141942298508773,
      "르": 0.009564089423008229,
      "바라": 0.008859832718020199,
      "드리": 0.007488329944190601,
      "받": 0.006163107022642586
    }
  }
}