{
  "scope": "sermon",
  "idf_scope": "church",
  "church": "D-Zg",
  "sermon": "D-Zg-0327",
  "document_unit": "sermon_json",
  "document_count": 664,
  "min_count": 5,
  "freq": {
    "MAG": {
      "이제": 15,
      "안": 6,
      "다": 6
    },
    "NNB": {
      "거": 24,
      "명": 16,
      "장": 8,
      "중": 7,
      "수": 6,
      "가지": 5
    },
    "NNG": {
      "교회": 101,
      "지하": 19,
      "승리자": 8,
      "시록": 8,
      "교인": 18,
      "매물": 5,
      "최후": 6,
      "사람": 23,
      "도장": 6,
      "복": 14,
      "이마": 5,
      "이슬람": 5,
      "전도": 8,
      "선교사": 8,
      "어린양": 5,
      "혁명": 6,
      "계시": 6,
      "문화": 6,
      "세계": 13,
      "구름": 5,
      "감옥": 7,
      "한": 9,
      "섬": 5,
      "날": 13,
      "장": 13,
      "복음": 10,
      "시대": 10,
      "주제": 6,
      "선교": 6,
      "집회": 5,
      "성경": 11,
      "하나님": 11,
      "지도자": 6,
      "목사": 7,
      "말": 9,
      "공부": 5,
      "왕": 5,
      "눈": 5,
      "말씀": 7,
      "나라": 6,
      "백성": 5,
      "절": 6,
      "시작": 5,
      "역사": 5,
      "전": 5
    },
    "NNP": {
      "중국": 24,
      "예수": 25,
      "한국": 18,
      "미국": 16,
      "요한계시록": 8,
      "영국": 7,
      "유럽": 6,
      "예루살렘": 7,
      "북한": 7
    },
    "VA": {
      "그렇": 13,
      "없": 6,
      "어떻": 5,
      "좋": 5
    },
    "VV": {
      "되": 41,
      "요": 12,
      "있": 29,
      "읽": 22,
      "받": 19,
      "듣": 16,
      "보내": 9,
      "일어나": 8,
      "죽": 10,
      "나오": 10,
      "보": 10,
      "나가": 8,
      "지키": 7,
      "타": 5,
      "살": 8,
      "믿": 7,
      "모이": 5,
      "그러": 5,
      "주": 5
    }
  },
  "tfidf": {
    "MAG": {
      "이제": 0.00843500590454461,
      "안": 0.0034356927895318004,
      "다": 0.0032055686506954895
    },
    "NNB": {
      "거": 0.01341482962146211,
      "명": 0.01044705109200988,
      "장": 0.004261251689734493,
      "중": 0.0038194618512788045,
      "수": 0.003138776341543249,
      "가지": 0.002889168539182786
    },
    "NNG": {
      "교회": 0.05611465411437611,
      "지하": 0.03166003343231662,
      "승리자": 0.01870843101599943,
      "시록": 0.014214951596054556,
      "교인": 0.014190400274779191,
      "매물": 0.014071509602741481,
      "최후": 0.013463343334292548,
      "사람": 0.011959819572755279,
      "도장": 0.011719991970007743,
      "복": 0.010574737368991585,
      "이마": 0.010472614584257862,
      "이슬람": 0.010472614584257862,
      "전도": 0.010423071459510354,
      "선교사": 0.009746606214571444,
      "어린양": 0.009530492326497298,
      "혁명": 0.00880672338378177,
      "계시": 0.008449518061912175,
      "문화": 0.008129090069888163,
      "세계": 0.008080573646854796,
      "구름": 0.007936489574676889,
      "감옥": 0.007841209512376586,
      "한": 0.007753015809731102,
      "섬": 0.0075145816580159995,
      "날": 0.007489149977506,
      "장": 0.007233573719432167,
      "복음": 0.006983016337691777,
      "시대": 0.006489157831756859,
      "주제": 0.006422765519416382,
      "선교": 0.006382394352305774,
      "집회": 0.006246201557240634,
      "성경": 0.006020113932488595,
      "하나님": 0.005711318795430945,
      "지도자": 0.005636846063338921,
      "목사": 0.004714829005335162,
      "말": 0.0047010897233839615,
      "공부": 0.004585788587118663,
      "왕": 0.004329970309897034,
      "눈": 0.003948341837369502,
      "말씀": 0.003639945087360302,
      "나라": 0.0032985685358969882,
      "백성": 0.003209732030280972,
      "절": 0.0031246481323052694,
      "시작": 0.002946615482357069,
      "역사": 0.0029421510719740817,
      "전": 0.0027571012225323277
    },
    "NNP": {
      "중국": 0.024503396285711326,
      "예수": 0.012980269989615784,
      "한국": 0.012334302682273656,
      "미국": 0.012264502161535379,
      "요한계시록": 0.011589851876816281,
      "영국": 0.008998621826929929,
      "유럽": 0.007632183904692577,
      "예루살렘": 0.007338544559292337,
      "북한": 0.005481961295345329
    },
    "VA": {
      "그렇": 0.006749740394600207,
      "없": 0.00315771417978743,
      "어떻": 0.0029288037212461,
      "좋": 0.0028201663641965143
    },
    "VV": {
      "되": 0.021287642782969886,
      "요": 0.01700375337190149,
      "있": 0.015057113187954309,
      "읽": 0.012112983764395962,
      "받": 0.009879850951406534,
      "듣": 0.00941488343031706,
      "보내": 0.006274803995655601,
      "일어나": 0.0057943668047388125,
      "죽": 0.005760884598081539,
      "나오": 0.005350657963967195,
      "보": 0.0053185582759696995,
      "나가": 0.004987903608722374,
      "지키": 0.004826897768802997,
      "타": 0.004759502472854159,
      "살": 0.004299890911592494,
      "믿": 0.004069393315832099,
      "모이": 0.003770547408124549,
      "그러": 0.002687431819745309,
      "주": 0.0026235257251571572
    }
  }
}