{
  "scope": "sermon",
  "idf_scope": "church",
  "church": "D-Zg",
  "sermon": "D-Zg-0278",
  "document_unit": "sermon_json",
  "document_count": 664,
  "min_count": 5,
  "freq": {
    "MAG": {
      "다": 14,
      "더": 11,
      "안": 9,
      "지금": 6,
      "아주": 6,
      "못": 5
    },
    "NNB": {
      "거": 26,
      "주": 9,
      "절": 17,
      "분": 12,
      "수": 14,
      "번": 12,
      "장": 11,
      "시": 5
    },
    "NNG": {
      "하나님": 78,
      "사람": 51,
      "구원": 33,
      "종교": 19,
      "차별": 9,
      "율법": 13,
      "길": 26,
      "주": 26,
      "해": 17,
      "태양": 7,
      "지구": 8,
      "식중독": 5,
      "말씀": 25,
      "믿음": 15,
      "찬송": 12,
      "경지": 6,
      "수행": 6,
      "감사": 22,
      "의로": 5,
      "하늘": 18,
      "도": 14,
      "빛": 10,
      "사랑": 13,
      "대책": 6,
      "복음": 14,
      "예배": 15,
      "철학": 6,
      "마지막": 11,
      "안": 12,
      "십자가": 10,
      "은혜": 13,
      "죄": 12,
      "이제": 7,
      "신앙": 13,
      "어머니": 7,
      "절": 14,
      "우울증": 5,
      "계시": 5,
      "성도": 10,
      "날": 12,
      "찬양": 8,
      "기쁨": 7,
      "이름": 13,
      "세상": 11,
      "땅": 12,
      "교회": 12,
      "영혼": 8,
      "주일": 6,
      "말": 12,
      "장": 11,
      "표현": 6,
      "아버지": 9,
      "기도": 10,
      "책": 7,
      "배": 5,
      "나라": 9,
      "성경": 9,
      "인간": 5,
      "오늘": 8,
      "세계": 7,
      "마음": 7,
      "앞": 7,
      "몸": 5,
      "가정": 5,
      "중요": 6
    },
    "NNP": {
      "예수": 44,
      "코페르니쿠스": 7,
      "로마서": 12,
      "경지": 5,
      "그리스도": 13,
      "그리스": 10,
      "로마": 6,
      "멘": 6
    },
    "VA": {
      "없": 25,
      "그렇": 13,
      "같": 10,
      "많": 7
    },
    "VV": {
      "있": 48,
      "되": 44,
      "말미암": 10,
      "믿": 18,
      "읽": 19,
      "이르": 16,
      "받": 19,
      "보": 18,
      "씻": 7,
      "그러": 17,
      "살": 15,
      "바라": 14,
      "얻": 9,
      "깨닫": 7,
      "주": 13,
      "드리": 12,
      "돌": 6,
      "인하": 5,
      "누리": 7,
      "위하": 9,
      "나오": 9,
      "걸리": 5,
      "죽": 8,
      "앉": 6,
      "리": 5,
      "이루": 6,
      "부르": 5,
      "들어가": 5
    }
  },
  "tfidf": {
    "MAG": {
      "다": 0.005357317038388074,
      "더": 0.005081187794907166,
      "안": 0.0036912296277268023,
      "지금": 0.0025557835623469774,
      "아주": 0.002416633896936098,
      "못": 0.0022294556452075306
    },
    "NNB": {
      "거": 0.010409089626322312,
      "주": 0.007758286133608748,
      "절": 0.006754834993782217,
      "분": 0.0055090479490582855,
      "수": 0.0052456901743753665,
      "번": 0.004640606558326452,
      "장": 0.0041966752649086544,
      "시": 0.0034878570741326063
    },
    "NNG": {
      "하나님": 0.02900706582372629,
      "사람": 0.01899470042772422,
      "구원": 0.018418767496244944,
      "종교": 0.015176887034740039,
      "차별": 0.014196807186206525,
      "율법": 0.013318376295947882,
      "길": 0.0119731049701395,
      "주": 0.011682285395513532,
      "해": 0.010166763886244483,
      "태양": 0.00979353735835158,
      "지구": 0.00971567284807317,
      "식중독": 0.009663819166347728,
      "말씀": 0.009311127660649128,
      "믿음": 0.00839991974720687,
      "찬송": 0.008275225628914614,
      "경지": 0.008240515918673561,
      "수행": 0.008240515918673561,
      "감사": 0.008230840616471436,
      "의로": 0.008115085207747685,
      "하늘": 0.007856257424698247,
      "도": 0.007788248281774046,
      "빛": 0.007699670552998934,
      "사랑": 0.007160847802184848,
      "대책": 0.007100704188440781,
      "복음": 0.007002233266252178,
      "예배": 0.006791671404387398,
      "철학": 0.006205923769492212,
      "마지막": 0.0060791337786327915,
      "안": 0.005889640998155215,
      "십자가": 0.005790210730863343,
      "은혜": 0.005770045666865713,
      "죄": 0.005717457438292859,
      "이제": 0.005603851457630605,
      "신앙": 0.005512373088800743,
      "어머니": 0.005447492333347024,
      "절": 0.0052220783587132325,
      "우울증": 0.005058876064604545,
      "계시": 0.0050433159127441585,
      "성도": 0.0050412845166612425,
      "날": 0.0049514899528025486,
      "찬양": 0.0049188494327947335,
      "기쁨": 0.004873618999165682,
      "이름": 0.004834510970621049,
      "세상": 0.00480837071811825,
      "땅": 0.0047825143977891765,
      "교회": 0.004775310803793455,
      "영혼": 0.00472737938747587,
      "주일": 0.0046493565751984395,
      "말": 0.004489549427166238,
      "장": 0.0043839715313067455,
      "표현": 0.004193498344972936,
      "아버지": 0.0039102144726141565,
      "기도": 0.003724451064259651,
      "책": 0.003714093546258143,
      "배": 0.0035984876038177033,
      "나라": 0.0035439064708837485,
      "성경": 0.0035279304542329797,
      "인간": 0.0032137335766564495,
      "오늘": 0.0031312195704414755,
      "세계": 0.0031164657695710836,
      "마음": 0.002840761527398472,
      "앞": 0.0028321983676540354,
      "몸": 0.0027541722316095567,
      "가정": 0.0026401149973229155,
      "중요": 0.0025674556696379087
    },
    "NNP": {
      "예수": 0.016362960208255856,
      "코페르니쿠스": 0.013803621139173465,
      "로마서": 0.01221694208638794,
      "경지": 0.009663819166347728,
      "그리스도": 0.0069423666104824104,
      "그리스": 0.006485849115168992,
      "로마": 0.00539616811231995,
      "멘": 0.003715082864097989
    },
    "VA": {
      "없": 0.009423821603865425,
      "그렇": 0.004834510970621049,
      "같": 0.0038497535774112794,
      "많": 0.00288836913913482
    },
    "VV": {
      "있": 0.017850502045370024,
      "되": 0.016362960208255856,
      "말미암": 0.00791799558396501,
      "믿": 0.007494965067909857,
      "읽": 0.007492858579977448,
      "이르": 0.0074711499590457,
      "받": 0.007076457022093337,
      "보": 0.006856964608081723,
      "씻": 0.00660416395417316,
      "그러": 0.006544581081599174,
      "살": 0.005774630366116919,
      "바라": 0.005621825799599095,
      "얻": 0.0052024164702281555,
      "깨닫": 0.004998289513829462,
      "주": 0.004885670294271841,
      "드리": 0.004654595991448229,
      "돌": 0.0046394616021946476,
      "인하": 0.004289383022993015,
      "누리": 0.003874912258743714,
      "위하": 0.003810472691612395,
      "나오": 0.0034491746057049967,
      "걸리": 0.00332103799766918,
      "죽": 0.0033009933018683657,
      "앉": 0.0031938150667424553,
      "리": 0.0031454900533198406,
      "이루": 0.002691783774955833,
      "부르": 0.0023347343622017814,
      "들어가": 0.002185623053690114
    }
  }
}