{
  "scope": "sermon",
  "idf_scope": "church",
  "church": "D-Zg",
  "sermon": "D-Zg-0230",
  "document_unit": "sermon_json",
  "document_count": 664,
  "min_count": 5,
  "freq": {
    "MAG": {
      "다": 20,
      "안": 14,
      "잘": 11,
      "막": 8,
      "못": 6,
      "더": 5,
      "아주": 5
    },
    "NNB": {
      "거": 47,
      "장": 35,
      "세": 9,
      "달": 6,
      "절": 11,
      "번": 7,
      "분": 5,
      "수": 5
    },
    "NNG": {
      "조회": 13,
      "달란트": 15,
      "생명": 38,
      "탤런트": 10,
      "천국": 29,
      "어머니": 21,
      "기초": 19,
      "본질": 15,
      "요한복음": 9,
      "하나님": 33,
      "사람": 32,
      "경영": 10,
      "마더": 5,
      "란트": 5,
      "충성": 8,
      "신앙": 20,
      "회개": 12,
      "비유": 8,
      "절": 21,
      "증거": 8,
      "소유": 6,
      "말씀": 19,
      "말": 16,
      "마지막": 10,
      "사랑": 10,
      "복음": 11,
      "생활": 10,
      "모태": 5,
      "교회": 13,
      "당": 5,
      "권사": 6,
      "뒤": 10,
      "종": 5,
      "핵심": 6,
      "세상": 9,
      "병": 5,
      "주인": 5,
      "믿음": 6,
      "이름": 9,
      "도": 6,
      "두레": 5,
      "이해": 5,
      "생각": 7,
      "나라": 7,
      "주": 6,
      "아들": 5,
      "날": 6,
      "성경": 6,
      "감사": 6,
      "장": 5
    },
    "NNP": {
      "비오스": 9,
      "예수": 46,
      "요한복음": 12,
      "마태복음": 13,
      "그리스": 9,
      "그리스도": 9,
      "영어": 7
    },
    "VA": {
      "착하": 7,
      "작": 9,
      "그렇": 13,
      "어떻": 7,
      "없": 7
    },
    "VV": {
      "믿": 40,
      "되": 37,
      "얻": 22,
      "있": 33,
      "누리": 22,
      "뒤집": 8,
      "받": 18,
      "맡기": 7,
      "그러": 16,
      "더불": 6,
      "주": 14,
      "뜨": 5,
      "죽": 11,
      "쓰": 10,
      "찾": 6,
      "구하": 5,
      "잡": 5,
      "가지": 7,
      "나오": 7,
      "러": 5,
      "짓": 5,
      "살": 6,
      "듣": 5,
      "드리": 5
    }
  },
  "tfidf": {
    "MAG": {
      "다": 0.009532075376315443,
      "안": 0.007151460581823025,
      "잘": 0.005593593461424435,
      "막": 0.005417012026803951,
      "못": 0.003332101656301834,
      "더": 0.0028766082741389894,
      "아주": 0.0025082324181184066
    },
    "NNB": {
      "거": 0.02343556443943942,
      "장": 0.01663101994007655,
      "세": 0.00941285791123942,
      "달": 0.005693604225354758,
      "절": 0.005443731146802283,
      "번": 0.0033715507660714377,
      "분": 0.0028589296616909317,
      "수": 0.0023333654600170978
    },
    "NNG": {
      "조회": 0.03681121113199052,
      "달란트": 0.03377070202205138,
      "생명": 0.029774197742318476,
      "탤런트": 0.024072264695052376,
      "천국": 0.020428965723430864,
      "어머니": 0.020354293956975657,
      "기초": 0.018737300249205946,
      "본질": 0.016759083178023184,
      "요한복음": 0.015303525149375096,
      "하나님": 0.015284854099119963,
      "사람": 0.014843981712710258,
      "경영": 0.01309383143211648,
      "마더": 0.012552907593737884,
      "란트": 0.012280135394441026,
      "충성": 0.01137182118318681,
      "신앙": 0.010562419379189223,
      "회개": 0.01040573928836619,
      "비유": 0.009840110992856926,
      "절": 0.009756022723422799,
      "증거": 0.009174271495357399,
      "소유": 0.009116107463121113,
      "말씀": 0.008813614141921715,
      "말": 0.007455549426987812,
      "마지막": 0.006883149071852952,
      "사랑": 0.006860555007686983,
      "복음": 0.006852347574355627,
      "생활": 0.0067492089253055705,
      "모태": 0.006680561657745703,
      "교회": 0.006443204406677777,
      "당": 0.0063007492995468374,
      "권사": 0.005658050677990487,
      "뒤": 0.005436023934695483,
      "종": 0.005041169665394733,
      "핵심": 0.004909066504191132,
      "세상": 0.004899885458300551,
      "병": 0.004437912764877617,
      "주인": 0.004198266985447046,
      "믿음": 0.004184786327047572,
      "이름": 0.0041685965724872626,
      "도": 0.0041572023350143076,
      "두레": 0.0038694799051543468,
      "이해": 0.0037694980342298247,
      "생각": 0.0035009470993797973,
      "나라": 0.0034330169060493437,
      "주": 0.0033577153342219564,
      "아들": 0.003194742060456007,
      "날": 0.0030835008066433657,
      "성경": 0.0029293206705056298,
      "감사": 0.0027958310351204295,
      "장": 0.002481893858201153
    },
    "NNP": {
      "비오스": 0.022104243709993848,
      "예수": 0.021306160259379342,
      "요한복음": 0.014218497182287447,
      "마태복음": 0.013225691395904642,
      "그리스": 0.0072702192883837315,
      "그리스도": 0.005986112314828261,
      "영어": 0.004701424315871827
    },
    "VA": {
      "착하": 0.009726651964927802,
      "작": 0.00907410539771052,
      "그렇": 0.006021306160259379,
      "어떻": 0.0036578167457007797,
      "없": 0.0032864213811868255
    },
    "VV": {
      "믿": 0.020744131611970154,
      "되": 0.01713756368689208,
      "얻": 0.015838842753628596,
      "있": 0.015284854099119963,
      "누리": 0.015167872652865785,
      "뒤집": 0.010050191006480068,
      "받": 0.00834973971339952,
      "맡기": 0.00822538067289098,
      "그러": 0.007671690500905182,
      "더불": 0.006899047347404159,
      "주": 0.006553103071156793,
      "뜨": 0.005673763393715417,
      "죽": 0.005653084812179504,
      "쓰": 0.005265210454448306,
      "찾": 0.003779256568123017,
      "구하": 0.0034758000896460656,
      "잡": 0.0034246495861656504,
      "가지": 0.0034072642545451494,
      "나오": 0.0033412492204819696,
      "러": 0.003267119419196406,
      "짓": 0.003042099158766467,
      "살": 0.0028768839378394435,
      "듣": 0.002624633147115369,
      "드리": 0.002415510386946945
    }
  }
}