{
  "scope": "sermon",
  "idf_scope": "church",
  "church": "D-Zg",
  "sermon": "D-Zg-0600",
  "document_unit": "sermon_json",
  "document_count": 664,
  "min_count": 5,
  "freq": {
    "MAG": {
      "안": 25,
      "다": 14,
      "이제": 8
    },
    "NNB": {
      "거": 31,
      "장": 14,
      "절": 7,
      "명": 5
    },
    "NNG": {
      "공동체": 54,
      "하나님": 42,
      "수염": 9,
      "사람": 39,
      "방": 14,
      "다리": 10,
      "삼위일체": 6,
      "태양빛": 5,
      "재수": 5,
      "찬물": 5,
      "성자": 8,
      "동상": 5,
      "천국": 12,
      "지구": 5,
      "교회": 15,
      "영생": 7,
      "두레": 9,
      "설명": 6,
      "일반": 5,
      "기름": 5,
      "형제": 7,
      "성경": 11,
      "신앙": 10,
      "말": 11,
      "얘기": 9,
      "청년": 6,
      "두레마을": 5,
      "물": 5,
      "성": 5,
      "돈": 5,
      "기도": 8,
      "절": 7,
      "말씀": 7,
      "성도": 5,
      "이름": 6,
      "땅": 5
    },
    "NNP": {
      "성부": 8,
      "사도행전": 10,
      "성령": 16,
      "예수": 13
    },
    "VA": {
      "없": 14,
      "그렇": 14,
      "아름답": 6,
      "뜨겁": 5,
      "다르": 6,
      "같": 8,
      "어떻": 7
    },
    "VV": {
      "되": 43,
      "있": 35,
      "살": 24,
      "먹": 17,
      "모이": 9,
      "그러": 12,
      "시키": 5,
      "계시": 8,
      "바뀌": 5,
      "쓰": 8,
      "걸리": 5,
      "이루": 6,
      "나오": 7,
      "나가": 6,
      "들어가": 6,
      "받": 6,
      "믿": 5,
      "보": 5
    }
  },
  "tfidf": {
    "MAG": {
      "안": 0.015621209425491613,
      "다": 0.008161940802394069,
      "이제": 0.004909030065239787
    },
    "NNB": {
      "거": 0.018908069343225135,
      "장": 0.008137421427903746,
      "절": 0.0042375023858677785,
      "명": 0.0035625036124665417
    },
    "NNG": {
      "공동체": 0.06485781478993276,
      "하나님": 0.02379603399433428,
      "수염": 0.023228403712977175,
      "사람": 0.022129569833426285,
      "방": 0.01766290354067394,
      "다리": 0.016631381581801802,
      "삼위일체": 0.014691444340990055,
      "태양빛": 0.014452951183732249,
      "재수": 0.013769772552522933,
      "찬물": 0.013769772552522933,
      "성자": 0.013498010033345331,
      "동상": 0.010657556437315824,
      "천국": 0.010340405274253136,
      "지구": 0.009251219648891203,
      "교회": 0.009094058605807793,
      "영생": 0.008537539132900113,
      "두레": 0.008519871278986301,
      "설명": 0.008372241716404162,
      "일반": 0.008143949652610718,
      "기름": 0.00803498001853764,
      "형제": 0.007705786318806921,
      "성경": 0.006569257469673106,
      "신앙": 0.006460131286025364,
      "말": 0.006269895302462236,
      "얘기": 0.006256198474213699,
      "청년": 0.005864823212843442,
      "두레마을": 0.005840531817939543,
      "물": 0.0051354438649179445,
      "성": 0.004994942615231338,
      "돈": 0.004775230903203365,
      "기도": 0.004539398940190007,
      "절": 0.003977951474951808,
      "말씀": 0.003971974072666256,
      "성도": 0.0038402306134000235,
      "이름": 0.0033994334277620396,
      "땅": 0.003035925688303847
    },
    "NNP": {
      "성부": 0.01775079026492802,
      "사도행전": 0.015608243129136567,
      "성령": 0.014857797776226523,
      "예수": 0.0073654390934844195
    },
    "VA": {
      "없": 0.008040094914427599,
      "그렇": 0.00793201133144476,
      "아름답": 0.0074331367533622674,
      "뜨겁": 0.006084784439602798,
      "다르": 0.0049213525384638095,
      "같": 0.004692118921091866,
      "어떻": 0.0044743492090470165
    },
    "VV": {
      "되": 0.024362606232294616,
      "있": 0.019830028328611898,
      "살": 0.014076356763275599,
      "먹": 0.012340043997954743,
      "모이": 0.007406081447300955,
      "그러": 0.0070381783816377995,
      "시키": 0.006250657835499609,
      "계시": 0.00611528282021337,
      "바뀌": 0.00531379471520826,
      "쓰": 0.005152448440183067,
      "걸리": 0.0050596437256274366,
      "이루": 0.004100966895669255,
      "나오": 0.004087114485564064,
      "나가": 0.004082168137563439,
      "들어가": 0.003995789501216577,
      "받": 0.0034045492051425047,
      "믿": 0.0031718541182892044,
      "보": 0.0029018536089285103
    }
  }
}