{
  "scope": "sermon",
  "idf_scope": "church",
  "church": "D-Zg",
  "sermon": "D-Zg-0346",
  "document_unit": "sermon_json",
  "document_count": 664,
  "min_count": 5,
  "freq": {
    "MAG": {
      "그냥": 9,
      "다": 8,
      "아주": 6,
      "못": 5,
      "안": 5
    },
    "NNB": {
      "가지": 22,
      "거": 13,
      "번": 7,
      "중": 6,
      "수": 6,
      "장": 5
    },
    "NNG": {
      "도문": 19,
      "주기": 19,
      "용서": 28,
      "기도": 54,
      "주기도문": 7,
      "부분": 13,
      "아버지": 24,
      "하늘": 22,
      "일용": 11,
      "시어머니": 5,
      "양식": 11,
      "죄": 15,
      "땅": 17,
      "하나님": 17,
      "설교": 9,
      "뜻": 13,
      "나라": 14,
      "짓": 6,
      "영광": 9,
      "이름": 10,
      "제목": 6,
      "찬송": 5,
      "목사": 7,
      "내용": 5,
      "악": 5,
      "성경": 8,
      "장": 7,
      "사람": 7,
      "생각": 5,
      "교회": 5,
      "말": 5
    },
    "NNP": {
      "누가복음": 7,
      "예수": 14
    },
    "VA": {
      "쉽": 7,
      "어렵": 6,
      "없": 6
    },
    "VV": {
      "속하": 11,
      "가르치": 11,
      "있": 19,
      "죄짓": 7,
      "나오": 15,
      "담": 5,
      "올리": 5,
      "그러": 9,
      "두": 5,
      "이루어지": 5,
      "계시": 6,
      "주": 8,
      "부르": 6,
      "드리": 7,
      "만나": 5,
      "받": 6,
      "되": 6
    }
  },
  "tfidf": {
    "MAG": {
      "그냥": 0.009622632833765637,
      "다": 0.007195717041071694,
      "아주": 0.005680357123130392,
      "못": 0.005240390061156513,
      "안": 0.0048201808804183045
    },
    "NNB": {
      "가지": 0.02140207156333095,
      "거": 0.012233409967299253,
      "번": 0.006362917923031674,
      "중": 0.005511700943229004,
      "수": 0.005284338491094666,
      "장": 0.004483812693634525
    },
    "NNG": {
      "도문": 0.0710990499125572,
      "주기": 0.06648803330821512,
      "용서": 0.049831072200740234,
      "기도": 0.04727383227595165,
      "주기도문": 0.027559775672826085,
      "부분": 0.026026146452436737,
      "아버지": 0.024509479526478944,
      "하늘": 0.022569953221168365,
      "일용": 0.02093054866843698,
      "시어머니": 0.019472310327501883,
      "양식": 0.018425872421866878,
      "죄": 0.016798779558096045,
      "땅": 0.015925340957614848,
      "하나님": 0.01486013986013986,
      "설교": 0.01434204470759454,
      "뜻": 0.013459420899244538,
      "나라": 0.012957838286993938,
      "짓": 0.012951131744388559,
      "영광": 0.010016829844681378,
      "이름": 0.008741258741258742,
      "제목": 0.008391029827307847,
      "찬송": 0.008104633492188009,
      "목사": 0.007937727853387694,
      "내용": 0.007864263405879231,
      "악": 0.007664265079177015,
      "성경": 0.0073710994494424874,
      "장": 0.006557493335488467,
      "사람": 0.006128089369104844,
      "생각": 0.00471937112110451,
      "교회": 0.004676868717730406,
      "말": 0.004396998255262972
    },
    "NNP": {
      "누가복음": 0.017835434382777075,
      "예수": 0.012237762237762238
    },
    "VA": {
      "쉽": 0.011175914697893821,
      "어렵": 0.007482915244171938,
      "없": 0.00531622159988688
    },
    "VV": {
      "속하": 0.023495588801034098,
      "가르치": 0.017661793851152963,
      "있": 0.016608391608391608,
      "죄짓": 0.01468482892466922,
      "나오": 0.013512282218445129,
      "담": 0.012002608608170848,
      "올리": 0.009049132044149534,
      "그러": 0.008144046007598809,
      "두": 0.007513302119158762,
      "이루어지": 0.007289792672081894,
      "계시": 0.0070761412878124555,
      "주": 0.007067007757556202,
      "부르": 0.0065854203146439765,
      "드리": 0.006382099384253353,
      "만나": 0.006038854207231234,
      "받": 0.005252648030661295,
      "되": 0.005244755244755245
    }
  }
}