{
  "scope": "sermon",
  "idf_scope": "church",
  "church": "D-Zg",
  "sermon": "D-Zg-0028",
  "document_unit": "sermon_json",
  "document_count": 664,
  "min_count": 5,
  "freq": {
    "MAG": {
      "먼저": 17,
      "다": 19,
      "잘": 15,
      "다시": 12,
      "아주": 9,
      "더": 7,
      "가장": 5,
      "너무": 6,
      "안": 5
    },
    "NNB": {
      "거": 19,
      "장": 16,
      "달": 7,
      "수": 14,
      "번": 11,
      "데": 8,
      "가지": 6,
      "중": 6
    },
    "NNG": {
      "기초": 37,
      "디테일": 15,
      "달란트": 11,
      "하나님": 52,
      "퍼펙트": 6,
      "란트": 7,
      "비유": 13,
      "본질": 14,
      "파운데이션": 7,
      "말씀": 31,
      "악마": 5,
      "탤런트": 5,
      "사람": 23,
      "정성": 8,
      "나라": 20,
      "경영": 7,
      "비": 8,
      "교회": 17,
      "아버지": 14,
      "절": 16,
      "세대": 6,
      "분열": 5,
      "건축": 5,
      "의지": 6,
      "잔치": 5,
      "염려": 5,
      "용기": 6,
      "예배드": 6,
      "사랑": 9,
      "주": 11,
      "미래": 7,
      "중요": 11,
      "내일": 6,
      "통일": 7,
      "삶": 9,
      "찬송": 6,
      "가족": 6,
      "주인": 6,
      "나중": 6,
      "장": 10,
      "천국": 7,
      "오늘": 10,
      "국가": 6,
      "정치": 6,
      "마음": 9,
      "성도": 7,
      "목사": 7,
      "역사": 8,
      "두레": 5,
      "위": 6,
      "시대": 6,
      "예배": 6,
      "앞": 6,
      "감사": 6,
      "기도": 6,
      "세계": 5,
      "은혜": 5,
      "전": 5,
      "말": 5
    },
    "NNP": {
      "마태복음": 12,
      "독일": 8,
      "이사야": 6,
      "영어": 10,
      "예수": 12
    },
    "VA": {
      "작": 10,
      "없": 9,
      "그렇": 8,
      "좋": 6,
      "어떻": 5
    },
    "VV": {
      "되": 57,
      "있": 45,
      "허물어": 10,
      "받": 23,
      "구하": 15,
      "쌓": 7,
      "찍": 6,
      "일으키": 8,
      "맡기": 5,
      "드리": 12,
      "주": 12,
      "리": 7,
      "살": 10,
      "그러": 9,
      "위하": 8,
      "쓰": 8,
      "대하": 7,
      "세우": 6,
      "나가": 6,
      "통하": 5,
      "바라": 6,
      "따르": 5,
      "가지": 6,
      "믿": 5,
      "보": 5
    }
  },
  "tfidf": {
    "MAG": {
      "먼저": 0.012730704358073728,
      "다": 0.008716345608823804,
      "잘": 0.007341973989714682,
      "다시": 0.00625029972766204,
      "아주": 0.0043457391098046146,
      "더": 0.0038764316403979084,
      "가장": 0.0036033541064814426,
      "너무": 0.0034431946809745932,
      "안": 0.00245844267819819
    },
    "NNB": {
      "거": 0.009119153573483885,
      "장": 0.007318030097573459,
      "달": 0.006393776241476181,
      "수": 0.006288747605392492,
      "번": 0.00509973626797214,
      "데": 0.004729383635323826,
      "가지": 0.0029770157502270423,
      "중": 0.0028111394913303525
    },
    "NNG": {
      "기초": 0.03512194091107583,
      "디테일": 0.03475614320772498,
      "달란트": 0.0238377293006895,
      "하나님": 0.0231832367365136,
      "퍼펙트": 0.01712307111543757,
      "란트": 0.01654834473617363,
      "비유": 0.015391350603907455,
      "본질": 0.01505602758623655,
      "파운데이션": 0.014954149744483064,
      "말씀": 0.013841574510281776,
      "악마": 0.01182024624012402,
      "탤런트": 0.01158538106924166,
      "사람": 0.010269555281821963,
      "정성": 0.009764112727090853,
      "나라": 0.009441288453169267,
      "경영": 0.008822428641710938,
      "비": 0.008389808520169063,
      "교회": 0.008110186609221661,
      "아버지": 0.007292016348939046,
      "절": 0.007154789481729765,
      "세대": 0.007041246340259309,
      "분열": 0.0070351797119977055,
      "건축": 0.006894934893873386,
      "의지": 0.006605481371190598,
      "잔치": 0.006520454886652856,
      "염려": 0.0063651273774286265,
      "용기": 0.006355300208433157,
      "예배드": 0.006012073863421911,
      "사랑": 0.005943265463859374,
      "주": 0.005925277267977206,
      "미래": 0.0058426934858477565,
      "중요": 0.005642946296048426,
      "내일": 0.005468923562991046,
      "통일": 0.005384150007035274,
      "삶": 0.005237822044565598,
      "찬송": 0.0049603392144786885,
      "가족": 0.004932131689262599,
      "주인": 0.004849251050332682,
      "나중": 0.004813223719835492,
      "장": 0.0047778946409775215,
      "천국": 0.0047464596211694715,
      "오늘": 0.004692292367876242,
      "국가": 0.004673779050816463,
      "정치": 0.004648423516386118,
      "마음": 0.004378655482107536,
      "성도": 0.004230588428761238,
      "목사": 0.004048488927452306,
      "역사": 0.004042145672490115,
      "두레": 0.0037245684865038946,
      "위": 0.003453937622539167,
      "시대": 0.0033432326305743317,
      "예배": 0.0032568532155858605,
      "앞": 0.0029103043413623467,
      "감사": 0.0026911275991194864,
      "기도": 0.00267901442134486,
      "세계": 0.0026686760252138857,
      "은혜": 0.0026605255321173397,
      "전": 0.0023674440279078304,
      "말": 0.002242606332599572
    },
    "NNP": {
      "마태복음": 0.011751130446349239,
      "독일": 0.008129937460820434,
      "이사야": 0.007439914853394809,
      "영어": 0.0064647952983677955,
      "예수": 0.005349977708426215
    },
    "VA": {
      "작": 0.00970475729610988,
      "없": 0.004067158388500172,
      "그렇": 0.0035666518056174765,
      "좋": 0.0029059155153504162,
      "어떻": 0.0025148800566740922
    },
    "VV": {
      "되": 0.02541239411502452,
      "있": 0.020062416406598307,
      "허물어": 0.017218907182030622,
      "받": 0.010269555281821963,
      "구하": 0.010036895755968599,
      "쌓": 0.0077268594019915485,
      "찍": 0.006900952603194996,
      "일으키": 0.006441568976738848,
      "맡기": 0.005655243892991411,
      "드리": 0.005580119759698747,
      "주": 0.0054065917574527165,
      "리": 0.00527931870473824,
      "살": 0.004615241805465417,
      "그러": 0.004153717624918875,
      "위하": 0.004060578022587102,
      "쓰": 0.004054423315614407,
      "대하": 0.0036183656524729,
      "세우": 0.0033380735376459174,
      "나가": 0.0032122277141326213,
      "통하": 0.002951225525078228,
      "바라": 0.00288843186582803,
      "따르": 0.002816356331814868,
      "가지": 0.0028111394913303525,
      "믿": 0.002495908390004657,
      "보": 0.0022834469994466432
    }
  }
}