{
  "scope": "sermon",
  "idf_scope": "church",
  "church": "D-Zg",
  "sermon": "D-Zg-0649",
  "document_unit": "sermon_json",
  "document_count": 664,
  "min_count": 5,
  "freq": {
    "MAG": {
      "완전히": 5,
      "다": 8,
      "다시": 5
    },
    "NNB": {
      "수": 32,
      "장": 13,
      "중": 5
    },
    "NNG": {
      "바이러스": 18,
      "장대": 15,
      "뱀": 15,
      "에누": 9,
      "불뱀": 8,
      "구리": 11,
      "교회": 37,
      "절": 34,
      "이륙": 5,
      "신광": 9,
      "역사": 23,
      "하나님": 26,
      "은과": 5,
      "앉은뱅이": 5,
      "말씀": 25,
      "찬미": 6,
      "백성": 19,
      "침체": 5,
      "나라": 22,
      "모세": 9,
      "위": 16,
      "사회학": 5,
      "해": 12,
      "광야": 8,
      "에너지": 5,
      "이름": 16,
      "원망": 5,
      "힘": 11,
      "금": 6,
      "성전": 6,
      "장": 13,
      "길": 11,
      "심령": 7,
      "안": 10,
      "십자가": 8,
      "기도": 12,
      "개인": 5,
      "사람": 11,
      "복음": 8,
      "땅": 10,
      "빛": 5,
      "뒤": 7,
      "문제": 5,
      "지금": 6,
      "전": 7,
      "가정": 5,
      "자리": 5,
      "성령": 5,
      "주": 5,
      "시작": 5,
      "앞": 5,
      "말": 5
    },
    "NNP": {
      "예수": 39,
      "베드로": 14,
      "나사렛": 9,
      "그리스도": 18,
      "두레": 8,
      "요한복음": 8,
      "성령": 12,
      "일본": 10,
      "이스라엘": 6,
      "한국": 5
    },
    "VA": {
      "새롭": 29,
      "없": 14,
      "그렇": 11,
      "크": 5
    },
    "VV": {
      "되": 65,
      "있": 45,
      "쳐다보": 9,
      "걷": 12,
      "망하": 10,
      "주": 21,
      "물리": 5,
      "달리": 7,
      "일어나": 14,
      "얻": 12,
      "가지": 17,
      "뛰": 6,
      "일어서": 6,
      "바라": 13,
      "지나가": 7,
      "달라지": 5,
      "일으키": 7,
      "뜨": 5,
      "죽": 11,
      "살": 10,
      "받": 10,
      "임하": 6,
      "그러": 8,
      "당하": 5,
      "믿": 7,
      "맞": 5,
      "서": 5,
      "만들": 5,
      "드리": 6,
      "보": 6
    }
  },
  "tfidf": {
    "MAG": {
      "완전히": 0.004752049561432993,
      "다": 0.00424324757473506,
      "다시": 0.003011044306088049
    },
    "NNB": {
      "수": 0.01661933535068673,
      "장": 0.006874563131931201,
      "중": 0.0027084990889407134
    },
    "NNG": {
      "바이러스": 0.045787153761596755,
      "장대": 0.0409991943040178,
      "뱀": 0.030068575732048682,
      "에누": 0.028361563977228697,
      "불뱀": 0.023538258026506387,
      "구리": 0.023239425901510666,
      "교회": 0.020408505060215736,
      "절": 0.017578561709267894,
      "이륙": 0.01575642443179372,
      "신광": 0.015017507460067447,
      "역사": 0.013436227648072976,
      "하나님": 0.013402061855670102,
      "은과": 0.013394850380571671,
      "앉은뱅이": 0.013149205587261556,
      "말씀": 0.012905990865714177,
      "찬미": 0.012574638668569199,
      "백성": 0.012108962259391948,
      "침체": 0.012027251795359892,
      "나라": 0.012007469587888933,
      "모세": 0.01093974812236018,
      "위": 0.010649047542756498,
      "사회학": 0.010563375409777575,
      "해": 0.009947275229876804,
      "광야": 0.009871511615485664,
      "에너지": 0.009001169730472637,
      "이름": 0.008247422680412371,
      "원망": 0.007879215938570973,
      "힘": 0.007859357458278274,
      "금": 0.007824661054886144,
      "성전": 0.007441351051079665,
      "장": 0.007181372671972347,
      "길": 0.00702126232973347,
      "심령": 0.006873984344009333,
      "안": 0.006802940139192171,
      "십자가": 0.006420567692903724,
      "기도": 0.006194875615542805,
      "개인": 0.00588879196661564,
      "사람": 0.005678635980914238,
      "복음": 0.005546098749028603,
      "땅": 0.005524132824594114,
      "빛": 0.005336189205416013,
      "뒤": 0.004234774728095508,
      "문제": 0.0042315821808566875,
      "지금": 0.00395013641005511,
      "전": 0.0038320864620804995,
      "가정": 0.0036594171277326394,
      "자리": 0.0033226468134824774,
      "성령": 0.0032663376909931223,
      "주": 0.0031139636626225102,
      "시작": 0.0029253512469173786,
      "앞": 0.002804043229242158,
      "말": 0.002592869074237546
    },
    "NNP": {
      "예수": 0.020103092783505156,
      "베드로": 0.019943422830752074,
      "나사렛": 0.017564914827610266,
      "그리스도": 0.013323728337849707,
      "두레": 0.011506213770488742,
      "요한복음": 0.01054904997132598,
      "성령": 0.01013814938468034,
      "일본": 0.009155680096409656,
      "이스라엘": 0.0047195178209894625,
      "한국": 0.0034014700695960856
    },
    "VA": {
      "새롭": 0.022925550899192113,
      "없": 0.007314828620600367,
      "그렇": 0.005670103092783505,
      "크": 0.0029927653671460593
    },
    "VV": {
      "되": 0.03350515463917526,
      "있": 0.023195876288659795,
      "쳐다보": 0.015017507460067447,
      "걷": 0.012806854092998431,
      "망하": 0.011478285990165501,
      "주": 0.010939290874196534,
      "물리": 0.010834923130545168,
      "달리": 0.010629572702776905,
      "일어나": 0.010066965626480498,
      "얻": 0.009614637724016158,
      "가지": 0.009208896902398424,
      "뛰": 0.008188938484751248,
      "일어서": 0.00765744284477189,
      "바라": 0.0072357203415532225,
      "지나가": 0.006887422897430403,
      "달라지": 0.006824115403959373,
      "일으키": 0.00651669294483097,
      "뜨": 0.006314255240737931,
      "죽": 0.006291242324482241,
      "살": 0.005336075963741717,
      "받": 0.005162396346285671,
      "임하": 0.004611259346020389,
      "그러": 0.0042688607709933735,
      "당하": 0.004238956490859347,
      "믿": 0.004040026559944652,
      "맞": 0.003707036396205766,
      "서": 0.0035216211279876434,
      "만들": 0.00345539085609258,
      "드리": 0.003225826964176363,
      "보": 0.0031681061565518474
    }
  }
}