{
  "scope": "sermon",
  "idf_scope": "church",
  "church": "D-Zg",
  "sermon": "D-Zg-0334",
  "document_unit": "sermon_json",
  "document_count": 664,
  "min_count": 5,
  "freq": {
    "MAG": {
      "안": 28,
      "잘": 12,
      "못": 9,
      "막": 7,
      "아주": 8,
      "가장": 5,
      "다": 6
    },
    "NNB": {
      "거": 29,
      "번": 21,
      "점": 5,
      "간": 8,
      "가지": 9,
      "중": 8,
      "수": 7
    },
    "NNG": {
      "가정": 54,
      "위기": 20,
      "관계": 23,
      "가정학": 7,
      "가족학": 6,
      "룰": 6,
      "가족": 19,
      "열등감": 7,
      "문제": 20,
      "둘레": 7,
      "아버지": 26,
      "대화": 11,
      "지수": 6,
      "효도": 5,
      "부모": 9,
      "자녀": 12,
      "가치관": 7,
      "애": 9,
      "남편": 8,
      "어머니": 9,
      "흙": 5,
      "예배": 15,
      "말": 18,
      "평가": 5,
      "중요": 15,
      "교회": 16,
      "사회": 9,
      "스트레스": 5,
      "선생": 8,
      "학교": 8,
      "사랑": 10,
      "딸": 6,
      "국가": 8,
      "이웃": 6,
      "아들": 10,
      "행복": 7,
      "생각": 12,
      "마을": 7,
      "기도": 12,
      "부부": 5,
      "저녁": 6,
      "사람": 11,
      "요즘": 7,
      "성경": 10,
      "자식": 5,
      "말씀": 10,
      "달": 5,
      "이해": 6,
      "사명": 5,
      "제목": 6,
      "국민": 6,
      "생활": 6,
      "얘기": 6,
      "책": 5,
      "하나님": 7
    },
    "NNP": {
      "샬롬": 5
    },
    "VA": {
      "노엽": 5,
      "그렇": 15,
      "없": 12,
      "좋": 9,
      "어떻": 7,
      "다르": 5,
      "같": 6
    },
    "VV": {
      "되": 50,
      "있": 36,
      "그러": 27,
      "느끼": 9,
      "좋아하": 5,
      "살": 11,
      "받": 11,
      "나오": 9,
      "주": 9,
      "보": 8,
      "이루": 6,
      "모르": 5,
      "읽": 6,
      "드리": 6
    }
  },
  "tfidf": {
    "MAG": {
      "안": 0.016478125289387312,
      "잘": 0.007030116396554976,
      "못": 0.005758277061864189,
      "막": 0.00546073257477909,
      "아주": 0.004623499501146331,
      "가장": 0.004312872604502602,
      "다": 0.003294517193831117
    },
    "NNB": {
      "거": 0.016659371524305067,
      "번": 0.011652899846235167,
      "점": 0.009519640896295433,
      "간": 0.008691377740150453,
      "가지": 0.005344807626274751,
      "중": 0.004486222610497318,
      "수": 0.0037635167766529778
    },
    "NNG": {
      "가정": 0.040913611344852864,
      "위기": 0.03368176754324622,
      "관계": 0.027204597744989813,
      "가정학": 0.023910471325461157,
      "가족학": 0.020494689707538136,
      "룰": 0.020494689707538136,
      "가족": 0.01869376166856138,
      "열등감": 0.017898696839314575,
      "문제": 0.017522453427666968,
      "둘레": 0.016302054307943934,
      "아버지": 0.016208866040456904,
      "대화": 0.015361171984399317,
      "지수": 0.013580652623162343,
      "효도": 0.012612588896521008,
      "부모": 0.011353200337486836,
      "자녀": 0.011007749358784577,
      "가치관": 0.010422517542905357,
      "애": 0.01029285319842827,
      "남편": 0.010219174244419524,
      "어머니": 0.010049913245870661,
      "흙": 0.009913546976354303,
      "예배": 0.009745359875345631,
      "말": 0.00966307236631538,
      "평가": 0.009626378715435506,
      "중요": 0.009210096445646127,
      "교회": 0.009136115796087231,
      "사회": 0.008838176853823957,
      "스트레스": 0.00883172971886187,
      "선생": 0.00839443992285308,
      "학교": 0.008148559488345775,
      "사랑": 0.007903915827959549,
      "딸": 0.007782976003529208,
      "국가": 0.007458759452850464,
      "이웃": 0.007368057660800517,
      "아들": 0.007361203957870351,
      "행복": 0.007074650384481856,
      "생각": 0.006914357177216938,
      "마을": 0.00680962255534312,
      "기도": 0.006413051597733747,
      "부부": 0.006386983902762202,
      "저녁": 0.00620844848337351,
      "사람": 0.005878630631255935,
      "요즘": 0.005776844153989589,
      "성경": 0.005624691682338718,
      "자식": 0.0053541237921966535,
      "말씀": 0.005344209664778123,
      "달": 0.005332254082473659,
      "이해": 0.00521132097496405,
      "사명": 0.0051329720851375086,
      "제목": 0.005122378934066263,
      "국민": 0.005027314505654086,
      "생활": 0.004665381665870243,
      "얘기": 0.003928207152965912,
      "책": 0.0038066769118341765,
      "하나님": 0.003735325506937033
    },
    "NNP": {
      "샬롬": 0.011317210519301952
    },
    "VA": {
      "노엽": 0.01571597953100788,
      "그렇": 0.0080042689434365,
      "없": 0.006490669701462744,
      "좋": 0.005217157284629923,
      "어떻": 0.004214101576290279,
      "다르": 0.0038625877047263535,
      "같": 0.003314403640232315
    },
    "VV": {
      "되": 0.026680896478121666,
      "있": 0.0192102454642476,
      "그러": 0.014914816381045418,
      "느끼": 0.01059676624513461,
      "좋아하": 0.006081726829182309,
      "살": 0.006076406673759244,
      "받": 0.005878630631255935,
      "나오": 0.004949215856318429,
      "주": 0.00485338259550418,
      "보": 0.004372910667883732,
      "이루": 0.0038624368040855047,
      "모르": 0.003757943325982273,
      "읽": 0.0033952081202425475,
      "드리": 0.003339436665155894
    }
  }
}