{
  "scope": "sermon",
  "idf_scope": "church",
  "church": "D-Zg",
  "sermon": "D-Zg-0349",
  "document_unit": "sermon_json",
  "document_count": 664,
  "min_count": 5,
  "freq": {
    "MAG": {
      "안": 12,
      "지금": 11,
      "더": 6,
      "다": 7
    },
    "NNB": {
      "장": 22,
      "거": 18,
      "수": 17,
      "대로": 7
    },
    "NNG": {
      "창조": 28,
      "헤게모니": 9,
      "반도체": 11,
      "하나님": 36,
      "출산": 8,
      "말씀": 30,
      "전략": 8,
      "기술": 9,
      "단계": 9,
      "교회": 23,
      "미래": 13,
      "회장": 8,
      "순수": 7,
      "뱀": 5,
      "기적": 7,
      "절": 19,
      "안목": 5,
      "반대": 8,
      "세계": 14,
      "호": 6,
      "기도": 15,
      "천지": 7,
      "상상력": 5,
      "행동": 5,
      "귀": 6,
      "사람": 13,
      "발전": 6,
      "성경": 11,
      "말": 11,
      "안": 8,
      "지혜": 5,
      "시작": 9,
      "책": 7,
      "승리": 5,
      "나라": 9,
      "정신": 6,
      "응답": 6,
      "신앙": 8,
      "국가": 5,
      "통일": 5,
      "장": 8,
      "역사": 7,
      "시대": 6,
      "도": 5,
      "힘": 5,
      "생각": 6,
      "전": 5
    },
    "NNP": {
      "이병철": 7,
      "일본": 13,
      "삼성": 6,
      "미국": 15,
      "민수기": 5,
      "대한민국": 8,
      "한국": 10,
      "예수": 5
    },
    "VA": {
      "그렇": 16,
      "크": 7
    },
    "VV": {
      "되": 60,
      "있": 35,
      "가지": 15,
      "부르짖": 6,
      "앞서": 5,
      "이끌": 8,
      "앞장서": 5,
      "읽": 12,
      "들리": 6,
      "주": 12,
      "받": 11,
      "올라가": 5,
      "믿": 8,
      "그러": 7,
      "쓰": 6,
      "바라": 6,
      "대하": 5,
      "나오": 5
    }
  },
  "tfidf": {
    "MAG": {
      "안": 0.007901067835985967,
      "지금": 0.007522141491608084,
      "더": 0.004449383114411519,
      "다": 0.004300246422753889
    },
    "NNB": {
      "장": 0.0134744594475694,
      "거": 0.011568788888478817,
      "수": 0.010225852236299408,
      "대로": 0.008352060782553964
    },
    "NNG": {
      "창조": 0.03582663967017765,
      "헤게모니": 0.027925264196391804,
      "반도체": 0.02305601966269097,
      "하나님": 0.021492537313432834,
      "출산": 0.020844383640485752,
      "말씀": 0.01793740103604932,
      "전략": 0.01774613686800044,
      "기술": 0.014992424808412941,
      "단계": 0.014849132734538643,
      "교회": 0.014693465038916113,
      "미래": 0.01453024301525243,
      "회장": 0.013921526266198362,
      "순수": 0.013469759075509607,
      "뱀": 0.011608564561228744,
      "기적": 0.011586146002151996,
      "절": 0.011377450124734232,
      "안목": 0.01123020126081339,
      "반대": 0.0112071424294117,
      "세계": 0.010006180841046737,
      "호": 0.00940151540580789,
      "기도": 0.00896870051802466,
      "천지": 0.008745257841415013,
      "상상력": 0.008552412096794682,
      "행동": 0.008302352744360477,
      "귀": 0.008184541909421618,
      "사람": 0.007772873782288037,
      "발전": 0.007745369412374459,
      "성경": 0.006922232497894348,
      "말": 0.006606785199310953,
      "안": 0.006303380952851493,
      "지혜": 0.0062332566829875055,
      "시작": 0.006098702420439096,
      "책": 0.005962505997545161,
      "승리": 0.005846338792529636,
      "나라": 0.005689292238929194,
      "정신": 0.005539858052661744,
      "응답": 0.005521297961645632,
      "신앙": 0.005445794254249441,
      "국가": 0.005215565378597675,
      "통일": 0.0051499567018252115,
      "장": 0.005118480085832875,
      "역사": 0.004736248448042336,
      "시대": 0.0044769377853004335,
      "도": 0.00446537305537109,
      "힘": 0.00413762645021977,
      "생각": 0.0038679120448073256,
      "전": 0.003170254898267023
    },
    "NNP": {
      "이병철": 0.02095770909616416,
      "일본": 0.013785447882474718,
      "삼성": 0.01339195316404403,
      "미국": 0.013220950277864072,
      "민수기": 0.0127788394501124,
      "대한민국": 0.008137214518879915,
      "한국": 0.007879226191064365,
      "예수": 0.0029850746268656717
    },
    "VA": {
      "그렇": 0.00955223880597015,
      "크": 0.004852746708757431
    },
    "VV": {
      "되": 0.03582089552238806,
      "있": 0.020895522388059702,
      "가지": 0.00941102370008057,
      "부르짖": 0.009241096530726195,
      "앞서": 0.008793761638971085,
      "이끌": 0.008254786471765198,
      "앞장서": 0.007834596171506576,
      "읽": 0.007597158229653175,
      "들리": 0.007323460030918756,
      "주": 0.007239991231024742,
      "받": 0.006577047046551416,
      "올라가": 0.005351273957931279,
      "믿": 0.005347651361223112,
      "그러": 0.004326203676872389,
      "쓰": 0.004071972312055126,
      "바라": 0.0038679120448073256,
      "대하": 0.0034609783191883645,
      "나오": 0.0030762290264480054
    }
  }
}