{
  "scope": "sermon",
  "idf_scope": "church",
  "church": "D-Zg",
  "sermon": "D-Zg-0446",
  "document_unit": "sermon_json",
  "document_count": 664,
  "min_count": 5,
  "freq": {
    "NNB": {
      "차": 6,
      "장": 15,
      "수": 15,
      "절": 11
    },
    "NNG": {
      "하늘": 57,
      "포로": 15,
      "말씀": 35,
      "절망": 10,
      "먹구름": 5,
      "하나님": 25,
      "돌": 9,
      "세례": 8,
      "기도": 20,
      "발": 7,
      "절": 12,
      "자리": 9,
      "능력": 7,
      "땅": 10,
      "얼굴": 5,
      "성령": 8,
      "왕": 6,
      "새벽": 5,
      "말": 7,
      "사람": 7,
      "역사": 6,
      "복음": 5,
      "위": 5,
      "세상": 5,
      "장": 5,
      "나라": 5
    },
    "NNP": {
      "에스겔": 19,
      "바벨론": 7,
      "마가복음": 5,
      "예수": 11,
      "여호": 5
    },
    "VA": {
      "같": 7
    },
    "VV": {
      "열리": 33,
      "있": 30,
      "임하": 18,
      "끌려가": 8,
      "보": 15,
      "받": 12,
      "되": 11,
      "드리": 7,
      "나오": 7,
      "맞": 5,
      "죽": 5
    }
  },
  "tfidf": {
    "NNB": {
      "차": 0.017047115213720557,
      "장": 0.014627799586077652,
      "수": 0.014366167380732646,
      "절": 0.011172068009454495
    },
    "NNG": {
      "하늘": 0.06359062865736029,
      "포로": 0.04342357050003346,
      "말씀": 0.03332002964950542,
      "절망": 0.027420784446906793,
      "먹구름": 0.024248535018334048,
      "하나님": 0.02376425855513308,
      "돌": 0.020796526184335175,
      "세례": 0.020315386337289378,
      "기도": 0.01904001694257453,
      "발": 0.015024981158910152,
      "절": 0.011441202096615873,
      "자리": 0.011029166038669973,
      "능력": 0.010963015138944541,
      "땅": 0.010187089049156444,
      "얼굴": 0.009903453604807195,
      "성령": 0.009637559118671722,
      "왕": 0.009512763669423977,
      "새벽": 0.0074001314901575715,
      "말": 0.006694137267708341,
      "사람": 0.006664005929901085,
      "역사": 0.0064637828493788,
      "복음": 0.006392247845244469,
      "위": 0.0061368679399202725,
      "세상": 0.0055866353530158895,
      "장": 0.005093544524578222,
      "나라": 0.005032511882238276
    },
    "NNP": {
      "에스겔": 0.07230257614505523,
      "바벨론": 0.020342158259656618,
      "마가복음": 0.01651347599772198,
      "예수": 0.010456273764258554,
      "여호": 0.0074001314901575715
    },
    "VA": {
      "같": 0.006888204523537311
    },
    "VV": {
      "열리": 0.053253864975475386,
      "있": 0.028517110266159697,
      "임하": 0.02551095949984664,
      "끌려가": 0.02399986021902791,
      "보": 0.014605812603874963,
      "받": 0.011424010165544717,
      "되": 0.010456273764258554,
      "드리": 0.006940229748655737,
      "나오": 0.006857183523783813,
      "맞": 0.006836169780075272,
      "죽": 0.005273509380183006
    }
  }
}