{
  "scope": "sermon",
  "idf_scope": "church",
  "church": "D-Zg",
  "sermon": "D-Zg-0656",
  "document_unit": "sermon_json",
  "document_count": 664,
  "min_count": 5,
  "freq": {
    "MAG": {
      "이제": 21,
      "다": 21,
      "안": 12,
      "아주": 7,
      "그냥": 6,
      "잘": 5
    },
    "NNB": {
      "거": 30,
      "명": 14,
      "달": 6,
      "줄": 8,
      "시": 5,
      "번": 8,
      "중": 7,
      "가지": 5,
      "수": 5
    },
    "NNG": {
      "장군": 24,
      "국군": 12,
      "미군": 15,
      "유엔군": 8,
      "탱크": 8,
      "전쟁": 19,
      "공산주의": 13,
      "군대": 13,
      "사람": 25,
      "나라": 22,
      "하나님": 21,
      "사상": 8,
      "목사": 15,
      "인민군": 5,
      "방송": 5,
      "대통령": 10,
      "개": 5,
      "사회주의": 5,
      "군인": 5,
      "비행기": 5,
      "다리": 5,
      "시민": 5,
      "군사": 5,
      "무기": 5,
      "안": 10,
      "우리나라": 8,
      "교회": 11,
      "뒤": 9,
      "대표": 5,
      "역사": 8,
      "말": 9,
      "말씀": 7,
      "소리": 5,
      "자리": 5,
      "얘기": 5,
      "기도": 6,
      "전": 5
    },
    "NNP": {
      "박헌영": 12,
      "김홍일": 8,
      "한강": 10,
      "해리스": 5,
      "워커힐": 6,
      "미국": 20,
      "소련": 8,
      "이승만": 10,
      "순천": 5,
      "서울": 11,
      "박정희": 8,
      "김일성": 8,
      "한국": 15,
      "북한": 8
    },
    "VA": {
      "그렇": 10,
      "없": 9,
      "많": 7,
      "크": 5,
      "같": 5
    },
    "VV": {
      "되": 47,
      "있": 36,
      "건너": 7,
      "막": 8,
      "일으키": 10,
      "일어나": 12,
      "지키": 12,
      "다니": 10,
      "보내": 10,
      "끊": 5,
      "타": 7,
      "주": 11,
      "알": 10,
      "그러": 10,
      "치": 7,
      "빠지": 5,
      "믿": 8,
      "모이": 6,
      "묻": 5,
      "가지": 8,
      "위하": 7,
      "듣": 7,
      "먹": 6,
      "보": 7,
      "나오": 6,
      "쓰": 5
    }
  },
  "tfidf": {
    "MAG": {
      "이제": 0.010254350730844944,
      "다": 0.009742442864895534,
      "안": 0.00596676673817696,
      "아주": 0.003418116910281648,
      "그냥": 0.0033087742596416858,
      "잘": 0.002474909476845511
    },
    "NNB": {
      "거": 0.014560956859183963,
      "명": 0.007937733477371348,
      "달": 0.005542151272561281,
      "줄": 0.004700966322313196,
      "시": 0.0042285156322554454,
      "번": 0.00375070364753226,
      "중": 0.003316629181949043,
      "가지": 0.002508809110219137,
      "수": 0.0022712966763647046
    },
    "NNG": {
      "장군": 0.027527069248561877,
      "국군": 0.02217451573846907,
      "미군": 0.020674948946114997,
      "유엔군": 0.018087936486448523,
      "탱크": 0.016069484591280183,
      "전쟁": 0.015824463186364685,
      "공산주의": 0.01575240527893809,
      "군대": 0.01432192788953927,
      "사람": 0.011288377943861816,
      "나라": 0.01050247565396958,
      "하나님": 0.009467989179440937,
      "사상": 0.00881349408587032,
      "목사": 0.008773116705148321,
      "인민군": 0.008376008581464365,
      "방송": 0.008043195238799658,
      "대통령": 0.007695101137383726,
      "개": 0.00746197542522414,
      "사회주의": 0.007173802811360558,
      "군인": 0.006787986183326677,
      "비행기": 0.006713251721385964,
      "다리": 0.006617310300243503,
      "시민": 0.006617310300243503,
      "군사": 0.0065939496441669776,
      "무기": 0.006570828588785577,
      "안": 0.005950272258806498,
      "우리나라": 0.005324939396554811,
      "교회": 0.005306917578351616,
      "뒤": 0.0047622804812925135,
      "대표": 0.004486922236311716,
      "역사": 0.004087706376643521,
      "말": 0.004082190625445226,
      "말씀": 0.003160745824281308,
      "소리": 0.0030802276773201206,
      "자리": 0.002906192433794412,
      "얘기": 0.002765802601690006,
      "기도": 0.002709210706526836,
      "전": 0.002394128473668739
    },
    "NNP": {
      "박헌영": 0.02436819531344561,
      "김홍일": 0.020588016488468166,
      "한강": 0.016359720603011555,
      "해리스": 0.014430060306554878,
      "워커힐": 0.013349425653366052,
      "미국": 0.013312348491387026,
      "소련": 0.01177882970625282,
      "이승만": 0.011406554288006554,
      "순천": 0.011124521377805043,
      "서울": 0.010536336773078709,
      "박정희": 0.009522000491593083,
      "김일성": 0.00927874970423318,
      "한국": 0.008925408388209747,
      "북한": 0.005440297542102334
    },
    "VA": {
      "그렇": 0.004508566275924256,
      "없": 0.004113001021373258,
      "많": 0.003501724353080943,
      "크": 0.002617657715177347,
      "같": 0.002333631057181905
    },
    "VV": {
      "되": 0.021190261496844005,
      "있": 0.016230838593327322,
      "건너": 0.009042112879613854,
      "막": 0.008859736424658638,
      "일으키": 0.008142718222962824,
      "일어나": 0.007547306446749518,
      "지키": 0.00718531889943159,
      "다니": 0.006432563149483541,
      "보내": 0.00605413911212939,
      "끊": 0.005916568344126922,
      "타": 0.005786078659965714,
      "주": 0.005011904058898064,
      "알": 0.0049348899126465855,
      "그러": 0.00466726211436381,
      "치": 0.004339822158851013,
      "빠지": 0.004056229637658178,
      "믿": 0.0040384652975873365,
      "모이": 0.003928985198222479,
      "묻": 0.0039244483020256385,
      "가지": 0.003790433350798906,
      "위하": 0.003593053174743017,
      "듣": 0.003576743079563081,
      "먹": 0.0034657896870084535,
      "보": 0.0032328585516962797,
      "나오": 0.0027877458715782196,
      "쓰": 0.002562576503866973
    }
  }
}