{
  "scope": "sermon",
  "idf_scope": "church",
  "church": "D-Zg",
  "sermon": "D-Zg-0285",
  "document_unit": "sermon_json",
  "document_count": 664,
  "min_count": 5,
  "freq": {
    "MAG": {
      "아주": 18,
      "안": 16,
      "이제": 11,
      "다": 10
    },
    "NNB": {
      "거": 28,
      "번": 20,
      "장": 17,
      "가지": 7,
      "절": 5,
      "수": 5
    },
    "NNG": {
      "피": 40,
      "제사": 23,
      "소재": 9,
      "회막": 8,
      "레위기": 9,
      "비둘기": 9,
      "스님": 8,
      "담배": 8,
      "하나님": 25,
      "죄": 19,
      "절": 24,
      "속죄": 7,
      "번제": 5,
      "신앙": 19,
      "사순절": 5,
      "구약": 12,
      "예배": 17,
      "염소": 6,
      "사함": 6,
      "어머니": 8,
      "철학": 6,
      "사람": 16,
      "갈등": 5,
      "양": 8,
      "구원": 10,
      "장": 13,
      "교회": 13,
      "날": 11,
      "말": 12,
      "중요": 10,
      "소": 6,
      "말씀": 11,
      "은혜": 9,
      "감동": 6,
      "시": 6,
      "복음": 7,
      "안": 7,
      "생활": 6,
      "기도": 8,
      "곳": 5,
      "아버지": 6,
      "위": 5,
      "시대": 5,
      "감사": 6,
      "뒤": 5
    },
    "NNP": {
      "히브리서": 11,
      "예수": 24,
      "에베소": 5,
      "그리스도": 11
    },
    "VA": {
      "그렇": 19,
      "없": 17,
      "어리": 6
    },
    "VV": {
      "되": 35,
      "있": 30,
      "겁": 10,
      "씹": 5,
      "받": 19,
      "뿌리": 6,
      "다니": 12,
      "말미암": 8,
      "피우": 6,
      "보": 16,
      "끊": 6,
      "부르": 11,
      "흘리": 7,
      "씻": 5,
      "드리": 12,
      "잡": 8,
      "지내": 6,
      "모르": 6,
      "만나": 6,
      "나오": 8,
      "따르": 6,
      "읽": 7,
      "나가": 6,
      "믿": 6,
      "들어가": 5,
      "그러": 5
    }
  },
  "tfidf": {
    "MAG": {
      "아주": 0.010699772583196213,
      "안": 0.009684806897384922,
      "이제": 0.006538749911953242,
      "다": 0.005647571552542548
    },
    "NNB": {
      "거": 0.01654397484051886,
      "번": 0.01141473750031086,
      "장": 0.009572029557168413,
      "가지": 0.004275715723958543,
      "절": 0.0029320964838704046,
      "수": 0.002764948423807308
    },
    "NNG": {
      "피": 0.03906641633476273,
      "제사": 0.031591229219818884,
      "소재": 0.025672237941249326,
      "회막": 0.02075608482290263,
      "레위기": 0.020412964267850945,
      "비둘기": 0.017624397734019623,
      "스님": 0.014808573679959441,
      "담배": 0.013914615588889234,
      "하나님": 0.013721185510428101,
      "죄": 0.013360346596223037,
      "절": 0.013212013837145882,
      "속죄": 0.012896029747447997,
      "번제": 0.012500955163253056,
      "신앙": 0.011890258105206398,
      "사순절": 0.011640204452893446,
      "구약": 0.011507449408321983,
      "예배": 0.011359958833105052,
      "염소": 0.011326050593115592,
      "사함": 0.010226140129473376,
      "어머니": 0.00918821193938852,
      "철학": 0.009159017023141909,
      "사람": 0.008794774016943317,
      "갈등": 0.008732982785728715,
      "양": 0.00851418401598387,
      "구원": 0.008237379136713345,
      "장": 0.007646467060168142,
      "교회": 0.007634949678384918,
      "날": 0.006698688314761553,
      "말": 0.006625904725384201,
      "중요": 0.006315302136531593,
      "소": 0.006083307992493536,
      "말씀": 0.00604640713664853,
      "은혜": 0.005895502625340585,
      "감동": 0.005838438945341351,
      "시": 0.005444615583747958,
      "복음": 0.005167125481051621,
      "안": 0.0050704680071476235,
      "생활": 0.004798531965884103,
      "기도": 0.004397387008471658,
      "곳": 0.004208672616718337,
      "아버지": 0.003847261879568045,
      "위": 0.0035433507534556132,
      "시대": 0.003429779907783675,
      "감사": 0.0033129523626921004,
      "뒤": 0.003220739757137088
    },
    "NNP": {
      "히브리서": 0.01945901763887914,
      "예수": 0.013172338090010977,
      "에베소": 0.010747168227770979,
      "그리스도": 0.0086696049130904
    },
    "VA": {
      "그렇": 0.010428100987925357,
      "없": 0.009457544609824372,
      "어리": 0.005958597979138728
    },
    "VV": {
      "되": 0.019209659714599342,
      "있": 0.01646542261251372,
      "겁": 0.015119950122352383,
      "씹": 0.010985948076809478,
      "받": 0.01044379414512019,
      "뿌리": 0.009771199388043682,
      "다니": 0.00939676733186904,
      "말미암": 0.009348623545678118,
      "피우": 0.009278778749280903,
      "보": 0.008995427652704844,
      "끊": 0.008642995776469932,
      "부르": 0.007580582623443084,
      "흘리": 0.007554765567232897,
      "씻": 0.006961971488463082,
      "드리": 0.006869488815040774,
      "잡": 0.006492925099039859,
      "지내": 0.006411067362461812,
      "모르": 0.004638234331212368,
      "만나": 0.0045500214356130825,
      "나오": 0.0045248593802857595,
      "따르": 0.0041605404515438526,
      "읽": 0.0040741255142098184,
      "나가": 0.00395446035279883,
      "믿": 0.0036871498477148924,
      "들어가": 0.003225653343234202,
      "그러": 0.002840830782013977
    }
  }
}