{
  "scope": "sermon",
  "idf_scope": "church",
  "church": "D-Zg",
  "sermon": "D-Zg-0535",
  "document_unit": "sermon_json",
  "document_count": 664,
  "min_count": 5,
  "freq": {
    "MAG": {
      "안": 15,
      "이제": 15,
      "너무": 9,
      "다": 10,
      "그대로": 5,
      "아주": 8,
      "못": 7,
      "자꾸": 5,
      "잘": 6
    },
    "NNB": {
      "거": 37,
      "명": 12,
      "개": 7
    },
    "NNG": {
      "선거": 26,
      "오제": 9,
      "합작": 8,
      "자수": 7,
      "검사": 12,
      "나라": 38,
      "당원": 9,
      "노조": 8,
      "위조": 6,
      "정부": 17,
      "지폐": 6,
      "좌우": 9,
      "단독": 5,
      "란봉투법": 5,
      "사람": 30,
      "원조": 8,
      "수류탄": 6,
      "박사": 12,
      "공산": 8,
      "관보": 5,
      "좌파": 6,
      "해방": 14,
      "국민": 15,
      "소작인": 5,
      "우파": 5,
      "대낮": 5,
      "공동": 5,
      "월급": 5,
      "투표": 5,
      "회사": 6,
      "민주주의": 7,
      "국회의원": 6,
      "돈": 9,
      "교과서": 5,
      "기도": 14,
      "헌법": 5,
      "기업": 6,
      "당": 5,
      "참여": 6,
      "조사": 5,
      "법": 5,
      "대통령": 7,
      "생각": 10,
      "경제": 6,
      "밑": 6,
      "하나님": 10,
      "시대": 8,
      "선생": 5,
      "목사": 7,
      "시작": 8,
      "통일": 5,
      "교회": 8,
      "역사": 7,
      "우리나라": 5,
      "속": 6,
      "뒤": 6,
      "날": 6,
      "집": 5,
      "말": 6,
      "중요": 5
    },
    "NNP": {
      "홍민표": 11,
      "박헌영": 15,
      "공산당": 24,
      "이승만": 23,
      "정읍": 7,
      "서울시당": 5,
      "이윤영": 7,
      "미국": 14,
      "대한민국": 12,
      "노": 5,
      "남한": 7,
      "김일성": 5,
      "서울": 6,
      "북한": 7,
      "일본": 5
    },
    "VA": {
      "없": 22,
      "그렇": 15,
      "어렵": 6,
      "좋": 7,
      "같": 5
    },
    "VV": {
      "되": 49,
      "찍": 14,
      "있": 30,
      "만들": 16,
      "망하": 9,
      "물러나": 6,
      "세우": 12,
      "가지": 12,
      "모으": 7,
      "그러": 11,
      "나가": 9,
      "주": 10,
      "이러": 5,
      "보": 8,
      "알": 7,
      "살": 7,
      "받": 6
    }
  },
  "tfidf": {
    "MAG": {
      "안": 0.007428316471304723,
      "이제": 0.007294935506130632,
      "너무": 0.005201898744561751,
      "다": 0.004620509819817029,
      "그대로": 0.004302403978163797,
      "아주": 0.0038906322699363374,
      "못": 0.0037687511099902425,
      "자꾸": 0.003449051856841958,
      "잘": 0.0029578891170058434
    },
    "NNB": {
      "거": 0.017885937518422258,
      "명": 0.006776275393986651,
      "개": 0.0060950776234765525
    },
    "NNG": {
      "선거": 0.033794359327059646,
      "오제": 0.02470652632053151,
      "합작": 0.019951062026405175,
      "자수": 0.019216187138191173,
      "검사": 0.01808703537097973,
      "나라": 0.01806732779563155,
      "당원": 0.01643116233746582,
      "노조": 0.01617981056884369,
      "위조": 0.015869822527764043,
      "정부": 0.01577148883283675,
      "지폐": 0.014963296519803883,
      "좌우": 0.014419242331110802,
      "단독": 0.01437174394249606,
      "란봉투법": 0.013725847955850839,
      "사람": 0.013491309715034847,
      "원조": 0.013110514374300117,
      "수류탄": 0.012273052702710589,
      "박사": 0.012110535855999414,
      "공산": 0.0115287924544498,
      "관보": 0.01125927344155333,
      "좌파": 0.011042450810041399,
      "해방": 0.010884833690197191,
      "국민": 0.010576097197570451,
      "소작인": 0.010477264698247953,
      "우파": 0.010112381605527309,
      "대낮": 0.010002839252205728,
      "공동": 0.00898805451097749,
      "월급": 0.008291703077875022,
      "투표": 0.008010690183950446,
      "회사": 0.00782577599601598,
      "민주주의": 0.0073756031087142,
      "국회의원": 0.007091834549259825,
      "돈": 0.006812262496397436,
      "교과서": 0.006785923273860907,
      "기도": 0.006295944533682929,
      "헌법": 0.0061464146965830675,
      "기업": 0.006126736507254565,
      "당": 0.006108360007957622,
      "참여": 0.005799765181693001,
      "조사": 0.005727496969640067,
      "법": 0.00547191739476625,
      "대통령": 0.0053648019873830145,
      "생각": 0.00484863993043876,
      "경제": 0.004707358065101629,
      "밑": 0.004606628297508579,
      "하나님": 0.00449034575662326,
      "시대": 0.004489669684405464,
      "선생": 0.00441490245156788,
      "목사": 0.004077575511574101,
      "시작": 0.004077364288473976,
      "통일": 0.0038734519423247547,
      "교회": 0.003843978671276935,
      "역사": 0.003562288347764218,
      "우리나라": 0.003314637287145984,
      "속": 0.00325020501610069,
      "뒤": 0.003162023082624396,
      "날": 0.002989348110257309,
      "집": 0.0029864757704634,
      "말": 0.0027104621485518673,
      "중요": 0.0025834037927167856
    },
    "NNP": {
      "홍민표": 0.033620583053908845,
      "박헌영": 0.030337144816581924,
      "공산당": 0.02633362804103328,
      "이승만": 0.02612905076104025,
      "정읍": 0.02012044151949448,
      "서울시당": 0.015282083206322203,
      "이윤영": 0.015278449922444618,
      "미국": 0.009280984404008754,
      "대한민국": 0.009180400304753386,
      "노": 0.007967093224235354,
      "남한": 0.007866198189601334,
      "김일성": 0.005775782118317578,
      "서울": 0.005723866994984344,
      "북한": 0.004741022655965471,
      "일본": 0.003987880419181575
    },
    "VA": {
      "없": 0.010013371143986904,
      "그렇": 0.00673551863493489,
      "어렵": 0.0038439402960631776,
      "좋": 0.003414592089995276,
      "같": 0.002324200127898278
    },
    "VV": {
      "되": 0.022002694207453974,
      "찍": 0.016217910016878404,
      "있": 0.01347103726986978,
      "만들": 0.009632270513975185,
      "망하": 0.00899914114900268,
      "물러나": 0.008366424479524246,
      "세우": 0.006724112209196042,
      "가지": 0.005662672545176453,
      "모으": 0.005614000739122315,
      "그러": 0.005113240281376212,
      "나가": 0.004852959202604043,
      "주": 0.00453786308635176,
      "이러": 0.0042688933131061505,
      "보": 0.0036797640734683936,
      "알": 0.0034404625408060567,
      "살": 0.003253880179057589,
      "받": 0.00269826194300697
    }
  }
}