{
  "scope": "sermon",
  "idf_scope": "church",
  "church": "D-Zg",
  "sermon": "D-Zg-0479",
  "document_unit": "sermon_json",
  "document_count": 664,
  "min_count": 5,
  "freq": {
    "MAG": {
      "잘": 18,
      "현재": 5,
      "다": 16,
      "늘": 9,
      "상당히": 5,
      "안": 11,
      "지금": 8,
      "다시": 5,
      "아주": 5,
      "이제": 5
    },
    "NNB": {
      "거": 22,
      "수": 11,
      "분": 8,
      "장": 9,
      "중": 6,
      "번": 5
    },
    "NNG": {
      "전략": 23,
      "뱀": 13,
      "하나님": 38,
      "실명": 6,
      "비둘기": 10,
      "지혜": 17,
      "등록증": 7,
      "말씀": 32,
      "시대": 24,
      "바다": 13,
      "엔진": 6,
      "순결": 6,
      "나라": 24,
      "주": 21,
      "주민": 7,
      "사람": 23,
      "순수": 7,
      "지식": 8,
      "사랑": 15,
      "비행기": 7,
      "통일": 11,
      "수출": 5,
      "책": 11,
      "세계": 12,
      "절": 14,
      "기술": 5,
      "성경": 13,
      "오늘": 13,
      "성도": 10,
      "찬양": 8,
      "역사": 11,
      "말": 12,
      "기도": 12,
      "승리": 6,
      "전쟁": 6,
      "물": 6,
      "두레": 6,
      "예배": 8,
      "땅": 9,
      "영혼": 6,
      "복음": 7,
      "세상": 8,
      "하늘": 8,
      "찬송": 5,
      "목사": 7,
      "감사": 9,
      "생각": 8,
      "가운데": 5,
      "장": 8,
      "은혜": 7,
      "산": 5,
      "힘": 6,
      "죄": 6,
      "도": 5,
      "아버지": 6,
      "날": 6,
      "안": 5,
      "앞": 6,
      "교회": 6,
      "영광": 5,
      "이름": 6,
      "뒤": 5,
      "마음": 5
    },
    "NNP": {
      "일본": 18,
      "프리드만": 6,
      "조지": 6,
      "한국": 17,
      "중국": 10,
      "소련": 5,
      "북한": 8,
      "예수": 12,
      "대한민국": 7,
      "여호와": 6,
      "미국": 6,
      "멘": 5
    },
    "VA": {
      "귀하": 11,
      "그렇": 16,
      "같": 14,
      "크": 9,
      "없": 10,
      "좋": 9,
      "어리": 5,
      "어떻": 7,
      "많": 5
    },
    "VV": {
      "되": 74,
      "있": 36,
      "앞지르": 6,
      "살": 19,
      "만들": 14,
      "위하": 14,
      "넘치": 7,
      "덮": 5,
      "받": 14,
      "드리": 13,
      "알": 11,
      "주": 11,
      "나누": 6,
      "쓰": 9,
      "쓰이": 5,
      "합치": 5,
      "먹": 7,
      "믿": 8,
      "이르": 6,
      "누리": 5,
      "바라": 6,
      "읽": 6,
      "가지": 6,
      "보": 6,
      "대하": 5
    }
  },
  "tfidf": {
    "MAG": {
      "잘": 0.00719128718730569,
      "현재": 0.005995441086726507,
      "다": 0.005991193810033492,
      "늘": 0.0050650994750045955,
      "상당히": 0.005028363523037406,
      "안": 0.004414640189169136,
      "지금": 0.003334547306720535,
      "다시": 0.002125700856554154,
      "아주": 0.0019706236501883696,
      "이제": 0.0019706236501883696
    },
    "NNB": {
      "거": 0.008618588681474292,
      "수": 0.004033122002179481,
      "분": 0.0035938452050018757,
      "장": 0.0033599225250117225,
      "중": 0.0022945363460895123,
      "번": 0.0018920716635340597
    },
    "NNG": {
      "전략": 0.031098522691035163,
      "뱀": 0.018397124695833766,
      "하나님": 0.013828238719068414,
      "실명": 0.013348237291563238,
      "비둘기": 0.012983847918237004,
      "지혜": 0.012917902769146231,
      "등록증": 0.012570547227933122,
      "말씀": 0.011662356811405185,
      "시대": 0.010915386885557824,
      "바다": 0.01070723653993332,
      "엔진": 0.010462307509942455,
      "순결": 0.00972765197146819,
      "나라": 0.009247515284043085,
      "주": 0.009233106231094692,
      "주민": 0.00867470791449646,
      "사람": 0.008382318958197476,
      "순수": 0.008210278912474014,
      "지식": 0.008202782572144495,
      "사랑": 0.008085119138425871,
      "비행기": 0.0075858767268004714,
      "통일": 0.006905964500082206,
      "수출": 0.005790209110479519,
      "책": 0.005711123570636806,
      "세계": 0.005227808143715935,
      "절": 0.005109959500211019,
      "기술": 0.005076886534467831,
      "성경": 0.004986489765834638,
      "오늘": 0.0049789866504695544,
      "성도": 0.004933047330895954,
      "찬양": 0.00481324094788393,
      "역사": 0.004536565692201084,
      "말": 0.0043931580821142706,
      "기도": 0.004373383804276944,
      "승리": 0.00427625217357517,
      "전쟁": 0.004033401441893457,
      "물": 0.003958104114227149,
      "두레": 0.0036481253778289234,
      "예배": 0.0035444550036676783,
      "땅": 0.0035098747859320678,
      "영혼": 0.0034694113463216744,
      "복음": 0.0034259470984265117,
      "세상": 0.003421915802837098,
      "하늘": 0.0034167032532773068,
      "찬송": 0.0033739813373592003,
      "목사": 0.003304498058324426,
      "감사": 0.0032948685615857027,
      "생각": 0.003143499599734241,
      "가운데": 0.0031222013433881302,
      "장": 0.0031198886986062825,
      "은혜": 0.0030402410028947855,
      "산": 0.0030294328667999438,
      "힘": 0.0030264298271258138,
      "죄": 0.0027973513558168664,
      "도": 0.0027217976229063226,
      "아버지": 0.0025508410278649845,
      "날": 0.0024225903353504463,
      "안": 0.0024013289428735105,
      "앞": 0.0023754776701876796,
      "교회": 0.002336392058115102,
      "영광": 0.0023166855374242875,
      "이름": 0.002183406113537118,
      "뒤": 0.002135439533298317,
      "마음": 0.0019855499446804147
    },
    "NNP": {
      "일본": 0.011634510515524934,
      "프리드만": 0.010321393708332037,
      "조지": 0.009178930512339574,
      "한국": 0.008164518405769936,
      "중국": 0.007155740727541244,
      "소련": 0.005941922372741257,
      "북한": 0.004391040738130632,
      "예수": 0.004366812227074236,
      "대한민국": 0.004339921771918987,
      "여호와": 0.0032446984380197653,
      "미국": 0.003223448575752885,
      "멘": 0.0030294328667999438
    },
    "VA": {
      "귀하": 0.005929087368178972,
      "그렇": 0.005822416302765648,
      "같": 0.005273938252373545,
      "크": 0.0038030337198231585,
      "없": 0.003688596258048636,
      "좋": 0.003557843068193768,
      "어리": 0.0032922627116662912,
      "어떻": 0.0028738087168733565,
      "많": 0.0020188252794587054
    },
    "VV": {
      "되": 0.026928675400291122,
      "있": 0.013100436681222707,
      "앞지르": 0.00972765197146819,
      "살": 0.00715748762822124,
      "만들": 0.006830306815973398,
      "위하": 0.00580013969547308,
      "넘치": 0.005307789835938879,
      "덮": 0.005266770114024314,
      "받": 0.005102281104989768,
      "드리": 0.004934216159420662,
      "알": 0.004381420818367955,
      "주": 0.004045270452196472,
      "나누": 0.004025753776934501,
      "쓰": 0.0037230096193735453,
      "쓰이": 0.0034595434527974513,
      "합치": 0.003380422070083225,
      "먹": 0.003263576581786344,
      "믿": 0.003259576430148731,
      "이르": 0.0027415286899391223,
      "누리": 0.0027083694800794983,
      "바라": 0.0023576246998006805,
      "읽": 0.0023153639073269774,
      "가지": 0.0022945363460895123,
      "보": 0.002236581493344463,
      "대하": 0.0021095846741777695
    }
  }
}