{
  "scope": "sermon",
  "idf_scope": "church",
  "church": "D-Zg",
  "sermon": "D-Zg-0072",
  "document_unit": "sermon_json",
  "document_count": 664,
  "min_count": 5,
  "freq": {
    "MAG": {
      "너무": 17,
      "안": 18,
      "다": 12,
      "막": 8,
      "이제": 10,
      "열심히": 6,
      "지금": 7,
      "못": 6
    },
    "NNB": {
      "거": 45,
      "살": 13,
      "수": 9,
      "번": 8,
      "때문": 6
    },
    "NNG": {
      "형": 47,
      "어머니": 29,
      "동생": 20,
      "돼지": 14,
      "천국": 22,
      "새끼": 6,
      "순례": 7,
      "순례길": 5,
      "길": 17,
      "정신병": 5,
      "음성": 9,
      "감사": 17,
      "목사": 13,
      "인생": 10,
      "자살": 5,
      "기쁨": 8,
      "천사": 6,
      "마음": 13,
      "얼굴": 6,
      "증거": 5,
      "기도": 12,
      "성공": 5,
      "감동": 6,
      "목회": 5,
      "금식": 5,
      "예배": 8,
      "충만": 5,
      "아들": 7,
      "병": 5,
      "소리": 7,
      "집": 7,
      "정신": 6,
      "하나님": 9,
      "피": 5,
      "뒤": 6,
      "성도": 5,
      "땅": 5,
      "교회": 5,
      "오늘": 5,
      "말": 5
    },
    "NNP": {
      "예수": 21,
      "일본": 10
    },
    "VA": {
      "괜찮": 7,
      "없": 15,
      "좋": 11,
      "그렇": 10,
      "같": 5
    },
    "VV": {
      "되": 35,
      "그러": 33,
      "있": 31,
      "입": 8,
      "보": 14,
      "부르": 10,
      "깨": 5,
      "모시": 6,
      "살": 10,
      "끝나": 6,
      "죽": 9,
      "받": 9,
      "듣": 7,
      "들어오": 5,
      "다니": 5,
      "쓰": 6,
      "알": 6,
      "먹": 5,
      "바라": 5
    }
  },
  "tfidf": {
    "MAG": {
      "너무": 0.012231456715133428,
      "안": 0.011096385096654412,
      "다": 0.006902096390429864,
      "막": 0.006537355486791354,
      "이제": 0.006053967345687691,
      "열심히": 0.005067050722524284,
      "지금": 0.004481788149250713,
      "못": 0.0040212450955593405
    },
    "NNB": {
      "거": 0.02707898461179712,
      "살": 0.014375762770439856,
      "수": 0.005068711487265762,
      "번": 0.004650117769830382,
      "때문": 0.0038590767443579307
    },
    "NNG": {
      "형": 0.06453270565434352,
      "어머니": 0.03392165612446972,
      "동생": 0.0329335958530499,
      "돼지": 0.030432737726194974,
      "천국": 0.01870309003164008,
      "새끼": 0.01231239455841283,
      "순례": 0.012298237841120089,
      "순례길": 0.012197576368716333,
      "길": 0.011766920658296147,
      "정신병": 0.011647799134937537,
      "음성": 0.009774528122194997,
      "감사": 0.009559845955098298,
      "목사": 0.009426646062092295,
      "인생": 0.008688465243428053,
      "자살": 0.008610806128729056,
      "기쁨": 0.008371899058536464,
      "천사": 0.008008270270428098,
      "마음": 0.007929769281583357,
      "얼굴": 0.006988328580608499,
      "증거": 0.006919805812771318,
      "기도": 0.006717752204669113,
      "성공": 0.006097448425968803,
      "감동": 0.005946135136060337,
      "목회": 0.005886415579383714,
      "금식": 0.005737981187785199,
      "예배": 0.005444473085566674,
      "충만": 0.005419523224260274,
      "아들": 0.005397667608683245,
      "병": 0.005355759451856219,
      "소리": 0.0053464074810589375,
      "집": 0.005204714453410166,
      "정신": 0.005186843062162337,
      "하나님": 0.005030743432084964,
      "피": 0.004973379720649643,
      "뒤": 0.003936179656235064,
      "성도": 0.0037887127069038797,
      "땅": 0.00299519778639256,
      "교회": 0.0029906863125117853,
      "오늘": 0.0029415348745518194,
      "말": 0.002811719398558323
    },
    "NNP": {
      "예수": 0.011738401341531582,
      "일본": 0.009928462485765642
    },
    "VA": {
      "괜찮": 0.010484370220992576,
      "없": 0.008498822680646438,
      "좋": 0.006679490731343471,
      "그렇": 0.005589714924538848,
      "같": 0.0028932329149410087
    },
    "VV": {
      "되": 0.01956400223588597,
      "그러": 0.01909533723861066,
      "있": 0.01732811626607043,
      "입": 0.008469468862425297,
      "보": 0.00801618811365271,
      "부르": 0.0070185586360655,
      "깨": 0.006707436033626762,
      "모시": 0.006426911342227463,
      "살": 0.0057864658298820175,
      "끝나": 0.005744738935570083,
      "죽": 0.00558184313153412,
      "받": 0.005038314153501835,
      "듣": 0.00443444167158799,
      "들어오": 0.0043736524456016385,
      "다니": 0.00398754194118348,
      "쓰": 0.003812495037838086,
      "알": 0.003670962267048673,
      "먹": 0.0035807348266185712,
      "바라": 0.003017865043344639
    }
  }
}