{
  "scope": "sermon",
  "idf_scope": "church",
  "church": "D-Zg",
  "sermon": "D-Zg-0645",
  "document_unit": "sermon_json",
  "document_count": 664,
  "min_count": 5,
  "freq": {
    "MAG": {
      "스스로": 5
    },
    "NNB": {
      "수": 9,
      "가지": 5,
      "절": 5
    },
    "NNG": {
      "훈련": 22,
      "경건": 12,
      "책망": 12,
      "성경": 29,
      "후서": 6,
      "사람": 28,
      "전서": 6,
      "말씀": 23,
      "절": 22,
      "교훈": 8,
      "하나님": 20,
      "주제": 9,
      "안": 14,
      "구원": 12,
      "유익": 5,
      "자유": 9,
      "확신": 8,
      "육체": 5,
      "세상": 13,
      "믿음": 10,
      "능력": 9,
      "목회": 7,
      "감동": 8,
      "장": 12,
      "교육": 6,
      "생활": 8,
      "선": 5,
      "말": 11,
      "제자": 5,
      "기도": 10,
      "교회": 9,
      "성도": 7,
      "기쁨": 5,
      "새벽": 6,
      "삶": 7,
      "주": 5
    },
    "NNP": {
      "디모데": 10,
      "그리스도": 25,
      "예수": 25,
      "데살로니가": 5,
      "바울": 9,
      "에베소서": 5
    },
    "VA": {
      "선하": 9,
      "바르": 8,
      "좋": 9,
      "새롭": 5
    },
    "VV": {
      "되": 48,
      "있": 25,
      "누리": 10,
      "이르": 11,
      "이루": 11,
      "행하": 7,
      "대하": 10,
      "받": 11,
      "통하": 8,
      "배우": 5,
      "주": 8,
      "살": 7,
      "나오": 7,
      "쓰": 6
    }
  },
  "tfidf": {
    "MAG": {
      "스스로": 0.009377358494982294
    },
    "NNB": {
      "수": 0.007372296626600363,
      "가지": 0.004524015127208168,
      "절": 0.0043433169053755105
    },
    "NNG": {
      "훈련": 0.04440256787357761,
      "경건": 0.0346199348495066,
      "책망": 0.03322382905789028,
      "성경": 0.02485199139580325,
      "후서": 0.023710876639222417,
      "사람": 0.0227984853276616,
      "전서": 0.02128923329134978,
      "말씀": 0.018727327233436314,
      "절": 0.017940052935235623,
      "교훈": 0.01786144292389912,
      "하나님": 0.016260162601626018,
      "주제": 0.015085666329751161,
      "안": 0.015021776762638975,
      "구원": 0.014642443694723622,
      "유익": 0.014584406647267109,
      "자유": 0.013465645060216339,
      "확신": 0.012587100054199421,
      "육체": 0.01252417249129779,
      "세상": 0.012423223591519561,
      "믿음": 0.0122424846613763,
      "능력": 0.012055496786936926,
      "목회": 0.011986273544816626,
      "감동": 0.011531312475243298,
      "장": 0.010455431882646419,
      "교육": 0.009709261970867692,
      "생활": 0.00947742573641283,
      "선": 0.009179024494293545,
      "말": 0.008997044885240526,
      "제자": 0.008398638362201685,
      "기도": 0.008142316188450571,
      "교회": 0.00782976265329305,
      "성도": 0.007714804752610942,
      "기쁨": 0.007610430597419581,
      "새벽": 0.0075950617830690395,
      "삶": 0.007429001257608352,
      "주": 0.004911454882510302
    },
    "NNP": {
      "디모데": 0.04311026392942793,
      "그리스도": 0.029187029105045652,
      "예수": 0.02032520325203252,
      "데살로니가": 0.019478605038835955,
      "바울": 0.01931688758264036,
      "에베소서": 0.012936174500485951
    },
    "VA": {
      "선하": 0.02075376546251552,
      "바르": 0.014383869983488253,
      "좋": 0.007948742074306077,
      "새롭": 0.006234310168829927
    },
    "VV": {
      "되": 0.03902439024390244,
      "있": 0.02032520325203252,
      "누리": 0.012101787530501566,
      "이르": 0.011229123203181545,
      "이루": 0.010788654780409024,
      "행하": 0.009730722023016428,
      "대하": 0.009426241763643107,
      "받": 0.008956547807295628,
      "통하": 0.008610860296260767,
      "배우": 0.00797745029933869,
      "주": 0.006572891768003492,
      "살": 0.005891374925822156,
      "나오": 0.005864843143919165,
      "쓰": 0.005545165546904337
    }
  }
}