{
  "scope": "sermon",
  "idf_scope": "church",
  "church": "D-Zg",
  "sermon": "D-Zg-0260",
  "document_unit": "sermon_json",
  "document_count": 664,
  "min_count": 5,
  "freq": {
    "MAG": {
      "안": 9,
      "지금": 7
    },
    "NNB": {
      "장": 15,
      "대": 6,
      "절": 9,
      "수": 6,
      "거": 5,
      "번": 5
    },
    "NNG": {
      "변화": 48,
      "어머니": 18,
      "청년": 18,
      "지랄": 6,
      "복음": 21,
      "능력": 17,
      "개혁": 8,
      "말씀": 22,
      "하나님": 20,
      "역사": 17,
      "세기": 7,
      "절": 17,
      "기도": 16,
      "수도원": 7,
      "세상": 13,
      "눈물": 8,
      "옷": 6,
      "영혼": 9,
      "책": 10,
      "말": 13,
      "제물": 5,
      "교회": 11,
      "정신": 7,
      "종교": 5,
      "대학": 6,
      "선생": 5,
      "병": 5,
      "인생": 6,
      "희망": 5,
      "밤": 5,
      "필요": 5,
      "세계": 7,
      "아들": 6,
      "사람": 8,
      "목사": 6,
      "지금": 6,
      "집": 5,
      "시대": 5,
      "앞": 5,
      "장": 5
    },
    "NNP": {
      "이탈리아": 11,
      "로마서": 20,
      "루터": 11,
      "보름스": 5,
      "아우구스티누스": 7,
      "두나미스": 8,
      "마틴": 7,
      "로마": 7,
      "영국": 5,
      "그리스도": 7,
      "일본": 5,
      "예수": 7
    },
    "VA": {
      "그렇": 9
    },
    "VV": {
      "되": 32,
      "병들": 9,
      "있": 17,
      "받": 16,
      "읽": 15,
      "주": 13,
      "살": 12,
      "치": 9,
      "입": 6,
      "걷": 5,
      "그러": 9,
      "걸": 5,
      "드리": 8,
      "만들": 6,
      "부르": 6,
      "다니": 5,
      "위하": 5,
      "죽": 5,
      "가지": 5,
      "나오": 5
    }
  },
  "tfidf": {
    "MAG": {
      "안": 0.005720874045508571,
      "지금": 0.004621278961965144
    },
    "NNB": {
      "장": 0.008869420844123165,
      "대": 0.0056190996304455,
      "절": 0.0055424228406348005,
      "수": 0.003484313103061843,
      "거": 0.0031024209715341047,
      "번": 0.0029967797875455884
    },
    "NNG": {
      "변화": 0.05418393532211904,
      "어머니": 0.02171012959396152,
      "청년": 0.01789869677925419,
      "지랄": 0.016809439922906958,
      "복음": 0.01627867889304217,
      "능력": 0.01614347984725271,
      "개혁": 0.01383274868161655,
      "말씀": 0.012699197467404753,
      "하나님": 0.011527377521613832,
      "역사": 0.011104542985426557,
      "세기": 0.011010787846300473,
      "절": 0.009827783779821244,
      "기도": 0.009235779976294366,
      "수도원": 0.009046709902245825,
      "세상": 0.008807242085054214,
      "눈물": 0.008801383562628232,
      "옷": 0.008725256362773302,
      "영혼": 0.008242601481001696,
      "책": 0.008223299749599131,
      "말": 0.007538000928215667,
      "제물": 0.007290990608299289,
      "교회": 0.006784290022353825,
      "정신": 0.006239657604943221,
      "종교": 0.006189996850662211,
      "대학": 0.005850067610404877,
      "선생": 0.005666851734663786,
      "병": 0.005522451676870764,
      "인생": 0.005375330600746786,
      "희망": 0.005313530921717583,
      "밤": 0.005099963278623284,
      "필요": 0.004849210030814553,
      "세계": 0.004830072884366941,
      "아들": 0.004770569296962203,
      "사람": 0.004617889988147183,
      "목사": 0.004486172415451061,
      "지금": 0.00441686722507603,
      "집": 0.0038333611186293897,
      "시대": 0.0036017631077705213,
      "앞": 0.0031353566943687528,
      "장": 0.0030884200806088127
    },
    "NNP": {
      "이탈리아": 0.043154489026544667,
      "로마서": 0.031557499779344064,
      "루터": 0.020891088549806206,
      "보름스": 0.019615676830247574,
      "아우구스티누스": 0.019332655836815857,
      "두나미스": 0.018321275001912128,
      "마틴": 0.014724770070674678,
      "로마": 0.009757163532968148,
      "영국": 0.007135177290517515,
      "그리스도": 0.005793667333589466,
      "일본": 0.005118737575514332,
      "예수": 0.004034582132564841
    },
    "VA": {
      "그렇": 0.005187319884726225
    },
    "VV": {
      "되": 0.018443804034582133,
      "병들": 0.011498126690063856,
      "있": 0.009798270893371758,
      "받": 0.009235779976294366,
      "읽": 0.009168040370799041,
      "주": 0.00757208496904725,
      "살": 0.0071598759905422,
      "치": 0.007133102505968211,
      "입": 0.00654980394591305,
      "걷": 0.00596668994726632,
      "그러": 0.00536990699290665,
      "걸": 0.005234026724256981,
      "드리": 0.004809302063786471,
      "만들": 0.004636397644370909,
      "부르": 0.004342202213229227,
      "다니": 0.0041116498747995655,
      "위하": 0.003280935340296423,
      "죽": 0.003197539981528831,
      "가지": 0.003028523476971172,
      "나오": 0.002969846466455567
    }
  }
}