{
  "scope": "sermon",
  "idf_scope": "church",
  "church": "D-Zg",
  "sermon": "D-Zg-0199",
  "document_unit": "sermon_json",
  "document_count": 664,
  "min_count": 5,
  "freq": {
    "MAG": {
      "다": 6
    },
    "NNB": {
      "달": 24,
      "절": 9,
      "데": 7,
      "수": 7,
      "거": 5
    },
    "NNG": {
      "란트": 24,
      "달란트": 15,
      "재능": 13,
      "경영": 14,
      "충성": 11,
      "사람": 33,
      "마더": 6,
      "기초": 15,
      "충실": 7,
      "결산": 5,
      "주인": 14,
      "하나님": 22,
      "소유": 6,
      "종": 8,
      "건물": 5,
      "잔치": 5,
      "주간": 6,
      "성공": 6,
      "말씀": 11,
      "참여": 5,
      "인생": 6,
      "악": 5,
      "앞": 6,
      "생각": 6,
      "길": 5,
      "절": 6
    },
    "NNP": {
      "중국": 6
    },
    "VA": {
      "작": 18,
      "게으르": 6,
      "착하": 5,
      "다르": 8,
      "그렇": 8,
      "어떻": 7,
      "같": 5
    },
    "VV": {
      "맡기": 15,
      "주어지": 11,
      "남기": 11,
      "있": 21,
      "다지": 5,
      "받": 20,
      "되": 15,
      "르": 5,
      "주": 7,
      "이르": 5,
      "그러": 5,
      "보": 5
    }
  },
  "tfidf": {
    "MAG": {
      "다": 0.0057325210967869205
    },
    "NNB": {
      "달": 0.04565456461482237,
      "절": 0.008928601326370826,
      "데": 0.00861839048957978,
      "수": 0.006548589080267112,
      "거": 0.004997864796296816
    },
    "NNG": {
      "란트": 0.11816295182884981,
      "달란트": 0.06769818539053754,
      "재능": 0.049881509506687044,
      "경영": 0.036747831835390224,
      "충성": 0.03134509996280217,
      "사람": 0.0306867793954697,
      "마더": 0.030196910857805116,
      "기초": 0.02965388596835921,
      "충실": 0.025453924526832133,
      "결산": 0.024617281631010374,
      "주인": 0.02356486869120193,
      "하나님": 0.02042711234911792,
      "소유": 0.018274536687909456,
      "종": 0.016169188943490776,
      "건물": 0.013876172396188505,
      "잔치": 0.013579740307114537,
      "주간": 0.012882458132674648,
      "성공": 0.012154133965524444,
      "말씀": 0.010228926465156567,
      "참여": 0.009993869591171704,
      "인생": 0.008659423019773141,
      "악": 0.00814105779998004,
      "앞": 0.006061107370172464,
      "생각": 0.006015554944338227,
      "길": 0.005748817810282321,
      "절": 0.005587810866128086
    },
    "NNP": {
      "중국": 0.010954861013528322
    },
    "VA": {
      "작": 0.03638067512285425,
      "게으르": 0.02166500906970267,
      "착하": 0.013927471542830033,
      "다르": 0.010753558935795262,
      "그렇": 0.007428040854224698,
      "어떻": 0.007332614999041767,
      "같": 0.004805936569015287
    },
    "VV": {
      "맡기": 0.0353334597548182,
      "주어지": 0.032502588856374165,
      "남기": 0.024084826671945347,
      "있": 0.019498607242339833,
      "다지": 0.019348108312352136,
      "받": 0.018598048118466482,
      "되": 0.013927576601671309,
      "르": 0.008658298224171794,
      "주": 0.006568314545323824,
      "이르": 0.005829248560780492,
      "그러": 0.004805936569015287,
      "보": 0.00475559110469714
    }
  }
}