{
  "scope": "sermon",
  "idf_scope": "church",
  "church": "D-Zg",
  "sermon": "D-Zg-0212",
  "document_unit": "sermon_json",
  "document_count": 664,
  "min_count": 5,
  "freq": {
    "MAG": {
      "다시": 8
    },
    "NNB": {
      "거": 12,
      "수": 7
    },
    "NNG": {
      "기초": 33,
      "파운데이션": 9,
      "황폐": 6,
      "학생": 10,
      "교육": 10,
      "인권": 6,
      "수업": 5,
      "교실": 5,
      "의지": 7,
      "세대": 6,
      "행복": 8,
      "두레": 8,
      "미래": 7,
      "성공": 6,
      "말씀": 13,
      "세계": 9,
      "하나님": 9,
      "교회": 8,
      "나라": 8,
      "말": 8,
      "하루": 5,
      "정신": 5,
      "길": 6,
      "오늘": 7,
      "날": 6,
      "얘기": 5,
      "사람": 5
    },
    "NNP": {
      "서울대": 5,
      "영어": 5,
      "한국": 5
    },
    "VA": {
      "그렇": 5
    },
    "VV": {
      "허물어": 15,
      "쌓": 12,
      "물려가": 5,
      "있": 20,
      "되": 14,
      "통하": 10,
      "기르": 5,
      "일으키": 5,
      "받": 8,
      "세우": 6,
      "가지": 7,
      "그러": 6
    }
  },
  "tfidf": {
    "MAG": {
      "다시": 0.009383816793270385
    },
    "NNB": {
      "거": 0.012970362374967884,
      "수": 0.0070811550596864255
    },
    "NNG": {
      "기초": 0.07054409378858466,
      "파운데이션": 0.04329882686343654,
      "황폐": 0.021858951986433513,
      "학생": 0.020314492858678146,
      "교육": 0.019983922731203585,
      "인권": 0.019672774313605992,
      "수업": 0.01965998043272964,
      "교실": 0.01865259742338149,
      "의지": 0.017354863287995913,
      "세대": 0.015856943314459467,
      "행복": 0.015212730717749853,
      "두레": 0.01342041303651122,
      "미래": 0.013157792659394095,
      "성공": 0.013142572571154445,
      "말씀": 0.01307185098928962,
      "세계": 0.01081778371907484,
      "하나님": 0.009036144578313253,
      "교회": 0.008594920181660375,
      "나라": 0.008504742972071752,
      "말": 0.008080587958266407,
      "하루": 0.007922734041225094,
      "정신": 0.007763773626345733,
      "길": 0.007459610580330193,
      "오늘": 0.007396956071086834,
      "날": 0.006684014298737979,
      "얘기": 0.006159186918221318,
      "사람": 0.005027634995880623
    },
    "NNP": {
      "서울대": 0.018886131638416095,
      "영어": 0.007279385468995464,
      "한국": 0.006625353348410047
    },
    "VA": {
      "그렇": 0.0050200803212851405
    },
    "VV": {
      "허물어": 0.05816567591761248,
      "쌓": 0.029830199033850337,
      "물려가": 0.024773281542140146,
      "있": 0.020080321285140562,
      "되": 0.014056224899598393,
      "통하": 0.01329236717419772,
      "기르": 0.010115412184564253,
      "일으키": 0.009066540671953586,
      "받": 0.008044215993408996,
      "세우": 0.00751736841861425,
      "가지": 0.007385826832894555,
      "그러": 0.006236136969674054
    }
  }
}