{
  "scope": "sermon",
  "idf_scope": "church",
  "church": "D-Zg",
  "sermon": "D-Zg-0290",
  "document_unit": "sermon_json",
  "document_count": 664,
  "min_count": 5,
  "freq": {
    "MAG": {
      "안": 14,
      "못": 10,
      "그냥": 7,
      "이제": 6,
      "다": 5
    },
    "NNB": {
      "원": 7,
      "살": 7,
      "장": 11,
      "절": 10,
      "거": 8,
      "수": 8,
      "데": 5
    },
    "NNG": {
      "애": 22,
      "마음": 35,
      "밀가루": 9,
      "랍비": 7,
      "복종": 9,
      "넝마주의": 6,
      "입학금": 5,
      "본": 10,
      "엄마": 10,
      "발": 12,
      "짐": 10,
      "보험": 6,
      "교회": 21,
      "쓰레기통": 6,
      "사람": 21,
      "포": 7,
      "눈물": 11,
      "지도자": 10,
      "하나님": 17,
      "장사": 8,
      "종": 7,
      "사흘": 7,
      "동네": 6,
      "대접": 5,
      "감사": 13,
      "얼굴": 6,
      "모습": 5,
      "절": 11,
      "전": 10,
      "제자": 5,
      "말": 10,
      "선생": 5,
      "장": 9,
      "하루": 6,
      "이름": 9,
      "마지막": 6,
      "말씀": 8,
      "삶": 6,
      "자리": 6,
      "복음": 5,
      "집": 5,
      "땅": 6,
      "기도": 6,
      "하늘": 5,
      "아버지": 5,
      "오늘": 5
    },
    "NNP": {
      "예수": 49,
      "청계천": 5,
      "그리스도": 6
    },
    "VA": {
      "그렇": 15,
      "없": 14,
      "크": 5
    },
    "VV": {
      "굶": 18,
      "비우": 12,
      "있": 39,
      "되": 38,
      "섬기": 20,
      "낮추": 9,
      "씻기": 7,
      "떠나": 11,
      "높이": 9,
      "울": 8,
      "데리": 7,
      "보이": 10,
      "죽": 13,
      "품": 7,
      "씻": 5,
      "받": 12,
      "흩어지": 5,
      "살": 11,
      "들어오": 7,
      "갖": 5,
      "생기": 6,
      "먹": 8,
      "보": 10,
      "나오": 9,
      "나가": 7,
      "살아가": 5,
      "들어가": 5,
      "그러": 5
    }
  },
  "tfidf": {
    "MAG": {
      "안": 0.00783756517571366,
      "못": 0.006086300741079238,
      "그냥": 0.00434619535999973,
      "이제": 0.0032986439334320647,
      "다": 0.0026116434946021625
    },
    "NNB": {
      "원": 0.008940742605397272,
      "살": 0.007029585207896068,
      "장": 0.005728355221999682,
      "절": 0.005423634308235408,
      "거": 0.0043717363537962815,
      "수": 0.004091562256387342,
      "데": 0.003365484611050552
    },
    "NNG": {
      "애": 0.02393422175210382,
      "마음": 0.019387836921762668,
      "밀가루": 0.018020279600252775,
      "랍비": 0.01753495623470062,
      "복종": 0.01741023770501384,
      "넝마주의": 0.016508666494343203,
      "입학금": 0.01624663642636483,
      "본": 0.01582619495422321,
      "엄마": 0.013896513227706079,
      "발": 0.013754558531550528,
      "짐": 0.012949376397348658,
      "보험": 0.012383146709149364,
      "교회": 0.011406811581193428,
      "쓰레기통": 0.01098873119556922,
      "사람": 0.01067594046434915,
      "포": 0.010659818067146764,
      "눈물": 0.010658274447510137,
      "지도자": 0.009184911605745145,
      "하나님": 0.008629441624365483,
      "장사": 0.00796935136502464,
      "종": 0.007734740827726965,
      "사흘": 0.00746770069744503,
      "동네": 0.007009005104741202,
      "대접": 0.00680077531738786,
      "감사": 0.006638797771804154,
      "얼굴": 0.0063462537211718805,
      "모습": 0.005717672508871492,
      "절": 0.005600574901101475,
      "전": 0.005391042593499759,
      "제자": 0.005243819891120848,
      "말": 0.005106767516772426,
      "선생": 0.004990856730782573,
      "장": 0.0048960080770260525,
      "하루": 0.004806726764503671,
      "이름": 0.004568527918781726,
      "마지막": 0.0045261072627808705,
      "말씀": 0.004067024938799676,
      "삶": 0.003975781673759945,
      "자리": 0.00392645775725239,
      "복음": 0.003413525245277757,
      "집": 0.003376082000417254,
      "땅": 0.0032640053846840346,
      "기도": 0.003050268704099757,
      "하늘": 0.0029787755520323724,
      "아버지": 0.0029651908394978752,
      "오늘": 0.0026712720256716776
    },
    "NNP": {
      "예수": 0.024873096446700507,
      "청계천": 0.007945023320276225,
      "그리스도": 0.004373609640512425
    },
    "VA": {
      "그렇": 0.007614213197969543,
      "없": 0.007203435291352645,
      "크": 0.00294719026003216
    },
    "VV": {
      "굶": 0.02363877095865809,
      "비우": 0.023526096736626204,
      "있": 0.01979695431472081,
      "되": 0.019289340101522844,
      "섬기": 0.0161594325125576,
      "낮추": 0.015873054898114896,
      "씻기": 0.015211359650006893,
      "떠나": 0.010914063734994522,
      "높이": 0.010693698311153263,
      "울": 0.008099311694308595,
      "데리": 0.008042342916132657,
      "보이": 0.00753111614699239,
      "죽": 0.0073218796226784556,
      "품": 0.007249447048518714,
      "씻": 0.006438940127908494,
      "받": 0.006100537408199514,
      "흩어지": 0.005840837587284335,
      "살": 0.00578029751605321,
      "들어오": 0.005560532951905515,
      "갖": 0.005277289445135959,
      "생기": 0.005273500644249995,
      "먹": 0.0052027895267578676,
      "보": 0.005199768141887127,
      "나오": 0.004708035794284638,
      "나가": 0.004266936323146894,
      "살아가": 0.0037593751932985266,
      "들어가": 0.002983319995620668,
      "그러": 0.002627407961842368
    }
  }
}