{
  "scope": "sermon",
  "idf_scope": "church",
  "church": "D-Zg",
  "sermon": "D-Zg-0068",
  "document_unit": "sermon_json",
  "document_count": 664,
  "min_count": 5,
  "freq": {
    "MAG": {
      "다": 11,
      "다시": 7,
      "이제": 6,
      "못": 5
    },
    "NNB": {
      "수": 42,
      "장": 14,
      "거": 11,
      "분": 7,
      "번": 8,
      "가지": 6,
      "절": 5
    },
    "NNG": {
      "주": 41,
      "관용": 8,
      "말씀": 34,
      "보험": 8,
      "절": 32,
      "안": 23,
      "빌립": 7,
      "하나님": 29,
      "보서": 6,
      "마음": 25,
      "요리": 6,
      "감옥": 12,
      "쓰레기통": 7,
      "찬양": 15,
      "사람": 24,
      "시": 12,
      "암송": 6,
      "옥중": 5,
      "능력": 10,
      "주간": 7,
      "실패": 6,
      "기쁨": 8,
      "위로": 7,
      "사도": 7,
      "기도": 14,
      "장": 13,
      "오늘": 13,
      "영원": 7,
      "구절": 6,
      "생각": 12,
      "아버지": 11,
      "연습": 5,
      "인생": 8,
      "부활": 7,
      "고난": 7,
      "세상": 10,
      "영광": 9,
      "영혼": 7,
      "시절": 6,
      "예배": 9,
      "물": 6,
      "성도": 8,
      "교회": 10,
      "사랑": 7,
      "시작": 9,
      "말": 10,
      "길": 8,
      "밖": 5,
      "은혜": 8,
      "눈물": 5,
      "십자가": 6,
      "이름": 9,
      "장로": 5,
      "땅": 8,
      "속": 7,
      "감사": 8,
      "성령": 6,
      "구원": 5,
      "아들": 5,
      "소리": 5,
      "삶": 5,
      "나라": 6,
      "기": 5,
      "세계": 5,
      "역사": 5,
      "앞": 5
    },
    "NNP": {
      "빌립보": 13,
      "멘": 26,
      "예수": 33,
      "빌립보서": 7,
      "그리스도": 12,
      "바울": 6,
      "로마": 6,
      "주님": 7,
      "미국": 6
    },
    "VA": {
      "기쁘": 16,
      "없": 20,
      "귀하": 11,
      "크": 10,
      "그렇": 11,
      "새롭": 7,
      "어리": 5,
      "많": 6
    },
    "VV": {
      "있": 72,
      "기뻐하": 36,
      "비우": 12,
      "되": 38,
      "주": 28,
      "살": 19,
      "믿": 16,
      "낮추": 5,
      "죽": 14,
      "받": 15,
      "드리": 14,
      "위하": 12,
      "흔들리": 5,
      "보": 11,
      "보내": 8,
      "바라": 9,
      "그러": 8,
      "내": 5,
      "알": 6,
      "나오": 6,
      "나가": 5,
      "대하": 5,
      "가지": 5
    }
  },
  "tfidf": {
    "MAG": {
      "다": 0.004404226811519757,
      "다시": 0.003182099741375541,
      "이제": 0.002528532509284501,
      "못": 0.00233268724901286
    },
    "NNB": {
      "수": 0.01646575199871054,
      "장": 0.005588540396984479,
      "거": 0.004607759084959408,
      "분": 0.0033624127608665407,
      "번": 0.0032369885954188927,
      "가지": 0.0025982281430969867,
      "절": 0.002078708090899563
    },
    "NNG": {
      "주": 0.01927507157392953,
      "관용": 0.014526299444668135,
      "말씀": 0.01324948105062268,
      "보험": 0.012656186260453567,
      "절": 0.012488865998069934,
      "안": 0.01181117466967917,
      "빌립": 0.011450447946521664,
      "하나님": 0.011284046692607004,
      "보서": 0.010635053840053104,
      "마음": 0.010615352622532645,
      "요리": 0.010089649518228579,
      "감옥": 0.010073709519179968,
      "쓰레기통": 0.00982714676957844,
      "찬양": 0.009649892600767295,
      "사람": 0.009352574859263068,
      "시": 0.007719914080613836,
      "암송": 0.007590564510365359,
      "옥중": 0.00705950589445129,
      "능력": 0.006410834867242723,
      "주간": 0.006298369122064472,
      "실패": 0.006005914448634978,
      "기쁨": 0.005827753858257485,
      "위로": 0.005799238555524256,
      "사도": 0.005615546351022805,
      "기도": 0.005455668667903456,
      "장": 0.005420958359387687,
      "오늘": 0.00532383475310908,
      "영원": 0.005260738427339805,
      "구절": 0.005198725639125543,
      "생각": 0.005041830875527059,
      "아버지": 0.005000442450732993,
      "연습": 0.0049769350545652725,
      "인생": 0.004838494730114488,
      "부활": 0.004829017529758987,
      "고난": 0.004776298424439652,
      "세상": 0.0045736501100176775,
      "영광": 0.004458853440589688,
      "영혼": 0.004327989407123458,
      "시절": 0.004312757650709425,
      "예배": 0.004263689744684291,
      "물": 0.00423224517739152,
      "성도": 0.004219770915269131,
      "교회": 0.004163687014072828,
      "사랑": 0.004034380071251882,
      "시작": 0.003974835235111085,
      "말": 0.003914526073167969,
      "길": 0.003854615895205641,
      "밖": 0.0037951575014798333,
      "은혜": 0.003715211684693661,
      "눈물": 0.0037136187940564154,
      "십자가": 0.0036349906588229253,
      "이름": 0.003501945525291829,
      "장로": 0.003494172307392321,
      "땅": 0.003335974375007807,
      "속": 0.0032858265885858397,
      "감사": 0.003131620858534375,
      "성령": 0.0029587681496622523,
      "구원": 0.002919942565582045,
      "아들": 0.002683831948842225,
      "소리": 0.002658344353422579,
      "삶": 0.002539653014691015,
      "나라": 0.002472001167368716,
      "기": 0.0024466221307406404,
      "세계": 0.0023291207488539867,
      "역사": 0.002204896095183689,
      "앞": 0.0021166707644862982
    },
    "NNP": {
      "빌립보": 0.019536424689526495,
      "멘": 0.016844118246468667,
      "예수": 0.012840466926070038,
      "빌립보서": 0.010182921585500406,
      "그리스도": 0.006705066919696091,
      "바울": 0.006163364909636223,
      "로마": 0.0056460295930071385,
      "주님": 0.00437264180729067,
      "미국": 0.0034467068817777926
    },
    "VA": {
      "기쁘": 0.012193142384419786,
      "없": 0.007888142036667434,
      "귀하": 0.006339740111967244,
      "크": 0.004518260554290549,
      "그렇": 0.004280155642023347,
      "새롭": 0.004177230393278262,
      "어리": 0.003520287132941233,
      "많": 0.002590380638732695
    },
    "VV": {
      "있": 0.02801556420233463,
      "기뻐하": 0.022998731479457673,
      "비우": 0.01803362279033215,
      "되": 0.014785992217898832,
      "주": 0.011010233097764605,
      "살": 0.007653220234378197,
      "믿": 0.006970673953345302,
      "낮추": 0.006759601848094757,
      "죽": 0.006044221490376289,
      "받": 0.005845359287039418,
      "드리": 0.005681806766992868,
      "위하": 0.005315881228402454,
      "흔들리": 0.0045097344170501345,
      "보": 0.004384395939093154,
      "보내": 0.004179947253137117,
      "바라": 0.003781373156645294,
      "그러": 0.0032224085197381886,
      "내": 0.002701011091737696,
      "알": 0.0025553896870622863,
      "나오": 0.0024059223125138095,
      "나가": 0.0023362602992216177,
      "대하": 0.002255695986241444,
      "가지": 0.0020445479504066083
    }
  }
}