{
  "scope": "sermon",
  "idf_scope": "church",
  "church": "D-Zg",
  "sermon": "D-Zg-0577",
  "document_unit": "sermon_json",
  "document_count": 664,
  "min_count": 5,
  "freq": {
    "MAG": {
      "삥땅": 5,
      "안": 14,
      "이제": 13,
      "잘": 8,
      "다": 6,
      "아주": 5
    },
    "NNB": {
      "거": 29,
      "원": 6,
      "번": 11,
      "명": 5,
      "가지": 5
    },
    "NNG": {
      "공동체": 36,
      "수염": 9,
      "전신마비": 6,
      "다리": 13,
      "두레": 22,
      "두레박": 6,
      "마을": 19,
      "하나님": 33,
      "동상": 8,
      "방": 13,
      "표현": 14,
      "태양빛": 5,
      "사람": 24,
      "연합": 7,
      "삼위일체": 5,
      "림": 5,
      "아론": 5,
      "말": 15,
      "낮": 6,
      "기름": 5,
      "형제": 7,
      "식구": 5,
      "복": 9,
      "머리": 7,
      "밤": 7,
      "눈": 8,
      "돈": 7,
      "영생": 5,
      "산": 6,
      "이해": 6,
      "힘": 7,
      "물": 5,
      "기도": 9,
      "말씀": 8,
      "목사": 6,
      "교회": 7,
      "가정": 5,
      "땅": 6,
      "절": 6,
      "이름": 5
    },
    "NNP": {
      "헐몬": 7,
      "성령": 8,
      "예수": 5
    },
    "VA": {
      "아름답": 13,
      "그렇": 19,
      "같": 8,
      "많": 6,
      "없": 6,
      "좋": 5
    },
    "VV": {
      "있": 37,
      "되": 32,
      "먹": 16,
      "자르": 5,
      "살": 15,
      "그러": 13,
      "내": 8,
      "나오": 10,
      "보": 10,
      "들어오": 6,
      "걸리": 5,
      "따르": 7,
      "치": 6,
      "받": 8,
      "쓰": 7,
      "나가": 6,
      "지": 5,
      "가지": 6,
      "주": 5
    }
  },
  "tfidf": {
    "MAG": {
      "삥땅": 0.016786086434750037,
      "안": 0.008478859635450801,
      "이제": 0.0077318571421558825,
      "잘": 0.004823151428571856,
      "다": 0.003390403745875625,
      "아주": 0.0029737912085214934
    },
    "NNB": {
      "거": 0.017144240657082754,
      "원": 0.008290545037718346,
      "번": 0.006281553239462664,
      "명": 0.0034529483119184216,
      "가지": 0.0030557598058572467
    },
    "NNG": {
      "공동체": 0.04190885707641636,
      "수염": 0.022514076086438614,
      "전신마비": 0.02242714945665868,
      "다리": 0.02095590611721265,
      "두레": 0.020185893084571242,
      "두레박": 0.020143303721700045,
      "마을": 0.019021214458739086,
      "하나님": 0.018121911037891267,
      "동상": 0.016527698725414545,
      "방": 0.01589689031696727,
      "표현": 0.014448877786459011,
      "태양빛": 0.014008489203342899,
      "사람": 0.013199405485066493,
      "연합": 0.012842574245509763,
      "삼위일체": 0.011866373449500022,
      "림": 0.01032981170338409,
      "아론": 0.009851081919900351,
      "말": 0.008286929166426423,
      "낮": 0.007887451620280967,
      "기름": 0.007787885630268499,
      "형제": 0.007468815405103907,
      "식구": 0.007313303497266272,
      "복": 0.00719002500800581,
      "머리": 0.006942550418985218,
      "밤": 0.006802751676977462,
      "눈": 0.0066816091191860836,
      "돈": 0.00647973397134295,
      "영생": 0.00591070705639315,
      "산": 0.005485918627984346,
      "이해": 0.005362995885273273,
      "힘": 0.005328244934522438,
      "물": 0.004977516980549244,
      "기도": 0.004949777056899935,
      "말씀": 0.004399801828355498,
      "목사": 0.004274304854919051,
      "교회": 0.004113384370300395,
      "가정": 0.003898555314553169,
      "땅": 0.0035310766654736672,
      "절": 0.0033048172997363805,
      "이름": 0.0027457440966501922
    },
    "NNP": {
      "헐몬": 0.019611884884680058,
      "성령": 0.007200442909126802,
      "예수": 0.0027457440966501922
    },
    "VA": {
      "아름답": 0.01560985930861223,
      "그렇": 0.01043382756727073,
      "같": 0.004547825313414138,
      "많": 0.0036558364862949075,
      "없": 0.0033397899562166893,
      "좋": 0.0029827789222638583
    },
    "VV": {
      "있": 0.020318506315211423,
      "되": 0.01757276221856123,
      "먹": 0.011256996559816584,
      "자르": 0.009396621627540182,
      "살": 0.008527172462651507,
      "그러": 0.007390216134297973,
      "내": 0.006099152997927186,
      "나오": 0.005659180251840098,
      "보": 0.00562522967573731,
      "들어오": 0.005156154349378143,
      "걸리": 0.004904047872450535,
      "따르": 0.004856629408657358,
      "치": 0.004530819274338219,
      "받": 0.004399801828355498,
      "쓰": 0.004369748797258498,
      "나가": 0.003956631940032657,
      "지": 0.0039048456817869846,
      "가지": 0.00346259521090279,
      "주": 0.002774799860874621
    }
  }
}