{
  "scope": "sermon",
  "idf_scope": "church",
  "church": "D-Zg",
  "sermon": "D-Zg-0155",
  "document_unit": "sermon_json",
  "document_count": 664,
  "min_count": 5,
  "freq": {
    "MAG": {
      "이제": 14,
      "다": 14,
      "안": 11,
      "못": 10,
      "계속": 6,
      "잘": 7,
      "더": 5
    },
    "NNB": {
      "거": 32,
      "절": 18,
      "번": 18,
      "가지": 14,
      "장": 13,
      "수": 13,
      "살": 6,
      "시": 6,
      "중": 10,
      "때문": 7
    },
    "NNG": {
      "기도": 94,
      "번뇌": 15,
      "순금": 10,
      "훈련": 17,
      "묵주": 7,
      "어머니": 18,
      "하나님": 37,
      "염주": 7,
      "경건": 9,
      "성화": 8,
      "무력증": 5,
      "불교": 11,
      "믿음": 19,
      "말씀": 27,
      "단련": 6,
      "하늘": 22,
      "사람": 25,
      "절": 23,
      "금식": 11,
      "옆구리": 5,
      "재벌": 5,
      "꼭대기": 6,
      "도달": 5,
      "증거": 7,
      "스님": 5,
      "아침": 8,
      "존경": 5,
      "수도원": 7,
      "칼": 6,
      "복음": 11,
      "목사": 11,
      "습관": 5,
      "생활": 9,
      "제자": 6,
      "응답": 8,
      "말": 12,
      "은혜": 10,
      "아버지": 10,
      "죄": 9,
      "기쁨": 6,
      "처음": 6,
      "목회": 5,
      "삶": 8,
      "산": 6,
      "음성": 5,
      "건강": 5,
      "저녁": 5,
      "장": 9,
      "새벽": 6,
      "영광": 7,
      "마음": 8,
      "시험": 5,
      "뜻": 7,
      "찬양": 5,
      "능력": 5,
      "구원": 5,
      "오늘": 7,
      "세상": 6,
      "감사": 7,
      "소리": 5,
      "안": 5,
      "성령": 5,
      "예배": 5,
      "이름": 6,
      "시작": 5
    },
    "NNP": {
      "융": 5,
      "묵주": 5,
      "예수": 28,
      "누가복음": 5,
      "김": 5,
      "미국": 6,
      "그리스도": 5
    },
    "VA": {
      "없": 21,
      "그렇": 13,
      "아프": 5,
      "같": 9,
      "좋": 5
    },
    "VV": {
      "되": 54,
      "있": 43,
      "끊기": 6,
      "닿": 10,
      "그러": 21,
      "받": 21,
      "이루": 15,
      "알": 15,
      "열리": 9,
      "눕": 5,
      "듣": 12,
      "나가": 11,
      "넘치": 6,
      "통하": 9,
      "믿": 10,
      "보": 10,
      "주": 9,
      "만나": 6,
      "죽": 7,
      "드리": 7,
      "나오": 7,
      "들어가": 6,
      "모르": 5,
      "쓰": 6,
      "짓": 5
    }
  },
  "tfidf": {
    "MAG": {
      "이제": 0.006354889611906702,
      "다": 0.0060376469053753275,
      "안": 0.005084422145782391,
      "못": 0.005025151911117394,
      "계속": 0.004627757313234449,
      "잘": 0.00322090901404052,
      "더": 0.002602932633640435
    },
    "NNB": {
      "거": 0.014438089885965927,
      "절": 0.008060438917436194,
      "번": 0.007844881204111377,
      "가지": 0.006530053687386811,
      "장": 0.00558954420618044,
      "수": 0.005489569854677275,
      "살": 0.004974835178860707,
      "시": 0.0047169393155117745,
      "중": 0.004404432717975678,
      "때문": 0.0033757486776749344
    },
    "NNG": {
      "기도": 0.03945576687798219,
      "번뇌": 0.02863798026921257,
      "순금": 0.019318588779378414,
      "훈련": 0.017687603715547277,
      "묵주": 0.01728099073661034,
      "어머니": 0.01578670362343807,
      "하나님": 0.01550712489522213,
      "염주": 0.014477730000989196,
      "경건": 0.01338511730874679,
      "성화": 0.013225277381949507,
      "무력증": 0.012811174936160862,
      "불교": 0.012242916804765252,
      "믿음": 0.01199106733178391,
      "말씀": 0.011333039422399138,
      "단련": 0.010974751445247372,
      "하늘": 0.010821469608137723,
      "사람": 0.010493555020739944,
      "절": 0.009668598977707379,
      "금식": 0.009465023620655903,
      "옆구리": 0.00858882996436232,
      "재벌": 0.008265798363718442,
      "꼭대기": 0.008140252716549553,
      "도달": 0.007396259696361551,
      "증거": 0.00726376598435333,
      "스님": 0.007067587291724146,
      "아침": 0.007001310943171213,
      "존경": 0.006905059558392473,
      "수도원": 0.00657839131617624,
      "칼": 0.006259392489252972,
      "복음": 0.006200426828597568,
      "목사": 0.005980623117412929,
      "습관": 0.005904559542186996,
      "생활": 0.005496390554384432,
      "제자": 0.0051954694981599684,
      "응답": 0.005168021282903847,
      "말": 0.005059680808738481,
      "은혜": 0.00500214481855758,
      "아버지": 0.004896417396320884,
      "죄": 0.004832641361557889,
      "기쁨": 0.004707877435788475,
      "처음": 0.004417729722161873,
      "목회": 0.004413578152354343,
      "삶": 0.004376803519031624,
      "산": 0.00418686413309283,
      "음성": 0.004071582101752549,
      "건강": 0.004063506725985595,
      "저녁": 0.004063506725985595,
      "장": 0.0040423872220206715,
      "새벽": 0.0039153084631915,
      "영광": 0.0037354369654562947,
      "마음": 0.003658870912309659,
      "시험": 0.003532390001740963,
      "뜻": 0.003474854683124323,
      "찬양": 0.0034646862229633906,
      "능력": 0.0034526080487874682,
      "구원": 0.003145118354377978,
      "오늘": 0.0030877486365475638,
      "세상": 0.0029558124348898823,
      "감사": 0.0029514804717641137,
      "소리": 0.0028633466002917136,
      "안": 0.002765654624902098,
      "성령": 0.0026557816934311223,
      "예배": 0.0025513836834866878,
      "이름": 0.002514668901927913,
      "시작": 0.0023785337045346667
    },
    "NNP": {
      "융": 0.012811174936160862,
      "묵주": 0.01234356481186453,
      "예수": 0.01173512154233026,
      "누가복음": 0.006108171756046274,
      "김": 0.004571808564148444,
      "미국": 0.0037125048978075975,
      "그리스도": 0.0030092242916350508
    },
    "VA": {
      "없": 0.008921270446750658,
      "그렇": 0.005448449287510477,
      "아프": 0.00458210616432118,
      "같": 0.003904773106744777,
      "좋": 0.002276462874032894
    },
    "VV": {
      "되": 0.022632020117351215,
      "있": 0.01802179379715004,
      "끊기": 0.013069242114824329,
      "닿": 0.010376808549076185,
      "그러": 0.009111137249071146,
      "받": 0.008814586217421552,
      "이루": 0.007584038737276022,
      "알": 0.006881131072663533,
      "열리": 0.006403611897531064,
      "눕": 0.005924053240138198,
      "듣": 0.00569983198453185,
      "나가": 0.005536134003268661,
      "넘치": 0.005239781991076531,
      "통하": 0.004993829813474785,
      "믿": 0.004692642513646643,
      "보": 0.00429318660499482,
      "주": 0.003811919104767323,
      "만나": 0.0034744924793323707,
      "죽": 0.003255165387734087,
      "드리": 0.003059983946180149,
      "나오": 0.003023368427083224,
      "들어가": 0.0029558124348898823,
      "모르": 0.0029515447581268985,
      "쓰": 0.002858572348152697,
      "짓": 0.00275267899571534
    }
  }
}