{
  "scope": "sermon",
  "idf_scope": "church",
  "church": "D-Zg",
  "sermon": "D-Zg-0641",
  "document_unit": "sermon_json",
  "document_count": 664,
  "min_count": 5,
  "freq": {
    "MAG": {
      "마침내": 13,
      "잘": 14,
      "리": 5,
      "안": 11,
      "다": 11,
      "이제": 9,
      "가장": 5,
      "아주": 7
    },
    "NNB": {
      "거": 27,
      "명": 16,
      "달러": 6,
      "장": 9,
      "수": 8,
      "절": 5,
      "중": 5,
      "번": 5
    },
    "NNG": {
      "제철소": 15,
      "간호사": 11,
      "광부": 9,
      "대통령": 27,
      "나라": 43,
      "재물": 11,
      "청부": 6,
      "하나님": 33,
      "소산물": 5,
      "원조": 7,
      "은행": 6,
      "기적": 8,
      "빈민촌": 7,
      "경제": 12,
      "비행기": 7,
      "박사": 9,
      "영광": 15,
      "기업": 8,
      "축복": 12,
      "사람": 16,
      "복": 11,
      "대학": 9,
      "교과서": 5,
      "말씀": 15,
      "사상": 6,
      "절": 13,
      "교육": 6,
      "돈": 7,
      "국민": 7,
      "세계": 9,
      "장": 10,
      "국가": 6,
      "우리나라": 7,
      "말": 10,
      "공부": 5,
      "교회": 8,
      "전": 8,
      "뒤": 7,
      "역사": 7,
      "위": 5
    },
    "NNP": {
      "독일": 26,
      "김재관": 7,
      "이승만": 12,
      "박정희": 10,
      "잠언": 6,
      "한국": 14,
      "박": 6,
      "신명기": 5,
      "미국": 10,
      "대한민국": 5,
      "예수": 7
    },
    "VA": {
      "그렇": 15,
      "없": 14,
      "좋": 7,
      "어떻": 6
    },
    "VV": {
      "되": 44,
      "있": 24,
      "돌리": 14,
      "주": 21,
      "망가뜨리": 5,
      "그러": 17,
      "받": 17,
      "빌리": 5,
      "만들": 11,
      "닦": 6,
      "겪": 5,
      "울": 7,
      "믿": 12,
      "도와주": 6,
      "나오": 11,
      "일어나": 8,
      "살": 10,
      "세우": 8,
      "보내": 7,
      "알": 8,
      "생기": 5,
      "모르": 5,
      "서": 5,
      "짓": 5,
      "먹": 5,
      "대하": 5,
      "죽": 5,
      "가지": 5
    }
  },
  "tfidf": {
    "MAG": {
      "마침내": 0.02690097959098732,
      "잘": 0.0076316672368427815,
      "리": 0.007236394145941614,
      "안": 0.006023550764566428,
      "다": 0.005620090817083303,
      "이제": 0.004839867340264028,
      "가장": 0.004013070139442838,
      "아주": 0.003764341264649799
    },
    "NNB": {
      "거": 0.014432265184857511,
      "명": 0.009990576168426527,
      "달러": 0.008259381991887329,
      "장": 0.0045844424522007024,
      "수": 0.004002173607290498,
      "절": 0.002652571893551081,
      "중": 0.002608981247539714,
      "번": 0.0025816350205519344
    },
    "NNG": {
      "제철소": 0.04136452501192061,
      "간호사": 0.02617135314552636,
      "광부": 0.023695661454755074,
      "대통령": 0.022881272428667422,
      "나라": 0.022606822989566105,
      "재물": 0.017916123480773198,
      "청부": 0.016545810004768246,
      "하나님": 0.01638530287984111,
      "소산물": 0.014170872818837634,
      "원조": 0.012684943432284292,
      "은행": 0.011751059520853348,
      "기적": 0.011012509322516439,
      "빈민촌": 0.010666728745127994,
      "경제": 0.01041041351636676,
      "비행기": 0.010350540836766483,
      "박사": 0.010043506709773099,
      "영광": 0.009482996807609646,
      "기업": 0.00903293095111282,
      "축복": 0.009016891968449355,
      "사람": 0.007956344716420418,
      "복": 0.00794567973824144,
      "대학": 0.007559484089413453,
      "교과서": 0.007503600362903793,
      "말씀": 0.007459073171644143,
      "사상": 0.007279666043617317,
      "절": 0.006474258518425963,
      "교육": 0.005929688294025453,
      "돈": 0.005858786276968973,
      "국민": 0.005457490208968081,
      "세계": 0.005349807638628869,
      "장": 0.005321160714852324,
      "국가": 0.00520520675818338,
      "우리나라": 0.005131269182653301,
      "말": 0.004995199606773425,
      "공부": 0.004385416493937708,
      "교회": 0.0042505166340286666,
      "전": 0.004218611284685016,
      "뒤": 0.004079177245533905,
      "역사": 0.003939034831415548,
      "위": 0.0032055536607726548
    },
    "NNP": {
      "독일": 0.029426619466244173,
      "김재관": 0.021248484983491432,
      "이승만": 0.015074322191141134,
      "박정희": 0.013108116366902593,
      "잠언": 0.012210296898690267,
      "한국": 0.009174173494561042,
      "박": 0.008683672975129937,
      "신명기": 0.008255709460675812,
      "미국": 0.007330384546647573,
      "대한민국": 0.004229715218198814,
      "예수": 0.003475670307845084
    },
    "VA": {
      "그렇": 0.007447864945382324,
      "없": 0.007046061332653779,
      "좋": 0.0037757182643592254,
      "어떻": 0.003360998590141006
    },
    "VV": {
      "되": 0.021847070506454815,
      "있": 0.011916583912611719,
      "돌리": 0.011373476718375668,
      "주": 0.010537350693118806,
      "망가뜨리": 0.010530512667910556,
      "그러": 0.008738023102492642,
      "받": 0.008453616261196695,
      "빌리": 0.008333297701748564,
      "만들": 0.007322546263060145,
      "닦": 0.007131603475934281,
      "겪": 0.0069496193516967175,
      "울": 0.00693206977808562,
      "믿": 0.006671288006491097,
      "도와주": 0.006129203565444073,
      "나오": 0.005628552116415541,
      "일어나": 0.005541186924492032,
      "살": 0.005140013589701555,
      "세우": 0.0049568347864546785,
      "보내": 0.004667158086143044,
      "알": 0.0043477997323734365,
      "생기": 0.004298575086549359,
      "모르": 0.003496715885248649,
      "서": 0.0033922269058073626,
      "짓": 0.003261118214387687,
      "먹": 0.00318070238571034,
      "대하": 0.00287842039952359,
      "죽": 0.0027545838470469327,
      "가지": 0.002608981247539714
    }
  }
}