{
  "scope": "sermon",
  "idf_scope": "church",
  "church": "O-3w",
  "sermon": "O-3w-0013",
  "document_unit": "sermon_json",
  "document_count": 291,
  "min_count": 5,
  "freq": {
    "MAG": {
      "다": 15,
      "당당": 6,
      "다시": 10,
      "지금": 10,
      "더": 8,
      "먼저": 5,
      "가장": 5
    },
    "NNB": {
      "수": 58,
      "때문": 19,
      "거": 17,
      "번": 13,
      "분": 6
    },
    "NNG": {
      "평안": 89,
      "평강": 36,
      "세상": 102,
      "부활": 35,
      "주": 52,
      "말씀": 45,
      "안": 41,
      "속": 37,
      "아가씨": 8,
      "제자": 20,
      "사람": 30,
      "복음": 17,
      "가운데": 26,
      "하나님": 26,
      "해방": 8,
      "대사": 6,
      "법": 8,
      "관심": 9,
      "필요": 16,
      "두려움": 11,
      "돈": 12,
      "말": 19,
      "편안": 6,
      "자존심": 5,
      "주님": 8,
      "최고": 9,
      "삶": 16,
      "성령": 13,
      "유대인": 7,
      "현실": 6,
      "선생": 5,
      "세계": 8,
      "문": 7,
      "죽음": 8,
      "근심": 5,
      "십자가": 8,
      "이름": 11,
      "사실": 9,
      "인사": 5,
      "죄": 8,
      "대신": 5,
      "보": 5,
      "사랑": 10,
      "오늘": 10,
      "얘기": 7,
      "생활": 6,
      "중요": 8,
      "마음": 8,
      "신앙": 6,
      "영원": 5,
      "이유": 6,
      "아버지": 6,
      "인생": 6,
      "생각": 5
    },
    "NNP": {
      "보혜사": 13,
      "평안": 12,
      "평": 11,
      "예수": 30,
      "그리스도": 10,
      "주님": 8
    },
    "VA": {
      "없": 34,
      "그렇": 27,
      "편하": 8,
      "두렵": 11,
      "좋": 12,
      "많": 8,
      "이렇": 6
    },
    "VV": {
      "누리": 52,
      "있": 78,
      "주": 43,
      "되": 39,
      "살": 39,
      "보내": 23,
      "잠그": 6,
      "떨": 10,
      "살아가": 20,
      "같": 11,
      "전하": 13,
      "거하": 9,
      "받": 18,
      "라": 6,
      "지": 11,
      "보": 12,
      "걸": 5,
      "죽": 8,
      "나아가": 7,
      "알": 8,
      "부르": 7,
      "도와주": 5,
      "대하": 7,
      "읽": 7,
      "내": 5,
      "그러": 6,
      "위하": 6,
      "만나": 5,
      "드리": 5,
      "통하": 5,
      "듣": 5,
      "가지": 5
    }
  },
  "tfidf": {
    "MAG": {
      "다": 0.006165228113440197,
      "당당": 0.005918835223803271,
      "다시": 0.004341771214760097,
      "지금": 0.004124252096575376,
      "더": 0.003310720523757541,
      "먼저": 0.00250137338291024,
      "가장": 0.0021413156578278508
    },
    "NNB": {
      "수": 0.02383888203863543,
      "때문": 0.007809288943690916,
      "거": 0.00701122856417814,
      "번": 0.005343197698314837,
      "분": 0.002508684553658843
    },
    "NNG": {
      "평안": 0.07541527431278461,
      "평강": 0.04751197878375174,
      "세상": 0.04398336795516636,
      "부활": 0.03069094356758723,
      "주": 0.021816532492938065,
      "말씀": 0.018495684340320593,
      "안": 0.01731975426567616,
      "속": 0.01668306088057386,
      "아가씨": 0.016661951137966893,
      "제자": 0.014684789757883501,
      "사람": 0.012330456226880395,
      "복음": 0.011190653423586409,
      "가운데": 0.010759841702212008,
      "하나님": 0.010686395396629675,
      "해방": 0.009993152955337101,
      "대사": 0.00920422891023882,
      "법": 0.008659934350789088,
      "관심": 0.008629895365282112,
      "필요": 0.00852844355924585,
      "두려움": 0.008179783341528852,
      "돈": 0.007899284769590405,
      "말": 0.007809288943690916,
      "편안": 0.00743080679688936,
      "자존심": 0.007368909471660431,
      "주님": 0.0073075429708664985,
      "최고": 0.007082292974613535,
      "삶": 0.006970704181515564,
      "성령": 0.00652635632134712,
      "유대인": 0.006138188713517446,
      "현실": 0.0061334132188455145,
      "선생": 0.00594443931021377,
      "세계": 0.005752569230122736,
      "문": 0.005459684407767065,
      "죽음": 0.005434848438707785,
      "근심": 0.005206779851781235,
      "십자가": 0.005145141023959683,
      "이름": 0.0050113038567936845,
      "사실": 0.004696357697194191,
      "인사": 0.004543455987697694,
      "죄": 0.0045160670586410386,
      "대신": 0.004384420509655318,
      "보": 0.0043198578375768576,
      "사랑": 0.004224330308701503,
      "오늘": 0.004124252096575376,
      "얘기": 0.0039089340973976405,
      "생활": 0.0036591786717091773,
      "중요": 0.0034496759180522633,
      "마음": 0.003356389614298164,
      "신앙": 0.0033505149406265486,
      "영원": 0.0030379300678225565,
      "이유": 0.0029911763187242214,
      "아버지": 0.0027523358107342886,
      "인생": 0.002534598185220902,
      "생각": 0.002104941681051441
    },
    "NNP": {
      "보혜사": 0.02286278704607844,
      "평안": 0.018957042950491075,
      "평": 0.01601062698303759,
      "예수": 0.012586461053618115,
      "그리스도": 0.004848276107583559,
      "주님": 0.004419350625574723
    },
    "VA": {
      "없": 0.013974517057131115,
      "그렇": 0.011135480660753516,
      "편하": 0.009511102896342032,
      "두렵": 0.008393421538551457,
      "좋": 0.00528212940060313,
      "많": 0.003333475781775046,
      "이렇": 0.0024830403928181558
    },
    "VV": {
      "누리": 0.03207209684509311,
      "있": 0.032059186189889025,
      "주": 0.017795122815196785,
      "되": 0.016029593094944512,
      "살": 0.016029593094944512,
      "보내": 0.01225963761641591,
      "잠그": 0.009957327922695495,
      "떨": 0.009431677630885326,
      "살아가": 0.008773382713385302,
      "같": 0.008430030380540283,
      "전하": 0.008233629160638824,
      "거하": 0.007775744107638344,
      "받": 0.007449121178454467,
      "라": 0.007307476536532611,
      "지": 0.006164827807435856,
      "보": 0.004932182490752158,
      "걸": 0.0046401833014214616,
      "죽": 0.003772543246220661,
      "나아가": 0.0037311940571700597,
      "알": 0.003299401677260301,
      "부르": 0.0032782312974715235,
      "도와주": 0.0030041472352225567,
      "대하": 0.002926798645935317,
      "읽": 0.002926798645935317,
      "내": 0.0026841672300464835,
      "그러": 0.0025001068363312844,
      "위하": 0.0024915588511858185,
      "만나": 0.002254467686564035,
      "드리": 0.002231333378046496,
      "통하": 0.0021783450567236136,
      "듣": 0.0021413156578278508,
      "가지": 0.0021121651543507514
    }
  }
}