{
  "scope": "sermon",
  "idf_scope": "church",
  "church": "O-3w",
  "sermon": "O-3w-0188",
  "document_unit": "sermon_json",
  "document_count": 291,
  "min_count": 5,
  "freq": {
    "MAG": {
      "다": 17,
      "안": 13,
      "다시": 12,
      "빨리": 6,
      "늘": 7,
      "더": 11,
      "지금": 10,
      "계속": 5,
      "정말": 9,
      "분명히": 5,
      "잘": 7,
      "못": 6,
      "가장": 6
    },
    "NNB": {
      "거": 28,
      "수": 17,
      "때문": 12,
      "살": 5,
      "분": 10,
      "번": 5
    },
    "NNG": {
      "하나님": 63,
      "기도": 45,
      "전쟁": 28,
      "심장": 13,
      "기지": 8,
      "파병": 6,
      "지뢰": 6,
      "사진": 13,
      "전우": 5,
      "예배": 23,
      "생각": 28,
      "사람": 26,
      "자유": 11,
      "틀": 6,
      "응답": 11,
      "군중": 5,
      "발목": 5,
      "땅": 19,
      "할아버지": 6,
      "약": 6,
      "군인": 6,
      "어머니": 9,
      "회": 5,
      "개": 5,
      "교회": 14,
      "문제": 14,
      "청년": 7,
      "생명": 10,
      "눈": 13,
      "학생": 5,
      "오늘": 13,
      "얼굴": 6,
      "안": 11,
      "천국": 5,
      "돈": 7,
      "복음": 7,
      "역사": 9,
      "친구": 5,
      "나라": 8,
      "기억": 6,
      "제목": 5,
      "이름": 8,
      "감사": 7,
      "곳": 6,
      "상황": 6,
      "삶": 7,
      "마음": 7,
      "주": 7,
      "처음": 5,
      "죄": 5,
      "날": 6,
      "속": 6,
      "자녀": 5,
      "말씀": 6,
      "은혜": 5
    },
    "NNP": {
      "아프가니스탄": 9,
      "예수": 29,
      "니엘기도": 5,
      "한국": 5,
      "그리스도": 9
    },
    "VA": {
      "흔하": 8,
      "없": 27,
      "안타깝": 7,
      "많": 15,
      "이렇": 12,
      "같": 10,
      "좋": 9,
      "그렇": 7,
      "어떻": 5
    },
    "VV": {
      "있": 56,
      "되": 46,
      "보": 41,
      "지켜보": 6,
      "뛰": 8,
      "다": 6,
      "밟": 6,
      "뜨": 7,
      "먹이": 5,
      "묻": 8,
      "모르": 12,
      "기뻐하": 6,
      "위하": 12,
      "주": 12,
      "벌어지": 8,
      "계시": 9,
      "살": 11,
      "드리": 10,
      "도와주": 7,
      "지키": 7,
      "받": 9,
      "바라": 7,
      "보이": 8,
      "그러": 7,
      "바라보": 5,
      "만나": 6,
      "가지": 6,
      "통하": 5,
      "듣": 5,
      "나오": 5
    }
  },
  "tfidf": {
    "MAG": {
      "다": 0.007252559726962458,
      "안": 0.005641864600943938,
      "다시": 0.005407950187121834,
      "빨리": 0.005302688437577279,
      "늘": 0.004820440010532937,
      "더": 0.004725086037613219,
      "지금": 0.004280846992733742,
      "계속": 0.004177164955147584,
      "정말": 0.003973387620295014,
      "분명히": 0.0036263226532587613,
      "잘": 0.003264847463483822,
      "못": 0.0032155771407747337,
      "가장": 0.002667143854349059
    },
    "NNB": {
      "거": 0.011986371579654478,
      "수": 0.007252559726962458,
      "때문": 0.005119453924914676,
      "살": 0.00466748599090474,
      "분": 0.004339895846879952,
      "번": 0.0021331058020477816
    },
    "NNG": {
      "하나님": 0.02687713310580205,
      "기도": 0.01959653993821643,
      "전쟁": 0.019510752214066972,
      "심장": 0.018354502405999788,
      "기지": 0.016672335607645826,
      "파병": 0.015316399202325092,
      "지뢰": 0.014278519232764944,
      "사진": 0.014140380726920422,
      "전우": 0.012763666001937578,
      "예배": 0.01245750286202549,
      "생각": 0.01223524292491027,
      "사람": 0.011092150170648464,
      "자유": 0.009582880953253032,
      "틀": 0.009178442019394112,
      "응답": 0.00914804855764307,
      "군중": 0.009127257955353907,
      "발목": 0.008770913918103126,
      "땅": 0.008359569619400953,
      "할아버지": 0.008140562049833962,
      "약": 0.008064146615150479,
      "군인": 0.007989946435440789,
      "어머니": 0.00780344118094803,
      "회": 0.00746309720972768,
      "개": 0.007134277500198545,
      "교회": 0.007094464618413967,
      "문제": 0.006900213473414887,
      "청년": 0.00689041879206861,
      "생명": 0.006779682026603659,
      "눈": 0.006726956469349289,
      "학생": 0.0059845409372021995,
      "오늘": 0.005565101090553865,
      "얼굴": 0.004900801708542301,
      "안": 0.004823197613130476,
      "천국": 0.004816367735647789,
      "돈": 0.004782875387901529,
      "복음": 0.004782875387901529,
      "역사": 0.0046898012722675865,
      "친구": 0.004483879743525808,
      "나라": 0.00447364432507314,
      "기억": 0.0039899999740226795,
      "제목": 0.003794611779687224,
      "이름": 0.0037829668891030204,
      "감사": 0.0035844845359886512,
      "곳": 0.003204275899625117,
      "상황": 0.003204275899625117,
      "삶": 0.003165477360158692,
      "마음": 0.0030483506570558893,
      "주": 0.0030483506570558893,
      "처음": 0.0029403507587889184,
      "죄": 0.0029297118050537673,
      "날": 0.0028274738142248733,
      "속": 0.002808081850551347,
      "자녀": 0.002623755184731169,
      "말씀": 0.002559726962457338,
      "은혜": 0.0022533125779674312
    },
    "NNP": {
      "아프가니스탄": 0.021417778849147417,
      "예수": 0.012628881293517255,
      "니엘기도": 0.008327997184361136,
      "한국": 0.004816367735647789,
      "그리스도": 0.004529125508863361
    },
    "VA": {
      "흔하": 0.014033462268965001,
      "없": 0.01151877133105802,
      "안타깝": 0.007085674472461086,
      "많": 0.006487585252553343,
      "이렇": 0.005154639313759874,
      "같": 0.004325056835035563,
      "좋": 0.004112016051088123,
      "그렇": 0.0029965928949136195,
      "어떻": 0.0021331058020477816
    },
    "VV": {
      "있": 0.023890784982935155,
      "되": 0.01962457337883959,
      "보": 0.01749146757679181,
      "지켜보": 0.008561133000238254,
      "뛰": 0.00814434935535799,
      "다": 0.006879956712552919,
      "밟": 0.006786865473207677,
      "뜨": 0.006468114364445403,
      "먹이": 0.00558086772978213,
      "묻": 0.005530744016791719,
      "모르": 0.005482688068117497,
      "기뻐하": 0.005461072576787401,
      "위하": 0.005172323110012881,
      "주": 0.005154639313759874,
      "벌어지": 0.005140852584403174,
      "계시": 0.00473934506216655,
      "살": 0.00469283276450512,
      "드리": 0.0046321110143234855,
      "도와주": 0.004365497573641243,
      "지키": 0.003999364359201683,
      "받": 0.0038659794853199056,
      "바라": 0.0036732572586236365,
      "보이": 0.0035561918057987448,
      "그러": 0.003027539784524894,
      "바라보": 0.0028981096596076483,
      "만나": 0.002808081850551347,
      "가지": 0.0026308350617075317,
      "통하": 0.0022610552572562086,
      "듣": 0.002222619878624216,
      "나오": 0.002192362551422943
    }
  }
}