{
  "scope": "sermon",
  "idf_scope": "church",
  "church": "O-3w",
  "sermon": "O-3w-0009",
  "document_unit": "sermon_json",
  "document_count": 291,
  "min_count": 5,
  "freq": {
    "MAG": {
      "다": 14,
      "막": 6,
      "이제": 8,
      "먼저": 5,
      "지금": 6
    },
    "NNB": {
      "수": 38,
      "거": 33,
      "때문": 24,
      "번": 14,
      "절": 8,
      "장": 8
    },
    "NNG": {
      "하나님": 124,
      "영성": 29,
      "말씀": 88,
      "묵상": 35,
      "섭리": 16,
      "나이": 22,
      "환상": 14,
      "뜻": 34,
      "관점": 15,
      "현상": 13,
      "왕": 25,
      "사람": 35,
      "신실": 12,
      "기도": 33,
      "고령": 7,
      "제국": 9,
      "형": 11,
      "메대": 5,
      "포로": 10,
      "분주": 7,
      "의무감": 5,
      "약속": 14,
      "복수": 7,
      "연수": 5,
      "발견": 9,
      "왕국": 5,
      "인생": 17,
      "말": 17,
      "통치": 6,
      "혼란": 5,
      "이해": 11,
      "속": 14,
      "금식": 5,
      "계획": 6,
      "나라": 10,
      "세대": 6,
      "생활": 8,
      "부모": 7,
      "전쟁": 6,
      "감사": 8,
      "시작": 9,
      "주": 9,
      "책": 5,
      "이유": 7,
      "절": 8,
      "내용": 5,
      "삶": 6,
      "정도": 5,
      "성경": 5,
      "생각": 5,
      "오늘": 5
    },
    "NNP": {
      "다니엘": 41,
      "고레스": 12,
      "바벨론": 16,
      "다니엘이": 12,
      "요셉": 13,
      "예레미야": 9,
      "예레미": 6,
      "페르시아": 6,
      "예루살렘": 9
    },
    "VA": {
      "맑": 15,
      "바쁘": 9,
      "이렇": 17,
      "새롭": 10,
      "많": 13,
      "그렇": 7,
      "어떻": 7,
      "없": 5
    },
    "VV": {
      "되": 79,
      "있": 52,
      "깨닫": 32,
      "읽": 30,
      "보": 28,
      "가지": 24,
      "알": 24,
      "드러나": 9,
      "통하": 18,
      "차": 9,
      "바라보": 11,
      "같": 8,
      "숨기": 5,
      "이루어지": 7,
      "그러": 10,
      "이루": 7,
      "떨어지": 5,
      "보내": 6,
      "세우": 5,
      "받": 7,
      "갖": 5,
      "끝나": 5,
      "위하": 6,
      "주": 6,
      "일어나": 5,
      "듣": 5,
      "나오": 5
    }
  },
  "tfidf": {
    "MAG": {
      "다": 0.0060111635895234005,
      "막": 0.0038513617483285447,
      "이제": 0.0037552855078972357,
      "먼저": 0.0026130706056765192,
      "지금": 0.0025850507559384865
    },
    "NNB": {
      "수": 0.016316015457277802,
      "거": 0.014217779157661675,
      "때문": 0.010304851867754402,
      "번": 0.0060111635895234005,
      "절": 0.0036660609947044122,
      "장": 0.003554647424062407
    },
    "NNG": {
      "하나님": 0.053241734650064404,
      "영성": 0.04356474846959628,
      "말씀": 0.037784456848432804,
      "묵상": 0.0274217792366695,
      "섭리": 0.022277486287904755,
      "나이": 0.019474423477627515,
      "환상": 0.018429241071162217,
      "뜻": 0.01821033829655242,
      "관점": 0.016962446550668087,
      "현상": 0.015897578907311905,
      "왕": 0.015234633214260414,
      "사람": 0.015027908973808502,
      "신실": 0.014787932911110153,
      "기도": 0.014463351531901316,
      "고령": 0.014218937557960831,
      "제국": 0.013362345125204263,
      "형": 0.012356985276487972,
      "메대": 0.011975400415629393,
      "포로": 0.01081095199187896,
      "분주": 0.010777148751554213,
      "의무감": 0.009616851062541995,
      "약속": 0.009515693611189898,
      "복수": 0.009296970393596051,
      "연수": 0.009186042356096847,
      "발견": 0.008327474034767355,
      "왕국": 0.007902579494878255,
      "인생": 0.007502040613920261,
      "말": 0.0072992700729927005,
      "통치": 0.007281939546307145,
      "혼란": 0.0071048904514422655,
      "이해": 0.006853189529457229,
      "속": 0.0065943905830608985,
      "금식": 0.006468853920435026,
      "계획": 0.005725392458603969,
      "나라": 0.005628071220465565,
      "세대": 0.005415309979643364,
      "생활": 0.005096769261925535,
      "부모": 0.0047949532249835685,
      "전쟁": 0.004207802538468961,
      "감사": 0.004122937742676758,
      "시작": 0.003971668560310726,
      "주": 0.0039445504177912675,
      "책": 0.003664535214023789,
      "이유": 0.0036455362733785754,
      "절": 0.0034704237497839396,
      "내용": 0.003080735910709831,
      "삶": 0.002730741188325575,
      "정도": 0.0025500559813473496,
      "성경": 0.0022292810926031253,
      "생각": 0.0021989365006432615,
      "오늘": 0.002154208963282072
    },
    "NNP": {
      "다니엘": 0.03953774887952929,
      "고레스": 0.022537580296818734,
      "바벨론": 0.01987163018188078,
      "다니엘이": 0.018714803080523104,
      "요셉": 0.01577753568366548,
      "예레미야": 0.011266630819739148,
      "예레미": 0.011023250827316216,
      "페르시아": 0.010592883928226911,
      "예루살렘": 0.0077078588133518925
    },
    "VA": {
      "맑": 0.026482209820567273,
      "바쁘": 0.012289487405417009,
      "이렇": 0.007349437075093154,
      "새롭": 0.006823346788475301,
      "많": 0.005658786254925018,
      "그렇": 0.003015892548594901,
      "어떻": 0.0030055817947617003,
      "없": 0.0021468441391155
    },
    "VV": {
      "되": 0.0339201373980249,
      "있": 0.0223271790468012,
      "깨닫": 0.02046362210634644,
      "읽": 0.01310354126030907,
      "보": 0.012022327179046801,
      "가지": 0.010591116160828603,
      "알": 0.010340203023753946,
      "드러나": 0.00985254390511323,
      "통하": 0.008192223564976724,
      "차": 0.008044098569859694,
      "바라보": 0.006416905063402627,
      "같": 0.006404703982467546,
      "숨기": 0.0057702227473250475,
      "이루어지": 0.004967845843690011,
      "그러": 0.004352912503788475,
      "이루": 0.003953727546548732,
      "떨어지": 0.003478978095577444,
      "보내": 0.003340978399470559,
      "세우": 0.0030921250309968494,
      "받": 0.003026238795626593,
      "갖": 0.0027449358109715087,
      "끝나": 0.0027255947419668586,
      "위하": 0.002602817812337955,
      "주": 0.002593918967679937,
      "일어나": 0.0024974775785815795,
      "듣": 0.0022369347340039335,
      "나오": 0.002206482533505959
    }
  }
}