{
  "scope": "sermon",
  "idf_scope": "church",
  "church": "O-3w",
  "sermon": "O-3w-0049",
  "document_unit": "sermon_json",
  "document_count": 291,
  "min_count": 5,
  "freq": {
    "MAG": {
      "다": 11,
      "다시": 9,
      "이제": 6,
      "잘": 6,
      "정말": 6
    },
    "NNB": {
      "거": 22,
      "수": 17,
      "절": 10,
      "번": 10,
      "가지": 7,
      "때문": 7
    },
    "NNG": {
      "야곱": 66,
      "하나님": 160,
      "베델": 21,
      "후손": 19,
      "예배": 31,
      "이름": 35,
      "전능": 14,
      "수축": 6,
      "복": 21,
      "제단": 11,
      "약속": 19,
      "우상": 13,
      "임재": 13,
      "서원": 7,
      "말씀": 28,
      "사람": 28,
      "델": 5,
      "집": 21,
      "형": 8,
      "죄성": 7,
      "가정": 15,
      "정결": 5,
      "제사": 7,
      "자녀": 14,
      "탐욕": 5,
      "타락": 7,
      "숭배": 6,
      "수단": 5,
      "땅": 16,
      "모습": 13,
      "자손": 7,
      "축복": 12,
      "말": 14,
      "인생": 13,
      "현실": 5,
      "인격": 5,
      "가운데": 11,
      "이제": 9,
      "인간": 8,
      "나이": 5,
      "기도": 10,
      "백성": 7,
      "순종": 5,
      "앞": 9,
      "이후": 7,
      "사실": 7,
      "뜻": 7,
      "믿음": 8,
      "부모": 5,
      "왕": 5,
      "아버지": 6,
      "시작": 6,
      "절": 6,
      "오늘": 6,
      "삶": 5,
      "성경": 5,
      "마음": 5
    },
    "NNP": {
      "벧아웬": 15,
      "베델": 14,
      "멘": 41,
      "이스라엘": 35,
      "곱": 12,
      "야곱": 7,
      "아브라함": 9,
      "베": 6,
      "아멘": 7,
      "예수": 9
    },
    "VA": {
      "고맙": 6,
      "그렇": 12,
      "이렇": 11,
      "어떻": 10,
      "많": 8,
      "없": 8,
      "같": 6
    },
    "VV": {
      "되": 75,
      "있": 42,
      "나타나": 22,
      "심": 11,
      "주": 20,
      "바뀌": 10,
      "드리": 16,
      "바꾸": 9,
      "같": 9,
      "부르": 14,
      "올라가": 9,
      "보": 15,
      "속이": 5,
      "위하": 14,
      "살아가": 13,
      "변하": 7,
      "살": 13,
      "지키": 9,
      "무너지": 7,
      "읽": 11,
      "쌓": 5,
      "섬기": 6,
      "원하": 10,
      "태어나": 5,
      "낳": 5,
      "가지": 9,
      "행하": 6,
      "만나": 7,
      "치": 5,
      "통하": 6,
      "듣": 6,
      "보이": 5,
      "나오": 5,
      "받": 5,
      "알": 5
    }
  },
  "tfidf": {
    "MAG": {
      "다": 0.004629629629629629,
      "다시": 0.004001336880875499,
      "이제": 0.0027607512461782393,
      "잘": 0.0027607512461782393,
      "정말": 0.002613249321540829
    },
    "NNB": {
      "거": 0.009291023473118417,
      "수": 0.007154882154882155,
      "절": 0.004491927639239571,
      "번": 0.004208754208754209,
      "가지": 0.0032319729940969767,
      "때문": 0.002946127946127946
    },
    "NNG": {
      "야곱": 0.07624800470955433,
      "하나님": 0.06734006734006734,
      "베델": 0.044786882864696044,
      "후손": 0.025192538836443724,
      "예배": 0.01656441201811997,
      "이름": 0.016327578050400453,
      "전능": 0.014835938579427835,
      "수축": 0.014086215943434779,
      "복": 0.013312990720468319,
      "제단": 0.012708000784925722,
      "약속": 0.012658698833236056,
      "우상": 0.012555325411922223,
      "임재": 0.012555325411922223,
      "서원": 0.012113901983858257,
      "말씀": 0.011784511784511785,
      "사람": 0.011784511784511785,
      "델": 0.011133121719588364,
      "집": 0.011025072238884957,
      "형": 0.008809127244854756,
      "죄성": 0.008729912520600933,
      "가정": 0.008364240333284187,
      "정결": 0.0077462574257455615,
      "제사": 0.007657623951404855,
      "자녀": 0.007247571560786029,
      "탐욕": 0.0071147241924746476,
      "타락": 0.0070303285049828435,
      "숭배": 0.006981643426363979,
      "수단": 0.006964347584768113,
      "땅": 0.006944827640572687,
      "모습": 0.006921885839803092,
      "자손": 0.006513434253070659,
      "축복": 0.006040984237001467,
      "말": 0.005892255892255892,
      "인생": 0.005623373035939388,
      "현실": 0.005233794318690774,
      "인격": 0.004936911746595014,
      "가운데": 0.0046614485152211204,
      "이제": 0.004514988139309192,
      "인간": 0.00447692347323506,
      "나이": 0.004338453883474373,
      "기도": 0.004296136327644904,
      "백성": 0.003945500866148462,
      "순종": 0.0038564114389934563,
      "앞": 0.0038533014640479576,
      "이후": 0.0037802541209644115,
      "사실": 0.0037403511008658,
      "뜻": 0.0036750240796283194,
      "믿음": 0.0036307469470367236,
      "부모": 0.0033572168293009657,
      "왕": 0.0029866549457922983,
      "아버지": 0.0028183640688200858,
      "시작": 0.002595402939664333,
      "절": 0.0025513310963531555,
      "오늘": 0.0025339154926686596,
      "삶": 0.0022306033345995593,
      "성경": 0.0021851833605524744,
      "마음": 0.002148068163822452
    },
    "NNP": {
      "벧아웬": 0.03777529432896677,
      "베델": 0.03525694137370232,
      "멘": 0.022141488422791553,
      "이스라엘": 0.02193934338171862,
      "곱": 0.017265945779024242,
      "야곱": 0.01115516595564176,
      "아브라함": 0.007846907637424964,
      "베": 0.007742009822282974,
      "아멘": 0.0042433429613082186,
      "예수": 0.0038665226948804135
    },
    "VA": {
      "고맙": 0.009172301425618331,
      "그렇": 0.005067830985337319,
      "이렇": 0.0046614485152211204,
      "어떻": 0.004208754208754209,
      "많": 0.0034134455290651036,
      "없": 0.003367003367003367,
      "같": 0.002560084146798828
    },
    "VV": {
      "되": 0.03156565656565657,
      "있": 0.017676767676767676,
      "나타나": 0.016681078509880834,
      "심": 0.013086139817399181,
      "주": 0.008475360936765675,
      "바뀌": 0.00791651202302837,
      "드리": 0.007311561089275589,
      "바꾸": 0.007124860820725533,
      "같": 0.007062763056423728,
      "부르": 0.0067137514703267814,
      "올라가": 0.0063618997291824495,
      "보": 0.006313131313131313,
      "속이": 0.006235651800429238,
      "위하": 0.005953105891490696,
      "살아가": 0.0058395059310114425,
      "변하": 0.005795692427058769,
      "살": 0.005471380471380472,
      "지키": 0.0050727868279051656,
      "무너지": 0.004988228225555395,
      "읽": 0.0047095906782808365,
      "쌓": 0.0046767813678762074,
      "섬기": 0.004328053464667613,
      "원하": 0.004325671566107221,
      "태어나": 0.004178042761025122,
      "낳": 0.0041588245717084716,
      "가지": 0.003893104409496499,
      "행하": 0.003369746339150179,
      "만나": 0.0032319729940969767,
      "치": 0.002738795022272973,
      "통하": 0.0026767240015194713,
      "듣": 0.0026312227249975562,
      "보이": 0.00219268560416463,
      "나오": 0.0021628357830536103,
      "받": 0.0021188402341914187,
      "알": 0.0021115962438905496
    }
  }
}