{
  "scope": "sermon",
  "idf_scope": "church",
  "church": "O-3w",
  "sermon": "O-3w-0222",
  "document_unit": "sermon_json",
  "document_count": 291,
  "min_count": 5,
  "freq": {
    "MAG": {
      "온전히": 5,
      "더": 8,
      "다": 8,
      "너무나": 6,
      "굉장히": 5,
      "지금": 6,
      "이제": 5,
      "잘": 5,
      "가장": 5
    },
    "NNB": {
      "번": 37,
      "거": 26,
      "수": 24,
      "때문": 19,
      "가지": 13,
      "장": 10,
      "줄": 8,
      "명": 6,
      "절": 6
    },
    "NNG": {
      "말씀": 91,
      "사람": 66,
      "말": 58,
      "설교": 35,
      "하나님": 49,
      "칸": 10,
      "삶": 41,
      "복음": 25,
      "인생": 37,
      "설교자": 8,
      "선교": 15,
      "칫솔": 6,
      "버가": 6,
      "사명": 16,
      "절반": 7,
      "부류": 6,
      "가운데": 27,
      "역사": 21,
      "팀": 9,
      "바보": 6,
      "율법": 9,
      "회당": 6,
      "자리": 18,
      "무리": 9,
      "이동": 7,
      "안": 20,
      "확신": 10,
      "길": 16,
      "주관자": 5,
      "바": 8,
      "절": 18,
      "옥": 5,
      "인도": 10,
      "믿음": 14,
      "발견": 7,
      "거부": 5,
      "주": 14,
      "경외": 5,
      "도시": 5,
      "표현": 9,
      "반응": 8,
      "글": 5,
      "시작": 12,
      "신앙": 9,
      "설명": 6,
      "발": 6,
      "내용": 8,
      "구원": 8,
      "다짐": 5,
      "오륜": 7,
      "이유": 9,
      "축복": 9,
      "제자": 6,
      "마음": 10,
      "등장": 5,
      "땅": 9,
      "순종": 5,
      "앞": 9,
      "사실": 7,
      "책": 5,
      "성도": 8,
      "나라": 6,
      "이야기": 5,
      "시대": 5,
      "위": 6,
      "본문": 6
    },
    "NNP": {
      "바울": 41,
      "바": 13,
      "안디": 5,
      "예수": 17,
      "울": 6,
      "누가": 6
    },
    "VA": {
      "없": 17,
      "그렇": 15,
      "같": 10,
      "좋": 9,
      "어떻": 9,
      "크": 6
    },
    "VV": {
      "있": 100,
      "되": 62,
      "붙잡": 16,
      "받": 22,
      "전하": 14,
      "읽": 21,
      "살아가": 18,
      "믿": 18,
      "보": 18,
      "돌아가": 11,
      "떠나": 11,
      "대하": 13,
      "살": 13,
      "옮기": 5,
      "벌어지": 8,
      "가지": 10,
      "듣": 9,
      "서": 6,
      "올라가": 5,
      "원하": 8,
      "향하": 7,
      "들어가": 7,
      "얻": 5,
      "치": 5,
      "나가": 5,
      "보이": 5
    }
  },
  "tfidf": {
    "MAG": {
      "온전히": 0.0032140008716431702,
      "더": 0.0029473044399202695,
      "다": 0.0029271862422246614,
      "너무나": 0.002475692024968303,
      "굉장히": 0.0023391714247173964,
      "지금": 0.0022029210430225886,
      "이제": 0.002000105183839339,
      "잘": 0.002000105183839339,
      "가장": 0.0019062645428083284
    },
    "NNB": {
      "번": 0.01353823637028906,
      "거": 0.009545991186431218,
      "수": 0.008781558726673985,
      "때문": 0.006952067325283571,
      "가지": 0.005218189422490587,
      "장": 0.003786486393451036,
      "줄": 0.003255714291827554,
      "명": 0.002719373201635755,
      "절": 0.002343099905781168
    },
    "NNG": {
      "말씀": 0.03329674350530552,
      "사람": 0.024149286498353458,
      "말": 0.021222100256128796,
      "설교": 0.020917125498432575,
      "하나님": 0.017929015733626052,
      "칸": 0.017310075569751074,
      "삶": 0.01590167979826935,
      "복음": 0.014650384074592524,
      "인생": 0.01391432267543425,
      "설교자": 0.013457189200405255,
      "선교": 0.01317281933727896,
      "칫솔": 0.013136348236461771,
      "버가": 0.012246194321844504,
      "사명": 0.01224609629621784,
      "절반": 0.011203505658587506,
      "부류": 0.011124733018296775,
      "가운데": 0.00994715248473091,
      "역사": 0.009385322511936401,
      "팀": 0.00903928047050699,
      "바보": 0.009027013051167388,
      "율법": 0.0085594391603597,
      "회당": 0.008438069063034173,
      "자리": 0.008302876399981526,
      "무리": 0.008291561094100801,
      "이동": 0.007852488557397879,
      "안": 0.007521255500234729,
      "확신": 0.007231150517657759,
      "길": 0.007200974346736754,
      "주관자": 0.007142636443520857,
      "바": 0.006717093794641493,
      "절": 0.006654185164582982,
      "옥": 0.005818233151851082,
      "인도": 0.005532264282271378,
      "믿음": 0.0055238367383017555,
      "발견": 0.005519486489767541,
      "거부": 0.005250807377420348,
      "주": 0.005228930801418957,
      "경외": 0.004986297262507966,
      "도시": 0.004818336140566651,
      "표현": 0.00474306862603183,
      "반응": 0.004706475228827077,
      "글": 0.0045780580541028995,
      "시작": 0.004512753300140838,
      "신앙": 0.004474095966270249,
      "설명": 0.004420010336237574,
      "발": 0.004358739670777471,
      "내용": 0.004200532125016141,
      "구원": 0.004124099943519805,
      "다짐": 0.0041089224358305315,
      "오륜": 0.004086149308813294,
      "이유": 0.003994254656122958,
      "축복": 0.00393890739492741,
      "제자": 0.003921854388686121,
      "마음": 0.003734950572442112,
      "등장": 0.003502707404812524,
      "땅": 0.0033961808055709463,
      "순종": 0.0033526650490480984,
      "앞": 0.003349961316713482,
      "사실": 0.0032517651722126385,
      "책": 0.0031228329723605583,
      "성도": 0.0030604962179199883,
      "나라": 0.002877668029081076,
      "이야기": 0.0027453422423974615,
      "시대": 0.0027247859429702283,
      "위": 0.002700365380026283,
      "본문": 0.002644309832265219
    },
    "NNP": {
      "바울": 0.027257445047263445,
      "바": 0.011350833038623704,
      "안디": 0.007828134887431231,
      "예수": 0.0063494159731515894,
      "울": 0.006069661463973953,
      "누가": 0.002898282168158659
    },
    "VA": {
      "없": 0.0062202707647274055,
      "그렇": 0.0055073026075564725,
      "같": 0.00370945233125626,
      "좋": 0.0035267345860777754,
      "어떻": 0.003293084522502744,
      "크": 0.002311166401934014
    },
    "VV": {
      "있": 0.03658982802780827,
      "되": 0.022685693377241127,
      "붙잡": 0.009196097055939705,
      "받": 0.008105087209780742,
      "전하": 0.007893660853659817,
      "읽": 0.007816576405664792,
      "살아가": 0.007029299717343503,
      "믿": 0.006608763129067766,
      "보": 0.006586169045005488,
      "돌아가": 0.0062497943840158264,
      "떠나": 0.005201187754947354,
      "대하": 0.004838833013030586,
      "살": 0.004756677643615075,
      "옮기": 0.004468802227718664,
      "벌어지": 0.004409132256802429,
      "가지": 0.0037606277501173644,
      "듣": 0.003431276177054991,
      "서": 0.0031158253133710214,
      "올라가": 0.003072706784676485,
      "원하": 0.0030085022000938912,
      "향하": 0.0029386289803505347,
      "들어가": 0.0028291980939018006,
      "얻": 0.0024500836490431097,
      "치": 0.0023810380435128372,
      "나가": 0.002250304483355236,
      "보이": 0.0019062645428083284
    }
  }
}