{
  "scope": "sermon",
  "idf_scope": "church",
  "church": "O-3w",
  "sermon": "O-3w-0284",
  "document_unit": "sermon_json",
  "document_count": 291,
  "min_count": 5,
  "freq": {
    "MAG": {
      "의외로": 5,
      "다": 20,
      "많이": 9,
      "안": 8,
      "잘": 7,
      "지금": 6,
      "너무나": 5
    },
    "NNB": {
      "수": 49,
      "거": 34,
      "때문": 23,
      "번": 19,
      "적": 10,
      "분": 12,
      "명": 8,
      "장": 8
    },
    "NNG": {
      "두려움": 131,
      "하나님": 94,
      "감정": 40,
      "사람": 70,
      "말씀": 46,
      "지배": 16,
      "말": 41,
      "충만": 23,
      "행운": 8,
      "영향": 14,
      "전쟁": 23,
      "성령": 27,
      "마음": 32,
      "편지": 10,
      "의지": 17,
      "신뢰": 10,
      "낙심": 8,
      "생각": 21,
      "본능": 6,
      "파도": 6,
      "주변": 11,
      "근육": 5,
      "안": 18,
      "신경": 5,
      "인생": 16,
      "그림자": 5,
      "전능": 6,
      "신앙": 11,
      "삶": 13,
      "예전": 6,
      "평안": 6,
      "주": 12,
      "허락": 6,
      "오늘": 11,
      "믿음": 9,
      "이유": 8,
      "성경": 9,
      "전체": 5,
      "세상": 8,
      "절": 8,
      "백성": 6,
      "존재": 5,
      "힘": 6,
      "복": 5,
      "집": 6,
      "앞": 7,
      "손": 5,
      "가운데": 6,
      "문제": 5,
      "아버지": 5
    },
    "NNP": {
      "임마누엘": 10,
      "성": 9,
      "성령": 7,
      "예수": 12,
      "멘": 9
    },
    "VA": {
      "두렵": 24,
      "없": 37,
      "렵": 6,
      "그렇": 20,
      "이렇": 16,
      "어떻": 15,
      "많": 13,
      "깊": 5,
      "수많": 5,
      "크": 7,
      "같": 6
    },
    "VV": {
      "되": 89,
      "두려워하": 44,
      "있": 75,
      "보": 44,
      "미치": 13,
      "받": 33,
      "이기": 19,
      "떨": 13,
      "주": 29,
      "다스리": 12,
      "품": 12,
      "워하": 6,
      "밀려오": 6,
      "사로잡히": 7,
      "치르": 8,
      "대하": 17,
      "같": 9,
      "계시": 13,
      "떠나가": 6,
      "지키": 11,
      "도와주": 10,
      "읽": 14,
      "살아가": 13,
      "사라지": 8,
      "알": 13,
      "돌아가": 8,
      "임하": 7,
      "끝나": 9,
      "당하": 8,
      "나오": 10,
      "두": 6,
      "위하": 10,
      "말미암": 6,
      "가지": 9,
      "그러": 7,
      "지": 5,
      "보내": 5,
      "모르": 5,
      "원하": 5
    }
  },
  "tfidf": {
    "MAG": {
      "의외로": 0.0071584339220173146,
      "다": 0.006963788300835654,
      "많이": 0.0033102981994986716,
      "안": 0.002833625589160615,
      "잘": 0.0026646248100299715,
      "지금": 0.0020963033463024844,
      "너무나": 0.001963227223838896
    },
    "NNB": {
      "수": 0.017061281337047353,
      "거": 0.011879052295714078,
      "때문": 0.008008356545961003,
      "번": 0.006615598885793872,
      "적": 0.004389461699386705,
      "분": 0.004250438383740922,
      "명": 0.0034503467781200176,
      "장": 0.0028825814243180173
    },
    "NNG": {
      "두려움": 0.08252358464048176,
      "하나님": 0.032729805013927575,
      "감정": 0.027027233340860532,
      "사람": 0.02437325905292479,
      "말씀": 0.016016713091922007,
      "지배": 0.01487142405033878,
      "말": 0.014275766016713091,
      "충만": 0.013669788148301694,
      "행운": 0.013607226554429603,
      "영향": 0.013575581148400826,
      "전쟁": 0.013080278469020825,
      "성령": 0.011482828184744314,
      "마음": 0.01137339266237804,
      "편지": 0.011290970047991419,
      "의지": 0.009901715681576596,
      "신뢰": 0.008033795089837257,
      "낙심": 0.007757474941943329,
      "생각": 0.00748940009122293,
      "본능": 0.007309261779777861,
      "파도": 0.007309261779777861,
      "주변": 0.006959037387525316,
      "근육": 0.006909302926821155,
      "안": 0.00644151537393014,
      "신경": 0.005761591177370835,
      "인생": 0.005725791443493458,
      "그림자": 0.0057025703701360135,
      "전능": 0.005260175596605731,
      "신앙": 0.0052036810211228135,
      "삶": 0.004797971852305793,
      "예전": 0.004479431007900471,
      "평안": 0.004307033326101021,
      "주": 0.004265022248391766,
      "허락": 0.004128704950854873,
      "오늘": 0.0038432228015545544,
      "믿음": 0.003379173603561686,
      "이유": 0.0033786128056898933,
      "성경": 0.003254036280087334,
      "전체": 0.0030712028491159987,
      "세상": 0.0029223751770965033,
      "절": 0.002814281655030221,
      "백성": 0.002797804434332097,
      "존재": 0.00274527746247229,
      "힘": 0.0026244125410779862,
      "복": 0.002622336015372789,
      "집": 0.00260600593310691,
      "앞": 0.002479422390515538,
      "손": 0.00214891380875085,
      "가운데": 0.0021034948731638485,
      "문제": 0.0020113037681163564,
      "아버지": 0.0019430225822645436
    },
    "NNP": {
      "임마누엘": 0.01299552515007605,
      "성": 0.005999727996948026,
      "성령": 0.005049124412939183,
      "예수": 0.004265022248391766,
      "멘": 0.0040209388242490535
    },
    "VA": {
      "두렵": 0.015513695571002047,
      "없": 0.01288300835654596,
      "렵": 0.007491040422513857,
      "그렇": 0.006987677821008281,
      "이렇": 0.0056093196617702625,
      "어떻": 0.005222841225626741,
      "많": 0.004588897349484807,
      "깊": 0.003058448601044841,
      "수많": 0.002642232769940377,
      "크": 0.002565861445879737,
      "같": 0.002117952622839142
    },
    "VV": {
      "되": 0.030988857938718663,
      "두려워하": 0.028690891828531025,
      "있": 0.026114206128133706,
      "보": 0.01532033426183844,
      "미치": 0.01192135548316104,
      "받": 0.011569221802401167,
      "이기": 0.010848266990681895,
      "떨": 0.010386996232147354,
      "주": 0.010166891886958601,
      "다스리": 0.009970589252590074,
      "품": 0.00829556791102704,
      "워하": 0.008291163512185387,
      "밀려오": 0.007690156397035427,
      "사로잡히": 0.00753922146472326,
      "치르": 0.006647059501726715,
      "대하": 0.006021454376966307,
      "같": 0.005843010105175062,
      "계시": 0.0055871759027522104,
      "떠나가": 0.005195889401619477,
      "지키": 0.005129308129608844,
      "도와주": 0.00508989569867443,
      "읽": 0.004958844781031076,
      "살아가": 0.004831011870502502,
      "사라지": 0.004716287411030489,
      "알": 0.004541990583655383,
      "돌아가": 0.004325319840849646,
      "임하": 0.003996729943935435,
      "끝나": 0.003978495221891875,
      "당하": 0.0037037500600301198,
      "나오": 0.0035786196521834113,
      "두": 0.003551573941186018,
      "위하": 0.0035178520687877764,
      "말미암": 0.003269009778367142,
      "가지": 0.00322075768696507,
      "그러": 0.0024709447266456656,
      "지": 0.002373864594753646,
      "보내": 0.00225775844137852,
      "모르": 0.0018644702924308573,
      "원하": 0.0017893098260917057
    }
  }
}