{
  "scope": "sermon",
  "idf_scope": "church",
  "church": "O-3w",
  "sermon": "O-3w-0158",
  "document_unit": "sermon_json",
  "document_count": 291,
  "min_count": 5,
  "freq": {
    "MAG": {
      "홀연히": 11,
      "무조건": 5,
      "이제": 10,
      "다": 10,
      "열심히": 5,
      "굉장히": 7,
      "역시": 6,
      "가장": 7,
      "그냥": 6,
      "지금": 7,
      "더": 6
    },
    "NNB": {
      "수": 29,
      "거": 24,
      "번": 24,
      "줄": 7,
      "적": 5,
      "장": 6
    },
    "NNG": {
      "사울": 60,
      "하나님": 52,
      "사람": 49,
      "인생": 46,
      "주": 43,
      "토끼": 7,
      "추격": 9,
      "질문": 18,
      "가운데": 35,
      "세계": 18,
      "스데반": 8,
      "순간": 24,
      "메섹": 6,
      "진실": 9,
      "학기": 6,
      "니아": 5,
      "말씀": 24,
      "빛": 11,
      "율법": 8,
      "복음": 11,
      "진짜": 10,
      "핍박": 6,
      "박해": 5,
      "계획": 7,
      "절": 15,
      "시작": 14,
      "이방인": 5,
      "자리": 10,
      "포기": 6,
      "기도": 12,
      "표현": 8,
      "느낌": 5,
      "평생": 5,
      "축복": 9,
      "찬양": 9,
      "땅": 10,
      "사랑": 10,
      "의지": 6,
      "말": 10,
      "의미": 8,
      "역사": 7,
      "사건": 5,
      "경험": 7,
      "성도": 8,
      "오륜": 5,
      "준비": 5,
      "나라": 6,
      "마지막": 6,
      "삶": 7,
      "길": 6,
      "세상": 7,
      "고백": 5,
      "하늘": 5,
      "앞": 7,
      "지금": 6,
      "안": 6,
      "이름": 5,
      "믿음": 5,
      "성경": 5,
      "마음": 5,
      "오늘": 5
    },
    "NNP": {
      "예수": 67,
      "다메섹": 5,
      "다": 7,
      "예루살렘": 6,
      "그리스도": 10,
      "주님": 7,
      "멘": 5
    },
    "VA": {
      "새롭": 12,
      "없": 15,
      "같": 11,
      "크": 7,
      "그렇": 7,
      "이렇": 6
    },
    "VV": {
      "되": 67,
      "있": 51,
      "찾아오": 21,
      "믿": 34,
      "무너지": 18,
      "보": 30,
      "만나": 20,
      "받": 15,
      "위하": 14,
      "잡": 9,
      "세우": 9,
      "읽": 12,
      "이기": 7,
      "대하": 11,
      "전하": 7,
      "살아가": 10,
      "만들": 9,
      "보이": 10,
      "살": 10,
      "들어가": 9,
      "앉": 5,
      "원하": 8,
      "부르": 7,
      "맞": 6,
      "듣": 7,
      "바라보": 5,
      "통하": 6,
      "일어나": 5,
      "따르": 5,
      "알": 5
    }
  },
  "tfidf": {
    "MAG": {
      "홀연히": 0.01914088809441603,
      "무조건": 0.006075385010480572,
      "이제": 0.004445943446468412,
      "다": 0.004066693777958519,
      "열심히": 0.0038930050172235166,
      "굉장히": 0.003639746931782717,
      "역시": 0.0030118001425290483,
      "가장": 0.0029661445277320967,
      "그냥": 0.002868228365327909,
      "지금": 0.0028564512995841902,
      "더": 0.002456786204036833
    },
    "NNB": {
      "수": 0.011793411956079707,
      "거": 0.009793547312860081,
      "번": 0.009760065067100447,
      "줄": 0.003166178838804033,
      "적": 0.002563345669100979,
      "장": 0.002525042858064664
    },
    "NNG": {
      "사울": 0.07547543384657597,
      "하나님": 0.0211468076453843,
      "사람": 0.019926799511996746,
      "인생": 0.019226457888948955,
      "주": 0.01784984368941946,
      "토끼": 0.015060274944302048,
      "추격": 0.015049304596689999,
      "질문": 0.0148069467824293,
      "가운데": 0.014331252856881527,
      "세계": 0.012806426233427974,
      "스데반": 0.012142545174792489,
      "순간": 0.011512831983490002,
      "메섹": 0.011217516699280469,
      "진실": 0.010935693018865031,
      "학기": 0.01093012417632874,
      "니아": 0.009932888029768659,
      "말씀": 0.009760065067100447,
      "빛": 0.009591580886647124,
      "율법": 0.008456173593696827,
      "복음": 0.007164448904993494,
      "진짜": 0.006998482084859784,
      "핍박": 0.00665028893945552,
      "박해": 0.006593669373288197,
      "계획": 0.00632649269707337,
      "절": 0.00616303648326057,
      "시작": 0.00585153066185403,
      "이방인": 0.005427858107026862,
      "자리": 0.005126691338201958,
      "포기": 0.005030418752566951,
      "기도": 0.004981351727279849,
      "표현": 0.0046858457566110855,
      "느낌": 0.004665976347284262,
      "평생": 0.004615767700292859,
      "축복": 0.004377809642267838,
      "찬양": 0.004362591223667605,
      "땅": 0.004194009372204327,
      "사랑": 0.004179664758467164,
      "의지": 0.004081677502211035,
      "말": 0.004066693777958519,
      "의미": 0.0037978543005784612,
      "역사": 0.0034770348956380892,
      "사건": 0.0034288759973353906,
      "경험": 0.003416849024952175,
      "성도": 0.0034015193833165226,
      "오륜": 0.0032438988151358658,
      "준비": 0.0032438988151358658,
      "나라": 0.003198319123008776,
      "마지막": 0.003198319123008776,
      "삶": 0.003017437548683194,
      "길": 0.0030012600990694718,
      "세상": 0.0029865509638241205,
      "고백": 0.0029178665864348094,
      "하늘": 0.0029071364987958426,
      "앞": 0.002895852421944134,
      "지금": 0.0028582893851222093,
      "안": 0.0025077988550802986,
      "이름": 0.002253780598835268,
      "믿음": 0.002192622698800136,
      "성경": 0.002111425646471199,
      "마음": 0.002075563219699937,
      "오늘": 0.00204032235684585
    },
    "NNP": {
      "예수": 0.02781254714397916,
      "다메섹": 0.007815251033371422,
      "다": 0.005625829221362773,
      "예루살렘": 0.004866911529428374,
      "그리스도": 0.004797013326454167,
      "주님": 0.0038260451659293975,
      "멘": 0.0026090407806342417
    },
    "VA": {
      "새롭": 0.007755140140069447,
      "없": 0.0061000406669377795,
      "같": 0.004535065694776614,
      "크": 0.0029968093015724294,
      "그렇": 0.0028564512995841902,
      "이렇": 0.002456786204036833
    },
    "VV": {
      "되": 0.027246848312322082,
      "있": 0.02074013826758845,
      "찾아오": 0.014696812378205545,
      "믿": 0.013874192026551782,
      "무너지": 0.012393919987832052,
      "보": 0.012200081333875559,
      "만나": 0.008922521157235132,
      "받": 0.006141965510092083,
      "위하": 0.005752167384376531,
      "잡": 0.005575908853165728,
      "세우": 0.0052715764761874714,
      "읽": 0.004964318437618515,
      "이기": 0.004667998535576482,
      "대하": 0.004550625234483639,
      "전하": 0.0043866155170907434,
      "살아가": 0.004340309097532826,
      "만들": 0.004243069602371764,
      "보이": 0.004237349325331566,
      "살": 0.004066693777958519,
      "들어가": 0.004042862110945366,
      "앉": 0.003401397918509196,
      "원하": 0.0033437318067737315,
      "부르": 0.0032435692341391685,
      "맞": 0.0032097477915222204,
      "듣": 0.0029661445277320967,
      "바라보": 0.002762573827621117,
      "통하": 0.0025863750417284516,
      "일어나": 0.0023654433836992673,
      "따르": 0.002316835167242263,
      "알": 0.00204032235684585
    }
  }
}