{
  "scope": "sermon",
  "idf_scope": "church",
  "church": "O-3w",
  "sermon": "O-3w-0228",
  "document_unit": "sermon_json",
  "document_count": 291,
  "min_count": 5,
  "freq": {
    "MAG": {
      "뜻대로": 5,
      "항상": 9,
      "다": 12,
      "막": 6,
      "아무리": 6,
      "안": 7,
      "가장": 6,
      "너무나": 5,
      "많이": 5,
      "더": 5
    },
    "NNB": {
      "수": 43,
      "거": 36,
      "번": 24,
      "때문": 23,
      "분": 19,
      "절": 9,
      "가지": 5
    },
    "NNG": {
      "기도": 232,
      "전신갑주": 23,
      "전쟁": 53,
      "레슬링": 9,
      "하나님": 53,
      "간구": 23,
      "말": 46,
      "성령": 34,
      "사탄": 20,
      "안": 35,
      "씨름": 10,
      "꿈속": 7,
      "승리": 18,
      "공격": 13,
      "실전": 5,
      "말씀": 25,
      "현장": 14,
      "무기": 8,
      "가상": 5,
      "탄식": 6,
      "실제": 7,
      "무릎": 9,
      "검": 5,
      "사람": 18,
      "귀신": 6,
      "기도회": 6,
      "성도": 15,
      "아버지": 14,
      "교회": 13,
      "사실": 12,
      "금요": 5,
      "권능": 5,
      "사도": 8,
      "제자": 8,
      "주": 14,
      "인도하심": 5,
      "마귀": 5,
      "필요": 10,
      "강조": 5,
      "대적": 5,
      "뜻": 10,
      "훈련": 5,
      "손": 10,
      "싸움": 5,
      "도움": 5,
      "언급": 5,
      "사용": 6,
      "생활": 6,
      "목사": 6,
      "중요": 8,
      "이전": 5,
      "믿음": 7,
      "찬양": 6,
      "마음": 7,
      "신앙": 5,
      "삶": 6,
      "절": 6
    },
    "NNP": {
      "성령": 29,
      "예수": 24,
      "바울": 13,
      "성": 7
    },
    "VA": {
      "없": 24,
      "그렇": 23,
      "많": 16,
      "어렵": 10,
      "깊": 6,
      "이렇": 10,
      "어떻": 9
    },
    "VV": {
      "되": 85,
      "있": 69,
      "보": 31,
      "위하": 30,
      "도우": 6,
      "넓히": 6,
      "도와주": 16,
      "구하": 15,
      "알": 22,
      "꿇": 9,
      "받": 16,
      "입": 9,
      "같": 7,
      "들리": 6,
      "따르": 10,
      "싸우": 6,
      "막": 5,
      "통하": 9,
      "원하": 9,
      "이기": 5,
      "향하": 7,
      "끝나": 6,
      "가지": 7,
      "나오": 7,
      "대하": 7,
      "읽": 7,
      "그러": 7,
      "모르": 6
    }
  },
  "tfidf": {
    "MAG": {
      "뜻대로": 0.006286746789648643,
      "항상": 0.004715019045779188,
      "다": 0.004511278195488722,
      "막": 0.0033721133503222486,
      "아무리": 0.0032488236979812016,
      "안": 0.0026770304908122653,
      "가장": 0.002350295185937667,
      "너무나": 0.0021196949574681613,
      "많이": 0.001985625820584834,
      "더": 0.0018926181941499288
    },
    "NNB": {
      "수": 0.016165413533834588,
      "거": 0.013580262881009176,
      "번": 0.009022556390977444,
      "때문": 0.008646616541353383,
      "분": 0.007266225617919005,
      "절": 0.0036111045352443224,
      "가지": 0.00206207514338733
    },
    "NNG": {
      "기도": 0.08902886541956224,
      "전신갑주": 0.036997648939025546,
      "전쟁": 0.03254376703890934,
      "레슬링": 0.02024528556217106,
      "하나님": 0.01992481203007519,
      "간구": 0.019419756044651983,
      "말": 0.017293233082706767,
      "성령": 0.015612297501864561,
      "사탄": 0.014927864060444647,
      "안": 0.013523415317198363,
      "씨름": 0.012999541268421358,
      "꿈속": 0.012098190159443278,
      "승리": 0.01105260012642204,
      "공격": 0.011034914108320257,
      "실전": 0.010485228409022879,
      "말씀": 0.009398496240601503,
      "현장": 0.009094704799421649,
      "무기": 0.00906223204853725,
      "가상": 0.00864156439960234,
      "탄식": 0.007626128427663051,
      "실제": 0.007383033661474713,
      "무릎": 0.007077472523450898,
      "검": 0.006827502564933944,
      "사람": 0.006766917293233083,
      "귀신": 0.006576436887010645,
      "기도회": 0.005940682408497139,
      "성도": 0.005895913649136744,
      "아버지": 0.005874064059225021,
      "교회": 0.005805116161447647,
      "사실": 0.005727437732969156,
      "금요": 0.005712721132597549,
      "권능": 0.005616305165703657,
      "사도": 0.005511478844540423,
      "제자": 0.005372645636230159,
      "주": 0.005372431533939101,
      "인도하심": 0.005087334377286015,
      "마귀": 0.004917877428048614,
      "필요": 0.004875400183187301,
      "강조": 0.004854152706853724,
      "대적": 0.004854152706853724,
      "뜻": 0.0046895044109542885,
      "훈련": 0.004646731546761872,
      "손": 0.004640361247167249,
      "싸움": 0.0043370412590249255,
      "도움": 0.004313396931568421,
      "언급": 0.0038752505365169587,
      "사용": 0.0036842000421406806,
      "생활": 0.0033469104166422665,
      "목사": 0.0032249542784386367,
      "중요": 0.0031552862814365253,
      "이전": 0.002964074012112939,
      "믿음": 0.0028377153770260707,
      "찬양": 0.0026886245160397597,
      "마음": 0.0026862157669695504,
      "신앙": 0.0025538229481655364,
      "삶": 0.0023909384314324297,
      "절": 0.002278933340201164
    },
    "NNP": {
      "성령": 0.022584934162453205,
      "예수": 0.009209882629609888,
      "바울": 0.008879788786761628,
      "성": 0.005038368072290857
    },
    "VA": {
      "없": 0.009022556390977444,
      "그렇": 0.008676279062866974,
      "많": 0.006098004945156908,
      "어렵": 0.005144684604763447,
      "깊": 0.003962645585955242,
      "이렇": 0.0037852363882998575,
      "어떻": 0.0033834586466165413
    },
    "VV": {
      "되": 0.03195488721804511,
      "있": 0.02593984962406015,
      "보": 0.011654135338345865,
      "위하": 0.01139466670100582,
      "도우": 0.009455294328902892,
      "넓히": 0.008951963010149035,
      "도와주": 0.008792890494191255,
      "구하": 0.008526134370365231,
      "알": 0.008299049538394497,
      "꿇": 0.007722083394121273,
      "받": 0.0060563782212797726,
      "입": 0.0054829217940901365,
      "같": 0.0049067617023575375,
      "들리": 0.004377192527534856,
      "따르": 0.004283532087405057,
      "싸우": 0.004080945906344435,
      "막": 0.003893954165940207,
      "통하": 0.003586407647148645,
      "원하": 0.0034774496529938652,
      "이기": 0.0030823330824335574,
      "향하": 0.0030192755651496277,
      "끝나": 0.002863718866484578,
      "가지": 0.002704683063439673,
      "나오": 0.002704683063439673,
      "대하": 0.0026770304908122653,
      "읽": 0.0026770304908122653,
      "그러": 0.002667877163506147,
      "모르": 0.002415680607456281
    }
  }
}