{
  "scope": "sermon",
  "idf_scope": "church",
  "church": "S-Og",
  "sermon": "S-Og-0130",
  "document_unit": "sermon_json",
  "document_count": 220,
  "min_count": 5,
  "freq": {
    "MAG": {
      "안": 19,
      "잘": 15,
      "못": 9,
      "다": 10,
      "이제": 9,
      "그냥": 5
    },
    "NNB": {
      "거": 32,
      "달": 12,
      "명": 7,
      "번": 8,
      "분": 5,
      "장": 7,
      "데": 5,
      "절": 5
    },
    "NNG": {
      "달란트": 26,
      "란트": 11,
      "청지기": 12,
      "물권": 10,
      "성경": 42,
      "보증": 8,
      "사람": 39,
      "재능": 8,
      "경제": 18,
      "시경": 6,
      "직분": 7,
      "충성": 9,
      "필사": 5,
      "탤런트": 5,
      "전통": 10,
      "잠언": 5,
      "악": 7,
      "두루마리": 6,
      "종": 8,
      "교회": 18,
      "강의": 5,
      "개신교": 6,
      "하나님": 18,
      "유대인": 7,
      "철학": 6,
      "관리": 5,
      "경영": 5,
      "구절": 6,
      "책": 8,
      "서": 5,
      "신학": 5,
      "주인": 6,
      "장로": 5,
      "절": 10,
      "기도": 8,
      "말씀": 9,
      "손": 5,
      "옛날": 5,
      "얘기": 6,
      "말": 7
    },
    "NNP": {
      "한국": 5,
      "예수": 6
    },
    "VA": {
      "없": 11,
      "그렇": 11,
      "이렇": 6
    },
    "VV": {
      "되": 36,
      "있": 34,
      "쓰": 27,
      "맡기": 11,
      "대하": 19,
      "주": 22,
      "읽": 19,
      "나오": 12,
      "받": 11,
      "르": 5,
      "서": 6,
      "가지": 8,
      "보": 7,
      "그러": 7
    }
  },
  "tfidf": {
    "MAG": {
      "안": 0.012926841798719856,
      "잘": 0.010826671862590275,
      "못": 0.007187748417840803,
      "다": 0.006502333001132141,
      "이제": 0.0064960031175541645,
      "그냥": 0.004184439228241918
    },
    "NNB": {
      "거": 0.020713514967635533,
      "달": 0.017279907855373332,
      "명": 0.005969970421095467,
      "번": 0.005272984349915205,
      "분": 0.004766564249933982,
      "장": 0.004551633100792498,
      "데": 0.004451521058659942,
      "절": 0.003386413224190405
    },
    "NNG": {
      "달란트": 0.08321109632844471,
      "란트": 0.03722544989868843,
      "청지기": 0.03529810905969117,
      "물권": 0.03384131808971676,
      "성경": 0.028835513627032232,
      "보증": 0.02560341425490607,
      "사람": 0.02490421455938697,
      "재능": 0.023532072706460783,
      "경제": 0.02275082866346155,
      "시경": 0.021858297015164015,
      "직분": 0.01990151204804411,
      "충성": 0.0195541978618607,
      "필사": 0.01821524751263668,
      "탤런트": 0.01692065904485838,
      "전통": 0.016136409263153653,
      "잠언": 0.016002133909316294,
      "악": 0.015438100930050564,
      "두루마리": 0.01499331820586112,
      "종": 0.013591280118694175,
      "교회": 0.012081093917244646,
      "강의": 0.011781968392131364,
      "개신교": 0.011746966250354594,
      "하나님": 0.011494252873563218,
      "유대인": 0.010937696603163651,
      "철학": 0.010285787872848449,
      "관리": 0.01015097981050304,
      "경영": 0.009264543869895506,
      "구절": 0.008956780425177523,
      "책": 0.007978956804936271,
      "서": 0.0071001769847449415,
      "신학": 0.0071001769847449415,
      "주인": 0.0070261092339077265,
      "장로": 0.006863561492555537,
      "절": 0.006414656163252819,
      "기도": 0.006044582088933676,
      "말씀": 0.005747126436781609,
      "손": 0.005169346131565209,
      "옛날": 0.005169346131565209,
      "얘기": 0.004769621099693387,
      "말": 0.004469987228607918
    },
    "NNP": {
      "한국": 0.005012289157776028,
      "예수": 0.004027031305748215
    },
    "VA": {
      "없": 0.0070881230451556665,
      "그렇": 0.0070242656449553,
      "이렇": 0.004769621099693387
    },
    "VV": {
      "되": 0.022988505747126436,
      "있": 0.021711366538952746,
      "쓰": 0.02077941121771625,
      "맡기": 0.019968685210927033,
      "대하": 0.015174135548775027,
      "주": 0.014900218186437782,
      "읽": 0.013163587309733934,
      "나오": 0.00801765952522365,
      "받": 0.007120270770124714,
      "르": 0.006863561492555537,
      "서": 0.005777063499218388,
      "가지": 0.005369375074330954,
      "보": 0.004676968056380462,
      "그러": 0.004469987228607918
    }
  }
}