{
  "scope": "sermon",
  "idf_scope": "church",
  "church": "S-Og",
  "sermon": "S-Og-0194",
  "document_unit": "sermon_json",
  "document_count": 220,
  "min_count": 5,
  "freq": {
    "MAG": {
      "다": 10,
      "아주": 8,
      "안": 8,
      "이제": 6
    },
    "NNB": {
      "명": 21,
      "거": 17,
      "장": 9,
      "절": 6
    },
    "NNG": {
      "목사": 25,
      "헬리콥터": 6,
      "경찰": 7,
      "촛불": 5,
      "기도회": 5,
      "비밀": 6,
      "교회": 20,
      "말씀": 19,
      "공산": 5,
      "불": 8,
      "기도": 15,
      "발": 7,
      "사람": 17,
      "혁명": 6,
      "교인": 9,
      "힘": 9,
      "능력": 8,
      "부부": 5,
      "절": 13,
      "감사": 6,
      "나라": 8,
      "하나님": 9,
      "날": 7,
      "주": 6,
      "우리나라": 5,
      "뒤": 7,
      "앞": 7,
      "역사": 5
    },
    "NNP": {
      "루마니아": 15,
      "공산당": 16,
      "토케스": 6,
      "티미소아라": 6,
      "두란노": 5
    },
    "VA": {
      "같": 8,
      "없": 7
    },
    "VV": {
      "쏘": 7,
      "되": 21,
      "있": 20,
      "물러나": 5,
      "던지": 5,
      "모이": 5,
      "세우": 6,
      "그러": 8,
      "일어나": 5,
      "가지": 7,
      "들어가": 6,
      "죽": 6,
      "듣": 5,
      "읽": 6,
      "받": 5
    }
  },
  "tfidf": {
    "MAG": {
      "다": 0.007503797700643281,
      "아주": 0.006367237775525638,
      "안": 0.0062811726352388145,
      "이제": 0.004997661941581834
    },
    "NNB": {
      "명": 0.02066832795748453,
      "거": 0.012698857670145385,
      "장": 0.006753417930578952,
      "절": 0.0046895709144426
    },
    "NNG": {
      "목사": 0.02709854488505063,
      "헬리콥터": 0.025224829127300553,
      "경찰": 0.020186287665518252,
      "촛불": 0.017644527594265484,
      "기도회": 0.016972745881686433,
      "비밀": 0.015762487947508636,
      "교회": 0.015490864713342435,
      "말씀": 0.01400147383935151,
      "공산": 0.013596582536534793,
      "불": 0.013581831329672231,
      "기도": 0.013079148237753505,
      "발": 0.012824596811073874,
      "사람": 0.012527634487840826,
      "혁명": 0.012323853156404696,
      "교인": 0.010572789175431441,
      "힘": 0.010151550670272316,
      "능력": 0.009955092116170487,
      "부부": 0.009891638300712768,
      "절": 0.0096234023707812,
      "감사": 0.00742666395087395,
      "나라": 0.007373136181012821,
      "하나님": 0.006632277081798084,
      "날": 0.006572874764039394,
      "주": 0.00647172631563918,
      "우리나라": 0.0062219325726065545,
      "뒤": 0.005992664090504514,
      "앞": 0.005777698081069012,
      "역사": 0.004716908213341923
    },
    "NNP": {
      "루마니아": 0.0554001658850169,
      "공산당": 0.03954181593272607,
      "토케스": 0.02343205783131751,
      "티미소아라": 0.02343205783131751,
      "두란노": 0.017644527594265484
    },
    "VA": {
      "같": 0.006483981341015276,
      "없": 0.005205332941716112
    },
    "VV": {
      "쏘": 0.017299544470567654,
      "되": 0.015475313190862197,
      "있": 0.014738393515106854,
      "물러나": 0.013135406622923864,
      "던지": 0.009716148068622662,
      "모이": 0.006288927116022878,
      "세우": 0.006224304118227044,
      "그러": 0.0058953574060427415,
      "일어나": 0.005528087330754758,
      "가지": 0.005421802649669852,
      "들어가": 0.005353471904246123,
      "죽": 0.0052076943689289374,
      "듣": 0.004806236185375795,
      "읽": 0.004797155736813406,
      "받": 0.003734958138278054
    }
  }
}