{
  "scope": "sermon",
  "idf_scope": "church",
  "church": "S-Og",
  "sermon": "S-Og-0070",
  "document_unit": "sermon_json",
  "document_count": 220,
  "min_count": 5,
  "freq": {
    "MAG": {
      "안": 10,
      "열심히": 5,
      "더": 5,
      "잘": 6
    },
    "NNB": {
      "거": 18,
      "번": 16,
      "중": 9,
      "가지": 6,
      "수": 5,
      "장": 5
    },
    "NNG": {
      "전도": 43,
      "머슴": 7,
      "화전민": 6,
      "사람": 29,
      "할아버지": 7,
      "미니": 5,
      "파수": 5,
      "운동": 11,
      "말": 24,
      "목": 8,
      "선교사": 7,
      "목사": 14,
      "권능": 5,
      "영혼": 10,
      "세기": 6,
      "책임": 5,
      "교회": 15,
      "신앙": 13,
      "종교": 7,
      "회개": 6,
      "말씀": 12,
      "산": 5,
      "감동": 5,
      "복음": 7,
      "절": 9,
      "하나님": 9,
      "소리": 5,
      "장": 7,
      "시대": 5,
      "뒤": 5,
      "생각": 5
    },
    "NNP": {
      "에스겔": 6,
      "최": 5,
      "예수": 21,
      "미국": 5
    },
    "VA": {
      "없": 14,
      "그렇": 14
    },
    "VV": {
      "겁": 13,
      "되": 25,
      "전하": 12,
      "있": 15,
      "믿": 10,
      "임하": 5,
      "죽": 8,
      "치": 6,
      "세우": 5,
      "그러": 7,
      "듣": 5
    }
  },
  "tfidf": {
    "MAG": {
      "안": 0.008489592894441306,
      "열심히": 0.006763674644324051,
      "더": 0.005581475807783417,
      "잘": 0.005403846418108803
    },
    "NNB": {
      "거": 0.014538659360251753,
      "번": 0.013159352178433802,
      "중": 0.007710258566863826,
      "가지": 0.0057885748000493925,
      "수": 0.004056834055686427,
      "장": 0.004056834055686427
    },
    "NNG": {
      "전도": 0.07951146300981468,
      "머슴": 0.027954644129709195,
      "화전민": 0.025336495997687537,
      "사람": 0.023107569721115537,
      "할아버지": 0.022843859171048565,
      "미니": 0.021113746664739613,
      "파수": 0.021113746664739613,
      "운동": 0.019357440282394105,
      "말": 0.019123505976095617,
      "목": 0.01727033145755421,
      "선교사": 0.016716141226286202,
      "목사": 0.016408546796053924,
      "권능": 0.016317042265034686,
      "영혼": 0.013974277309771953,
      "세기": 0.013729731523035495,
      "책임": 0.012998679225452602,
      "교회": 0.012562412400003397,
      "신앙": 0.012144548495186591,
      "종교": 0.011833048667340147,
      "회개": 0.010781010239647266,
      "말씀": 0.009561752988047808,
      "산": 0.008184690357227367,
      "감동": 0.008133282369833312,
      "복음": 0.007966889094495829,
      "절": 0.007203837766126313,
      "하나님": 0.007171314741035857,
      "소리": 0.0063186388292642845,
      "장": 0.005942715026108915,
      "시대": 0.005371739817801657,
      "뒤": 0.004628369476843839,
      "생각": 0.004607233810590081
    },
    "NNP": {
      "에스겔": 0.02064727247731275,
      "최": 0.01996760294979228,
      "예수": 0.017587377360004756,
      "미국": 0.006949013352032786
    },
    "VA": {
      "없": 0.011256791716189268,
      "그렇": 0.011155378486055778
    },
    "VV": {
      "겁": 0.02887185837080149,
      "되": 0.0199203187250996,
      "전하": 0.017941425891334302,
      "있": 0.01195219123505976,
      "믿": 0.00880364842066343,
      "임하": 0.007838031484758722,
      "죽": 0.007507932280091972,
      "치": 0.007354662775248193,
      "세우": 0.005608486512904448,
      "그러": 0.005577689243027889,
      "듣": 0.005196862552633429
    }
  }
}