{
  "scope": "sermon",
  "idf_scope": "church",
  "church": "S-Og",
  "sermon": "S-Og-0182",
  "document_unit": "sermon_json",
  "document_count": 220,
  "min_count": 5,
  "freq": {
    "MAG": {
      "이제": 13,
      "없이": 5,
      "많이": 5,
      "다": 7,
      "아주": 6,
      "지금": 5
    },
    "NNB": {
      "부": 6,
      "명": 17,
      "원": 6,
      "수": 12,
      "장": 12,
      "거": 9,
      "중": 6,
      "절": 6,
      "번": 6,
      "가지": 5
    },
    "NNG": {
      "사람": 38,
      "지원": 11,
      "능선": 6,
      "탈북자": 7,
      "회당": 7,
      "송환": 5,
      "통일": 10,
      "도움": 6,
      "자유": 7,
      "감옥": 6,
      "말씀": 17,
      "우리나라": 5,
      "감사": 5,
      "절": 8,
      "교회": 7,
      "말": 7,
      "전": 5,
      "기도": 5,
      "성경": 5
    },
    "NNP": {
      "몽골": 7,
      "북한": 17,
      "중국": 14,
      "한국": 18,
      "남한": 7,
      "예수": 13,
      "마태복음": 5
    },
    "VA": {
      "작": 7,
      "어렵": 8,
      "그렇": 11,
      "많": 5
    },
    "VV": {
      "되": 39,
      "있": 28,
      "주": 14,
      "돕": 5,
      "읽": 9,
      "드리": 5,
      "살": 6,
      "받": 5
    }
  },
  "tfidf": {
    "MAG": {
      "이제": 0.010844250222809979,
      "없이": 0.007046222626515177,
      "많이": 0.005822439615914081,
      "다": 0.005260411391764614,
      "아주": 0.004782476934347762,
      "지금": 0.004426810591335525
    },
    "NNB": {
      "부": 0.023466643894537165,
      "명": 0.01675619953088071,
      "원": 0.011996826187765977,
      "수": 0.00901784810016791,
      "장": 0.00901784810016791,
      "거": 0.006732847784913634,
      "중": 0.004760823862934367,
      "절": 0.004696492790331077,
      "번": 0.004570568353487386,
      "가지": 0.004467811423162354
    },
    "NNG": {
      "사람": 0.028044280442804426,
      "지원": 0.02580970896173068,
      "능선": 0.025262061347414648,
      "탈북자": 0.023796917067179253,
      "회당": 0.021157965505288524,
      "송환": 0.019555536578780973,
      "통일": 0.01641162680163923,
      "도움": 0.015066112596149499,
      "자유": 0.013274279804576093,
      "감옥": 0.012716467203992285,
      "말씀": 0.012546125461254613,
      "우리나라": 0.0062311162369203645,
      "감사": 0.0061980215137367465,
      "절": 0.005930834864445115,
      "교회": 0.005429805310407373,
      "말": 0.0051660516605166054,
      "전": 0.004386260327218937,
      "기도": 0.004366151084534195,
      "성경": 0.003967353219111973
    },
    "NNP": {
      "몽골": 0.02737775121029336,
      "북한": 0.02715052055177003,
      "중국": 0.024333254665361504,
      "한국": 0.020854082181459878,
      "남한": 0.014127090323038188,
      "예수": 0.010083924147899406,
      "마태복음": 0.009029221339248434
    },
    "VA": {
      "작": 0.014261281027704478,
      "어렵": 0.009969785979072584,
      "그렇": 0.008118081180811807,
      "많": 0.004247744019768512
    },
    "VV": {
      "되": 0.028782287822878228,
      "있": 0.020664206642066422,
      "주": 0.01095848317743918,
      "돕": 0.009562731408662114,
      "읽": 0.007206354614231504,
      "드리": 0.005296376646707917,
      "살": 0.004468299505688202,
      "받": 0.0037404709916186857
    }
  }
}