{
  "scope": "sermon",
  "idf_scope": "church",
  "church": "S-Og",
  "sermon": "S-Og-0168",
  "document_unit": "sermon_json",
  "document_count": 220,
  "min_count": 5,
  "freq": {
    "MAG": {
      "많이": 9,
      "안": 11,
      "지금": 8,
      "정말": 5,
      "다": 5
    },
    "NNB": {
      "장": 8,
      "절": 7,
      "수": 7,
      "거": 6,
      "번": 5
    },
    "NNG": {
      "기도": 74,
      "하나님": 52,
      "혼란": 13,
      "향로": 9,
      "천사": 13,
      "역사": 29,
      "말씀": 36,
      "카오스": 7,
      "코스모스": 7,
      "보좌": 11,
      "질서": 10,
      "교회": 20,
      "사람": 21,
      "제단": 7,
      "포로": 6,
      "새벽": 8,
      "성도": 12,
      "사정": 6,
      "창조": 7,
      "절": 16,
      "땅": 12,
      "나라": 11,
      "앞": 12,
      "생활": 9,
      "통일": 6,
      "장": 12,
      "목사": 8,
      "회개": 5,
      "말": 11,
      "시대": 8,
      "하늘": 6,
      "죄": 5,
      "문제": 5,
      "힘": 5,
      "중요": 6,
      "신앙": 6,
      "지금": 5,
      "전": 5,
      "생각": 5,
      "오늘": 5
    },
    "NNP": {
      "다니엘": 10,
      "다니엘이": 6,
      "요한계시록": 6
    },
    "VA": {
      "새롭": 7,
      "없": 8,
      "그렇": 8,
      "많": 6
    },
    "VV": {
      "되": 43,
      "쌓이": 14,
      "있": 22,
      "끌려가": 5,
      "풀": 5,
      "살": 12,
      "그러": 11,
      "받": 9,
      "가지": 8,
      "믿": 7,
      "보": 7,
      "드리": 5,
      "위하": 5,
      "주": 6
    }
  },
  "tfidf": {
    "MAG": {
      "많이": 0.008925788952366086,
      "안": 0.007366362659193101,
      "지금": 0.006032259812706108,
      "정말": 0.005195570625878387,
      "다": 0.003200079660519463
    },
    "NNB": {
      "장": 0.005120127456831141,
      "절": 0.004666481679896319,
      "수": 0.004480111524727249,
      "거": 0.003822756651396595,
      "번": 0.0032438299387049065
    },
    "NNG": {
      "기도": 0.055033811344593814,
      "하나님": 0.03268384663733501,
      "혼란": 0.02912906451728471,
      "향로": 0.02605759213740244,
      "천사": 0.025051826830580222,
      "역사": 0.023334316646089842,
      "말씀": 0.02262727844123193,
      "카오스": 0.020267016106868565,
      "코스모스": 0.020267016106868565,
      "보좌": 0.018731688071302315,
      "질서": 0.018431343800867545,
      "교회": 0.013212510003774786,
      "사람": 0.013199245757385292,
      "제단": 0.012901940660607281,
      "포로": 0.0126472920067668,
      "새벽": 0.011668763080387345,
      "성도": 0.011486853890508622,
      "사정": 0.01072085973612196,
      "창조": 0.010682021065845013,
      "절": 0.010102176293303747,
      "땅": 0.009048389719059163,
      "나라": 0.008646983326051098,
      "앞": 0.00844787964013,
      "생활": 0.008403249743579703,
      "통일": 0.008386330980347387,
      "장": 0.008036031991847018,
      "목사": 0.007396148416646376,
      "회개": 0.007086825817492834,
      "말": 0.0069138906348208675,
      "시대": 0.006779669110085309,
      "하늘": 0.005658037340918321,
      "죄": 0.0056035266646024305,
      "문제": 0.005335268182669192,
      "힘": 0.0048102710592777195,
      "중요": 0.004629837987980897,
      "신앙": 0.004421430651682785,
      "지금": 0.004197258543339994,
      "전": 0.0037356271171474923,
      "생각": 0.0036342416293466697,
      "오늘": 0.003519949850054166
    },
    "NNP": {
      "다니엘": 0.025143101374728992,
      "다니엘이": 0.0167903930325422,
      "요한계시록": 0.011178537386672308
    },
    "VA": {
      "새롭": 0.007632347738428536,
      "없": 0.0050739960864927824,
      "그렇": 0.00502828409805154,
      "많": 0.004341189048487492
    },
    "VV": {
      "되": 0.02702702702702703,
      "쌓이": 0.02697889043293255,
      "있": 0.013827781269641735,
      "끌려가": 0.010853940045101547,
      "풀": 0.008214874505340955,
      "살": 0.0076109941297391745,
      "그러": 0.0069138906348208675,
      "받": 0.005734134977094893,
      "가지": 0.005285004001509915,
      "믿": 0.004861096880925722,
      "보": 0.0046034770435523596,
      "드리": 0.004510741895844895,
      "위하": 0.004023158042429283,
      "주": 0.003999841439911131
    }
  }
}