{
  "scope": "sermon",
  "idf_scope": "church",
  "church": "S-Og",
  "sermon": "S-Og-0191",
  "document_unit": "sermon_json",
  "document_count": 220,
  "min_count": 5,
  "freq": {
    "MAG": {
      "더": 5,
      "다": 5
    },
    "NNB": {
      "장": 16,
      "명": 10,
      "절": 12,
      "수": 12,
      "번": 6
    },
    "NNG": {
      "하나님": 47,
      "가운데": 17,
      "영성": 9,
      "말씀": 31,
      "신비": 7,
      "세상": 22,
      "교회": 25,
      "절": 26,
      "불": 11,
      "비밀": 7,
      "건강": 10,
      "호": 7,
      "응답": 12,
      "육신": 8,
      "복음": 14,
      "출발점": 5,
      "밖": 9,
      "질서": 6,
      "현장": 6,
      "장": 15,
      "행동": 5,
      "제단": 5,
      "영광": 7,
      "무리": 5,
      "진리": 6,
      "약속": 6,
      "백성": 9,
      "충만": 5,
      "피": 6,
      "시대": 8,
      "십자가": 6,
      "기도": 9,
      "세계": 7,
      "미래": 5,
      "속": 7,
      "삶": 6,
      "은혜": 6,
      "중요": 7,
      "말": 8,
      "사람": 8,
      "가정": 5,
      "역사": 5
    },
    "NNP": {
      "예수": 24,
      "히브리서": 8,
      "요한복음": 9,
      "이태리": 5,
      "한국": 10,
      "로마서": 5
    },
    "VA": {
      "없": 10,
      "크": 8,
      "새롭": 5,
      "그렇": 6,
      "같": 5
    },
    "VV": {
      "되": 33,
      "있": 23,
      "부르짖": 7,
      "남": 10,
      "나아가": 7,
      "나가": 12,
      "행하": 6,
      "던지": 5,
      "합치": 6,
      "믿": 8,
      "받": 8,
      "지": 5,
      "주": 7,
      "찾": 5,
      "죽": 6,
      "러": 5,
      "읽": 6,
      "위하": 5,
      "이르": 5,
      "살": 6,
      "그러": 6,
      "가지": 5,
      "바라": 5
    }
  },
  "tfidf": {
    "MAG": {
      "더": 0.004704333202665003,
      "다": 0.0034192926392790234
    },
    "NNB": {
      "장": 0.010941736445692875,
      "명": 0.008969561239024754,
      "절": 0.008547679960911495,
      "수": 0.008206302334269656,
      "번": 0.004159247897229958
    },
    "NNG": {
      "하나님": 0.0315648085963734,
      "가운데": 0.02649471415675256,
      "영성": 0.023169187438889148,
      "말씀": 0.020819341840161182,
      "신비": 0.018020479119136006,
      "세상": 0.017725080420109066,
      "교회": 0.017646997494967835,
      "절": 0.017540573562323827,
      "불": 0.017019475844360088,
      "비밀": 0.01675933210358009,
      "건강": 0.016433304116429317,
      "호": 0.01576593811051733,
      "응답": 0.015572233038521175,
      "육신": 0.01512233049327948,
      "복음": 0.01342974588796812,
      "출발점": 0.012622919314649074,
      "밖": 0.012339210794797481,
      "질서": 0.011816360505243893,
      "현장": 0.011572070558367727,
      "장": 0.01073314884068889,
      "행동": 0.010295359944064972,
      "제단": 0.009846967087703246,
      "영광": 0.00936205787761887,
      "무리": 0.008702149804390305,
      "진리": 0.008662192583485804,
      "약속": 0.008384182355868807,
      "백성": 0.00834650489074913,
      "충만": 0.007792562987280165,
      "피": 0.007740064017620737,
      "시대": 0.0072440923802187555,
      "십자가": 0.007184857695136978,
      "기도": 0.00715180825733976,
      "세계": 0.006399241567312872,
      "미래": 0.006264483574091663,
      "속": 0.0061902675323929,
      "삶": 0.0058691213387848835,
      "은혜": 0.005783685982234434,
      "중요": 0.005771491568406452,
      "말": 0.005372733378106112,
      "사람": 0.005372733378106112,
      "가정": 0.0049882733908049055,
      "역사": 0.00429875382505372
    },
    "NNP": {
      "예수": 0.01694111759516912,
      "히브리서": 0.01628403960527215,
      "요한복음": 0.014907342927562689,
      "이태리": 0.014106575299467876,
      "한국": 0.01054297491078208,
      "로마서": 0.008628345550801404
    },
    "VA": {
      "없": 0.006776970931506059,
      "크": 0.006626604312124857,
      "새롭": 0.005825129642060731,
      "그렇": 0.004029550033579583,
      "같": 0.0036932348387163066
    },
    "VV": {
      "되": 0.02216252518468771,
      "있": 0.01544660846205507,
      "부르짖": 0.01393500905253744,
      "남": 0.013540201926419552,
      "나아가": 0.011154920802873221,
      "나가": 0.009623822816179642,
      "행하": 0.009151222228902597,
      "던지": 0.008854810563546643,
      "합치": 0.008605034887077652,
      "믿": 0.0059361067927106,
      "받": 0.005446165956903499,
      "지": 0.005408566013215939,
      "주": 0.00498614664386504,
      "찾": 0.004773099258217522,
      "죽": 0.004746031738506761,
      "러": 0.004727099109264662,
      "읽": 0.004371887397485421,
      "위하": 0.00429875382505372,
      "이르": 0.004278706252902935,
      "살": 0.004066182558903635,
      "그러": 0.004029550033579583,
      "가지": 0.003529399498993567,
      "바라": 0.0035134471727390404
    }
  }
}