{
  "scope": "sermon",
  "idf_scope": "church",
  "church": "S-Og",
  "sermon": "S-Og-0044",
  "document_unit": "sermon_json",
  "document_count": 220,
  "min_count": 5,
  "freq": {
    "MAG": {
      "다": 16,
      "이미": 6,
      "열심히": 6,
      "이제": 7,
      "더": 5,
      "안": 6
    },
    "NNB": {
      "거": 29,
      "분": 6,
      "수": 8,
      "번": 6,
      "장": 6,
      "가지": 5,
      "절": 5
    },
    "NNG": {
      "부활": 36,
      "희년": 12,
      "택시": 10,
      "사람": 34,
      "신앙": 27,
      "무덤": 8,
      "자발": 7,
      "날": 21,
      "기사": 7,
      "안식": 7,
      "가문": 5,
      "기독교": 10,
      "돌": 6,
      "시체": 6,
      "능력": 10,
      "기둥": 5,
      "교회": 15,
      "역사": 12,
      "하늘": 10,
      "산": 7,
      "절": 13,
      "변화": 6,
      "새벽": 5,
      "성령": 7,
      "기도": 9,
      "시작": 8,
      "가정": 7,
      "말": 10,
      "집": 6,
      "말씀": 8,
      "시대": 5,
      "성경": 6,
      "나라": 5,
      "땅": 5
    },
    "NNP": {
      "예수": 42,
      "말레이시아": 8,
      "성령": 10,
      "사도행전": 6,
      "예루살렘": 5
    },
    "VA": {
      "이렇": 5,
      "없": 6,
      "그렇": 6
    },
    "VV": {
      "되": 32,
      "믿": 22,
      "죽": 20,
      "있": 20,
      "살": 18,
      "전하": 8,
      "임하": 7,
      "모이": 6,
      "보": 9,
      "그러": 9,
      "찾": 6,
      "받": 8,
      "들어가": 6,
      "가지": 6,
      "바라": 5
    }
  },
  "tfidf": {
    "MAG": {
      "다": 0.011090704947336072,
      "이미": 0.00984007619450025,
      "열심히": 0.006934032685059237,
      "이제": 0.005386066573982963,
      "더": 0.004768381306173035,
      "안": 0.004351710993542752
    },
    "NNB": {
      "거": 0.02001113786462304,
      "분": 0.006097568099711327,
      "수": 0.005545352473668036,
      "번": 0.004215874825715049,
      "장": 0.004159014355251027,
      "가지": 0.00412109222490469,
      "절": 0.0036100225385174768
    },
    "NNG": {
      "부활": 0.05687032625870197,
      "희년": 0.03762888957622626,
      "택시": 0.027880038179194735,
      "사람": 0.02314499659632403,
      "신앙": 0.021548831007980187,
      "무덤": 0.0188085703055211,
      "자발": 0.018265822606122202,
      "날": 0.018215230200411416,
      "기사": 0.017276390643257866,
      "안식": 0.014442524234662323,
      "가문": 0.013940019089597367,
      "기독교": 0.0126267387287117,
      "돌": 0.012106911492304723,
      "시체": 0.011851552648269323,
      "능력": 0.011495115726381339,
      "기둥": 0.011414704778061027,
      "교회": 0.010732353684141773,
      "역사": 0.010457472205045592,
      "하늘": 0.010213226014750451,
      "산": 0.009789313109359078,
      "절": 0.008889691638631783,
      "변화": 0.008234728659675443,
      "새벽": 0.007898656424819718,
      "성령": 0.007518834548256644,
      "기도": 0.007249178008971343,
      "시작": 0.007204840769415525,
      "가정": 0.007078662158251808,
      "말": 0.0068073519400953025,
      "집": 0.005833966243465291,
      "말씀": 0.005445881552076242,
      "시대": 0.0045891990955351115,
      "성경": 0.0043913657823526665,
      "나라": 0.004256869382928181,
      "땅": 0.0040832732139275945
    },
    "NNP": {
      "예수": 0.03005059031559696,
      "말레이시아": 0.02729404133640769,
      "성령": 0.012070727625823565,
      "사도행전": 0.010494981504541829,
      "예루살렘": 0.007517045471379602
    },
    "VA": {
      "이렇": 0.004237137872770504,
      "없": 0.004121542430365904,
      "그렇": 0.0040844111640571815
    },
    "VV": {
      "되": 0.021783526208304968,
      "믿": 0.016546544104459993,
      "죽": 0.016035491850775057,
      "있": 0.013614703880190605,
      "살": 0.012364627291097711,
      "전하": 0.010218511229237372,
      "임하": 0.009374691163186571,
      "모이": 0.006971333502880635,
      "보": 0.006410307088070236,
      "그러": 0.006126616746085773,
      "찾": 0.005805700309450694,
      "받": 0.0055203138936891155,
      "들어가": 0.0049453106698856275,
      "가지": 0.004292941473656708,
      "바라": 0.0035612817155945753
    }
  }
}