{
  "scope": "sermon",
  "idf_scope": "church",
  "church": "S-Og",
  "sermon": "S-Og-0060",
  "document_unit": "sermon_json",
  "document_count": 220,
  "min_count": 5,
  "freq": {
    "MAG": {
      "스스로": 12,
      "다": 9,
      "안": 5
    },
    "NNB": {
      "장": 20,
      "절": 13,
      "거": 13,
      "데": 9,
      "번": 9,
      "수": 8,
      "중": 5
    },
    "NNG": {
      "그물": 13,
      "고기": 12,
      "절": 32,
      "말씀": 29,
      "배": 11,
      "변화": 12,
      "닭": 5,
      "의지": 7,
      "사람": 20,
      "영성": 5,
      "충만": 8,
      "결단": 5,
      "부인": 6,
      "밤새": 5,
      "과정": 5,
      "말": 15,
      "교회": 14,
      "단계": 5,
      "불": 6,
      "이름": 9,
      "제자": 6,
      "신앙": 10,
      "미래": 6,
      "하늘": 7,
      "역사": 8,
      "전": 8,
      "은혜": 5,
      "지금": 5,
      "장": 6,
      "중요": 5,
      "하나님": 6,
      "앞": 5
    },
    "NNP": {
      "베드로": 70,
      "시몬": 23,
      "예수": 43,
      "성령": 9,
      "사도행전": 6,
      "요한": 5,
      "마태복음": 5
    },
    "VA": {
      "없": 14,
      "깊": 6,
      "어떻": 6
    },
    "VV": {
      "있": 25,
      "되": 23,
      "버리": 9,
      "잡": 11,
      "던지": 6,
      "그러": 15,
      "울": 6,
      "보": 12,
      "따르": 8,
      "르": 5,
      "가지": 8,
      "죽": 7,
      "서": 5,
      "살": 6,
      "받": 5
    }
  },
  "tfidf": {
    "MAG": {
      "스스로": 0.02106170086896745,
      "다": 0.00641763874775605,
      "안": 0.0037305458972422406
    },
    "NNB": {
      "장": 0.014261419439457888,
      "절": 0.009655546277040374,
      "거": 0.009228066739126493,
      "데": 0.008787078123354792,
      "번": 0.006505378276234672,
      "수": 0.005704567775783155,
      "중": 0.003764540344465493
    },
    "NNG": {
      "그물": 0.04562625239857999,
      "고기": 0.0299575576257272,
      "절": 0.022510591712389724,
      "말씀": 0.02030812324929972,
      "배": 0.018007644678350608,
      "변화": 0.016942319889444297,
      "닭": 0.016128862858157206,
      "의지": 0.015584739591419372,
      "사람": 0.014005602240896359,
      "영성": 0.013421615350336891,
      "충만": 0.013000701723316712,
      "결단": 0.012920561976244898,
      "부인": 0.012321121003016917,
      "밤새": 0.011913271806595805,
      "과정": 0.010612278961944254,
      "말": 0.01050420168067227,
      "교회": 0.010304462458826316,
      "단계": 0.010055329751055992,
      "불": 0.009679908148301058,
      "이름": 0.009270434977062278,
      "제자": 0.008418964482543336,
      "신앙": 0.008210196273141119,
      "미래": 0.00783850087548108,
      "하늘": 0.0073545240272884374,
      "역사": 0.0071718145047674955,
      "전": 0.006659252373536874,
      "은혜": 0.0050256234988019805,
      "지금": 0.004676357382670819,
      "장": 0.004476655076690688,
      "중요": 0.004298594910642861,
      "하나님": 0.004201680672268907,
      "앞": 0.003921736842742422
    },
    "NNP": {
      "베드로": 0.11901327391988387,
      "시몬": 0.057418652115977124,
      "예수": 0.031649420409252255,
      "성령": 0.011175566522479927,
      "사도행전": 0.01079630800432209,
      "요한": 0.009759260465243448,
      "마태복음": 0.008567643497676209
    },
    "VA": {
      "없": 0.009893048742169138,
      "깊": 0.008972616909564864,
      "어떻": 0.004706084211290906
    },
    "VV": {
      "있": 0.01750700280112045,
      "되": 0.01610644257703081,
      "버리": 0.01255111420748004,
      "잡": 0.012536595831633732,
      "던지": 0.01107967473035374,
      "그러": 0.01050420168067227,
      "울": 0.00961045729976656,
      "보": 0.008792475361694842,
      "따르": 0.008618208947653113,
      "르": 0.00752684684687813,
      "가지": 0.005888264262186466,
      "죽": 0.005773563119801118,
      "서": 0.005279459290252099,
      "살": 0.004239878032358202,
      "받": 0.0035492564381255738
    }
  }
}