{
  "scope": "sermon",
  "idf_scope": "church",
  "church": "S-Og",
  "sermon": "S-Og-0138",
  "document_unit": "sermon_json",
  "document_count": 220,
  "min_count": 5,
  "freq": {
    "MAG": {
      "안": 9,
      "지금": 6
    },
    "NNB": {
      "거": 20,
      "장": 9,
      "번": 8,
      "수": 7
    },
    "NNG": {
      "빛": 14,
      "프라이드": 6,
      "사막": 9,
      "하나님": 30,
      "미래": 13,
      "명령": 7,
      "국민": 11,
      "보고서": 5,
      "천": 7,
      "옛날": 13,
      "사람": 21,
      "광야": 7,
      "지금": 15,
      "교회": 19,
      "이제": 7,
      "생각": 16,
      "말씀": 18,
      "물": 8,
      "위로": 6,
      "나라": 13,
      "영광": 8,
      "강": 5,
      "비전": 6,
      "절": 14,
      "이사": 5,
      "영원": 5,
      "위": 9,
      "왕": 7,
      "백성": 9,
      "희망": 5,
      "전": 7,
      "시대": 6,
      "목사": 5,
      "길": 5,
      "말": 7,
      "세계": 5,
      "신앙": 5
    },
    "NNP": {
      "한국": 15,
      "일본": 7,
      "예수": 6
    },
    "VA": {
      "그렇": 17,
      "없": 13,
      "어떻": 8,
      "이렇": 6,
      "많": 5
    },
    "VV": {
      "되": 60,
      "발하": 11,
      "있": 22,
      "심": 8,
      "살": 16,
      "주": 15,
      "일어나": 10,
      "그러": 15,
      "내": 9,
      "나타내": 5,
      "이루": 9,
      "행하": 5,
      "받": 11,
      "임하": 5,
      "가지": 8,
      "만들": 6,
      "읽": 7,
      "대하": 6,
      "보": 6,
      "바라": 5
    }
  },
  "tfidf": {
    "MAG": {
      "안": 0.006599446093786274,
      "지금": 0.004953884391955653
    },
    "NNB": {
      "거": 0.013952754834530817,
      "장": 0.006307218260010764,
      "번": 0.005683065032324301,
      "수": 0.004905614202230593
    },
    "NNG": {
      "빛": 0.025407760634231703,
      "프라이드": 0.02355821963231029,
      "사막": 0.02328420395534924,
      "하나님": 0.02064693737095664,
      "미래": 0.016691205580687173,
      "명령": 0.014945823020367493,
      "국민": 0.014893878134493345,
      "보고서": 0.014861394218299784,
      "천": 0.014601560977783173,
      "옛날": 0.014485553826070823,
      "사람": 0.014452856159669649,
      "광야": 0.014280267363543184,
      "지금": 0.01378769100300192,
      "교회": 0.01374401118045795,
      "이제": 0.013299405225422965,
      "생각": 0.012734102534982632,
      "말씀": 0.012388162422573986,
      "물": 0.012076917176197036,
      "위로": 0.01198205838975061,
      "나라": 0.011189736353169923,
      "영광": 0.01096458887407295,
      "강": 0.0108054582363946,
      "비전": 0.010794107643218824,
      "절": 0.009678934736624555,
      "이사": 0.009410189454191694,
      "영원": 0.009074200226511323,
      "위": 0.00893394411235267,
      "왕": 0.008784695155609491,
      "백성": 0.008553300607243948,
      "희망": 0.006852868046295595,
      "전": 0.005726590392797195,
      "시대": 0.005567680774679487,
      "목사": 0.005061627723195279,
      "길": 0.004891359115957255,
      "말": 0.004817618719889883,
      "세계": 0.004684136610819421,
      "신앙": 0.00403446671646439
    },
    "NNP": {
      "한국": 0.016206286623008794,
      "일본": 0.00965312789257894,
      "예수": 0.004340214056986721
    },
    "VA": {
      "그렇": 0.01169993117687543,
      "없": 0.009028343174202532,
      "어떻": 0.0061668164750845736,
      "이렇": 0.0051405551563109735,
      "많": 0.0039612478642713925
    },
    "VV": {
      "되": 0.04129387474191328,
      "발하": 0.02655588463856674,
      "있": 0.015141087405368204,
      "심": 0.014028988849595012,
      "살": 0.011111806983633885,
      "주": 0.010949325070369251,
      "일어나": 0.010325690994954173,
      "그러": 0.01032346868547832,
      "내": 0.010080731378849824,
      "나타내": 0.009782569304983963,
      "이루": 0.009066207099438095,
      "행하": 0.007814963236313355,
      "받": 0.007674015158991949,
      "임하": 0.006769944606587884,
      "가지": 0.005786952075982294,
      "만들": 0.005729638296303499,
      "읽": 0.005226907816470583,
      "대하": 0.005164493701463041,
      "보": 0.004320596977460508,
      "바라": 0.00360049748121709
    }
  }
}