{
  "scope": "sermon",
  "idf_scope": "church",
  "church": "S-Og",
  "sermon": "S-Og-0062",
  "document_unit": "sermon_json",
  "document_count": 220,
  "min_count": 5,
  "freq": {
    "MAG": {
      "안": 10,
      "잘": 8,
      "지금": 6
    },
    "NNB": {
      "거": 14,
      "번": 13,
      "명": 6,
      "수": 6
    },
    "NNG": {
      "복": 31,
      "상상력": 18,
      "인민": 12,
      "평화": 13,
      "사람": 35,
      "화평": 9,
      "피스메이커": 6,
      "특사": 5,
      "민심": 5,
      "하나님": 20,
      "딸": 6,
      "아들": 10,
      "시대": 10,
      "대통령": 6,
      "정치": 7,
      "통일": 6,
      "문제": 7,
      "말씀": 9,
      "나라": 7,
      "위": 6,
      "세상": 5,
      "성경": 5
    },
    "NNP": {
      "북한": 23,
      "중국": 10,
      "김일성": 7,
      "남한": 7,
      "한국": 7
    },
    "VA": {
      "좋": 8,
      "그렇": 8,
      "없": 5
    },
    "VV": {
      "되": 36,
      "있": 30,
      "누리": 9,
      "바치": 6,
      "받": 14,
      "쓰": 11,
      "만들": 9,
      "보내": 7,
      "위하": 9,
      "주": 8,
      "그러": 7,
      "바라": 6,
      "믿": 5,
      "읽": 5
    }
  },
  "tfidf": {
    "MAG": {
      "안": 0.008544057002825853,
      "잘": 0.007251352317269765,
      "지금": 0.005772248613882569
    },
    "NNB": {
      "거": 0.01138039049093929,
      "번": 0.010760566900117655,
      "명": 0.006426147562906749,
      "수": 0.0048994323078297985
    },
    "NNG": {
      "복": 0.04890755652197884,
      "상상력": 0.04532573451718755,
      "인민": 0.03617422972159577,
      "평화": 0.028244332170208192,
      "사람": 0.028067361668003207,
      "화평": 0.025729385899882783,
      "피스메이커": 0.0241148436586906,
      "특사": 0.02124919973075238,
      "민심": 0.016039564670085736,
      "하나님": 0.01603849238171612,
      "딸": 0.013542792765332684,
      "아들": 0.012983474004861455,
      "시대": 0.01081240332211881,
      "대통령": 0.010774400728908168,
      "정치": 0.010719073233760458,
      "통일": 0.010699801595615633,
      "문제": 0.009529892822836694,
      "말씀": 0.007217321571772253,
      "나라": 0.007020591477891017,
      "위": 0.006939866771049681,
      "세상": 0.0048102071782354745,
      "성경": 0.004310957186765616
    },
    "NNP": {
      "북한": 0.03991442865210213,
      "중국": 0.018886218393610286,
      "김일성": 0.01721067148307766,
      "남한": 0.01535060736785625,
      "한국": 0.008812303728555062
    },
    "VA": {
      "좋": 0.0074871152183683485,
      "그렇": 0.006415396952686447,
      "없": 0.004046074465522262
    },
    "VV": {
      "되": 0.028869286287089013,
      "있": 0.024057738572574178,
      "누리": 0.014113554936044046,
      "바치": 0.011866898486576233,
      "받": 0.01138039049093929,
      "쓰": 0.010631326669529245,
      "만들": 0.0100142314890084,
      "보내": 0.009685113928942203,
      "위하": 0.009239390538820353,
      "주": 0.006804327966745372,
      "그러": 0.0056134723336006415,
      "바라": 0.005034344353047408,
      "믿": 0.004430063659956939,
      "읽": 0.004350267531980615
    }
  }
}