{
  "scope": "sermon",
  "idf_scope": "church",
  "church": "S-Og",
  "sermon": "S-Og-0203",
  "document_unit": "sermon_json",
  "document_count": 220,
  "min_count": 5,
  "freq": {
    "MAG": {
      "안": 6
    },
    "NNB": {
      "바": 8,
      "수": 12,
      "거": 10,
      "가지": 8,
      "절": 8,
      "장": 6
    },
    "NNG": {
      "소명": 7,
      "백정": 7,
      "사랑": 19,
      "대장간": 6,
      "말씀": 28,
      "하나님": 27,
      "기쁨": 10,
      "신바람": 6,
      "예배당": 7,
      "국민": 10,
      "용서": 6,
      "신명": 5,
      "봉사": 6,
      "충만": 8,
      "사람": 18,
      "죄": 9,
      "확신": 8,
      "집사": 6,
      "집안": 6,
      "안": 10,
      "절": 13,
      "제사장": 5,
      "세상": 10,
      "교회": 11,
      "약속": 5,
      "능력": 6,
      "은혜": 7,
      "성경": 8,
      "시작": 6,
      "성도": 5,
      "장": 6,
      "신앙": 5
    },
    "NNP": {
      "크롬웰": 9,
      "영국": 10,
      "요한일서": 5,
      "예수": 11
    },
    "VA": {
      "없": 5
    },
    "VV": {
      "사귀": 14,
      "섬기": 19,
      "되": 25,
      "있": 25,
      "밟": 7,
      "부르짖": 6,
      "받": 15,
      "주": 14,
      "살": 14,
      "믿": 11,
      "보": 9,
      "듣": 7,
      "그러": 9,
      "통하": 5,
      "죽": 5,
      "가지": 5,
      "바라": 5
    }
  },
  "tfidf": {
    "MAG": {
      "안": 0.004756446018983856
    },
    "NNB": {
      "바": 0.013614814508002627,
      "수": 0.009091654892654403,
      "거": 0.007542169931016844,
      "가지": 0.007207005331410702,
      "절": 0.006313241796526398,
      "장": 0.0045458274463272014
    },
    "NNG": {
      "소명": 0.027601825066925226,
      "백정": 0.0261034809395722,
      "사랑": 0.02520669755123019,
      "대장간": 0.022374412233919026,
      "말씀": 0.020833333333333332,
      "하나님": 0.020089285714285716,
      "기쁨": 0.01714150401261646,
      "신바람": 0.016473716519712245,
      "예배당": 0.01635451126820974,
      "국민": 0.014637990347280052,
      "용서": 0.014565484310663407,
      "신명": 0.014558244240066043,
      "봉사": 0.014193244985042642,
      "충만": 0.013813245581024007,
      "사람": 0.013392857142857142,
      "죄": 0.01194001462953009,
      "확신": 0.01185383008484226,
      "집사": 0.01177215440100085,
      "집안": 0.011569197373872468,
      "안": 0.010474182401331966,
      "절": 0.00971648587585572,
      "제사장": 0.008962718210392405,
      "세상": 0.008926083856041125,
      "교회": 0.00860238607053804,
      "약속": 0.0077406048660023895,
      "능력": 0.007538537947345619,
      "은혜": 0.007475614954467945,
      "성경": 0.006399718585591337,
      "시작": 0.005906200385196098,
      "성도": 0.005665793818142117,
      "장": 0.004756446018983856,
      "신앙": 0.0043616667701062185
    },
    "NNP": {
      "크롬웰": 0.029814191199525265,
      "영국": 0.018801798293228138,
      "요한일서": 0.015628490045318202,
      "예수": 0.00860238607053804
    },
    "VA": {
      "없": 0.003754058674483825
    },
    "VV": {
      "사귀": 0.04498667874831164,
      "섬기": 0.02815284645150037,
      "되": 0.018601190476190476,
      "있": 0.018601190476190476,
      "밟": 0.017988144387246417,
      "부르짖": 0.013232926326038421,
      "받": 0.011313254896525266,
      "주": 0.011048173143921196,
      "살": 0.01051136428855471,
      "믿": 0.009042735598754363,
      "보": 0.007006503803850577,
      "듣": 0.006793815107869743,
      "그러": 0.006696428571428571,
      "통하": 0.005810568432166201,
      "죽": 0.004381722010563348,
      "가지": 0.0039101754866082,
      "바라": 0.0038925021132503205
    }
  }
}