{
  "scope": "sermon",
  "idf_scope": "church",
  "church": "S-Og",
  "sermon": "S-Og-0166",
  "document_unit": "sermon_json",
  "document_count": 220,
  "min_count": 5,
  "freq": {
    "MAG": {
      "드디어": 5,
      "잘못": 5,
      "못": 7,
      "이제": 7,
      "잘": 7
    },
    "NNB": {
      "장": 16,
      "거": 15,
      "번": 9,
      "중": 7,
      "명": 5,
      "절": 5,
      "수": 5
    },
    "NNG": {
      "하나님": 44,
      "보좌": 16,
      "옷": 14,
      "지파": 14,
      "도장": 11,
      "인": 14,
      "순교": 9,
      "절": 28,
      "진노": 6,
      "향로": 6,
      "두루마기": 5,
      "사자": 7,
      "기도": 18,
      "시록": 6,
      "하늘": 14,
      "피": 10,
      "양": 8,
      "한": 10,
      "나팔": 5,
      "핍박": 5,
      "복음": 11,
      "앞": 14,
      "천사": 5,
      "찬양": 6,
      "제단": 5,
      "지상": 5,
      "사람": 14,
      "종": 5,
      "말": 11,
      "땅": 9,
      "성도": 7,
      "영혼": 6,
      "역사": 8,
      "말씀": 9,
      "구원": 5,
      "날": 6,
      "장": 7,
      "백성": 5
    },
    "NNP": {
      "단": 9,
      "요한계시록": 8,
      "예수": 7
    },
    "VA": {
      "희": 17,
      "어리": 9,
      "없": 9
    },
    "VV": {
      "떼": 17,
      "쌓이": 10,
      "있": 27,
      "겁": 9,
      "요": 7,
      "입": 10,
      "되": 17,
      "드리": 6,
      "나오": 8,
      "일어나": 5,
      "받": 7,
      "죽": 6,
      "살": 5
    }
  },
  "tfidf": {
    "MAG": {
      "드디어": 0.012979278838930285,
      "잘못": 0.008062626686279706,
      "못": 0.006871803432441208,
      "이제": 0.006210464518980356,
      "잘": 0.006210464518980356
    },
    "NNB": {
      "장": 0.01278826182703037,
      "거": 0.01193486230842226,
      "번": 0.00729174268325205,
      "중": 0.00590743254054585,
      "명": 0.005241631352004655,
      "절": 0.004162577008698723,
      "수": 0.00399633182094699
    },
    "NNG": {
      "하나님": 0.03453689167974882,
      "보좌": 0.03402553528921591,
      "옷": 0.031239721318992743,
      "지파": 0.030629063613994822,
      "도장": 0.029377342784616466,
      "인": 0.02647449071377449,
      "순교": 0.024780312788535555,
      "절": 0.022077695717920693,
      "진노": 0.021694206745477382,
      "향로": 0.021694206745477382,
      "두루마기": 0.01879405333235342,
      "사자": 0.018426594856012803,
      "기도": 0.016717492143137995,
      "시록": 0.016520208525690368,
      "하늘": 0.016487064852382872,
      "피": 0.015077126271895966,
      "양": 0.014679558499035062,
      "한": 0.01407372461169279,
      "나팔": 0.01355464569211661,
      "핍박": 0.012979278838930285,
      "복음": 0.012332687143924076,
      "앞": 0.012308220244914679,
      "천사": 0.012032802948754116,
      "찬양": 0.011803810377113625,
      "제단": 0.011508739398422395,
      "지상": 0.01138797150726559,
      "사람": 0.01098901098901099,
      "종": 0.01044149561708942,
      "말": 0.008634222919937205,
      "땅": 0.008474875221559926,
      "성도": 0.008367941639102205,
      "영혼": 0.00825952183222785,
      "역사": 0.008038737137211918,
      "말씀": 0.00706436420722135,
      "구원": 0.006454366210405762,
      "날": 0.0060009358969285425,
      "장": 0.0058540874079801315,
      "백성": 0.005419477490984413
    },
    "NNP": {
      "단": 0.02606829866855564,
      "요한계시록": 0.01861334692014196,
      "예수": 0.005775028410990573
    },
    "VA": {
      "희": 0.04540134793986182,
      "어리": 0.015287681139940694,
      "없": 0.007128586142316538
    },
    "VV": {
      "떼": 0.039129713954636144,
      "쌓이": 0.02406560589750823,
      "있": 0.02119309262166405,
      "겁": 0.019690112323282386,
      "요": 0.01665311467874329,
      "입": 0.01665224947018601,
      "되": 0.013343799058084773,
      "드리": 0.006759739739047937,
      "나오": 0.006570201369178564,
      "일어나": 0.005888237447279596,
      "받": 0.0055696024105970545,
      "죽": 0.00554697116062525,
      "살": 0.003960325634620299
    }
  }
}