{
  "scope": "sermon",
  "idf_scope": "church",
  "church": "S-Og",
  "sermon": "S-Og-0054",
  "document_unit": "sermon_json",
  "document_count": 220,
  "min_count": 5,
  "freq": {
    "MAG": {
      "이제": 9,
      "아주": 6,
      "안": 6,
      "다": 6
    },
    "NNB": {
      "거": 15,
      "장": 11,
      "번": 8,
      "중": 6,
      "절": 6,
      "수": 6
    },
    "NNG": {
      "새우": 14,
      "변화": 26,
      "고래": 8,
      "수준": 12,
      "국민": 16,
      "교회": 25,
      "능력": 14,
      "나라": 17,
      "열정": 6,
      "수업": 5,
      "세계": 15,
      "교실": 5,
      "한국인": 5,
      "말": 19,
      "교육": 8,
      "말씀": 18,
      "동포": 6,
      "발전": 7,
      "대학": 8,
      "종교": 7,
      "예배": 8,
      "철학": 5,
      "교수": 5,
      "책": 8,
      "절": 11,
      "신앙": 9,
      "중요": 8,
      "사람": 9,
      "복음": 6,
      "하나님": 7,
      "시대": 5,
      "역사": 5,
      "세상": 5,
      "생각": 5,
      "성경": 5
    },
    "NNP": {
      "두나미스": 7,
      "한국": 18,
      "에베소": 7,
      "마르크스": 5,
      "사도행전": 5,
      "예수": 6
    },
    "VA": {
      "그렇": 14,
      "어떻": 8,
      "같": 5
    },
    "VV": {
      "되": 53,
      "있": 29,
      "바뀌": 7,
      "쓰": 10,
      "서": 7,
      "보": 10,
      "받": 10,
      "가지": 8,
      "그러": 8,
      "살": 7,
      "읽": 5
    }
  },
  "tfidf": {
    "MAG": {
      "이제": 0.007313257284032942,
      "아주": 0.00465870326818204,
      "안": 0.004595732170750757,
      "다": 0.004392230113489402
    },
    "NNB": {
      "거": 0.010930995385283939,
      "장": 0.008052421874730572,
      "번": 0.005936372028732718,
      "중": 0.00463761059257805,
      "절": 0.004574944450681961,
      "수": 0.004392230113489402
    },
    "NNG": {
      "새우": 0.05333839380294393,
      "변화": 0.037684786296147126,
      "고래": 0.028824548327234294,
      "수준": 0.02337268078277915,
      "국민": 0.022629428068145958,
      "교회": 0.01889027984903458,
      "능력": 0.01699558231694886,
      "나라": 0.01528494595253278,
      "열정": 0.015130658275865945,
      "수업": 0.015100424601658998,
      "세계": 0.014678757359138648,
      "교실": 0.01406634094798617,
      "한국인": 0.01406634094798617,
      "말": 0.013659237958303379,
      "교육": 0.013061269972524292,
      "말씀": 0.012940330697340043,
      "동포": 0.012648857507051156,
      "발전": 0.011678200433705417,
      "대학": 0.010982178759370888,
      "종교": 0.01067611508088561,
      "예배": 0.010311962706137523,
      "철학": 0.009649858500407784,
      "교수": 0.009315241595066257,
      "책": 0.008982779551783034,
      "절": 0.00794384378635464,
      "신앙": 0.0075857255573263584,
      "중요": 0.0070606970897460885,
      "사람": 0.006470165348670022,
      "복음": 0.006161104537491382,
      "하나님": 0.0050323508267433505,
      "시대": 0.004846537362574463,
      "역사": 0.004601613548170374,
      "세상": 0.0043122418053627865,
      "생각": 0.004156778168433179,
      "성경": 0.003864675493815042
    },
    "NNP": {
      "두나미스": 0.020610383364245827,
      "한국": 0.020314364741824683,
      "에베소": 0.01794007584631974,
      "마르크스": 0.016003783438038963,
      "사도행전": 0.00923623761692544,
      "예수": 0.0045336671637683
    },
    "VA": {
      "그렇": 0.010064701653486701,
      "어떻": 0.006441685361824504,
      "같": 0.003953433986231905
    },
    "VV": {
      "되": 0.038102084831056794,
      "있": 0.020848310567936738,
      "바뀌": 0.009840819637089902,
      "쓰": 0.008664312369716336,
      "서": 0.007587846882150967,
      "보": 0.007521959511442748,
      "받": 0.007287330256855958,
      "가지": 0.006044889551691067,
      "그러": 0.005751258087706686,
      "살": 0.0050780997857000475,
      "읽": 0.0038999163280947708
    }
  }
}