{
  "scope": "sermon",
  "idf_scope": "church",
  "church": "S-Og",
  "sermon": "S-Og-0150",
  "document_unit": "sermon_json",
  "document_count": 220,
  "min_count": 5,
  "freq": {
    "MAG": {
      "이미": 18,
      "다": 11,
      "막": 7,
      "너무": 5
    },
    "NNB": {
      "줄": 7,
      "장": 7,
      "번": 5,
      "수": 5
    },
    "NNG": {
      "불": 26,
      "그날": 13,
      "은혜": 20,
      "나팔": 8,
      "발": 11,
      "말씀": 23,
      "성령": 14,
      "방": 9,
      "교도소": 5,
      "모퉁이": 5,
      "사람": 21,
      "가정": 14,
      "하늘": 13,
      "교회": 18,
      "문제": 11,
      "기도": 15,
      "절": 17,
      "금식": 6,
      "역사": 12,
      "어머니": 7,
      "시작": 11,
      "세례": 5,
      "십자가": 8,
      "위": 9,
      "무리": 5,
      "소리": 8,
      "안": 9,
      "영혼": 7,
      "하나님": 12,
      "감사": 7,
      "충만": 5,
      "날": 8,
      "주인": 5,
      "땅": 7,
      "믿음": 5,
      "세상": 6,
      "생각": 6,
      "장": 6,
      "말": 5
    },
    "NNP": {
      "예수": 27
    },
    "VA": {
      "춥": 9,
      "새롭": 8,
      "같": 12,
      "없": 6,
      "많": 5
    },
    "VV": {
      "부르": 19,
      "밀려오": 5,
      "던지": 9,
      "임하": 12,
      "되": 22,
      "있": 19,
      "믿": 15,
      "붙": 6,
      "읽": 13,
      "모시": 6,
      "죽": 11,
      "살": 12,
      "모이": 7,
      "듣": 8,
      "받": 10,
      "그러": 8,
      "찾": 5,
      "바라": 6,
      "보": 6
    }
  },
  "tfidf": {
    "MAG": {
      "이미": 0.027621156553606755,
      "다": 0.007134343202388678,
      "막": 0.0071076379601856515,
      "너무": 0.005076884257275466
    },
    "NNB": {
      "줄": 0.006011558509476121,
      "장": 0.00454003658333825,
      "번": 0.0032872187468022335,
      "수": 0.003242883273813036
    },
    "NNG": {
      "불": 0.03815240230680698,
      "그날": 0.018413427140820067,
      "은혜": 0.018284306640227333,
      "나팔": 0.017598592215802865,
      "발": 0.017418813157315718,
      "말씀": 0.01464968152866242,
      "성령": 0.014070277645081543,
      "방": 0.014026924106004411,
      "교도소": 0.0137538890440698,
      "모퉁이": 0.013378783834973037,
      "사람": 0.01337579617834395,
      "가정": 0.013246566510155293,
      "하늘": 0.012423055872846457,
      "교회": 0.012050314060130646,
      "문제": 0.011894589613362233,
      "기도": 0.011304716024606054,
      "절": 0.010877132253383218,
      "금식": 0.010651890912892465,
      "역사": 0.009784730362555397,
      "어머니": 0.009458901960198652,
      "시작": 0.009269348884791837,
      "세례": 0.009145866805419081,
      "십자가": 0.009085565272236909,
      "위": 0.008268166111623202,
      "무리": 0.008253185387730679,
      "소리": 0.00808141832430744,
      "안": 0.008069790466656781,
      "영혼": 0.007819364723971121,
      "하나님": 0.007643312101910828,
      "감사": 0.007488947013731598,
      "충만": 0.007390526298127495,
      "날": 0.006492732341984682,
      "주인": 0.005840173598885085,
      "땅": 0.005348827829148721,
      "믿음": 0.004850208211199367,
      "세상": 0.00458470956784176,
      "생각": 0.004419423005572396,
      "장": 0.004071760158926308,
      "말": 0.0031847133757961785
    },
    "NNP": {
      "예수": 0.01807547109019597
    },
    "VA": {
      "춥": 0.019224689410285965,
      "새롭": 0.008839355961302857,
      "같": 0.0084064611590042,
      "없": 0.003856398617966569,
      "많": 0.003666046590309767
    },
    "VV": {
      "부르": 0.019193368520230174,
      "밀려오": 0.01525071588880144,
      "던지": 0.015116346033387079,
      "임하": 0.015037038746556222,
      "되": 0.014012738853503185,
      "있": 0.012101910828025478,
      "믿": 0.010555966975731787,
      "붙": 0.009351282737336276,
      "읽": 0.008983718084195891,
      "모시": 0.008679089107538833,
      "죽": 0.008252150089703,
      "살": 0.007712797235933138,
      "모이": 0.0076100023789937975,
      "듣": 0.006646687901712053,
      "받": 0.006456481775341808,
      "그러": 0.005095541401273885,
      "찾": 0.004526843818780823,
      "바라": 0.003998616183598801,
      "보": 0.003998616183598801
    }
  }
}