{
  "scope": "sermon",
  "idf_scope": "church",
  "church": "S-Og",
  "sermon": "S-Og-0210",
  "document_unit": "sermon_json",
  "document_count": 220,
  "min_count": 5,
  "freq": {
    "MAG": {
      "자꾸": 8,
      "너무": 8,
      "안": 8,
      "이제": 5
    },
    "NNB": {
      "거": 30,
      "놈": 6,
      "가지": 19,
      "번": 22,
      "수": 11,
      "대": 5,
      "중": 6
    },
    "NNG": {
      "위기": 15,
      "가정": 32,
      "연애": 10,
      "문화": 11,
      "폭력": 6,
      "교회": 28,
      "인성": 5,
      "국민": 13,
      "예술": 5,
      "지수": 5,
      "가치관": 7,
      "사랑": 11,
      "개신교": 6,
      "절제": 6,
      "성질": 5,
      "결혼": 6,
      "포기": 5,
      "세계": 11,
      "행복": 6,
      "정치": 7,
      "교인": 8,
      "나라": 10,
      "발": 5,
      "청년": 6,
      "경제": 5,
      "사람": 9,
      "문제": 5,
      "중요": 6,
      "말": 6,
      "성경": 5,
      "말씀": 5
    },
    "NNP": {
      "한국": 21
    },
    "VA": {
      "좋": 14,
      "그렇": 11,
      "없": 8,
      "같": 5
    },
    "VV": {
      "있": 29,
      "되": 28,
      "망가지": 9,
      "고치": 8,
      "느끼": 6,
      "그러": 12,
      "맞": 7,
      "살": 11,
      "받": 10,
      "내": 6,
      "만들": 5
    }
  },
  "tfidf": {
    "MAG": {
      "자꾸": 0.010047475021566499,
      "너무": 0.0093842040134481,
      "안": 0.006271928819734416,
      "이제": 0.004158589192253218
    },
    "NNB": {
      "거": 0.022376769066857923,
      "놈": 0.019067201588688375,
      "가지": 0.016927712301591583,
      "번": 0.016709423916784275,
      "수": 0.008242030042494648,
      "대": 0.007025483192735883,
      "중": 0.0047468111363326475
    },
    "NNG": {
      "위기": 0.041491229270446954,
      "가정": 0.03497884481605182,
      "연애": 0.03389553518976967,
      "문화": 0.02425799743812478,
      "폭력": 0.022127454041491666,
      "교회": 0.02165529417395729,
      "인성": 0.020989755411912465,
      "국민": 0.018819350062375062,
      "예술": 0.016947767594884835,
      "지수": 0.01545599015519328,
      "가치관": 0.015268012125995767,
      "사랑": 0.01443227669716073,
      "개신교": 0.013536239255375492,
      "절제": 0.013381310691087323,
      "성질": 0.013116075634516323,
      "결혼": 0.012810839470425045,
      "포기": 0.012518139911566454,
      "세계": 0.011017888955221019,
      "행복": 0.010475986802572201,
      "정치": 0.009835676469830237,
      "교인": 0.0093842040134481,
      "나라": 0.009202856693924207,
      "발": 0.009146945165892593,
      "청년": 0.008096311302648639,
      "경제": 0.007282274075500938,
      "사람": 0.006622516556291391,
      "문제": 0.006246071875369156,
      "중요": 0.005420215039645038,
      "말": 0.004415011037527594,
      "성경": 0.003955675946943873,
      "말씀": 0.003679175864606328
    },
    "NNP": {
      "한국": 0.024258151764918683
    },
    "VA": {
      "좋": 0.012022632218752265,
      "그렇": 0.008094186902133923,
      "없": 0.005940197037240631,
      "같": 0.004046524411220442
    },
    "VV": {
      "있": 0.021339220014716703,
      "되": 0.020603384841795438,
      "망가지": 0.01731107991787743,
      "고치": 0.013863790632425033,
      "느끼": 0.01134446492286383,
      "그러": 0.008830022075055188,
      "맞": 0.008211178511767088,
      "살": 0.008167770926205868,
      "받": 0.0074589230222859735,
      "내": 0.007185333673519152,
      "만들": 0.005104957348864964
    }
  }
}