{
  "scope": "sermon",
  "idf_scope": "church",
  "church": "S-Og",
  "sermon": "S-Og-0206",
  "document_unit": "sermon_json",
  "document_count": 220,
  "min_count": 5,
  "freq": {
    "MAG": {
      "스스로": 5,
      "가장": 5,
      "못": 5
    },
    "NNB": {
      "편": 11,
      "시": 8,
      "쪽": 5,
      "거": 8,
      "장": 6
    },
    "NNG": {
      "이름": 59,
      "작곡": 8,
      "앉은뱅이": 8,
      "하나님": 25,
      "백성": 16,
      "인도": 10,
      "시": 11,
      "성가대": 5,
      "역사": 15,
      "은과": 5,
      "절": 18,
      "대통령": 8,
      "모세": 7,
      "기도": 13,
      "신": 7,
      "발": 6,
      "교회": 14,
      "예배": 8,
      "장": 12,
      "찬양": 5,
      "나라": 10,
      "성전": 5,
      "금": 5,
      "새벽": 5,
      "대답": 5,
      "민족": 5,
      "죄": 6,
      "길": 7,
      "축복": 5,
      "앞": 7,
      "자리": 5,
      "날": 6,
      "복음": 5,
      "말씀": 7,
      "오늘": 6
    },
    "NNP": {
      "시편": 10,
      "베드로": 9,
      "나사렛": 6,
      "여호와": 9,
      "여호": 9,
      "사도행전": 6,
      "그리스도": 9,
      "예수": 13,
      "이스라엘": 5
    },
    "VA": {
      "없": 11,
      "많": 5
    },
    "VV": {
      "나우": 5,
      "되": 25,
      "있": 20,
      "걷": 8,
      "쉬": 8,
      "위하": 11,
      "부르": 8,
      "울": 5,
      "믿": 10,
      "묻": 5,
      "보내": 5,
      "가지": 8,
      "잡": 5,
      "주": 5
    }
  },
  "tfidf": {
    "MAG": {
      "스스로": 0.009639778474642794,
      "가장": 0.006600121055359742,
      "못": 0.0048102624027088455
    },
    "NNB": {
      "편": 0.023138932007130127,
      "시": 0.014177342395665551,
      "쪽": 0.00926607174982107,
      "거": 0.006237954699868701,
      "장": 0.004699686221433661
    },
    "NNG": {
      "이름": 0.06675663997328642,
      "작곡": 0.02657674559900257,
      "앉은뱅이": 0.024081575702952322,
      "하나님": 0.019230769230769232,
      "백성": 0.016995481411727117,
      "인도": 0.016758884587243436,
      "시": 0.016349846470380663,
      "성가대": 0.015050984814345202,
      "역사": 0.0147711794896269,
      "은과": 0.014743128246370063,
      "절": 0.013908948302290034,
      "대통령": 0.01378018226558819,
      "모세": 0.01349568986449991,
      "기도": 0.01183226943908767,
      "신": 0.011810992749913466,
      "발": 0.011474490905028957,
      "교회": 0.011319055685541523,
      "예배": 0.011033800095567148,
      "장": 0.00983486684540662,
      "찬양": 0.009639778474642794,
      "나라": 0.009620524805417691,
      "성전": 0.009485911803051644,
      "금": 0.009195498139558778,
      "새벽": 0.008925481760046282,
      "대답": 0.00855298242931583,
      "민족": 0.008436423392795335,
      "죄": 0.008229425467737663,
      "길": 0.007653848241292498,
      "축복": 0.007053132730961219,
      "앞": 0.006031027920008192,
      "자리": 0.005887031734854501,
      "날": 0.005880917178989972,
      "복음": 0.0054936515459298165,
      "말씀": 0.005384615384615384,
      "오늘": 0.005169452502864165
    },
    "NNP": {
      "시편": 0.026172541753567403,
      "베드로": 0.016808336224377444,
      "나사렛": 0.015058469933485863,
      "여호와": 0.01468728403270406,
      "여호": 0.014044948954966599,
      "사도행전": 0.011859329100132269,
      "그리스도": 0.010923792479395726,
      "예수": 0.010510551708002842,
      "이스라엘": 0.006708470582154729
    },
    "VA": {
      "없": 0.008538462068241364,
      "많": 0.004427456266758718
    },
    "VV": {
      "나우": 0.02194236738829926,
      "되": 0.019230769230769232,
      "있": 0.015384615384615385,
      "걷": 0.01438596732905436,
      "쉬": 0.014177342395665551,
      "위하": 0.010832198292393059,
      "부르": 0.009759866745509757,
      "울": 0.008797264759017083,
      "믿": 0.008498906744563542,
      "묻": 0.006896125059729468,
      "보내": 0.0066358994886763336,
      "가지": 0.006468031820309441,
      "잡": 0.006259531065584955,
      "주": 0.004079325468524749
    }
  }
}