{
  "scope": "sermon",
  "idf_scope": "church",
  "church": "S-Og",
  "sermon": "S-Og-0132",
  "document_unit": "sermon_json",
  "document_count": 220,
  "min_count": 5,
  "freq": {
    "MAG": {
      "안": 8,
      "아주": 6
    },
    "NNB": {
      "거": 22,
      "장": 13,
      "절": 9,
      "수": 5
    },
    "NNG": {
      "믿음": 23,
      "하나님": 33,
      "인내": 9,
      "지리": 7,
      "사람": 31,
      "약속": 13,
      "평방": 5,
      "카리스마": 5,
      "가슴": 12,
      "회개": 9,
      "눈": 11,
      "나라": 15,
      "환경": 5,
      "전진": 5,
      "목": 5,
      "능력": 8,
      "기도": 10,
      "목사": 8,
      "결론": 5,
      "뜻": 7,
      "말씀": 11,
      "세계": 8,
      "말": 10,
      "확신": 5,
      "한": 5,
      "절": 8,
      "인생": 5,
      "성경": 7,
      "땅": 6,
      "뒤": 6,
      "전": 5,
      "생각": 5
    },
    "NNP": {
      "이태리": 6,
      "영국": 9,
      "히브리서": 6,
      "한국": 9,
      "이스라엘": 7,
      "예수": 7
    },
    "VA": {
      "없": 8,
      "크": 6,
      "많": 6,
      "같": 6,
      "그렇": 6
    },
    "VV": {
      "있": 24,
      "되": 19,
      "보": 14,
      "꿈꾸": 5,
      "받": 12,
      "바라보": 5,
      "그러": 11,
      "주": 10,
      "위하": 7,
      "살": 8,
      "알": 6,
      "바라": 6,
      "쓰": 5,
      "나오": 5
    }
  },
  "tfidf": {
    "MAG": {
      "안": 0.006506527683984024,
      "아주": 0.0049467604931612355
    },
    "NNB": {
      "거": 0.017023425993916493,
      "장": 0.010104923300538023,
      "절": 0.007286734043013674,
      "수": 0.0038865089617453937
    },
    "NNG": {
      "믿음": 0.026739086794871626,
      "하나님": 0.025190839694656488,
      "인내": 0.024908523521757056,
      "지리": 0.023790662494074105,
      "사람": 0.02366412213740458,
      "약속": 0.020647915758594468,
      "평방": 0.020227291652097874,
      "카리스마": 0.019129268474801002,
      "가슴": 0.016798300855419085,
      "회개": 0.015492558607737388,
      "눈": 0.014726328111557392,
      "나라": 0.014320628527148471,
      "환경": 0.012986375679250999,
      "전진": 0.011313646935238956,
      "목": 0.010340775753449681,
      "능력": 0.010312259543239199,
      "기도": 0.009032266747395167,
      "목사": 0.008982650481591133,
      "결론": 0.008922594240348601,
      "뜻": 0.008834056497772151,
      "말씀": 0.008396946564885497,
      "세계": 0.008312733429643504,
      "말": 0.007633587786259542,
      "확신": 0.007600929214708014,
      "한": 0.006843482883700998,
      "절": 0.006134565833071092,
      "인생": 0.005871566019679696,
      "성경": 0.005745090882943063,
      "땅": 0.0054946519248179875,
      "뒤": 0.005320858345134979,
      "전": 0.004536933391894397,
      "생각": 0.004413800329992787
    },
    "NNP": {
      "이태리": 0.019240937973350535,
      "영국": 0.017360805508006682,
      "히브리서": 0.013881832999379904,
      "한국": 0.01078522189155654,
      "이스라엘": 0.009320165236276035,
      "예수": 0.0056163253401541905
    },
    "VA": {
      "없": 0.006162387613442761,
      "크": 0.005649053714172086,
      "많": 0.005272390668811909,
      "같": 0.0050374595494796165,
      "그렇": 0.004580152671755725
    },
    "VV": {
      "있": 0.0183206106870229,
      "되": 0.01450381679389313,
      "보": 0.011181880879834814,
      "꿈꾸": 0.010536551686226591,
      "받": 0.009285505087590814,
      "바라보": 0.008988974937722147,
      "그러": 0.008396946564885497,
      "주": 0.008096371158904082,
      "위하": 0.006840597117333576,
      "살": 0.006162387613442761,
      "알": 0.005106682318075256,
      "바라": 0.0047922346627863495,
      "쓰": 0.004600022330639475,
      "나오": 0.003993528885655291
    }
  }
}