{
  "scope": "sermon",
  "idf_scope": "church",
  "church": "S-Og",
  "sermon": "S-Og-0174",
  "document_unit": "sermon_json",
  "document_count": 220,
  "min_count": 5,
  "freq": {
    "MAG": {
      "다시": 11,
      "아주": 7,
      "안": 5,
      "다": 5
    },
    "NNB": {
      "살": 8,
      "번": 15,
      "수": 15,
      "편": 5,
      "장": 12,
      "거": 12,
      "때문": 6,
      "절": 7
    },
    "NNG": {
      "실패": 21,
      "징계": 9,
      "하나님": 39,
      "말씀": 32,
      "낙선": 6,
      "모세": 10,
      "사람": 25,
      "문제": 14,
      "당선": 5,
      "훈련": 8,
      "출마": 5,
      "넝마주이": 5,
      "절": 20,
      "인생": 10,
      "위로": 5,
      "대통령": 6,
      "용기": 5,
      "오늘": 11,
      "고백": 5,
      "길": 8,
      "성경": 10,
      "아버지": 6,
      "손": 6,
      "자리": 6,
      "장": 8,
      "교회": 8,
      "가정": 5,
      "세상": 6,
      "뒤": 6,
      "말": 5
    },
    "NNP": {
      "여호수": 9,
      "히브리서": 8
    },
    "VA": {
      "없": 21,
      "그렇": 12,
      "힘들": 5,
      "같": 5
    },
    "VV": {
      "넘어지": 17,
      "되": 37,
      "일어서": 12,
      "있": 31,
      "걸어오": 6,
      "넘어": 5,
      "받": 19,
      "배우": 8,
      "주": 12,
      "붙들": 5,
      "바라": 11,
      "정하": 5,
      "기뻐하": 5,
      "보이": 5,
      "일어나": 6,
      "그러": 8,
      "다니": 5,
      "가지": 7,
      "살": 6,
      "들어가": 5,
      "믿": 5,
      "나오": 5
    }
  },
  "tfidf": {
    "MAG": {
      "다시": 0.010229054874199285,
      "아주": 0.005339194176352228,
      "안": 0.0037621606929815815,
      "다": 0.0035955697315582387
    },
    "NNB": {
      "살": 0.011907928024685658,
      "번": 0.010934181001015904,
      "수": 0.010786709194674716,
      "편": 0.009656077172980601,
      "장": 0.008629367355739773,
      "거": 0.008590403718039524,
      "때문": 0.005795443983581853,
      "절": 0.005243200814064297
    },
    "NNG": {
      "실패": 0.042590286521845634,
      "징계": 0.03043681010010796,
      "하나님": 0.02754237288135593,
      "말씀": 0.022598870056497175,
      "낙선": 0.022455722088345946,
      "모세": 0.017700158216152024,
      "사람": 0.01765536723163842,
      "문제": 0.01678499484474203,
      "당선": 0.016265548136616164,
      "훈련": 0.016224871055941194,
      "출마": 0.015721230764344774,
      "넝마주이": 0.014833821059963042,
      "절": 0.014188349649228691,
      "인생": 0.010864055770876275,
      "위로": 0.010245957415435285,
      "대통령": 0.009488472958296953,
      "용기": 0.008922887325599795,
      "오늘": 0.008700938181609882,
      "고백": 0.008254659925746234,
      "길": 0.008030672085294793,
      "성경": 0.007592886457481247,
      "아버지": 0.007193569219175156,
      "손": 0.00686033562883993,
      "자리": 0.006485712928229535,
      "장": 0.0060194571087705305,
      "교회": 0.005938164806781267,
      "가정": 0.005245437202619,
      "세상": 0.00508332911123698,
      "뒤": 0.004922545502914422,
      "말": 0.0035310734463276836
    },
    "NNP": {
      "여호수": 0.020466793672689453,
      "히브리서": 0.017123541647069373
    },
    "VA": {
      "없": 0.014965332207433825,
      "그렇": 0.00847457627118644,
      "힘들": 0.0077453039623121,
      "같": 0.003883634657378941
    },
    "VV": {
      "넘어지": 0.04698118141200974,
      "되": 0.026129943502824857,
      "일어서": 0.024851074565407003,
      "있": 0.021892655367231638,
      "걸어오": 0.020291206733405304,
      "넘어": 0.016265548136616164,
      "받": 0.01360147255356258,
      "배우": 0.013015921690935886,
      "주": 0.00898834425268165,
      "붙들": 0.008506986775965673,
      "바라": 0.008128072209363383,
      "정하": 0.008076584877628678,
      "기뻐하": 0.007590633684563538,
      "보이": 0.006549674856100808,
      "일어나": 0.006357300430367972,
      "그러": 0.005649717514124294,
      "다니": 0.005404760773524612,
      "가지": 0.005195894205933609,
      "살": 0.00427580920212395,
      "들어가": 0.0042753421457521115,
      "믿": 0.0039013343107106653,
      "나오": 0.0036945782769833555
    }
  }
}