{
  "scope": "sermon",
  "idf_scope": "church",
  "church": "S-Og",
  "sermon": "S-Og-0145",
  "document_unit": "sermon_json",
  "document_count": 220,
  "min_count": 5,
  "freq": {
    "MAG": {
      "다": 22,
      "다시": 10,
      "안": 7
    },
    "NNB": {
      "거": 21,
      "번": 11,
      "장": 11,
      "절": 9,
      "가지": 6,
      "수": 6
    },
    "NNG": {
      "개혁": 12,
      "기도": 24,
      "말씀": 28,
      "절": 23,
      "교회": 21,
      "사람": 22,
      "지도자": 10,
      "하나님": 18,
      "장": 16,
      "힘": 11,
      "백성": 12,
      "비결": 5,
      "사용": 5,
      "성공": 7,
      "시작": 11,
      "성": 7,
      "준비": 6,
      "중심": 7,
      "헌신": 5,
      "제사장": 5,
      "역사": 9,
      "삶": 7,
      "능력": 6,
      "성경": 7
    },
    "NNP": {
      "느헤미야": 31
    },
    "VA": {
      "그렇": 9,
      "없": 6
    },
    "VV": {
      "되": 27,
      "허물어": 5,
      "지치": 6,
      "쌓": 7,
      "울": 8,
      "맡": 6,
      "있": 17,
      "읽": 14,
      "챙기": 5,
      "깨닫": 6,
      "그러": 11,
      "일으키": 5,
      "얻": 5,
      "나오": 8,
      "받": 8,
      "먹": 6,
      "믿": 5
    }
  },
  "tfidf": {
    "MAG": {
      "다": 0.01707457138376559,
      "다시": 0.010036267808942758,
      "안": 0.005684533047078268
    },
    "NNB": {
      "거": 0.016224863119894774,
      "번": 0.008654004231291855,
      "장": 0.008537285691882794,
      "절": 0.007275626216728592,
      "가지": 0.00553708946193749,
      "수": 0.0046567012864815235
    },
    "NNG": {
      "개혁": 0.02549309258116032,
      "기도": 0.021644395315404272,
      "말씀": 0.021341463414634148,
      "절": 0.017609991287198173,
      "교회": 0.016823291605797232,
      "사람": 0.01676829268292683,
      "지도자": 0.015462765617764718,
      "하나님": 0.013719512195121951,
      "장": 0.012993218393321754,
      "힘": 0.01283301125128344,
      "백성": 0.012630026201550258,
      "비결": 0.012603354604266146,
      "사용": 0.012271756368787374,
      "성공": 0.011702965377200844,
      "시작": 0.011092132430734135,
      "성": 0.01089190329557708,
      "준비": 0.010535753685803286,
      "중심": 0.010433368990237847,
      "헌신": 0.009551609769082037,
      "제사장": 0.009181321093572708,
      "역사": 0.00878164634291843,
      "삶": 0.0077710685612493455,
      "능력": 0.007722404726549171,
      "성경": 0.005736333122450772
    },
    "NNP": {
      "느헤미야": 0.11842066962830315
    },
    "VA": {
      "그렇": 0.006859756097560976,
      "없": 0.0046147452974142624
    },
    "VV": {
      "되": 0.020579268292682928,
      "허물어": 0.016458541005479867,
      "지치": 0.01604172687631824,
      "쌓": 0.015167456158687788,
      "울": 0.013946883154539277,
      "맡": 0.013000676707446673,
      "있": 0.012957317073170731,
      "읽": 0.011577282099591094,
      "챙기": 0.011421361737254563,
      "깨닫": 0.009765927550959317,
      "그러": 0.008384146341463415,
      "일으키": 0.007320220606095832,
      "얻": 0.006469825974563021,
      "나오": 0.006379905902693209,
      "받": 0.00618090023615039,
      "먹": 0.005881897468725043,
      "믿": 0.004210586420706023
    }
  }
}