{
  "scope": "sermon",
  "idf_scope": "church",
  "church": "S-Og",
  "sermon": "S-Og-0099",
  "document_unit": "sermon_json",
  "document_count": 220,
  "min_count": 5,
  "freq": {
    "MAG": {
      "이제": 5,
      "잘": 5
    },
    "NNB": {
      "수": 11,
      "중": 10,
      "명": 8,
      "장": 10
    },
    "NNG": {
      "전략": 17,
      "선거": 12,
      "교회": 42,
      "지략": 7,
      "수상": 9,
      "지도자": 16,
      "딸": 11,
      "사상": 10,
      "모세": 11,
      "주권": 5,
      "목사": 17,
      "논설": 5,
      "부족": 8,
      "싸움": 6,
      "사람": 20,
      "교육": 7,
      "국민": 8,
      "복음": 11,
      "여자": 6,
      "운동": 7,
      "사회": 8,
      "가치관": 5,
      "훈련": 5,
      "옷": 5,
      "나라": 11,
      "대통령": 6,
      "절": 12,
      "학교": 5,
      "말씀": 11,
      "하나님": 11,
      "성경": 9,
      "기도": 8,
      "백성": 6,
      "신앙": 7
    },
    "NNP": {
      "메르켈": 11,
      "동독": 8,
      "서독": 6,
      "독일": 11,
      "한국": 12,
      "여호수": 5,
      "영국": 5,
      "대한민국": 5
    },
    "VA": {
      "좋": 14,
      "바르": 6,
      "같": 12,
      "없": 7,
      "그렇": 6
    },
    "VV": {
      "있": 46,
      "되": 44,
      "이끌": 8,
      "기르": 6,
      "뽑": 5,
      "세우": 7,
      "모이": 5,
      "대하": 6,
      "가지": 6,
      "받": 6
    }
  },
  "tfidf": {
    "MAG": {
      "이제": 0.003905682593138994,
      "잘": 0.003905682593138994
    },
    "NNB": {
      "수": 0.007740787026779699,
      "중": 0.007430219228606391,
      "명": 0.00738392629435127,
      "장": 0.007037079115254272
    },
    "NNG": {
      "전략": 0.04935449074712237,
      "선거": 0.03483846405679226,
      "교회": 0.030507475586462985,
      "지략": 0.027598554697100663,
      "수상": 0.022550218253974946,
      "지도자": 0.022432230535460743,
      "딸": 0.021396739041933704,
      "사상": 0.020052903524887856,
      "모세": 0.019053052133710013,
      "주권": 0.018312199076881974,
      "목사": 0.01728089376512047,
      "논설": 0.016547079437054777,
      "부족": 0.016042322819910283,
      "싸움": 0.014108211864397079,
      "사람": 0.013821700069108501,
      "교육": 0.01098631528355814,
      "국민": 0.010876825999582248,
      "복음": 0.010858219365141171,
      "여자": 0.010745681596741255,
      "운동": 0.010683867115714785,
      "사회": 0.010619631718255957,
      "가치관": 0.010242486168046325,
      "훈련": 0.009923297086736668,
      "옷": 0.00982313282663559,
      "나라": 0.009507498598304973,
      "대통령": 0.009285195375914641,
      "절": 0.008330630174142845,
      "학교": 0.007737662813262202,
      "말씀": 0.007601935038009675,
      "하나님": 0.007601935038009675,
      "성경": 0.006687197305745751,
      "기도": 0.006541683172957937,
      "백성": 0.005725844635948148,
      "신앙": 0.00567167394238553
    },
    "NNP": {
      "메르켈": 0.04336915738115818,
      "동독": 0.027709016394735934,
      "서독": 0.020781762296051953,
      "독일": 0.01845651601079609,
      "한국": 0.013018788922311971,
      "여호수": 0.011126844751796155,
      "영국": 0.008731726643434216,
      "대한민국": 0.007903555070298694
    },
    "VA": {
      "좋": 0.01129147006584957,
      "바르": 0.010478071972121058,
      "같": 0.009121039405415752,
      "없": 0.004881573463654987,
      "그렇": 0.00414651002073255
    },
    "VV": {
      "있": 0.03178991015894955,
      "되": 0.0304077401520387,
      "이끌": 0.011806401241058397,
      "기르": 0.009157600384898386,
      "뽑": 0.007903555070298694,
      "세우": 0.006810028198461034,
      "모이": 0.005897770626429195,
      "대하": 0.005185908326348168,
      "가지": 0.0043582107980661405,
      "받": 0.004203183021680707
    }
  }
}