{
  "scope": "sermon",
  "idf_scope": "church",
  "church": "S-hw",
  "sermon": "S-hw-0556",
  "document_unit": "sermon_json",
  "document_count": 564,
  "min_count": 5,
  "freq": {
    "MAG": {
      "이제": 9,
      "지금": 8,
      "다시": 6,
      "더": 5
    },
    "NNB": {
      "수": 45
    },
    "NNG": {
      "표적": 19,
      "말씀": 74,
      "빛": 31,
      "칭송": 13,
      "하나님": 36,
      "눈": 22,
      "복": 17,
      "등불": 7,
      "모습": 24,
      "몸": 12,
      "삶": 18,
      "오늘": 17,
      "속": 14,
      "기적": 6,
      "어머니": 6,
      "가운데": 14,
      "안": 12,
      "역할": 6,
      "여인": 5,
      "일상": 6,
      "자녀": 7,
      "소망": 7,
      "계속": 6,
      "기도": 9,
      "이야기": 7,
      "사람": 7,
      "중요": 5,
      "성도": 5,
      "이름": 5,
      "주": 5,
      "생각": 5,
      "말": 5
    },
    "NNP": {
      "요나": 10,
      "예수": 37,
      "그리스": 6
    },
    "VA": {
      "참되": 15,
      "놀랍": 7,
      "어떻": 6,
      "없": 6,
      "크": 5,
      "그렇": 5
    },
    "VV": {
      "있": 64,
      "되": 38,
      "비추": 9,
      "나타내": 7,
      "통하": 13,
      "채우": 6,
      "지키": 9,
      "보": 13,
      "구하": 7,
      "듣": 11,
      "살아가": 8,
      "나누": 7,
      "보이": 8,
      "나오": 8,
      "바라보": 5,
      "읽": 5,
      "받": 5,
      "알": 5
    }
  },
  "tfidf": {
    "MAG": {
      "이제": 0.007787941401260049,
      "지금": 0.007381411573858858,
      "다시": 0.005266313720197784,
      "더": 0.004131673902430328
    },
    "NNB": {
      "수": 0.035828025477707005
    },
    "NNG": {
      "표적": 0.06644534099332802,
      "말씀": 0.0589171974522293,
      "빛": 0.05859348258557527,
      "칭송": 0.05441560068715435,
      "하나님": 0.028662420382165606,
      "눈": 0.025854195198226633,
      "복": 0.025236812083657984,
      "등불": 0.025099750564993292,
      "모습": 0.023245763927302366,
      "몸": 0.01696952961908516,
      "삶": 0.015329023317588704,
      "오늘": 0.01355900888059116,
      "속": 0.013151157991920698,
      "기적": 0.013049309929100396,
      "어머니": 0.013049309929100396,
      "가운데": 0.012419978091601124,
      "안": 0.011394650608478933,
      "역할": 0.011208884447616422,
      "여인": 0.009954394204597782,
      "일상": 0.009573759257393654,
      "자녀": 0.009446202724090996,
      "소망": 0.008069772619183853,
      "계속": 0.00740411632060382,
      "기도": 0.0073453967340300465,
      "이야기": 0.006412674960765629,
      "사람": 0.00564272880681203,
      "중요": 0.004895711956226858,
      "성도": 0.004878019075014978,
      "이름": 0.004808023571201815,
      "주": 0.004273198521316947,
      "생각": 0.004168432166550333,
      "말": 0.004037661191159065
    },
    "NNP": {
      "요나": 0.03633946663142245,
      "예수": 0.032417895871720746,
      "그리스": 0.007785264966867348
    },
    "VA": {
      "참되": 0.031927388181143,
      "놀랍": 0.00872427727397689,
      "어떻": 0.004958008682916393,
      "없": 0.004794010046210591,
      "크": 0.004435706461286116,
      "그렇": 0.004066352426847556
    },
    "VV": {
      "있": 0.050955414012738856,
      "되": 0.030254777070063694,
      "비추": 0.02024975797903369,
      "나타내": 0.013510506304038791,
      "통하": 0.010723343291625446,
      "채우": 0.010570995629346411,
      "지키": 0.010415230958537785,
      "보": 0.010350318471337579,
      "구하": 0.009647424883720624,
      "듣": 0.009484845633185229,
      "살아가": 0.0076928377139229035,
      "나누": 0.007387667115601874,
      "보이": 0.006922614578897822,
      "나오": 0.006705041847615535,
      "바라보": 0.006145748896346725,
      "읽": 0.004153688106289647,
      "받": 0.004095251949191522,
      "알": 0.004088007376273585
    }
  }
}