{
  "scope": "sermon",
  "idf_scope": "church",
  "church": "S-hw",
  "sermon": "S-hw-0162",
  "document_unit": "sermon_json",
  "document_count": 564,
  "min_count": 5,
  "freq": {
    "MAG": {
      "더": 6
    },
    "NNB": {
      "거": 32,
      "수": 25,
      "번": 13,
      "장": 12,
      "절": 10,
      "때문": 9,
      "가지": 6
    },
    "NNG": {
      "나병": 33,
      "환자": 32,
      "병": 20,
      "하나님": 56,
      "죄성": 12,
      "중풍병자": 9,
      "소문": 11,
      "제사장": 15,
      "죄": 25,
      "말": 34,
      "치유": 9,
      "사람": 28,
      "기도": 26,
      "이야기": 21,
      "선언": 9,
      "주": 20,
      "회복": 11,
      "얘기": 12,
      "진리": 9,
      "전도": 6,
      "행위": 7,
      "인간": 10,
      "속": 13,
      "아버지": 12,
      "십자가": 9,
      "역사": 10,
      "말씀": 14,
      "인도": 8,
      "문제": 9,
      "사건": 7,
      "부활": 5,
      "죄인": 5,
      "이유": 9,
      "의지": 7,
      "나라": 8,
      "몸": 6,
      "해결": 5,
      "상태": 5,
      "길": 7,
      "앞": 9,
      "감사": 6,
      "도": 5,
      "중요": 6,
      "장": 6,
      "안": 6,
      "고백": 5,
      "마음": 6,
      "사실": 5,
      "오늘": 6,
      "은혜": 5,
      "가운데": 5,
      "삶": 5,
      "시작": 5
    },
    "NNP": {
      "예수": 89,
      "누가복음": 8,
      "베드로": 5,
      "그리스도": 10
    },
    "VA": {
      "이렇": 19,
      "아프": 5,
      "없": 11,
      "어떻": 6,
      "그렇": 5
    },
    "VV": {
      "있": 45,
      "되": 30,
      "퍼지": 7,
      "상하": 6,
      "받": 17,
      "고치": 5,
      "죽": 11,
      "원하": 11,
      "보이": 13,
      "믿": 12,
      "살": 12,
      "만나": 9,
      "알": 12,
      "보": 12,
      "나오": 11,
      "일어나": 9,
      "걸어가": 5,
      "대하": 10,
      "들어오": 5,
      "그러": 7,
      "위하": 7,
      "보내": 5,
      "듣": 5,
      "통하": 5
    }
  },
  "tfidf": {
    "MAG": {
      "더": 0.003312371758373931
    },
    "NNB": {
      "거": 0.018999754230582158,
      "수": 0.013297872340425532,
      "번": 0.007126146688606133,
      "장": 0.00680321680396686,
      "절": 0.0055010997627741275,
      "때문": 0.004933486169035015,
      "가지": 0.00361362117631197
    },
    "NNG": {
      "나병": 0.0801169262201701,
      "환자": 0.07389095246965872,
      "병": 0.030063470474782878,
      "하나님": 0.029787234042553193,
      "죄성": 0.029545375723686578,
      "중풍병자": 0.02516832856659545,
      "소문": 0.020786700568888285,
      "제사장": 0.020680002149865883,
      "죄": 0.01936559500991676,
      "말": 0.018343008883750712,
      "치유": 0.01649204728580975,
      "사람": 0.015079292300757257,
      "기도": 0.014176789346718982,
      "이야기": 0.01285263790008771,
      "선언": 0.01240800128991953,
      "주": 0.01141944115483848,
      "회복": 0.010645266585903758,
      "얘기": 0.010318174177908698,
      "진리": 0.009880018911300132,
      "전도": 0.009126028457451812,
      "행위": 0.008865420592987375,
      "인간": 0.008721980024686365,
      "속": 0.008158514729942294,
      "아버지": 0.00796455865340167,
      "십자가": 0.007817760270432,
      "역사": 0.007701849855391276,
      "말씀": 0.007446808510638298,
      "인도": 0.0073504422806871545,
      "문제": 0.0069449443070566845,
      "사건": 0.006819393280052419,
      "부활": 0.006447262886729758,
      "죄인": 0.006332443280705267,
      "이유": 0.006299053955410761,
      "의지": 0.006297687146022565,
      "나라": 0.005789254561057476,
      "몸": 0.005668545000417808,
      "해결": 0.005557983135600944,
      "상태": 0.0054752954040317115,
      "길": 0.005103591991574064,
      "앞": 0.005012761405392018,
      "감사": 0.004254059566084792,
      "도": 0.004163256936213896,
      "중요": 0.00392490269171549,
      "장": 0.0038131542305077162,
      "안": 0.003806298181981261,
      "고백": 0.0037355865523894414,
      "마음": 0.0034441217338206454,
      "사실": 0.0033427992980075818,
      "오늘": 0.0031971430201544106,
      "은혜": 0.0030987370578072484,
      "가운데": 0.0029634294230720007,
      "삶": 0.002844747826077336,
      "시작": 0.0028196336218212674
    },
    "NNP": {
      "예수": 0.05209606199143806,
      "누가복음": 0.011581724316192263,
      "베드로": 0.007760598732313412,
      "그리스도": 0.006506082719756435
    },
    "VA": {
      "이렇": 0.010178187067474014,
      "아프": 0.006240407298850278,
      "없": 0.005871812304826731,
      "어떻": 0.003312371758373931,
      "그렇": 0.0027166694936811334
    },
    "VV": {
      "있": 0.023936170212765957,
      "되": 0.015957446808510637,
      "퍼지": 0.013490838112284539,
      "상하": 0.009811103789697209,
      "받": 0.009302321236078442,
      "고치": 0.007925842831002259,
      "죽": 0.00784261173819235,
      "원하": 0.007656393255358068,
      "보이": 0.007515455508260879,
      "믿": 0.007344364514335833,
      "살": 0.007036691524008954,
      "만나": 0.0069449443070566845,
      "알": 0.006554728422893135,
      "보": 0.006382978723404255,
      "나오": 0.006159365569591504,
      "일어나": 0.006038998564106283,
      "걸어가": 0.005949359849261283,
      "대하": 0.00567941195446904,
      "들어오": 0.005156018695820978,
      "그러": 0.004497036514681527,
      "위하": 0.003912656093863316,
      "보내": 0.0037497332584468883,
      "듣": 0.0028803109563057656,
      "통하": 0.002755425362987226
    }
  }
}