{
  "scope": "sermon",
  "idf_scope": "church",
  "church": "S-hw",
  "sermon": "S-hw-0200",
  "document_unit": "sermon_json",
  "document_count": 564,
  "min_count": 5,
  "freq": {
    "MAG": {
      "막": 9,
      "간절히": 6,
      "다": 10,
      "다시": 5,
      "잘": 5
    },
    "NNB": {
      "수": 22,
      "거": 11,
      "번": 8,
      "장": 5,
      "절": 5
    },
    "NNG": {
      "하나님": 84,
      "성전": 20,
      "보좌": 12,
      "하늘": 20,
      "설거지": 7,
      "동산": 8,
      "음": 11,
      "할머니": 7,
      "말씀": 27,
      "땅": 23,
      "회막": 5,
      "인간": 15,
      "인도": 13,
      "교회": 16,
      "나라": 15,
      "회복": 11,
      "절": 19,
      "가운데": 17,
      "꽃": 5,
      "피": 7,
      "주": 15,
      "모습": 12,
      "안": 12,
      "천국": 5,
      "사람": 14,
      "곳": 10,
      "세계": 6,
      "양": 5,
      "공동체": 7,
      "아버지": 10,
      "감사": 9,
      "장": 10,
      "죄악": 5,
      "기도": 11,
      "선교": 6,
      "기쁨": 5,
      "은혜": 8,
      "찬양": 6,
      "말": 9,
      "영광": 5,
      "십자가": 5,
      "준비": 5,
      "이야기": 7,
      "생명": 5,
      "도": 5,
      "소망": 5,
      "세상": 6,
      "시작": 6,
      "오늘": 5
    },
    "NNP": {
      "예수": 54,
      "예수여": 7,
      "그리스도": 11,
      "그리스": 5,
      "이스라엘": 5
    },
    "VA": {
      "이렇": 17,
      "어리": 6,
      "귀하": 7,
      "없": 12,
      "좋": 8,
      "어떻": 6,
      "같": 5
    },
    "VV": {
      "되": 56,
      "있": 49,
      "찾아오": 24,
      "보": 22,
      "말미암": 11,
      "적": 5,
      "그러": 11,
      "위하": 11,
      "드리": 9,
      "만나": 7,
      "주": 9,
      "읽": 9,
      "믿": 8,
      "살": 8,
      "짓": 6,
      "바라보": 5,
      "받": 7,
      "죽": 5,
      "살아가": 5
    }
  },
  "tfidf": {
    "MAG": {
      "막": 0.008735637237359,
      "간절히": 0.0061679273088501565,
      "다": 0.005706456702593335,
      "다시": 0.003025288159791629,
      "잘": 0.002972000328131087
    },
    "NNB": {
      "수": 0.012074643249176729,
      "거": 0.0067390730908417785,
      "번": 0.004524919623264218,
      "장": 0.0029249102614932534,
      "절": 0.0028381085494004832
    },
    "NNG": {
      "하나님": 0.04610318331503842,
      "성전": 0.02613609959983733,
      "보좌": 0.02157881045400673,
      "하늘": 0.020794819106746954,
      "설거지": 0.01934120991606299,
      "동산": 0.017429329972162313,
      "음": 0.01655256020369394,
      "할머니": 0.015120416271344675,
      "말씀": 0.014818880351262349,
      "땅": 0.014813804239062235,
      "회막": 0.013553596208419514,
      "인간": 0.013499442189690201,
      "인도": 0.012324698774697726,
      "교회": 0.01168362302124881,
      "나라": 0.011200396447709992,
      "회복": 0.01098413895801266,
      "절": 0.010595549561482606,
      "가운데": 0.010396400039668621,
      "꽃": 0.010377271321781087,
      "피": 0.009546415077161231,
      "주": 0.008837218456817923,
      "모습": 0.008012261112154712,
      "안": 0.007854929288830702,
      "천국": 0.007847115578123585,
      "사람": 0.0077796568401272345,
      "곳": 0.007694465068753312,
      "세계": 0.007660341724643858,
      "양": 0.007018941377702832,
      "공동체": 0.006974508064209309,
      "아버지": 0.0068484130389659436,
      "감사": 0.006584219525992928,
      "장": 0.006557564904275986,
      "죄악": 0.006420454054287393,
      "기도": 0.006188803590520741,
      "선교": 0.006085251388550234,
      "기쁨": 0.005246640268016022,
      "은혜": 0.005115807392911199,
      "찬양": 0.0050143639933744495,
      "말": 0.005010068288129755,
      "영광": 0.004770592129934321,
      "십자가": 0.0044814578937712405,
      "준비": 0.004472325648730969,
      "이야기": 0.004420592618398261,
      "생명": 0.0043215541941994074,
      "도": 0.004295786520352429,
      "소망": 0.003973512000037212,
      "세상": 0.003920405510902998,
      "시작": 0.0034912697315196374,
      "오늘": 0.0027490984622623002
    },
    "NNP": {
      "예수": 0.03261505576888462,
      "예수여": 0.020198512253713632,
      "그리스도": 0.007384511012325086,
      "그리스": 0.004472325648730969,
      "이스라엘": 0.0039508009426720645
    },
    "VA": {
      "이렇": 0.009396697055764904,
      "어리": 0.007248168915794224,
      "귀하": 0.007212229154234892,
      "없": 0.006609524278858949,
      "좋": 0.004909881938330239,
      "어떻": 0.0034178149866866026,
      "같": 0.002808116588554736
    },
    "VV": {
      "되": 0.030735455543358946,
      "있": 0.02689352360043908,
      "찾아오": 0.02354884276071861,
      "보": 0.012074643249176729,
      "말미암": 0.011516070869435787,
      "적": 0.00981236447709352,
      "그러": 0.0072917292711003594,
      "위하": 0.006344184414387123,
      "드리": 0.006130082611650903,
      "만나": 0.005573574038350163,
      "주": 0.005172333393049942,
      "읽": 0.005154038458122741,
      "믿": 0.005052105849598012,
      "살": 0.004840461055666606,
      "짓": 0.004786509361113596,
      "바라보": 0.004236586505933856,
      "받": 0.0039523002346094245,
      "죽": 0.003678303080481394,
      "살아가": 0.0033144223959547087
    }
  }
}