{
  "scope": "sermon",
  "idf_scope": "church",
  "church": "S-hw",
  "sermon": "S-hw-0123",
  "document_unit": "sermon_json",
  "document_count": 564,
  "min_count": 5,
  "freq": {
    "MAG": {
      "굉장히": 13,
      "사실": 13,
      "잘": 12,
      "더": 12,
      "다시": 11,
      "지금": 10,
      "늘": 6,
      "너무": 5,
      "가장": 5,
      "이제": 5
    },
    "NNB": {
      "거": 30,
      "수": 23,
      "번": 20,
      "분": 14,
      "가지": 9,
      "절": 5
    },
    "NNG": {
      "교회": 58,
      "이야기": 67,
      "촛대": 9,
      "사명": 19,
      "사랑": 39,
      "발람": 7,
      "여신": 7,
      "시록": 8,
      "하나님": 34,
      "복음": 17,
      "숭배": 9,
      "책": 12,
      "사람": 22,
      "사이": 11,
      "미혹": 5,
      "지역": 10,
      "선교": 11,
      "이단": 5,
      "칭찬": 6,
      "황제": 5,
      "종말": 5,
      "거짓": 6,
      "처음": 10,
      "의식": 5,
      "증언": 5,
      "사도": 6,
      "의미": 12,
      "한": 9,
      "성경": 12,
      "절": 13,
      "말씀": 12,
      "우상": 5,
      "끝": 8,
      "문제": 8,
      "선지자": 5,
      "나라": 8,
      "마음": 10,
      "성도": 8,
      "구원": 7,
      "곳": 6,
      "생각": 8,
      "시대": 5,
      "부분": 5,
      "능력": 5,
      "삶": 7,
      "시작": 7,
      "말": 7,
      "땅": 6,
      "기억": 6,
      "앞": 6,
      "안": 5
    },
    "NNP": {
      "에베소": 22,
      "예수": 56,
      "니골라당": 7,
      "소아시아": 6,
      "바울": 6
    },
    "VA": {
      "많": 16,
      "그렇": 17,
      "같": 15,
      "어렵": 10,
      "어떻": 12,
      "좋": 11,
      "이렇": 9,
      "쉽": 5,
      "없": 7
    },
    "VV": {
      "있": 45,
      "요": 8,
      "옮기": 8,
      "전하": 13,
      "되": 21,
      "견디": 7,
      "읽": 19,
      "위하": 14,
      "잃어버리": 6,
      "살아가": 12,
      "쉬": 5,
      "보": 13,
      "쓰이": 6,
      "알": 12,
      "계시": 8,
      "통하": 10,
      "향하": 7,
      "주": 8,
      "대하": 7,
      "믿": 6,
      "그러": 5,
      "살": 5,
      "나오": 5,
      "받": 5
    }
  },
  "tfidf": {
    "MAG": {
      "굉장히": 0.009535262507689626,
      "사실": 0.008936066384741924,
      "잘": 0.006408265796277917,
      "더": 0.006141280972133126,
      "다시": 0.005979568569876116,
      "지금": 0.005714406395936098,
      "늘": 0.004851278830298925,
      "너무": 0.0033542278645180153,
      "가장": 0.003059667575725385,
      "이제": 0.0026796116589915134
    },
    "NNB": {
      "거": 0.01651236037051334,
      "수": 0.011341222879684419,
      "번": 0.01016321937079315,
      "분": 0.008174212283132502,
      "가지": 0.005024857848717828,
      "절": 0.0025498194166704534
    },
    "NNG": {
      "교회": 0.038050990704927554,
      "이야기": 0.03801348431236611,
      "촛대": 0.026407683594792383,
      "사명": 0.020844142462035527,
      "사랑": 0.020424302113548117,
      "발람": 0.019769090104036678,
      "여신": 0.018607696782365825,
      "시록": 0.018259469546525565,
      "하나님": 0.016765285996055226,
      "복음": 0.013306881986710645,
      "숭배": 0.012740758635318893,
      "책": 0.012459864581608606,
      "사람": 0.01098336731402015,
      "사이": 0.010923063743633315,
      "미혹": 0.010582601808242154,
      "지역": 0.0105440271197269,
      "선교": 0.010023061171048965,
      "이단": 0.009323169796984781,
      "칭찬": 0.009311156772544424,
      "황제": 0.009186163260607044,
      "종말": 0.008815645008513014,
      "거짓": 0.008023233484799318,
      "처음": 0.007597475248427362,
      "의식": 0.007544772219256374,
      "증언": 0.007544772219256374,
      "사도": 0.007305595505002539,
      "의미": 0.006993891343964634,
      "한": 0.006744295434245134,
      "성경": 0.006581463324680953,
      "절": 0.006513188698050374,
      "말씀": 0.005917159763313609,
      "우상": 0.005870312311501924,
      "끝": 0.005856501977798685,
      "문제": 0.005722768046139193,
      "선지자": 0.005607077658085489,
      "나라": 0.005366764583228825,
      "마음": 0.005321292619643995,
      "성도": 0.004833760913782101,
      "구원": 0.004704690747011961,
      "곳": 0.00414772643646998,
      "생각": 0.004130612071942579,
      "시대": 0.004109824477726631,
      "부분": 0.004018036159757311,
      "능력": 0.003732198805876287,
      "삶": 0.0036920001371970163,
      "시작": 0.003659406160075728,
      "말": 0.0035008991314270706,
      "땅": 0.0034719258198573954,
      "기억": 0.0034409456427352196,
      "앞": 0.003097959053956934,
      "안": 0.0029404341642524532
    },
    "NNP": {
      "에베소": 0.043061961452425676,
      "예수": 0.030387349059562748,
      "니골라당": 0.022931829316620054,
      "소아시아": 0.015949454384884994,
      "바울": 0.006460160167599592
    },
    "VA": {
      "많": 0.008590002813712125,
      "그렇": 0.008562599311444676,
      "같": 0.007568621929506994,
      "어렵": 0.007391988579785507,
      "어떻": 0.006141280972133126,
      "좋": 0.006065326294872697,
      "이렇": 0.004469400113714842,
      "쉽": 0.003985488053597212,
      "없": 0.003463916529116003
    },
    "VV": {
      "있": 0.022189349112426034,
      "요": 0.013280212298202441,
      "옮기": 0.010659158749178721,
      "전하": 0.010511104132314337,
      "되": 0.010355029585798817,
      "견디": 0.010071940761069478,
      "읽": 0.009775504237524274,
      "위하": 0.007254234177971433,
      "잃어버리": 0.0071721030929301445,
      "살아가": 0.007146600716484591,
      "쉬": 0.006411802965364757,
      "보": 0.00641025641025641,
      "쓰이": 0.006342807338036185,
      "알": 0.0060763754610646415,
      "계시": 0.005879238485557068,
      "통하": 0.005108678187786967,
      "향하": 0.004362163895129316,
      "주": 0.004130612071942579,
      "대하": 0.003685456672623894,
      "믿": 0.0034041926249880096,
      "그러": 0.002977750298535246,
      "살": 0.002717985713580053,
      "나오": 0.00259539341734625,
      "받": 0.0025363098856925792
    }
  }
}