{
  "scope": "sermon",
  "idf_scope": "church",
  "church": "S-hw",
  "sermon": "S-hw-0061",
  "document_unit": "sermon_json",
  "document_count": 564,
  "min_count": 5,
  "freq": {
    "MAG": {
      "이제": 29,
      "우연히": 5,
      "스스로": 8,
      "매일": 5,
      "다": 10,
      "잘": 8,
      "사실": 6,
      "더": 8,
      "다시": 7
    },
    "NNB": {
      "수": 33,
      "거": 24,
      "때문": 11,
      "번": 7
    },
    "NNG": {
      "하나님": 81,
      "가치": 27,
      "존재": 36,
      "발견": 19,
      "꽃": 8,
      "걸작품": 5,
      "하늘": 15,
      "사랑": 26,
      "이름": 22,
      "사람": 24,
      "주": 22,
      "찬양": 15,
      "삶": 19,
      "말": 20,
      "속": 16,
      "이야기": 16,
      "세상": 15,
      "사실": 14,
      "바다": 6,
      "시편": 5,
      "기자": 5,
      "오늘": 13,
      "고백": 9,
      "집": 8,
      "청년": 5,
      "땅": 9,
      "경험": 7,
      "정도": 7,
      "영광": 5,
      "날": 6,
      "눈": 5,
      "절": 7,
      "말씀": 7,
      "기억": 6,
      "나라": 5,
      "생각": 6,
      "안": 5,
      "본문": 5,
      "시작": 5
    },
    "NNP": {
      "한강": 6,
      "예수": 6
    },
    "VA": {
      "아름답": 14,
      "없": 25,
      "같": 21,
      "이렇": 12,
      "크": 10,
      "좋": 9,
      "놀랍": 6,
      "귀하": 5,
      "그렇": 9,
      "많": 5
    },
    "VV": {
      "되": 47,
      "있": 46,
      "바라보": 18,
      "만들": 19,
      "보": 22,
      "피": 5,
      "살아가": 15,
      "가지": 17,
      "위하": 15,
      "타": 5,
      "찾아오": 6,
      "느끼": 6,
      "읽": 9,
      "보이": 7,
      "향하": 6,
      "듣": 7,
      "주": 7,
      "짓": 5,
      "통하": 7,
      "믿": 5,
      "나오": 5,
      "받": 5,
      "알": 5
    }
  },
  "tfidf": {
    "MAG": {
      "이제": 0.01579091391669428,
      "우연히": 0.010217257497808012,
      "스스로": 0.008110700409237087,
      "매일": 0.0053565348193402185,
      "다": 0.0052090000561748765,
      "잘": 0.004340669016316504,
      "사실": 0.004190459988035291,
      "더": 0.004159825588338671,
      "다시": 0.0038661848887757947
    },
    "NNB": {
      "수": 0.016533066132264528,
      "거": 0.013421670072705835,
      "때문": 0.005679386215522385,
      "번": 0.003614154864423336
    },
    "NNG": {
      "하나님": 0.0405811623246493,
      "가치": 0.030014259421694146,
      "존재": 0.02768009258902686,
      "발견": 0.019309921162905558,
      "꽃": 0.015156223124877863,
      "걸작품": 0.014347163874529912,
      "하늘": 0.014236533221127109,
      "사랑": 0.013834497223204935,
      "이름": 0.013312155042028912,
      "사람": 0.012173949123428418,
      "주": 0.01183136488387073,
      "찬양": 0.011443100195300912,
      "삶": 0.010181802840429105,
      "말": 0.010162930773739049,
      "속": 0.00945768934317343,
      "이야기": 0.009223383625218013,
      "세상": 0.008946616784650878,
      "사실": 0.008815879511378712,
      "바다": 0.008429537789558673,
      "시편": 0.008250938034348423,
      "기자": 0.00770076616759801,
      "오늘": 0.006524563745204893,
      "고백": 0.006333279004652239,
      "집": 0.006114968890459881,
      "청년": 0.005370413026693964,
      "땅": 0.0052913819358748485,
      "경험": 0.005288156710798415,
      "정도": 0.004907327997218488,
      "영광": 0.004354718868106378,
      "날": 0.004246202205606941,
      "눈": 0.003697493756714867,
      "절": 0.003563327684504513,
      "말씀": 0.0035070140280561123,
      "기억": 0.0034961111039413955,
      "나라": 0.003408003060742753,
      "생각": 0.0031476257321766845,
      "안": 0.002987575393338665,
      "본문": 0.0028978183303954613,
      "시작": 0.0026557671387895704
    },
    "NNP": {
      "한강": 0.01620515706039417,
      "예수": 0.003307984391611433
    },
    "VA": {
      "아름답": 0.015194781716190405,
      "없": 0.012569465218020423,
      "같": 0.010765947586300732,
      "이렇": 0.006054738430603674,
      "크": 0.005582412139654671,
      "좋": 0.0050420994504470976,
      "놀랍": 0.00470556495395719,
      "귀하": 0.004702505553612931,
      "그렇": 0.004605816416140759,
      "많": 0.0027274119655260813
    },
    "VV": {
      "되": 0.023547094188376753,
      "있": 0.023046092184368736,
      "바라보": 0.013922153411684042,
      "만들": 0.01299885467723627,
      "보": 0.011022044088176353,
      "피": 0.009545253523372443,
      "살아가": 0.009076469346837894,
      "가지": 0.008870999701911578,
      "위하": 0.007897001277336495,
      "타": 0.005649853121648242,
      "찾아오": 0.005373996932618901,
      "느끼": 0.0049290548436103305,
      "읽": 0.004704738512374566,
      "보이": 0.0038115999109262053,
      "향하": 0.003798941474086281,
      "듣": 0.0037980853892769415,
      "주": 0.0036722300208727986,
      "짓": 0.003641040437520446,
      "통하": 0.0036334065908729353,
      "믿": 0.0028823073828806293,
      "나오": 0.0026370029310511995,
      "받": 0.0025769721684291338,
      "알": 0.0025724134592182476
    }
  }
}