{
  "scope": "sermon",
  "idf_scope": "church",
  "church": "S-hw",
  "sermon": "S-hw-0466",
  "document_unit": "sermon_json",
  "document_count": 564,
  "min_count": 5,
  "freq": {
    "MAG": {
      "때로": 6,
      "더": 11,
      "다시": 10,
      "다": 9,
      "이제": 8
    },
    "NNB": {
      "수": 25,
      "분": 7,
      "절": 8,
      "번": 8
    },
    "NNG": {
      "하나님": 111,
      "사명자": 22,
      "영광": 35,
      "사명": 23,
      "체험": 13,
      "주": 42,
      "예배": 28,
      "앞": 32,
      "죄": 22,
      "자리": 24,
      "고백": 21,
      "감당": 13,
      "발견": 13,
      "약": 7,
      "그물": 5,
      "가운데": 19,
      "안": 17,
      "사람": 20,
      "말씀": 20,
      "예배자": 5,
      "이사": 6,
      "죄악": 8,
      "백성": 14,
      "배": 7,
      "초대": 6,
      "입술": 5,
      "특징": 6,
      "오늘": 16,
      "왕": 9,
      "반응": 7,
      "회개": 6,
      "부르심": 5,
      "나님": 7,
      "삶": 11,
      "십자가": 7,
      "선지자": 5,
      "절": 11,
      "축복": 7,
      "심판": 5,
      "끝": 7,
      "마음": 9,
      "복음": 6,
      "경험": 6,
      "은혜": 7,
      "생명": 5,
      "뜻": 6,
      "모습": 6,
      "기도": 7,
      "길": 5,
      "중요": 5,
      "기억": 5,
      "시작": 5,
      "말": 5
    },
    "NNP": {
      "이사야": 12,
      "우시야": 5,
      "유다": 9,
      "베드로": 5,
      "예수": 8
    },
    "VA": {
      "없": 16,
      "그렇": 9,
      "어떻": 5
    },
    "VV": {
      "되": 44,
      "있": 31,
      "바라보": 19,
      "원하": 17,
      "통하": 15,
      "살": 13,
      "깨닫": 8,
      "서": 9,
      "받": 13,
      "부르": 9,
      "누리": 7,
      "만나": 8,
      "맡기": 5,
      "지": 7,
      "위하": 9,
      "믿": 8,
      "구하": 5,
      "주": 8,
      "나타나": 5,
      "보": 8,
      "따르": 6,
      "가지": 5
    }
  },
  "tfidf": {
    "MAG": {
      "때로": 0.00669829420655708,
      "더": 0.006037356598199621,
      "다시": 0.005829799076827443,
      "다": 0.004948412322005579,
      "이제": 0.004597992549495327
    },
    "NNB": {
      "수": 0.013220518244315178,
      "분": 0.004383210605550691,
      "절": 0.004375279769017603,
      "번": 0.004359811503747966
    },
    "NNG": {
      "하나님": 0.058699101004759384,
      "사명자": 0.05239527896138813,
      "영광": 0.03217563829993777,
      "사명": 0.02706042976423461,
      "체험": 0.02543104940690678,
      "주": 0.023841329285723068,
      "예배": 0.02177155731251615,
      "앞": 0.01771947389085045,
      "죄": 0.016942591424857902,
      "자리": 0.016127563926506945,
      "고백": 0.01559819747100319,
      "감당": 0.014014071253188395,
      "발견": 0.01394566601728613,
      "약": 0.01246205009157072,
      "그물": 0.012238962268757881,
      "가운데": 0.011195526070029813,
      "안": 0.010721777709864367,
      "사람": 0.010708268310577791,
      "말씀": 0.010576414595452142,
      "예배자": 0.010319509589268363,
      "이사": 0.010288147548147034,
      "죄악": 0.009897888767349872,
      "백성": 0.00954645675801284,
      "배": 0.009084170629254621,
      "초대": 0.008830086217490957,
      "입술": 0.008755880593366716,
      "특징": 0.008731438135830362,
      "오늘": 0.00847612039892867,
      "왕": 0.008291395644580337,
      "반응": 0.007454632609231216,
      "회개": 0.0073388002442099365,
      "부르심": 0.007144623857527249,
      "나님": 0.00628730694483811,
      "삶": 0.0062220396661321325,
      "십자가": 0.006045109886531824,
      "선지자": 0.006013301687254031,
      "절": 0.005910434587971677,
      "축복": 0.005647696016492958,
      "심판": 0.005610497021516276,
      "끝": 0.005495696858595328,
      "마음": 0.00513613077174734,
      "복음": 0.005036804056810749,
      "경험": 0.004784389572298997,
      "은혜": 0.004312996264488989,
      "생명": 0.004163866600651147,
      "뜻": 0.003944757147862418,
      "모습": 0.003859952339065544,
      "기도": 0.003794625306163239,
      "길": 0.0036242173242272573,
      "중요": 0.0032517261856271464,
      "기억": 0.0030751973221694985,
      "시작": 0.0028032317340158557,
      "말": 0.002681809865730188
    },
    "NNP": {
      "이사야": 0.021861483446023146,
      "우시야": 0.017566574697478837,
      "유다": 0.012377390557782924,
      "베드로": 0.007715455111977375,
      "예수": 0.00465555215628868
    },
    "VA": {
      "없": 0.008491135720839772,
      "그렇": 0.004861559791970891,
      "어떻": 0.002744252999181646
    },
    "VV": {
      "되": 0.023268112109994712,
      "있": 0.01639344262295082,
      "바라보": 0.01551159721442816,
      "원하": 0.011763777147312336,
      "통하": 0.008218190929269146,
      "살": 0.007578738799875676,
      "깨닫": 0.0074816762660405885,
      "서": 0.00714866998770731,
      "받": 0.007072160108556231,
      "부르": 0.0064389238784417005,
      "누리": 0.006313748093746975,
      "만나": 0.006137373663442772,
      "맡기": 0.0059635678639925385,
      "지": 0.005864501134979193,
      "위하": 0.005001294939047163,
      "믿": 0.004867761426741183,
      "구하": 0.004577005988499322,
      "주": 0.004429868472712612,
      "나타나": 0.004265575434146114,
      "보": 0.004230565838180857,
      "따르": 0.00404664879603942,
      "가지": 0.0027539918818265327
    }
  }
}