{
  "scope": "sermon",
  "idf_scope": "church",
  "church": "S-hw",
  "sermon": "S-hw-0295",
  "document_unit": "sermon_json",
  "document_count": 564,
  "min_count": 5,
  "freq": {
    "MAG": {
      "지금": 21,
      "도대체": 7,
      "이제": 16,
      "자꾸": 5,
      "안": 10,
      "다": 12,
      "막": 7,
      "잘": 8,
      "더": 6
    },
    "NNB": {
      "거": 73,
      "세": 12,
      "장": 32,
      "수": 28,
      "명": 15,
      "번": 24,
      "만": 7,
      "중": 10,
      "절": 10,
      "때문": 7,
      "분": 5
    },
    "NNG": {
      "광야": 90,
      "세대": 50,
      "계수": 19,
      "지파": 23,
      "땅": 56,
      "기준점": 12,
      "슬로브핫": 9,
      "딸": 24,
      "빛": 22,
      "얘기": 32,
      "하나님": 51,
      "기업": 15,
      "로브핫": 6,
      "희년": 7,
      "숫자": 11,
      "조사": 10,
      "계산": 11,
      "책": 16,
      "브핫": 5,
      "인구": 7,
      "이야기": 26,
      "주": 27,
      "전쟁": 13,
      "말씀": 25,
      "선하심": 6,
      "인도": 13,
      "절": 20,
      "장": 17,
      "모세": 8,
      "군인": 5,
      "남자": 7,
      "인생": 13,
      "믿음": 14,
      "큰일": 5,
      "신실": 7,
      "준비": 11,
      "사람": 17,
      "어둠": 6,
      "생각": 16,
      "밤": 7,
      "대": 6,
      "자손": 6,
      "모습": 12,
      "삶": 13,
      "사랑": 13,
      "약속": 8,
      "성경": 12,
      "이름": 11,
      "가슴": 5,
      "오늘": 12,
      "문제": 8,
      "아버지": 9,
      "방법": 6,
      "시작": 10,
      "처음": 6,
      "말": 9,
      "날": 6,
      "곳": 6,
      "기록": 5,
      "성도": 6,
      "앞": 7,
      "안": 6,
      "아들": 5
    },
    "NNP": {
      "민수기": 25,
      "가나안": 28,
      "므낫세": 10,
      "슬": 7,
      "슬로": 5,
      "민수": 5,
      "주님": 11,
      "예수": 13,
      "이스라엘": 7
    },
    "VA": {
      "이렇": 39,
      "없": 32,
      "그렇": 23,
      "같": 20,
      "어떻": 9,
      "크": 8
    },
    "VV": {
      "되": 76,
      "있": 62,
      "들어가": 35,
      "나오": 28,
      "보": 25,
      "삼키": 6,
      "이기": 9,
      "죽": 12,
      "살": 14,
      "나누": 10,
      "돌아가": 8,
      "믿": 11,
      "찾아오": 7,
      "벗어나": 5,
      "주": 11,
      "가지": 11,
      "읽": 10,
      "그러": 8,
      "보이": 8,
      "나가": 5,
      "살아가": 7,
      "세우": 5,
      "따르": 5,
      "모르": 5,
      "드리": 5,
      "받": 6,
      "알": 5
    }
  },
  "tfidf": {
    "MAG": {
      "지금": 0.008894924692621584,
      "도대체": 0.0065438288253817185,
      "이제": 0.006355850812204432,
      "자꾸": 0.005066662170465286,
      "안": 0.004721565852011802,
      "다": 0.004560159698300462,
      "막": 0.0045246230232812166,
      "잘": 0.0031666576595642333,
      "더": 0.0022760449216896895
    },
    "NNB": {
      "거": 0.029782600861260684,
      "세": 0.013301581745360837,
      "장": 0.012465933325007502,
      "수": 0.01023391812865497,
      "명": 0.009571484378484563,
      "번": 0.009039916177179171,
      "만": 0.0048914948814529485,
      "중": 0.004422355800556491,
      "절": 0.0037799954510290053,
      "때문": 0.0026366422183439248,
      "분": 0.002163912712796668
    },
    "NNG": {
      "광야": 0.08497485329079198,
      "세대": 0.04955871560420631,
      "계수": 0.03650961242685142,
      "지파": 0.028460667503287757,
      "땅": 0.024019229502288294,
      "기준점": 0.02364436658811898,
      "슬로브핫": 0.02185420575850821,
      "딸": 0.02152652463649184,
      "빛": 0.019089029319994056,
      "얘기": 0.018906595959520812,
      "하나님": 0.01864035087719298,
      "기업": 0.017596992029064413,
      "로브핫": 0.014569470505672139,
      "희년": 0.014186938535609905,
      "숫자": 0.013933432720257329,
      "조사": 0.01382119031307393,
      "계산": 0.013689693378159088,
      "책": 0.012314135171297393,
      "브핫": 0.01214122542139345,
      "인구": 0.011237831602288011,
      "이야기": 0.010934226896343066,
      "주": 0.010593034229159378,
      "전쟁": 0.010486129828546702,
      "말씀": 0.009137426900584795,
      "선하심": 0.008230935948882304,
      "인도": 0.008207456567068441,
      "절": 0.007427320445145163,
      "장": 0.007423757870798405,
      "모세": 0.0073583162735128774,
      "군인": 0.007192303270256369,
      "남자": 0.007174555433462096,
      "인생": 0.007054130945846332,
      "믿음": 0.007053221686269455,
      "큰일": 0.006963569456378434,
      "신실": 0.006888539409369691,
      "준비": 0.00655221861490249,
      "사람": 0.006290911940426612,
      "어둠": 0.006126164361571133,
      "생각": 0.006123451229458735,
      "밤": 0.006091736372374365,
      "대": 0.005646166220062906,
      "자손": 0.005432046769264843,
      "모습": 0.005335650492085485,
      "삶": 0.0050822833968808545,
      "사랑": 0.005046355346768467,
      "약속": 0.004935238283582557,
      "성경": 0.004878365359083689,
      "이름": 0.004855822635944756,
      "가슴": 0.0046741634467012275,
      "오늘": 0.004393734559861325,
      "문제": 0.004241876314901419,
      "아버지": 0.004104542288485509,
      "방법": 0.0040253673697406,
      "시작": 0.003874935094315777,
      "처음": 0.0033788771499584846,
      "말": 0.0033363831947998586,
      "날": 0.0030977410827454145,
      "곳": 0.0030744112621202925,
      "기록": 0.002906839438242485,
      "성도": 0.002687189455359128,
      "앞": 0.0026790099128881965,
      "안": 0.0026154388092561294,
      "아들": 0.002557181151432775
    },
    "NNP": {
      "민수기": 0.03596151635128184,
      "가나안": 0.026089675319518658,
      "므낫세": 0.017441068617269385,
      "슬": 0.015960341409849532,
      "슬로": 0.01214122542139345,
      "민수": 0.010133527525435646,
      "주님": 0.006318706473676009,
      "예수": 0.005228775523485225,
      "이스라엘": 0.0036833709958216014
    },
    "VA": {
      "이렇": 0.014355660891566532,
      "없": 0.011737381321716379,
      "그렇": 0.008586899773886856,
      "같": 0.007480100035594631,
      "어떻": 0.003414067382534534,
      "크": 0.0032580393657165854
    },
    "VV": {
      "되": 0.027777777777777776,
      "있": 0.02266081871345029,
      "들어가": 0.018381759215913094,
      "나오": 0.010773159342879346,
      "보": 0.009137426900584795,
      "삼키": 0.008170850479171527,
      "이기": 0.007240221362158484,
      "죽": 0.00587883176547114,
      "살": 0.0056410124546757935,
      "나누": 0.004844877765870903,
      "돌아가": 0.004650943101187976,
      "믿": 0.004626019071529758,
      "찾아오": 0.004573920878566721,
      "벗어나": 0.004443623817083355,
      "주": 0.004209872720252881,
      "가지": 0.004187557392827025,
      "읽": 0.0038136200741957574,
      "그러": 0.0035315073715961862,
      "보이": 0.003177925406102216,
      "나가": 0.0031634204401506643,
      "살아가": 0.0030900689501466632,
      "세우": 0.002761011739338433,
      "따르": 0.002330717858586301,
      "모르": 0.0023011394148344418,
      "드리": 0.00226791149253329,
      "받": 0.002255980898326557,
      "알": 0.0018766583569443064
    }
  }
}