{
  "scope": "sermon",
  "idf_scope": "church",
  "church": "S-hw",
  "sermon": "S-hw-0115",
  "document_unit": "sermon_json",
  "document_count": 564,
  "min_count": 5,
  "freq": {
    "MAG": {
      "분명": 7,
      "지금": 9,
      "다": 10,
      "간절히": 5,
      "다시": 8,
      "이제": 8
    },
    "NNB": {
      "번": 27,
      "주": 5,
      "수": 12,
      "거": 10,
      "장": 9
    },
    "NNG": {
      "말씀": 110,
      "환상": 21,
      "하나님": 57,
      "과일": 11,
      "심판": 21,
      "기갈": 7,
      "여름": 11,
      "공의": 10,
      "애곡": 5,
      "사회상": 5,
      "거짓": 10,
      "끝": 18,
      "정의": 10,
      "맹세": 7,
      "사람": 23,
      "제사장": 8,
      "모습": 17,
      "백성": 16,
      "절": 20,
      "날": 14,
      "재앙": 6,
      "부유": 5,
      "가난": 7,
      "그날": 7,
      "강": 5,
      "용서": 6,
      "우상": 6,
      "동행": 5,
      "땅": 10,
      "마지막": 9,
      "선포": 6,
      "안": 7,
      "기억": 7,
      "기도": 7,
      "장": 6,
      "말": 7,
      "앞": 6,
      "은혜": 5,
      "사랑": 5,
      "오늘": 5
    },
    "NNP": {
      "아모스": 9,
      "아마샤": 6,
      "이스라엘": 21,
      "여호": 16,
      "북": 5,
      "호": 5
    },
    "VA": {
      "힘없": 5,
      "이렇": 19,
      "작": 7,
      "없": 11,
      "그렇": 9,
      "크": 8,
      "같": 5
    },
    "VV": {
      "되": 41,
      "보": 32,
      "있": 30,
      "두": 12,
      "이르": 12,
      "듣": 16,
      "보이": 12,
      "변하": 5,
      "살": 10,
      "바라": 7,
      "누리": 5,
      "알": 7,
      "주": 6,
      "살아가": 5
    }
  },
  "tfidf": {
    "MAG": {
      "분명": 0.0070568292710898204,
      "지금": 0.005843100590399197,
      "다": 0.005824741799509835,
      "간절히": 0.005246481585772635,
      "다시": 0.004940795542534765,
      "이제": 0.004871038605655833
    },
    "NNB": {
      "번": 0.015588157979471981,
      "주": 0.006960211392792223,
      "수": 0.0067226890756302525,
      "거": 0.006253420510065557,
      "장": 0.005373969576242731
    },
    "NNG": {
      "말씀": 0.06162464985994398,
      "환상": 0.04179571879091976,
      "하나님": 0.031932773109243695,
      "과일": 0.031023331663684227,
      "심판": 0.02496341145338183,
      "기갈": 0.02333541713735902,
      "여름": 0.020983193883833764,
      "공의": 0.01780360026771299,
      "애곡": 0.016043103133648012,
      "사회상": 0.015532398492768587,
      "거짓": 0.015192453321356693,
      "끝": 0.01497099077013748,
      "정의": 0.013964362155114004,
      "맹세": 0.013931906263639922,
      "사람": 0.013045790297814,
      "제사장": 0.01161632987241766,
      "모습": 0.011585983925671341,
      "백성": 0.011558127077648517,
      "절": 0.011384397052054436,
      "날": 0.01107897987240713,
      "재앙": 0.011013051161680746,
      "부유": 0.010673572007087618,
      "가난": 0.009744295949909111,
      "그날": 0.009364964081444207,
      "강": 0.0086110528126194,
      "용서": 0.008352253671350668,
      "우상": 0.008003356885866153,
      "동행": 0.0073342489071466285,
      "땅": 0.006574290908189354,
      "마지막": 0.006513380254338298,
      "선포": 0.006353238183126491,
      "안": 0.0046770199883168434,
      "기억": 0.004560939714684331,
      "기도": 0.004019964399974613,
      "장": 0.00401609521196331,
      "말": 0.003977492122428067,
      "앞": 0.0035196980176048533,
      "은혜": 0.003263655836794189,
      "사랑": 0.0029749683750826387,
      "오늘": 0.002806082576045888
    },
    "NNP": {
      "아모스": 0.020374733773825773,
      "아마샤": 0.018120724645684465,
      "이스라엘": 0.016937316041290593,
      "여호": 0.01616525483400713,
      "북": 0.012159925651519467,
      "호": 0.006132580544350105
    },
    "VA": {
      "힘없": 0.01245505314635932,
      "이렇": 0.010719883297955824,
      "작": 0.007638250985607608,
      "없": 0.006184317721610227,
      "그렇": 0.005150257460289611,
      "크": 0.0049938351286277745,
      "같": 0.002866324047253069
    },
    "VV": {
      "되": 0.02296918767507003,
      "보": 0.017927170868347338,
      "있": 0.01680672268907563,
      "두": 0.010845315154245784,
      "이르": 0.00988475747370181,
      "듣": 0.00970753541352128,
      "보이": 0.007306557908483751,
      "변하": 0.0066109019292041075,
      "살": 0.006175994428168456,
      "바라": 0.005755014972598692,
      "누리": 0.0047776301101542734,
      "알": 0.00402708805066637,
      "주": 0.0035196980176048533,
      "살아가": 0.003383124708924078
    }
  }
}