{
  "scope": "sermon",
  "idf_scope": "church",
  "church": "S-hw",
  "sermon": "S-hw-0454",
  "document_unit": "sermon_json",
  "document_count": 564,
  "min_count": 5,
  "freq": {
    "MAG": {
      "잘": 5
    },
    "NNB": {
      "편": 5,
      "수": 10,
      "가지": 7,
      "번": 7,
      "중": 5
    },
    "NNG": {
      "하나님": 69,
      "재앙": 17,
      "시인": 11,
      "징조": 6,
      "표적": 7,
      "기억": 21,
      "신실": 9,
      "적극": 7,
      "군": 6,
      "애굽": 7,
      "말씀": 17,
      "약속": 10,
      "주권": 6,
      "언약": 7,
      "신": 9,
      "행동": 7,
      "절": 12,
      "사랑": 11,
      "종": 5,
      "단어": 7,
      "찬양": 6,
      "기도": 8,
      "땅": 6,
      "표현": 5
    },
    "NNP": {
      "흑암": 7,
      "아브라함": 9,
      "이스라엘": 11,
      "애굽": 5,
      "여호와": 8
    },
    "VA": {
      "없": 9,
      "크": 8
    },
    "VV": {
      "있": 17,
      "보내": 9,
      "위하": 9,
      "알": 8,
      "행하": 5,
      "되": 7,
      "믿": 6,
      "대하": 6,
      "읽": 6,
      "나오": 5
    }
  },
  "tfidf": {
    "MAG": {
      "잘": 0.005536794067336237
    },
    "NNB": {
      "편": 0.012546133990593405,
      "수": 0.010224948875255624,
      "가지": 0.008104167464257928,
      "번": 0.007376127923710612,
      "중": 0.006185871917342822
    },
    "NNG": {
      "하나님": 0.0705521472392638,
      "재앙": 0.05695143788364047,
      "시인": 0.03807914329060853,
      "징조": 0.031531295422148595,
      "표적": 0.03143835098554192,
      "기억": 0.02497324352978997,
      "신실": 0.024777007656488357,
      "적극": 0.023089635039684975,
      "군": 0.019593196348189623,
      "애굽": 0.018551385704992162,
      "말씀": 0.017382413087934562,
      "약속": 0.017258195224797903,
      "주권": 0.016945489280018763,
      "언약": 0.01623256718045344,
      "신": 0.014405379828372011,
      "행동": 0.013285590648907103,
      "절": 0.012466962415900102,
      "사랑": 0.011945501849641639,
      "종": 0.011467666310530054,
      "단어": 0.010605599859517482,
      "찬양": 0.009341688339394937,
      "기도": 0.008385201815897967,
      "땅": 0.007199453540563188,
      "표현": 0.006640873268017909
    },
    "NNP": {
      "흑암": 0.03362410921341337,
      "아브라함": 0.023693114690325322,
      "이스라엘": 0.016192628321683746,
      "애굽": 0.016089831232719915,
      "여호와": 0.014655609706886534
    },
    "VA": {
      "없": 0.009235086837485435,
      "크": 0.009114515035378915
    },
    "VV": {
      "있": 0.017382413087934562,
      "보내": 0.012974537164196597,
      "위하": 0.00967019297519242,
      "알": 0.00840006096458016,
      "행하": 0.00805099360105452,
      "되": 0.007157464212678937,
      "믿": 0.007059000657950597,
      "대하": 0.006550487407608463,
      "읽": 0.006401266578527358,
      "나오": 0.005381858742717991
    }
  }
}