{
  "scope": "sermon",
  "idf_scope": "church",
  "church": "S-hw",
  "sermon": "S-hw-0443",
  "document_unit": "sermon_json",
  "document_count": 564,
  "min_count": 5,
  "freq": {
    "MAG": {
      "분명히": 5,
      "이미": 6,
      "지금": 8,
      "이제": 7,
      "너무": 5,
      "다": 5
    },
    "NNB": {
      "수": 16,
      "때문": 8,
      "절": 7
    },
    "NNG": {
      "왕": 36,
      "하나님": 50,
      "남유": 12,
      "언약": 17,
      "말씀": 36,
      "관계": 16,
      "함락": 6,
      "회복": 13,
      "점령": 6,
      "이야기": 20,
      "메시지": 11,
      "주권": 6,
      "멸망": 7,
      "사랑": 15,
      "비참": 5,
      "성읍": 5,
      "기초": 5,
      "자비": 5,
      "선포": 7,
      "손": 8,
      "가운데": 11,
      "나라": 9,
      "사이": 6,
      "절": 11,
      "등장": 6,
      "상태": 5,
      "상황": 7,
      "백성": 7,
      "오늘": 9,
      "생각": 8,
      "존재": 5,
      "단어": 5,
      "땅": 6,
      "본문": 6,
      "말": 5
    },
    "NNP": {
      "시드기야": 15,
      "바벨론": 23,
      "예루살렘": 17,
      "바벨": 10,
      "예레미": 5,
      "유다": 5,
      "이스라엘": 9
    },
    "VA": {
      "없": 11,
      "어떻": 9,
      "크": 8,
      "같": 8,
      "그렇": 7,
      "이렇": 7
    },
    "VV": {
      "끌려가": 10,
      "있": 28,
      "보": 25,
      "겁": 8,
      "되": 21,
      "넘기": 6,
      "잡히": 6,
      "나타내": 6,
      "남": 7,
      "맺": 6,
      "죽": 7,
      "이루어지": 5,
      "따르": 6,
      "위하": 7,
      "그러": 6,
      "대하": 6,
      "나오": 6,
      "받": 6,
      "주": 5
    }
  },
  "tfidf": {
    "MAG": {
      "분명히": 0.0068113948732720165,
      "이미": 0.006777053502945571,
      "지금": 0.006636401529539531,
      "이제": 0.0054459222778874055,
      "너무": 0.004869272805470676,
      "다": 0.0037212469978972996
    },
    "NNB": {
      "수": 0.01145311381531854,
      "때문": 0.005901505764915822,
      "절": 0.0051821383592059785
    },
    "NNG": {
      "왕": 0.044893426381965404,
      "하나님": 0.03579098067287044,
      "남유": 0.03325202429503262,
      "언약": 0.02759818610719081,
      "말씀": 0.025769506084466716,
      "관계": 0.019052283051967912,
      "함락": 0.018235289668381355,
      "회복": 0.016930455870338246,
      "점령": 0.016493850406642637,
      "이야기": 0.016472685858925515,
      "메시지": 0.01609071579859802,
      "주권": 0.01186305548737176,
      "멸망": 0.011757159635342828,
      "사랑": 0.011403690514364732,
      "비참": 0.011157186921869486,
      "성읍": 0.010666130653030957,
      "기초": 0.01057551573540644,
      "자비": 0.009636488303525655,
      "선포": 0.009470736232183906,
      "손": 0.008788589009416623,
      "가운데": 0.008773617819488759,
      "나라": 0.008764691049847218,
      "사이": 0.008649172879060986,
      "절": 0.008000452259022506,
      "등장": 0.007530405536283788,
      "상태": 0.00736832881859672,
      "상황": 0.006544726768930739,
      "백성": 0.006461113002649349,
      "오늘": 0.006453789060011051,
      "생각": 0.005996335921187938,
      "존재": 0.00549286813088539,
      "단어": 0.005303342193786736,
      "땅": 0.005040132829399283,
      "본문": 0.004968399760174094,
      "말": 0.0036301377638480927
    },
    "NNP": {
      "시드기야": 0.044653957417306676,
      "바벨론": 0.04448691845890231,
      "예루살렘": 0.026362068370680683,
      "바벨": 0.0225280672091626,
      "예레미": 0.012403810738147997,
      "유다": 0.009307900081431444,
      "이스라엘": 0.009274908211587189
    },
    "VA": {
      "없": 0.007901937818950792,
      "어떻": 0.006686391094212231,
      "크": 0.006380812959628188,
      "같": 0.005859857894742137,
      "그렇": 0.005118306447651212,
      "이렇": 0.0050463377089235584
    },
    "VV": {
      "끌려가": 0.0225280672091626,
      "있": 0.020042949176807445,
      "보": 0.01789549033643522,
      "겁": 0.01618305640446437,
      "되": 0.015032211882605583,
      "넘기": 0.012799356783637148,
      "잡히": 0.012043920850364431,
      "나타내": 0.010411614225098308,
      "남": 0.008919100705889993,
      "맺": 0.008504965453719808,
      "죽": 0.006716260198777337,
      "이루어지": 0.006370786218492853,
      "따르": 0.00547760406106696,
      "위하": 0.005265421228677905,
      "그러": 0.005187296439882159,
      "대하": 0.004585810082062332,
      "나오": 0.0045212236366885,
      "받": 0.004418299024925885,
      "주": 0.0037477099507424614
    }
  }
}