{
  "scope": "sermon",
  "idf_scope": "church",
  "church": "S-hw",
  "sermon": "S-hw-0372",
  "document_unit": "sermon_json",
  "document_count": 564,
  "min_count": 5,
  "freq": {
    "MAG": {
      "확실히": 6,
      "지금": 17,
      "다": 13,
      "이제": 11,
      "늘": 7,
      "항상": 6,
      "다시": 10,
      "정말": 8,
      "너무": 7,
      "특별히": 5,
      "분명": 5,
      "더": 7
    },
    "NNB": {
      "장": 20,
      "수": 21,
      "분": 13,
      "번": 14,
      "절": 13,
      "거": 7
    },
    "NNG": {
      "하나님": 122,
      "말씀": 86,
      "불의": 16,
      "설명": 28,
      "닻": 8,
      "태풍": 8,
      "선교": 19,
      "사랑": 32,
      "장성": 6,
      "성도": 21,
      "감당": 11,
      "피곤": 6,
      "권면": 7,
      "형편": 6,
      "형벌": 5,
      "믿음": 15,
      "영접": 6,
      "절": 17,
      "이름": 14,
      "아버지": 13,
      "죄": 11,
      "영혼": 7,
      "본문": 13,
      "땅": 12,
      "계속": 9,
      "의지": 8,
      "거리": 5,
      "오늘": 13,
      "부활": 5,
      "죄악": 5,
      "백성": 9,
      "끝": 7,
      "마지막": 8,
      "제자": 5,
      "말": 10,
      "시대": 6,
      "전체": 5,
      "길": 7,
      "시작": 9,
      "세상": 8,
      "신앙": 6,
      "찬양": 6,
      "능력": 6,
      "경험": 6,
      "소망": 6,
      "마음": 8,
      "구원": 6,
      "감사": 6,
      "처음": 5,
      "주": 7,
      "장": 6,
      "지금": 5,
      "정도": 5,
      "은혜": 6,
      "상황": 5,
      "가운데": 5,
      "성경": 5,
      "삶": 5,
      "생각": 5,
      "사람": 5
    },
    "NNP": {
      "히브리서": 10,
      "예수": 25,
      "그리스도": 22,
      "아브라함": 6,
      "주님": 6
    },
    "VA": {
      "이렇": 27,
      "그렇": 20,
      "없": 20,
      "같": 11
    },
    "VV": {
      "있": 51,
      "잊어버리": 15,
      "되": 41,
      "섬기": 19,
      "주": 25,
      "보": 25,
      "알": 22,
      "믿": 19,
      "짓": 11,
      "돌보": 5,
      "받": 12,
      "이르": 8,
      "말미암": 6,
      "나타나": 7,
      "나가": 6,
      "대하": 9,
      "먹": 6,
      "그러": 7,
      "살아가": 7,
      "가지": 8,
      "나아가": 6,
      "나오": 7,
      "읽": 7,
      "원하": 5,
      "보이": 6,
      "드리": 5,
      "위하": 5
    }
  },
  "tfidf": {
    "MAG": {
      "확실히": 0.009776585964053496,
      "지금": 0.007943946568802134,
      "다": 0.005450126349097811,
      "이제": 0.004820707813611507,
      "늘": 0.0046282764969706675,
      "항상": 0.0045727944180970915,
      "다시": 0.004445221796080925,
      "정말": 0.004114092942640077,
      "너무": 0.00384004990037885,
      "특별히": 0.0036680903925034943,
      "분명": 0.003628006984128839,
      "더": 0.0029294900766264065
    },
    "NNB": {
      "장": 0.0085954620910334,
      "수": 0.008467741935483872,
      "분": 0.006206939303931605,
      "번": 0.005817623475313692,
      "절": 0.005421245088798374,
      "거": 0.0031506648900511743
    },
    "NNG": {
      "하나님": 0.049193548387096775,
      "말씀": 0.03467741935483871,
      "불의": 0.023375830093175055,
      "설명": 0.017395767520431423,
      "닻": 0.01739005026481009,
      "태풍": 0.016239485929523855,
      "선교": 0.014157206489840861,
      "사랑": 0.01370404786973551,
      "장성": 0.012719477877741787,
      "성도": 0.010376018638918957,
      "감당": 0.00904177097200905,
      "피곤": 0.008825676476691543,
      "권면": 0.008757675236227528,
      "형편": 0.008540717519458358,
      "형벌": 0.0083846207677389,
      "믿음": 0.008337103053124954,
      "영접": 0.007765382288954878,
      "절": 0.006964909849689352,
      "이름": 0.0068180876190332826,
      "아버지": 0.006540786743586586,
      "죄": 0.006459362980727075,
      "영혼": 0.006348631359434837,
      "본문": 0.006063918551379148,
      "땅": 0.005678278679573224,
      "계속": 0.005624739979039354,
      "의지": 0.00545606075323614,
      "거리": 0.00540900278425185,
      "오늘": 0.005251221465898777,
      "부활": 0.0048874412205854615,
      "죄악": 0.004716962615690172,
      "백성": 0.004679468535847366,
      "끝": 0.004190468854678938,
      "마지막": 0.0041671626358400935,
      "제자": 0.0041098958963677506,
      "말": 0.0040897600452385365,
      "시대": 0.004032930987498197,
      "전체": 0.003917738275794514,
      "길": 0.0038688519936125967,
      "시작": 0.003847435554936762,
      "세상": 0.00384031120476627,
      "신앙": 0.003713001667183979,
      "찬양": 0.0036839399983581646,
      "능력": 0.0036623705701534404,
      "경험": 0.0036480970488779853,
      "소망": 0.003503099450355387,
      "마음": 0.003481155300850975,
      "구원": 0.0032976196434125315,
      "감사": 0.0032248516065481493,
      "처음": 0.003106387057219897,
      "주": 0.0030298355967273063,
      "장": 0.002890616916675205,
      "지금": 0.002837170539831747,
      "정도": 0.0028211482380322873,
      "은혜": 0.0028188511300053037,
      "상황": 0.0026333477235588256,
      "가운데": 0.0022464706916836136,
      "성경": 0.0022424743989336313,
      "삶": 0.002156502384284432,
      "생각": 0.002111109194027104,
      "사람": 0.002041263646703891
    },
    "NNP": {
      "히브리서": 0.01281428487010794,
      "예수": 0.01109330787240662,
      "그리스도": 0.010850466987464764,
      "아브라함": 0.006228996281488755,
      "주님": 0.0038023418428103145
    },
    "VA": {
      "이렇": 0.010964447698323025,
      "그렇": 0.008237642980839566,
      "없": 0.008093113733925407,
      "같": 0.004538731666759195
    },
    "VV": {
      "있": 0.02056451612903226,
      "잊어버리": 0.018182010428589374,
      "되": 0.01653225806451613,
      "섬기": 0.01331841599629567,
      "주": 0.010555545970135522,
      "보": 0.010080645161290322,
      "알": 0.009109662888805782,
      "믿": 0.00881521170873911,
      "짓": 0.006446990632757977,
      "돌보": 0.005742317260915929,
      "받": 0.004977712691791501,
      "이르": 0.004743089271655304,
      "말미암": 0.004614871214980646,
      "나타나": 0.004553501775950976,
      "나가": 0.00418796047947688,
      "대하": 0.003874824607645813,
      "먹": 0.0038328703846471157,
      "그러": 0.0034090438095166413,
      "살아가": 0.0034090438095166413,
      "가지": 0.00335987009582837,
      "나아가": 0.0031833928591860836,
      "나오": 0.0029713068510199485,
      "읽": 0.002945098857298272,
      "원하": 0.0026382000220075454,
      "보이": 0.00262947698924264,
      "드리": 0.0025020184853109194,
      "위하": 0.0021186041061241456
    }
  }
}