{
  "scope": "sermon",
  "idf_scope": "church",
  "church": "S-hw",
  "sermon": "S-hw-0192",
  "document_unit": "sermon_json",
  "document_count": 564,
  "min_count": 5,
  "freq": {
    "MAG": {
      "지금": 22,
      "너무": 16,
      "또다시": 5,
      "열심히": 8,
      "더": 16,
      "막": 8,
      "가장": 10,
      "잘": 9,
      "다시": 8,
      "다": 8,
      "그냥": 6
    },
    "NNB": {
      "장": 11,
      "가지": 8,
      "절": 7,
      "분": 6,
      "거": 6
    },
    "NNG": {
      "르": 17,
      "분주": 11,
      "발치": 7,
      "영접": 10,
      "하나님": 30,
      "중심": 15,
      "주방": 5,
      "동생": 7,
      "잔치": 7,
      "청년": 11,
      "말씀": 23,
      "여인": 9,
      "마음": 20,
      "올해": 6,
      "선교": 11,
      "근심": 6,
      "집": 13,
      "초대": 7,
      "사랑": 18,
      "교회": 14,
      "준비": 11,
      "염려": 5,
      "무리": 6,
      "이웃": 6,
      "주": 14,
      "사역": 8,
      "필요": 10,
      "평가": 5,
      "사모": 5,
      "선택": 6,
      "행동": 7,
      "율법": 6,
      "앞": 12,
      "손": 8,
      "성경": 11,
      "제자": 6,
      "오늘": 12,
      "속": 10,
      "상황": 9,
      "절": 10,
      "성도": 8,
      "사람": 9,
      "목사": 5,
      "도": 5,
      "사용": 5,
      "신앙": 5,
      "말": 7,
      "본문": 6,
      "이야기": 6,
      "생각": 6,
      "은혜": 5
    },
    "NNP": {
      "마리아": 28,
      "예수": 60,
      "그리스도": 14,
      "요한복음": 6,
      "누가복음": 5,
      "누가": 7,
      "그리스": 5
    },
    "VA": {
      "좋": 14,
      "이렇": 9,
      "어떻": 8,
      "많": 7
    },
    "VV": {
      "마": 26,
      "마르": 14,
      "있": 32,
      "섬기": 15,
      "바라보": 14,
      "앉": 9,
      "되": 18,
      "알": 12,
      "베풀": 5,
      "읽": 10,
      "보": 10,
      "원하": 7,
      "세우": 5,
      "나오": 6,
      "위하": 6,
      "통하": 6
    }
  },
  "tfidf": {
    "MAG": {
      "지금": 0.014396044932867585,
      "너무": 0.012291133342504862,
      "또다시": 0.011207029647543667,
      "열심히": 0.009487899574552192,
      "더": 0.009376636786362491,
      "막": 0.00798862214516248,
      "가장": 0.0070073470847781824,
      "잘": 0.005503654588446477,
      "다시": 0.004979853214807767,
      "다": 0.004696629751383423,
      "그냥": 0.004400750348586007
    },
    "NNB": {
      "장": 0.006620107448994667,
      "가지": 0.005114705673981933,
      "절": 0.0040877737367649635,
      "분": 0.004011608254463027,
      "거": 0.0037817127985771944
    },
    "NNG": {
      "르": 0.0416705752563928,
      "분주": 0.02728190529180124,
      "발치": 0.021917257952246583,
      "영접": 0.01812361008527018,
      "하나님": 0.01693958215697346,
      "중심": 0.01693354871353859,
      "주방": 0.01521997623402351,
      "동생": 0.014418759988270769,
      "잔치": 0.01353676966687073,
      "청년": 0.013315955777989007,
      "말씀": 0.012987012987012988,
      "여인": 0.012707450264118953,
      "마음": 0.012186992018789408,
      "올해": 0.011885435351747079,
      "선교": 0.011477565248383568,
      "근심": 0.011405535237473695,
      "집": 0.011199266852742308,
      "초대": 0.010999797784766403,
      "사랑": 0.010794549281920404,
      "교회": 0.01051756973553129,
      "준비": 0.010122456313028353,
      "염려": 0.009154379358905533,
      "무리": 0.008901057695654795,
      "이웃": 0.00860881485787589,
      "주": 0.008485592636796973,
      "사역": 0.008366025059992257,
      "필요": 0.007991232701878178,
      "평가": 0.00788687450275674,
      "사모": 0.007712183921960331,
      "선택": 0.007378104230147642,
      "행동": 0.007336706750215216,
      "율법": 0.007263248606175824,
      "앞": 0.00709504343469753,
      "손": 0.006932613690657834,
      "성경": 0.006908492558205473,
      "제자": 0.006906295983958456,
      "오늘": 0.006787836112806655,
      "속": 0.006662036959688795,
      "상황": 0.00663764214453224,
      "절": 0.005737196142833757,
      "성도": 0.0055352157725297,
      "사람": 0.005145229203210712,
      "목사": 0.004563845156801325,
      "도": 0.004419493529125988,
      "사용": 0.004410711986454072,
      "신앙": 0.004332883556661146,
      "말": 0.004008934747901806,
      "본문": 0.003919172481628012,
      "이야기": 0.0038981946038823736,
      "생각": 0.003547521717348765,
      "은혜": 0.0032894554876779373
    },
    "NNP": {
      "마리아": 0.0644858370454539,
      "예수": 0.03728253441929091,
      "그리스도": 0.009669118982721025,
      "요한복음": 0.009428398101228346,
      "누가복음": 0.007684091514130947,
      "누가": 0.006575108553260665,
      "그리스": 0.0046011165059219785
    },
    "VA": {
      "좋": 0.008839728153792187,
      "이렇": 0.005117980480301355,
      "어떻": 0.004688318393181246,
      "많": 0.0043034895519289
    },
    "VV": {
      "마": 0.05087873671722321,
      "마르": 0.023162897105788047,
      "있": 0.018068887634105024,
      "섬기": 0.01472391676014737,
      "바라보": 0.012204048401282981,
      "앉": 0.010359443975937683,
      "되": 0.010163749294184076,
      "알": 0.006958153266538167,
      "베풀": 0.0067221871076939025,
      "읽": 0.00589162310728379,
      "보": 0.00564652738565782,
      "원하": 0.00517212336330333,
      "세우": 0.0042654591297741126,
      "나오": 0.0035664310674499346,
      "위하": 0.003560116216728096,
      "통하": 0.0035100167243925363
    }
  }
}