{
  "scope": "sermon",
  "idf_scope": "church",
  "church": "S-hw",
  "sermon": "S-hw-0105",
  "document_unit": "sermon_json",
  "document_count": 564,
  "min_count": 5,
  "freq": {
    "MAG": {
      "이제": 48,
      "굉장히": 9,
      "지금": 11
    },
    "NNB": {
      "수": 20,
      "장": 6,
      "절": 6,
      "분": 5
    },
    "NNG": {
      "하나님": 74,
      "국제": 15,
      "영점": 8,
      "정세": 11,
      "조정": 8,
      "총": 7,
      "열왕기": 8,
      "탄착군": 5,
      "왕": 18,
      "과녁": 5,
      "밧": 6,
      "선지자": 12,
      "포로": 10,
      "사건": 14,
      "모압": 6,
      "상하": 5,
      "역사": 16,
      "상황": 14,
      "말씀": 17,
      "구원": 12,
      "중요": 12,
      "백성": 11,
      "중심": 7,
      "이야기": 12,
      "전쟁": 6,
      "광야": 5,
      "성취": 5,
      "오늘": 11,
      "장": 9,
      "물": 5,
      "등장": 6,
      "주": 8,
      "힘": 6,
      "생명": 5,
      "사용": 5,
      "가운데": 7,
      "기도": 7,
      "길": 5,
      "속": 5,
      "마음": 5,
      "절": 5
    },
    "NNP": {
      "여호사": 6,
      "엘리사": 8,
      "모압": 8,
      "북이스라엘": 8,
      "바벨론": 11,
      "하박국": 5,
      "열왕기하": 6,
      "에돔": 5,
      "메": 5,
      "이스라엘": 13
    },
    "VA": {
      "어떻": 23,
      "없": 16,
      "그렇": 7,
      "이렇": 6,
      "크": 5,
      "같": 5
    },
    "VV": {
      "되": 30,
      "보": 29,
      "있": 28,
      "쏘": 6,
      "바치": 5,
      "잡히": 5,
      "통하": 13,
      "말미암": 7,
      "르": 5,
      "믿": 6,
      "보이": 6,
      "주": 6,
      "듣": 5
    }
  },
  "tfidf": {
    "MAG": {
      "이제": 0.03810724869727829,
      "굉장히": 0.00977904204587015,
      "지금": 0.009311685747300399
    },
    "NNB": {
      "수": 0.014609203798392988,
      "장": 0.004671310296368772,
      "절": 0.004532681177800741,
      "분": 0.004324664121411018
    },
    "NNG": {
      "하나님": 0.05405405405405406,
      "국제": 0.049345643393976166,
      "영점": 0.0388235415666121,
      "정세": 0.03834232294414459,
      "조정": 0.03003419227938771,
      "총": 0.024808936135507,
      "열왕기": 0.024551243332168245,
      "탄착군": 0.024264713479132564,
      "왕": 0.0229058132416383,
      "과녁": 0.02173313137336213,
      "밧": 0.021646152483629236,
      "선지자": 0.019934819852033377,
      "포로": 0.01874463920146659,
      "사건": 0.018729670367419356,
      "모압": 0.018608253956704714,
      "상하": 0.018038460403024363,
      "역사": 0.01692269128197002,
      "상황": 0.01335717062994338,
      "말씀": 0.01241782322863404,
      "구원": 0.011947548160209025,
      "중요": 0.010779864222680964,
      "백성": 0.010360839352156165,
      "중심": 0.010222800263050301,
      "이야기": 0.010085759888204066,
      "전쟁": 0.009672433964455955,
      "광야": 0.009434753615924312,
      "성취": 0.008747930272232056,
      "오늘": 0.008049296038080498,
      "장": 0.00785470776481502,
      "물": 0.007809819941127156,
      "등장": 0.0076844240571135505,
      "주": 0.006272768260364161,
      "힘": 0.0062618383914280935,
      "생명": 0.005751549847941066,
      "사용": 0.005705895491607132,
      "가운데": 0.005697404120909793,
      "기도": 0.0052415167669501,
      "길": 0.005006132184159053,
      "속": 0.004309155389192424,
      "마음": 0.003941410311409066,
      "절": 0.0037109475416211043
    },
    "NNP": {
      "여호사": 0.02734059945571219,
      "엘리사": 0.025667709288414903,
      "모압": 0.024551243332168245,
      "북이스라엘": 0.022621416089681313,
      "바벨론": 0.02171151510013503,
      "하박국": 0.019201549267591694,
      "열왕기하": 0.017248918989704685,
      "에돔": 0.015506878297253928,
      "메": 0.014374099158087237,
      "이스라엘": 0.013671098776936527
    },
    "VA": {
      "어떻": 0.017436931438043438,
      "없": 0.01172880763192696,
      "그렇": 0.005222990582446124,
      "이렇": 0.004413899893164695,
      "크": 0.004069574372078424,
      "같": 0.003737318060151007
    },
    "VV": {
      "되": 0.02191380569758948,
      "보": 0.021183345507669833,
      "있": 0.020452885317750184,
      "쏘": 0.018812140073439083,
      "바치": 0.011664320689389732,
      "잡히": 0.01024187815191083,
      "통하": 0.009838217073982148,
      "말미암": 0.009753367944005846,
      "르": 0.007064091852717902,
      "믿": 0.005042879944102033,
      "보이": 0.004763406087159786,
      "주": 0.004589233719083026,
      "듣": 0.003955430677761022
    }
  }
}