{
  "scope": "sermon",
  "idf_scope": "church",
  "church": "S-hw",
  "sermon": "S-hw-0515",
  "document_unit": "sermon_json",
  "document_count": 564,
  "min_count": 5,
  "freq": {
    "MAG": {
      "다": 7,
      "더": 6,
      "이제": 5
    },
    "NNB": {
      "거": 32,
      "수": 23,
      "때문": 11,
      "절": 5
    },
    "NNG": {
      "부활": 27,
      "심령": 20,
      "말씀": 58,
      "믿음": 30,
      "공급": 10,
      "속": 29,
      "가슴": 12,
      "정황": 7,
      "절망": 12,
      "하나님": 26,
      "제자": 12,
      "불": 9,
      "가운데": 21,
      "해결책": 5,
      "삶": 20,
      "능력": 12,
      "고통": 9,
      "길": 12,
      "낙심": 5,
      "유일": 7,
      "사람": 14,
      "열매": 6,
      "소망": 9,
      "역사": 9,
      "주": 12,
      "성령": 7,
      "은혜": 9,
      "힘": 7,
      "얘기": 6,
      "오늘": 9,
      "사실": 7,
      "생각": 8,
      "말": 8,
      "정도": 5,
      "상황": 5,
      "기도": 6,
      "절": 6,
      "앞": 5
    },
    "NNP": {
      "예수": 53,
      "마리아": 7
    },
    "VA": {
      "뜨겁": 15,
      "없": 25,
      "그렇": 13,
      "다르": 8,
      "같": 6
    },
    "VV": {
      "되": 40,
      "있": 40,
      "알아보": 6,
      "떨어지": 9,
      "보": 13,
      "듣": 11,
      "나타나": 7,
      "주": 10,
      "임하": 5,
      "들어가": 7,
      "맺": 5,
      "알": 9,
      "대하": 8,
      "찾": 5,
      "가지": 7,
      "믿": 6,
      "살": 6,
      "나아가": 5,
      "일어나": 5,
      "통하": 6,
      "그러": 5,
      "받": 5
    }
  },
  "tfidf": {
    "MAG": {
      "다": 0.0048103204748761,
      "더": 0.004115835364007264,
      "이제": 0.0035917068370355516
    },
    "NNB": {
      "거": 0.023608419004292436,
      "수": 0.01520158625247852,
      "때문": 0.007492435483266808,
      "절": 0.0034177354772026965
    },
    "NNG": {
      "부활": 0.04326015388372803,
      "심령": 0.040089367322435836,
      "말씀": 0.038334434897554524,
      "믿음": 0.02733115078882999,
      "공급": 0.023186942066472874,
      "속": 0.022614379128397675,
      "가슴": 0.020285807571988727,
      "정황": 0.019643412388973484,
      "절망": 0.018502678851560997,
      "하나님": 0.017184401850627893,
      "제자": 0.016167944729134732,
      "불": 0.015682160137598298,
      "가운데": 0.015465458509303713,
      "해결책": 0.014515488274884336,
      "삶": 0.014139129974951467,
      "능력": 0.012006185081269705,
      "고통": 0.011532033884109843,
      "길": 0.01087121474175346,
      "낙심": 0.010350737315781478,
      "유일": 0.010183206251601623,
      "사람": 0.00936849620800517,
      "열매": 0.009120448626832037,
      "소망": 0.00861304028772111,
      "역사": 0.00861304028772111,
      "주": 0.008513634912529945,
      "성령": 0.00784165936646285,
      "은혜": 0.006930684866900019,
      "힘": 0.006610178156538382,
      "얘기": 0.006410498167372226,
      "오늘": 0.005958984346883965,
      "사실": 0.005815100959918014,
      "생각": 0.005536603623198645,
      "말": 0.005362910726869304,
      "정도": 0.0046242218310112845,
      "상황": 0.00431639283174216,
      "기도": 0.004065132539300171,
      "절": 0.004029309068985559,
      "앞": 0.003460377264499153
    },
    "NNP": {
      "예수": 0.03854869495701589,
      "마리아": 0.018870525017762534
    },
    "VA": {
      "뜨겁": 0.029418815717244737,
      "없": 0.016582057220865015,
      "그렇": 0.008776655971654581,
      "다르": 0.008634729710457315,
      "같": 0.004057941909594233
    },
    "VV": {
      "되": 0.026437541308658295,
      "있": 0.026437541308658295,
      "알아보": 0.013912165239883725,
      "떨어지": 0.013057805401053555,
      "보": 0.008592200925313946,
      "듣": 0.007873738344534467,
      "나타나": 0.007463770260646677,
      "주": 0.006920754528998306,
      "임하": 0.006888804702907505,
      "들어가": 0.006648049334400295,
      "맺": 0.006544082803947219,
      "알": 0.006108504346516405,
      "대하": 0.005645628274634128,
      "찾": 0.005256518640470218,
      "가지": 0.004818848716422712,
      "믿": 0.004562923095489547,
      "살": 0.004371771336793402,
      "나아가": 0.004348322477848362,
      "일어나": 0.004168802710038853,
      "통하": 0.004108552292729136,
      "그러": 0.0039913269037868335,
      "받": 0.0033996275268899875
    }
  }
}