{
  "scope": "sermon",
  "idf_scope": "church",
  "church": "S-hw",
  "sermon": "S-hw-0545",
  "document_unit": "sermon_json",
  "document_count": 564,
  "min_count": 5,
  "freq": {
    "MAG": {
      "지금": 31,
      "만": 6,
      "다": 12,
      "그냥": 6,
      "이제": 7,
      "더": 6
    },
    "NNB": {
      "수": 18,
      "거": 8,
      "번": 8,
      "절": 7,
      "장": 5
    },
    "NNG": {
      "왕": 61,
      "왕후": 17,
      "하만": 13,
      "기도": 54,
      "잔치": 12,
      "예복": 6,
      "하나님": 38,
      "말씀": 36,
      "지혜": 16,
      "소청": 5,
      "겸손": 10,
      "말": 24,
      "교만": 8,
      "나무": 8,
      "절반": 5,
      "용기": 7,
      "전략": 5,
      "모습": 15,
      "주도": 5,
      "절": 16,
      "마음": 14,
      "자랑": 5,
      "얘기": 8,
      "내일": 5,
      "역사": 8,
      "요구": 5,
      "유대인": 5,
      "은혜": 9,
      "오늘": 10,
      "앞": 9,
      "사실": 7,
      "사랑": 8,
      "나라": 6,
      "능력": 5,
      "사람": 6,
      "장": 5,
      "본문": 5
    },
    "NNP": {
      "에스더": 39,
      "모르드개": 14
    },
    "VA": {
      "그렇": 15,
      "이렇": 14,
      "없": 8,
      "좋": 6,
      "크": 5,
      "어떻": 5
    },
    "VV": {
      "되": 39,
      "보": 36,
      "있": 36,
      "베풀": 11,
      "나가": 12,
      "주": 19,
      "부르": 11,
      "르": 7,
      "입": 7,
      "기다리": 6,
      "서": 8,
      "통하": 9,
      "알": 8,
      "드리": 6,
      "바라": 5,
      "가지": 7,
      "나아가": 5,
      "대하": 5,
      "위하": 5
    }
  },
  "tfidf": {
    "MAG": {
      "지금": 0.023073429755922324,
      "만": 0.014463609991099542,
      "다": 0.008013228602793876,
      "그냥": 0.005005606208956852,
      "이제": 0.004886289930769881,
      "더": 0.003999524024240842
    },
    "NNB": {
      "수": 0.011560693641618497,
      "거": 0.005735314379173805,
      "번": 0.005295056874494157,
      "절": 0.004649612901612557,
      "장": 0.003422727358022291
    },
    "NNG": {
      "왕": 0.06825239270662858,
      "왕후": 0.051292268995523506,
      "하만": 0.039223499820106214,
      "기도": 0.03555228631191421,
      "잔치": 0.026395396730006127,
      "예복": 0.025601844125574164,
      "하나님": 0.024405908798972382,
      "말씀": 0.023121387283236993,
      "지혜": 0.02255786435086737,
      "소청": 0.020032798466532855,
      "겸손": 0.018150072091391075,
      "말": 0.015634073082376215,
      "교만": 0.014245228206441128,
      "나무": 0.014191983314800554,
      "절반": 0.013223988138337316,
      "용기": 0.013064908494619068,
      "전략": 0.012143473569868423,
      "모습": 0.01171992593637274,
      "주도": 0.010934489718760806,
      "절": 0.010441181111325455,
      "마음": 0.009703412977323847,
      "자랑": 0.009075036045695537,
      "얘기": 0.008305787820367524,
      "내일": 0.008240658659861195,
      "역사": 0.007439680271360616,
      "요구": 0.007344154540452486,
      "유대인": 0.007164034223654014,
      "은혜": 0.006734827362633095,
      "오늘": 0.006433985097292113,
      "앞": 0.00605265988576557,
      "사실": 0.005650769269335873,
      "사랑": 0.0054569747458163235,
      "나라": 0.00524267754084203,
      "능력": 0.004861206922490115,
      "사람": 0.003901606045337688,
      "장": 0.0038368282773252552,
      "본문": 0.0037148653740972
    },
    "NNP": {
      "에스더": 0.11137553304865819,
      "모르드개": 0.04440913706928258
    },
    "VA": {
      "그렇": 0.009840729572486571,
      "이렇": 0.009055534719802454,
      "없": 0.0051563062453782935,
      "좋": 0.004309154572079814,
      "크": 0.0035781935230413367,
      "어떻": 0.003332936686867368
    },
    "VV": {
      "되": 0.025048169556840076,
      "보": 0.023121387283236993,
      "있": 0.023121387283236993,
      "베풀": 0.016821442138084126,
      "나가": 0.013341222850485114,
      "주": 0.012777837536616205,
      "부르": 0.009557985841394834,
      "르": 0.008695593092433609,
      "입": 0.00849750707537631,
      "기다리": 0.007779212860509535,
      "서": 0.0077174823074313975,
      "통하": 0.005988670153082062,
      "알": 0.005276338871778674,
      "드리": 0.004782278106798521,
      "바라": 0.004712680854247484,
      "가지": 0.004682670589561697,
      "나아가": 0.004225441174685017,
      "대하": 0.0034288036205529205,
      "위하": 0.0033745267714758386
    }
  }
}