{
  "scope": "sermon",
  "idf_scope": "church",
  "church": "S-hw",
  "sermon": "S-hw-0299",
  "document_unit": "sermon_json",
  "document_count": 564,
  "min_count": 5,
  "freq": {
    "MAG": {
      "이제": 12,
      "다": 11,
      "지금": 9
    },
    "NNB": {
      "거": 72,
      "수": 23,
      "장": 19,
      "개": 8,
      "번": 12,
      "절": 7,
      "때문": 5
    },
    "NNG": {
      "하나님": 108,
      "심판": 28,
      "징계": 9,
      "얘기": 18,
      "나라": 21,
      "멸망": 12,
      "백성": 20,
      "함락": 6,
      "환난": 7,
      "북쪽": 6,
      "포로": 9,
      "절": 21,
      "씨": 5,
      "수치": 6,
      "예언": 7,
      "말": 18,
      "종말": 5,
      "핍박": 6,
      "대적": 6,
      "이야기": 15,
      "약속": 10,
      "영원": 10,
      "자리": 12,
      "의지": 9,
      "필요": 10,
      "등장": 8,
      "대상": 5,
      "기쁨": 6,
      "언약": 5,
      "상황": 8,
      "오늘": 10,
      "고통": 5,
      "기록": 6,
      "세상": 8,
      "생각": 9,
      "회복": 5,
      "말씀": 9,
      "주": 8,
      "내용": 6,
      "정도": 6,
      "신": 5,
      "뜻": 6,
      "앞": 7,
      "길": 5,
      "본문": 5,
      "가운데": 5,
      "기도": 5
    },
    "NNP": {
      "바벨론": 23,
      "바벨": 14,
      "이스라엘": 16,
      "요셉": 6
    },
    "VA": {
      "이렇": 29,
      "없": 21,
      "어떻": 16,
      "같": 16,
      "바르": 5
    },
    "VV": {
      "되": 66,
      "보": 43,
      "울": 17,
      "부스러지": 6,
      "있": 33,
      "돌아오": 12,
      "대하": 19,
      "뿌리": 6,
      "나오": 19,
      "당하": 10,
      "괴롭히": 5,
      "맡기": 6,
      "원하": 8,
      "들어가": 7,
      "보이": 9,
      "향하": 7,
      "쓰": 6,
      "돌아가": 5,
      "살펴보": 5,
      "받": 7,
      "위하": 6,
      "주": 6,
      "통하": 5,
      "알": 5
    }
  },
  "tfidf": {
    "MAG": {
      "이제": 0.006501598138905032,
      "다": 0.00570133625291005,
      "지금": 0.005199369169423014
    },
    "NNB": {
      "거": 0.04006428733567425,
      "수": 0.011465603190428714,
      "장": 0.010095168836727163,
      "개": 0.008594385566717272,
      "번": 0.006164808240469145,
      "절": 0.003608896953046237,
      "때문": 0.0025686701001954772
    },
    "NNG": {
      "하나님": 0.053838484546360914,
      "심판": 0.029617606809097086,
      "징계": 0.016965752256686565,
      "얘기": 0.014505110260071053,
      "나라": 0.014242258852850772,
      "멸망": 0.014036250115858651,
      "백성": 0.012855967618147187,
      "함락": 0.012699252077132978,
      "환난": 0.012559368290150303,
      "북쪽": 0.011872970791106581,
      "포로": 0.01151309569298454,
      "절": 0.01063669300838137,
      "씨": 0.010582710064277481,
      "수치": 0.009698348461388855,
      "예언": 0.009361943004447867,
      "말": 0.009101041297081171,
      "종말": 0.008912327057459818,
      "핍박": 0.008837883638502173,
      "대적": 0.008727772053887866,
      "이야기": 0.008603816853783254,
      "약속": 0.008414015418670163,
      "영원": 0.008241505303129408,
      "자리": 0.0076015013422294705,
      "의지": 0.007588439432467013,
      "필요": 0.007055071343482679,
      "등장": 0.006992340667456597,
      "대상": 0.0060606952958823825,
      "기쁨": 0.005718471725817662,
      "언약": 0.005652845286456155,
      "상황": 0.005208935078305793,
      "오늘": 0.0049938757709291235,
      "고통": 0.004832161090799322,
      "기록": 0.004757594837306943,
      "세상": 0.004747742665912436,
      "생각": 0.004697902015023427,
      "회복": 0.0045348276038926555,
      "말씀": 0.00448654037886341,
      "주": 0.004280867272402062,
      "내용": 0.004265291387156273,
      "정도": 0.00418531264027123,
      "신": 0.0039017562512872013,
      "뜻": 0.0037186120471624285,
      "앞": 0.003653923789462665,
      "길": 0.003416448135649922,
      "본문": 0.0028833725760066507,
      "가운데": 0.0027772917823406587,
      "기도": 0.0025550621186279324
    },
    "NNP": {
      "바벨론": 0.030981169036433963,
      "바벨": 0.021964304011804693,
      "이스라엘": 0.011482926129688537,
      "요셉": 0.009904707997242149
    },
    "VA": {
      "이렇": 0.014559341945707174,
      "없": 0.010505716930778546,
      "어떻": 0.008278177342297095,
      "같": 0.008161736270144332,
      "바르": 0.006833763412292748
    },
    "VV": {
      "되": 0.03290129611166501,
      "보": 0.02143569292123629,
      "울": 0.020861257694451605,
      "부스러지": 0.019871421387596698,
      "있": 0.016450648055832504,
      "돌아오": 0.010907658933089485,
      "대하": 0.010113090479243973,
      "뿌리": 0.010069393272964066,
      "나오": 0.009970657941892891,
      "당하": 0.0085204617021725,
      "괴롭히": 0.008438639114070322,
      "맡기": 0.006746026020424661,
      "원하": 0.0052185332439311765,
      "들어가": 0.005014206701369713,
      "보이": 0.004876198604178775,
      "향하": 0.0044100041771297374,
      "쓰": 0.0041617301770883325,
      "돌아가": 0.003964662364422452,
      "살펴보": 0.003679061584448093,
      "받": 0.0035897761851736644,
      "위하": 0.0031430537486667287,
      "주": 0.0031319346766822847,
      "통하": 0.002582352782859414,
      "알": 0.002559589862711676
    }
  }
}