{
  "scope": "sermon",
  "idf_scope": "church",
  "church": "S-hw",
  "sermon": "S-hw-0112",
  "document_unit": "sermon_json",
  "document_count": 564,
  "min_count": 5,
  "freq": {
    "MAG": {
      "굉장히": 14,
      "완전히": 9,
      "이제": 12,
      "매우": 5,
      "다": 11,
      "많이": 9,
      "가장": 7,
      "사실": 5,
      "정말": 5
    },
    "NNB": {
      "수": 26,
      "때문": 9,
      "거": 8
    },
    "NNG": {
      "미련": 34,
      "지혜": 37,
      "고린도": 9,
      "평판": 10,
      "사회": 23,
      "바보": 10,
      "교회": 30,
      "십자가": 23,
      "사람": 37,
      "자랑": 13,
      "이성": 10,
      "렌즈": 7,
      "유대인": 16,
      "헬라인": 6,
      "인간": 19,
      "세상": 26,
      "이야기": 26,
      "근대": 5,
      "소식": 11,
      "세기": 9,
      "현대": 6,
      "신": 14,
      "하나님": 21,
      "문제": 14,
      "도시": 7,
      "사상": 5,
      "선교": 10,
      "당시": 12,
      "말": 17,
      "죄인": 6,
      "시선": 6,
      "길": 10,
      "구원": 10,
      "거리": 5,
      "존재": 8,
      "세계": 5,
      "종": 5,
      "가치": 5,
      "중요": 9,
      "반대": 5,
      "안": 9,
      "해석": 5,
      "능력": 7,
      "복음": 6,
      "생각": 9,
      "도": 6,
      "기도": 8,
      "시작": 7,
      "모습": 5,
      "말씀": 6
    },
    "NNP": {
      "고린도": 8,
      "바울": 14,
      "헬라인": 5,
      "헬라": 6,
      "그리스": 6
    },
    "VA": {
      "어리석": 14,
      "거칠": 6,
      "이렇": 13,
      "많": 12,
      "괜찮": 5,
      "같": 11,
      "없": 10
    },
    "VV": {
      "있": 52,
      "보": 45,
      "되": 36,
      "보이": 22,
      "나타나": 12,
      "끼": 5,
      "전하": 9,
      "알": 13,
      "가지": 12,
      "구하": 6,
      "따르": 8,
      "그러": 8,
      "위하": 7,
      "쓰": 5,
      "받": 6,
      "듣": 5,
      "나오": 5
    }
  },
  "tfidf": {
    "MAG": {
      "굉장히": 0.010745620906498525,
      "완전히": 0.009560577733355682,
      "이제": 0.006729724389392929,
      "매우": 0.006642548494191654,
      "다": 0.005901383138977069,
      "많이": 0.0057841293300406015,
      "가장": 0.004482460361712855,
      "사실": 0.003596559226057121,
      "정말": 0.0032904252121218366
    },
    "NNB": {
      "수": 0.013415892672858616,
      "때문": 0.004785837976153678,
      "거": 0.004607783533732515
    },
    "NNG": {
      "미련": 0.07370757044240861,
      "지혜": 0.04190970096069138,
      "고린도": 0.025035211681537745,
      "평판": 0.024240291029572664,
      "사회": 0.02384202266986986,
      "바보": 0.022399863042272705,
      "교회": 0.02059555064310694,
      "십자가": 0.019380802321607597,
      "사람": 0.01932986091037658,
      "자랑": 0.018956429783377027,
      "이성": 0.01895389104755828,
      "렌즈": 0.01856409085483568,
      "유대인": 0.018418000059821343,
      "헬라인": 0.01716738780779686,
      "인간": 0.016075806320010162,
      "세상": 0.0159715729155914,
      "이야기": 0.01543655561836668,
      "근대": 0.015352248116683566,
      "소식": 0.014811051102567134,
      "세기": 0.01447670909893344,
      "현대": 0.011452754091083763,
      "신": 0.011308247942327116,
      "하나님": 0.010835913312693499,
      "문제": 0.010479929719168212,
      "도시": 0.009866660895824792,
      "사상": 0.009683454057508594,
      "선교": 0.009535025825540529,
      "당시": 0.009521567038302882,
      "말": 0.008897021852799622,
      "죄인": 0.00737151292119251,
      "시선": 0.007264375059961934,
      "길": 0.007072647017661242,
      "구원": 0.007033106910614963,
      "거리": 0.006921737309052934,
      "존재": 0.006335221282845729,
      "세계": 0.006001523315402954,
      "종": 0.005787088571567798,
      "가치": 0.005724540553998157,
      "중요": 0.0057111587154993195,
      "반대": 0.005678604989928223,
      "안": 0.005538576301954157,
      "해석": 0.005474432336267945,
      "능력": 0.005467729024584083,
      "복음": 0.004914652462037733,
      "생각": 0.004862740682217231,
      "도": 0.00484639197528305,
      "기도": 0.0042315414736574875,
      "시작": 0.003829347622617944,
      "모습": 0.0031386179365208737,
      "말씀": 0.0030959752321981426
    },
    "NNP": {
      "고린도": 0.020387741830126194,
      "바울": 0.015773724413354628,
      "헬라인": 0.013563942697282264,
      "헬라": 0.011707361206368507,
      "그리스": 0.0050455587194971055
    },
    "VA": {
      "어리석": 0.02459752393080991,
      "거칠": 0.012875454801233732,
      "이렇": 0.006755605125443074,
      "많": 0.006741689514786451,
      "괜찮": 0.006311859140672568,
      "같": 0.005808077674697008,
      "없": 0.005178256465463109
    },
    "VV": {
      "있": 0.026831785345717233,
      "보": 0.02321981424148607,
      "되": 0.018575851393188854,
      "보이": 0.012337828047220369,
      "나타나": 0.009989106063121117,
      "끼": 0.009051043175070552,
      "전하": 0.007614855625267971,
      "알": 0.0068884400866661595,
      "가지": 0.0064492862520544566,
      "구하": 0.005359206392725832,
      "따르": 0.005264680339394938,
      "그러": 0.004985657465782852,
      "위하": 0.0037955590590624524,
      "쓰": 0.0035897964977808718,
      "받": 0.0031849142094021988,
      "듣": 0.0027941096996155004,
      "나오": 0.002715922523414961
    }
  }
}