{
  "scope": "sermon",
  "idf_scope": "church",
  "church": "S-hw",
  "sermon": "S-hw-0483",
  "document_unit": "sermon_json",
  "document_count": 564,
  "min_count": 5,
  "freq": {
    "MAG": {
      "계속": 10,
      "이제": 14,
      "매일": 5,
      "먼저": 7,
      "그냥": 6,
      "많이": 6,
      "가장": 6,
      "다": 6,
      "더": 5
    },
    "NNB": {
      "거": 26,
      "수": 20,
      "절": 16,
      "때문": 8,
      "분": 5
    },
    "NNG": {
      "하나님": 88,
      "부자": 20,
      "염려": 13,
      "영혼": 18,
      "곳간": 8,
      "수명": 6,
      "소유": 12,
      "까마귀": 5,
      "곡식": 7,
      "이야기": 23,
      "나라": 19,
      "비유": 9,
      "유산": 5,
      "주인": 8,
      "생각": 15,
      "초점": 5,
      "고백": 11,
      "의지": 8,
      "성경": 12,
      "사람": 12,
      "오늘": 10,
      "행동": 5,
      "본문": 8,
      "아버지": 7,
      "문제": 6,
      "자녀": 5,
      "삶": 7,
      "기도": 7,
      "마음": 6,
      "마지막": 5,
      "절": 6,
      "세상": 5,
      "기억": 5
    },
    "NNP": {
      "루피": 5,
      "예수": 8
    },
    "VA": {
      "어리석": 6,
      "헛되": 5,
      "어떻": 15,
      "이렇": 15,
      "없": 14,
      "좋": 5,
      "크": 5,
      "많": 5
    },
    "VV": {
      "있": 31,
      "잊어버리": 9,
      "되": 27,
      "먹": 14,
      "구하": 10,
      "대하": 7,
      "보": 7,
      "쓰": 5,
      "주": 5
    }
  },
  "tfidf": {
    "MAG": {
      "계속": 0.012960757344852131,
      "이제": 0.011659698731354336,
      "매일": 0.00819283026774182,
      "먼저": 0.007216496772620086,
      "그냥": 0.005972206028617485,
      "많이": 0.005726509650890771,
      "가장": 0.0057057524998354765,
      "다": 0.004780305338908071,
      "더": 0.0039765382539865834
    },
    "NNB": {
      "거": 0.022239175928899808,
      "수": 0.01532567049808429,
      "절": 0.012679929568141438,
      "때문": 0.006317550615775789,
      "분": 0.004536754928897842
    },
    "NNG": {
      "하나님": 0.06743295019157088,
      "부자": 0.0502127620015329,
      "염려": 0.032300578694265454,
      "영혼": 0.03102385373674561,
      "곳간": 0.03027696832703798,
      "수명": 0.027358764919662302,
      "소유": 0.023290158035983305,
      "까마귀": 0.021944014631081765,
      "곡식": 0.021110650150490417,
      "이야기": 0.02027907545337685,
      "나라": 0.019807679398560638,
      "비유": 0.017581613712857894,
      "유산": 0.01562731491618758,
      "주인": 0.013675894297292629,
      "생각": 0.01203574896824648,
      "초점": 0.011887813128540925,
      "고백": 0.01183937623040822,
      "의지": 0.010368605875881705,
      "성경": 0.010227745304561666,
      "사람": 0.00931003925301269,
      "오늘": 0.007676409805734728,
      "행동": 0.007111826849825477,
      "본문": 0.007091549900345552,
      "아버지": 0.006693077386894378,
      "문제": 0.006669984826189817,
      "자녀": 0.0064939412268518295,
      "삶": 0.005737453086770535,
      "기도": 0.005498571995367575,
      "마음": 0.004961646635695642,
      "마지막": 0.004949503513833061,
      "절": 0.004671528445498199,
      "세상": 0.004561289170412044,
      "기억": 0.0044560905258410125
    },
    "NNP": {
      "루피": 0.025454707090369715,
      "예수": 0.006746091285472716
    },
    "VA": {
      "어리석": 0.015655172866308575,
      "헛되": 0.012297667992725475,
      "어떻": 0.011929614761959752,
      "이렇": 0.011575917535905108,
      "없": 0.01076601183302261,
      "좋": 0.004284389315918436,
      "크": 0.004269155030938975,
      "많": 0.004171581826199279
    },
    "VV": {
      "있": 0.02375478927203065,
      "잊어버리": 0.020731671661104206,
      "되": 0.020689655172413793,
      "먹": 0.01699581861493587,
      "구하": 0.013264549155942095,
      "대하": 0.00572728439239943,
      "보": 0.0053639846743295016,
      "쓰": 0.005331054109348144,
      "주": 0.004011916322748827
    }
  }
}