{
  "scope": "sermon",
  "idf_scope": "church",
  "church": "S-hw",
  "sermon": "S-hw-0329",
  "document_unit": "sermon_json",
  "document_count": 564,
  "min_count": 5,
  "freq": {
    "MAG": {
      "친히": 5,
      "영원히": 5,
      "이제": 11,
      "더": 10,
      "다": 9,
      "너무나": 5,
      "다시": 7,
      "사실": 5
    },
    "NNB": {
      "거": 26,
      "수": 26,
      "뿐": 8,
      "절": 11,
      "장": 9,
      "번": 8
    },
    "NNG": {
      "혼돈": 81,
      "위": 63,
      "성령": 53,
      "날개": 20,
      "독수리": 17,
      "새끼": 15,
      "운행": 15,
      "가운데": 64,
      "보금자리": 10,
      "아기": 14,
      "하나님": 48,
      "비둘기": 11,
      "모습": 30,
      "인생": 22,
      "대양": 5,
      "새": 9,
      "보호": 12,
      "이틀": 7,
      "광야": 11,
      "시대": 17,
      "태초": 7,
      "범람": 5,
      "수면": 5,
      "거대": 7,
      "아버지": 18,
      "말씀": 22,
      "물": 10,
      "창조": 9,
      "바람": 7,
      "백성": 16,
      "죽음": 10,
      "단어": 13,
      "하늘": 10,
      "노예": 6,
      "후회": 5,
      "장": 14,
      "소리": 8,
      "인도": 9,
      "포로": 6,
      "절": 15,
      "주": 14,
      "안": 12,
      "복음": 9,
      "세상": 12,
      "아래": 6,
      "불": 5,
      "사랑": 12,
      "애": 5,
      "사람": 12,
      "빛": 5,
      "장면": 6,
      "구약": 5,
      "속": 8,
      "땅": 8,
      "집": 6,
      "공동체": 5,
      "역사": 6,
      "준비": 5,
      "신": 5,
      "말": 7,
      "생각": 6,
      "시작": 5,
      "기도": 5
    },
    "NNP": {
      "성": 19,
      "흑암": 6,
      "창세기": 10,
      "성령": 9,
      "신명기": 6,
      "이스라엘": 12,
      "예수": 12
    },
    "VA": {
      "없": 22,
      "같": 17,
      "이렇": 12,
      "그렇": 10
    },
    "VV": {
      "임하": 28,
      "있": 55,
      "지키": 30,
      "너풀거리": 5,
      "되": 32,
      "허우적거리": 5,
      "펴": 7,
      "나오": 21,
      "보": 21,
      "찾아오": 11,
      "태어나": 7,
      "낳": 7,
      "나타나": 11,
      "잃": 7,
      "바라": 11,
      "읽": 14,
      "잊": 6,
      "마시": 6,
      "살아가": 10,
      "붙들": 5,
      "계시": 7,
      "보이": 8,
      "들어가": 6,
      "일어나": 6,
      "그러": 5,
      "믿": 5,
      "살": 5,
      "받": 5
    }
  },
  "tfidf": {
    "MAG": {
      "친히": 0.006343676958533069,
      "영원히": 0.004972290643807751,
      "이제": 0.004934112826147972,
      "더": 0.004283435758524549,
      "다": 0.0038619264139135574,
      "너무나": 0.0034829787308816233,
      "다시": 0.003184855566651459,
      "사실": 0.002876653644283409
    },
    "NNB": {
      "거": 0.01197776499678673,
      "수": 0.010730499380932727,
      "뿐": 0.006128557351397276,
      "절": 0.004695119401327649,
      "장": 0.003958949935449143,
      "번": 0.0034025602779972778
    },
    "NNG": {
      "혼돈": 0.15952207439887628,
      "위": 0.040379296151651804,
      "성령": 0.03707415971565883,
      "날개": 0.03670205508254459,
      "독수리": 0.03247593231974904,
      "새끼": 0.02954112488868079,
      "운행": 0.02954112488868079,
      "가운데": 0.029431269350724158,
      "보금자리": 0.024558528147034873,
      "아기": 0.01990510774350037,
      "하나님": 0.01981015270326042,
      "비둘기": 0.01970781181738215,
      "모습": 0.01506225727027021,
      "인생": 0.013479864436724416,
      "대양": 0.012872912592815375,
      "새": 0.01279614069225024,
      "보호": 0.012708911795364966,
      "이틀": 0.012014611351873488,
      "광야": 0.011727441576739925,
      "시대": 0.01169544438250956,
      "태초": 0.011467894885728339,
      "범람": 0.011124464676209507,
      "수면": 0.011124464676209507,
      "거대": 0.010329913045055776,
      "아버지": 0.009269523484355224,
      "말씀": 0.009079653322327692,
      "물": 0.008825128765499856,
      "창조": 0.008715451217213925,
      "바람": 0.008646777616611348,
      "백성": 0.008514757256955266,
      "죽음": 0.008172676254537468,
      "단어": 0.007949979164784226,
      "하늘": 0.007818440035594912,
      "노예": 0.007719318264887332,
      "후회": 0.007378509317896984,
      "장": 0.006903440593407834,
      "소리": 0.006797230117757899,
      "인도": 0.006416089733245288,
      "포로": 0.006354455897682483,
      "절": 0.006290079056309482,
      "주": 0.006202222269817349,
      "안": 0.005906595610503319,
      "복음": 0.005896365954248324,
      "세상": 0.005895979233070789,
      "아래": 0.005776837206440732,
      "불": 0.005440250444395428,
      "사랑": 0.0052599110684498655,
      "애": 0.0052265882922269595,
      "사람": 0.005014280324053471,
      "빛": 0.00489884667950172,
      "장면": 0.004868809830009355,
      "구약": 0.004334262831854089,
      "속": 0.003895490699334332,
      "땅": 0.00387457177750491,
      "집": 0.0037780059550220563,
      "공동체": 0.003746109808675597,
      "역사": 0.003585508310722806,
      "준비": 0.0033630116929376083,
      "신": 0.0032302612629311286,
      "말": 0.0029301788850739164,
      "생각": 0.002592926521429906,
      "시작": 0.002187747094108123,
      "기도": 0.002115334135356018
    },
    "NNP": {
      "성": 0.020056270129039752,
      "흑암": 0.011632938674860541,
      "창세기": 0.010453176584453919,
      "성령": 0.01003667795553085,
      "신명기": 0.00757777865158164,
      "이스라엘": 0.007130029864678664,
      "예수": 0.005450051048829071
    },
    "VA": {
      "없": 0.009111850708274251,
      "같": 0.007179414214931439,
      "이렇": 0.004987725095949209,
      "그렇": 0.004215714938605473
    },
    "VV": {
      "임하": 0.024088924674698597,
      "있": 0.02269913330581923,
      "지키": 0.01799632698297353,
      "너풀거리": 0.01370961318734316,
      "되": 0.013206768468840282,
      "허우적거리": 0.011442563478989653,
      "펴": 0.01007294548330775,
      "나오": 0.009123616579277101,
      "보": 0.008666941807676434,
      "찾아오": 0.008116073507537529,
      "태어나": 0.007806305076523994,
      "낳": 0.0075902058228802085,
      "나타나": 0.007323832819287932,
      "잃": 0.0070461830451377236,
      "바라": 0.006662326454040169,
      "읽": 0.006028762002558576,
      "잊": 0.005695104734790289,
      "마시": 0.005615983975880006,
      "살아가": 0.004984628646660733,
      "붙들": 0.004367457503235897,
      "계시": 0.004305699006446973,
      "보이": 0.0035884456917439802,
      "들어가": 0.00355822132289876,
      "일어나": 0.0031237631862759147,
      "그러": 0.0024923143233303666,
      "믿": 0.0023743646455756237,
      "살": 0.0022748968333224707,
      "받": 0.002122837989345667
    }
  }
}