{
  "scope": "sermon",
  "idf_scope": "church",
  "church": "S-hw",
  "sermon": "S-hw-0491",
  "document_unit": "sermon_json",
  "document_count": 564,
  "min_count": 5,
  "freq": {
    "MAG": {
      "매일": 10,
      "정말로": 5,
      "이제": 10,
      "가장": 8,
      "너무나": 5,
      "더": 8,
      "다": 5
    },
    "NNB": {
      "수": 23,
      "거": 5,
      "절": 5
    },
    "NNG": {
      "시편": 24,
      "말씀": 71,
      "기자": 22,
      "삶": 41,
      "고백": 25,
      "빛": 13,
      "하나님": 27,
      "속": 17,
      "묵상": 10,
      "절": 18,
      "내용": 12,
      "경험": 11,
      "반복": 7,
      "위기": 5,
      "오늘": 14,
      "사람": 13,
      "문제": 9,
      "책": 6,
      "길": 9,
      "지혜": 5,
      "축복": 7,
      "앞": 9,
      "성경": 8,
      "순종": 5,
      "이름": 7,
      "믿음": 6,
      "사랑": 7,
      "모습": 6,
      "말": 7,
      "이야기": 6,
      "주": 6,
      "생각": 6,
      "기도": 6,
      "의미": 5,
      "땅": 5,
      "본문": 5
    },
    "NNP": {
      "예수": 9
    },
    "VA": {
      "깊": 6,
      "새롭": 5,
      "같": 6,
      "이렇": 6,
      "어떻": 5,
      "그렇": 5,
      "없": 5
    },
    "VV": {
      "있": 25,
      "되": 18,
      "살아가": 13,
      "읽": 15,
      "나아가": 8,
      "보이": 9,
      "가지": 6,
      "알": 6,
      "살": 5,
      "보": 5
    }
  },
  "tfidf": {
    "MAG": {
      "매일": 0.017938999160072275,
      "정말로": 0.011135463523583144,
      "이제": 0.009117873228917432,
      "가장": 0.008328866904122255,
      "너무나": 0.007079913980642763,
      "더": 0.006965613988526835,
      "다": 0.004361226557099435
    },
    "NNB": {
      "수": 0.01929530201342282,
      "거": 0.004682196145330125,
      "절": 0.004338115584737986
    },
    "NNG": {
      "시편": 0.06631760664386356,
      "말씀": 0.05956375838926174,
      "기자": 0.05673759126704091,
      "삶": 0.03679079906611427,
      "고백": 0.029458484557433516,
      "빛": 0.025890733482822934,
      "하나님": 0.022651006711409395,
      "속": 0.01682667338467706,
      "묵상": 0.016494863280358877,
      "절": 0.015343149214870346,
      "내용": 0.014355997521200474,
      "경험": 0.013915001047733702,
      "반복": 0.012994993508558955,
      "위기": 0.01250049037104383,
      "오늘": 0.011765772411977642,
      "사람": 0.011042003350626418,
      "문제": 0.01095343565206927,
      "책": 0.010599247219589871,
      "길": 0.01034908634916505,
      "지혜": 0.009207895027868208,
      "축복": 0.008959558026164584,
      "앞": 0.007906033089041102,
      "성경": 0.007464881220611282,
      "순종": 0.007323149121793559,
      "이름": 0.007092641482886972,
      "믿음": 0.006938260258976472,
      "사랑": 0.006236951316553284,
      "모습": 0.006123464658702134,
      "말": 0.005956227716891024,
      "이야기": 0.005791696848553425,
      "주": 0.005403158398765857,
      "생각": 0.005270688726027401,
      "기도": 0.005159853634195603,
      "의미": 0.004957917940981641,
      "땅": 0.004922445164059562,
      "본문": 0.004852387070024615
    },
    "NNP": {
      "예수": 0.008308813144701872
    },
    "VA": {
      "깊": 0.009513867581275827,
      "새롭": 0.007450268876388059,
      "같": 0.005150726601691337,
      "이렇": 0.005069319592065828,
      "어떻": 0.004353508742829272,
      "그렇": 0.00428468007392662,
      "없": 0.004209505465632343
    },
    "VV": {
      "있": 0.02097315436241611,
      "되": 0.015100671140939598,
      "살아가": 0.013172048468218662,
      "읽": 0.013130114752096803,
      "나아가": 0.008830888468435667,
      "보이": 0.008206085906025689,
      "가지": 0.0052427503173160805,
      "알": 0.00516899724624123,
      "살": 0.004624224016057338,
      "보": 0.0041946308724832215
    }
  }
}