{
  "scope": "sermon",
  "idf_scope": "church",
  "church": "S-hw",
  "sermon": "S-hw-0131",
  "document_unit": "sermon_json",
  "document_count": 564,
  "min_count": 5,
  "freq": {
    "MAG": {
      "다시": 28,
      "서로": 12,
      "분명": 10,
      "굉장히": 9,
      "없이": 8,
      "항상": 6,
      "스스로": 5,
      "늘": 6,
      "아직": 5,
      "다": 9,
      "안": 6,
      "너무": 5,
      "이제": 6,
      "잘": 6,
      "더": 5
    },
    "NNB": {
      "수": 23,
      "때문": 11,
      "거": 10,
      "뿐": 6,
      "번": 9,
      "장": 6,
      "분": 5,
      "절": 5
    },
    "NNG": {
      "위로": 48,
      "재림": 23,
      "부활": 22,
      "소망": 29,
      "신앙": 25,
      "하나님": 36,
      "삶": 32,
      "사랑": 30,
      "복음": 19,
      "말씀": 28,
      "곁": 9,
      "거룩": 7,
      "이야기": 21,
      "통과": 6,
      "안": 19,
      "계절": 5,
      "공동체": 12,
      "세상": 18,
      "이웃": 8,
      "성도": 16,
      "교회": 14,
      "일상": 9,
      "노래": 7,
      "말": 17,
      "하늘": 9,
      "시대": 10,
      "기도": 16,
      "열매": 7,
      "상황": 12,
      "단어": 10,
      "가능": 7,
      "자연": 6,
      "사회": 7,
      "마음": 13,
      "감사": 10,
      "소식": 5,
      "날": 9,
      "직장": 5,
      "문화": 5,
      "메시지": 6,
      "시작": 11,
      "은혜": 10,
      "목사": 7,
      "절": 11,
      "사람": 11,
      "장": 9,
      "감당": 5,
      "주변": 5,
      "중심": 5,
      "아버지": 8,
      "죽음": 5,
      "믿음": 7,
      "기쁨": 5,
      "백성": 7,
      "인생": 6,
      "문제": 6,
      "뜻": 7,
      "십자가": 5,
      "기억": 7,
      "축복": 5,
      "경험": 5,
      "주": 7,
      "앞": 7,
      "속": 6,
      "이유": 5,
      "자리": 5
    },
    "NNP": {
      "예수": 49,
      "데살로니가": 8,
      "바울": 14,
      "그리스도": 22,
      "그리스": 5
    },
    "VA": {
      "없": 27,
      "참되": 7,
      "그렇": 16,
      "짧": 6,
      "이렇": 14,
      "같": 12,
      "어떻": 9,
      "좋": 6
    },
    "VV": {
      "되": 54,
      "있": 41,
      "끌어당기": 8,
      "살아내": 14,
      "살": 18,
      "머물": 7,
      "죽": 14,
      "읽": 15,
      "택하": 6,
      "위하": 14,
      "보내": 10,
      "받": 13,
      "말": 5,
      "보": 13,
      "살아가": 10,
      "전하": 6,
      "계시": 6,
      "믿": 7,
      "알": 7,
      "나누": 5,
      "가지": 5
    }
  },
  "tfidf": {
    "MAG": {
      "다시": 0.011927210259654538,
      "서로": 0.01001859041069217,
      "분명": 0.006953212767109368,
      "굉장히": 0.00517291675455805,
      "없이": 0.005058368339275902,
      "항상": 0.0043819668303248785,
      "스스로": 0.003909620850279469,
      "늘": 0.0038015430710379517,
      "아직": 0.00373676265315719,
      "다": 0.0036157062213727008,
      "안": 0.0029949468711988306,
      "너무": 0.002628428944838692,
      "이제": 0.0025197461102479703,
      "잘": 0.002510812023734856,
      "더": 0.0020051709511021993
    },
    "NNB": {
      "수": 0.008887171561051005,
      "때문": 0.004380237591260695,
      "거": 0.004313120405899157,
      "뿐": 0.004303369724430717,
      "번": 0.0035838307564860237,
      "장": 0.0024710292873759074,
      "분": 0.0022876604258932317,
      "절": 0.0019980810575763834
    },
    "NNG": {
      "위로": 0.04082276279621971,
      "재림": 0.03440303943275674,
      "부활": 0.02060732557922278,
      "소망": 0.01622507164281037,
      "신앙": 0.01482522561601022,
      "하나님": 0.013910355486862442,
      "삶": 0.01322565913576604,
      "사랑": 0.012311403128722977,
      "복음": 0.011654258948812042,
      "말씀": 0.010819165378670788,
      "곁": 0.010064748945867513,
      "거룩": 0.010005671174629206,
      "이야기": 0.009336537578116264,
      "통과": 0.00876694977509357,
      "안": 0.008755858517540613,
      "계절": 0.008700951288814191,
      "공동체": 0.008417456630374935,
      "세상": 0.008280114575964368,
      "이웃": 0.007854822830138176,
      "성도": 0.007575631478477666,
      "교회": 0.007197301391663801,
      "일상": 0.006969459984903263,
      "노래": 0.006872969976370904,
      "말": 0.006662452994870816,
      "하늘": 0.006587972251013071,
      "시대": 0.006441054127379912,
      "기도": 0.006337501836126903,
      "열매": 0.006220676932430325,
      "상황": 0.006056292755263574,
      "단어": 0.0057254783962288015,
      "가능": 0.005513739780598465,
      "자연": 0.005439860458348619,
      "사회": 0.005433789388136793,
      "마음": 0.005420809838651248,
      "감사": 0.005150458516382928,
      "소식": 0.005041417914285357,
      "날": 0.004912337482066144,
      "직장": 0.004815762451097082,
      "문화": 0.004770655488197176,
      "메시지": 0.004737683708860777,
      "시작": 0.004506184180777729,
      "은혜": 0.004502029110260918,
      "목사": 0.004372332952771718,
      "절": 0.004318636710144684,
      "사람": 0.0043033749831593625,
      "장": 0.00415498258502,
      "감당": 0.003938385557570333,
      "주변": 0.003928749658205884,
      "중심": 0.0038626113822355546,
      "아버지": 0.003857127838329505,
      "죽음": 0.0038258103873153567,
      "믿음": 0.0037282871973789078,
      "기쁨": 0.003693732058858266,
      "백성": 0.0034877028070715377,
      "인생": 0.0034419395317742654,
      "문제": 0.0033633424258801047,
      "뜻": 0.003362747962793329,
      "십자가": 0.003155029475444822,
      "기억": 0.00314577951727648,
      "축복": 0.002947613481780797,
      "경험": 0.0029132150570638214,
      "주": 0.0029033973260756255,
      "앞": 0.002832214498323843,
      "속": 0.002735347941794943,
      "이유": 0.002542122066841025,
      "자리": 0.002455018626434878
    },
    "NNP": {
      "예수": 0.020835529716458308,
      "데살로니가": 0.016664344921456346,
      "바울": 0.011812008467187506,
      "그리스도": 0.010397665428482463,
      "그리스": 0.003148600205559438
    },
    "VA": {
      "없": 0.010469762280209531,
      "참되": 0.007230953036800856,
      "그렇": 0.006315101883302047,
      "짧": 0.006287139685924659,
      "이렇": 0.0054480168310403485,
      "같": 0.0047447187861020665,
      "어떻": 0.0036093077119839587,
      "좋": 0.0025924859616415262
    },
    "VV": {
      "되": 0.020865533230293665,
      "있": 0.015842349304482226,
      "끌어당기": 0.015267172977892027,
      "살아내": 0.012134102559797333,
      "살": 0.0076674923097779174,
      "머물": 0.007443202383049104,
      "죽": 0.007250862053857759,
      "읽": 0.006047564445324339,
      "택하": 0.005760731376878261,
      "위하": 0.005684538992629855,
      "보내": 0.005447835027728091,
      "받": 0.0051674863853476945,
      "말": 0.005164966454857754,
      "보": 0.005023183925811438,
      "살아가": 0.004666829679620926,
      "전하": 0.0038015430710379517,
      "계시": 0.0034553020620294818,
      "믿": 0.003112179192705421,
      "알": 0.002777570390432562,
      "나누": 0.0025609709365190863,
      "가지": 0.0020122869584752604
    }
  }
}