{
  "scope": "sermon",
  "idf_scope": "church",
  "church": "S-hw",
  "sermon": "S-hw-0033",
  "document_unit": "sermon_json",
  "document_count": 564,
  "min_count": 5,
  "freq": {
    "MAG": {
      "항상": 14,
      "역시": 8,
      "더": 8,
      "이제": 7,
      "잘": 5
    },
    "NNB": {
      "수": 21,
      "번": 13,
      "절": 8,
      "장": 6,
      "때문": 6,
      "분": 5
    },
    "NNG": {
      "왕": 52,
      "등불": 20,
      "아합": 16,
      "말씀": 56,
      "하나님": 56,
      "등잔대": 9,
      "모습": 34,
      "언약": 18,
      "신실": 12,
      "소개": 13,
      "남유다": 7,
      "성막": 7,
      "분열": 7,
      "오늘": 26,
      "단어": 17,
      "람": 5,
      "결혼": 9,
      "평가": 8,
      "선택": 10,
      "등장": 12,
      "왕국": 6,
      "멸망": 8,
      "열": 5,
      "자손": 7,
      "속": 14,
      "길": 12,
      "성경": 13,
      "기준": 6,
      "기": 8,
      "집": 9,
      "인물": 5,
      "종": 5,
      "악": 5,
      "이야기": 9,
      "발견": 5,
      "내용": 7,
      "이후": 5,
      "사용": 5,
      "표현": 6,
      "기도": 7,
      "나라": 5,
      "은혜": 5,
      "기억": 5,
      "가운데": 5
    },
    "NNP": {
      "다윗": 20,
      "북": 11,
      "남유다": 8,
      "이스라엘": 17,
      "여호와": 8
    },
    "VA": {
      "참되": 5,
      "그렇": 6,
      "좋": 5
    },
    "VV": {
      "되": 39,
      "있": 33,
      "왕": 5,
      "보이": 18,
      "위하": 16,
      "통하": 13,
      "붙잡": 6,
      "주": 12,
      "맺": 6,
      "살펴보": 7,
      "보": 9,
      "살아가": 7,
      "쓰": 6,
      "가지": 7,
      "지키": 5,
      "살": 5,
      "읽": 5
    }
  },
  "tfidf": {
    "MAG": {
      "항상": 0.01863467396670552,
      "역시": 0.01422333169450154,
      "더": 0.00584719146079154,
      "이제": 0.0053577136776117645,
      "잘": 0.0038133694351090417
    },
    "NNB": {
      "수": 0.014788732394366197,
      "번": 0.009434616742661642,
      "절": 0.00582651693183964,
      "장": 0.00450353788431609,
      "때문": 0.0043544384966130644,
      "분": 0.004169341677613862
    },
    "NNG": {
      "왕": 0.06379573681712626,
      "등불": 0.06343116038155247,
      "아합": 0.052932601707393605,
      "말씀": 0.03943661971830986,
      "하나님": 0.03943661971830986,
      "등잔대": 0.037714635443830254,
      "모습": 0.0291281426863709,
      "언약": 0.028748301070895613,
      "신실": 0.02275297041131043,
      "소개": 0.020479204889569825,
      "남유다": 0.01974109052591455,
      "성막": 0.018931145906873045,
      "분열": 0.018367151217968676,
      "오늘": 0.018342294697787278,
      "단어": 0.01773930616341425,
      "람": 0.016298505387479685,
      "결혼": 0.016210788832615636,
      "평가": 0.015738202528881338,
      "선택": 0.015336411492478256,
      "등장": 0.0148168683580119,
      "왕국": 0.014732442800435418,
      "멸망": 0.013219116306296927,
      "열": 0.012673084904447438,
      "자손": 0.012210629075699564,
      "속": 0.011632291857642535,
      "길": 0.011583202749488016,
      "성경": 0.010182728819946517,
      "기준": 0.01000146097846665,
      "기": 0.00981472874109635,
      "집": 0.009669832847554693,
      "인물": 0.008721877911213973,
      "종": 0.00789815327584394,
      "악": 0.007548834085409262,
      "이야기": 0.0072926436374743135,
      "발견": 0.007142809977976184,
      "내용": 0.007029720851930561,
      "이후": 0.0059184292969246075,
      "사용": 0.005500965442260679,
      "표현": 0.005488541455877336,
      "기도": 0.0050532651084187925,
      "나라": 0.004790404302283475,
      "은혜": 0.004102553287801146,
      "기억": 0.0040952099550862825,
      "가운데": 0.003923413602377015
    },
    "NNP": {
      "다윗": 0.03626270135702373,
      "북": 0.03362818875599785,
      "남유다": 0.022561246315330914,
      "이스라엘": 0.01723550822511613,
      "여호와": 0.010093793164320443
    },
    "VA": {
      "참되": 0.009413333228994273,
      "그렇": 0.004316060829397631,
      "좋": 0.003937414124840535
    },
    "VV": {
      "되": 0.027464788732394368,
      "있": 0.02323943661971831,
      "왕": 0.017390600205450954,
      "보이": 0.013776978028144538,
      "위하": 0.011840311398733254,
      "통하": 0.009484872657944761,
      "붙잡": 0.009153556631443474,
      "주": 0.008848818255527692,
      "맺": 0.00836720897101871,
      "살펴보": 0.0072762510942000185,
      "보": 0.006338028169014085,
      "살아가": 0.0059538229912685006,
      "쓰": 0.005879176574112108,
      "가지": 0.005134449371794058,
      "지키": 0.005117969516401979,
      "살": 0.0038817429768593995,
      "읽": 0.003673966381337885
    }
  }
}