{
  "scope": "sermon",
  "idf_scope": "church",
  "church": "S-hw",
  "sermon": "S-hw-0401",
  "document_unit": "sermon_json",
  "document_count": 564,
  "min_count": 5,
  "freq": {
    "MAG": {
      "전혀": 9,
      "이제": 8,
      "다": 8,
      "많이": 6
    },
    "NNB": {
      "때문": 9,
      "수": 8,
      "절": 7
    },
    "NNG": {
      "구조": 15,
      "계층": 9,
      "지배": 12,
      "부유": 9,
      "하나님": 32,
      "포도나무": 7,
      "선지자": 12,
      "통치자": 7,
      "열매": 10,
      "예언": 8,
      "음란": 5,
      "개념": 8,
      "나라": 15,
      "정의": 8,
      "왕": 11,
      "국가": 6,
      "신앙": 12,
      "이야기": 15,
      "파괴": 5,
      "모습": 12,
      "사용": 8,
      "말": 12,
      "행위": 5,
      "눈물": 5,
      "동일": 5,
      "사회": 5,
      "땅": 8,
      "생활": 5,
      "의미": 7,
      "기도": 8,
      "말씀": 8,
      "백성": 6,
      "시작": 7,
      "죄": 5,
      "역사": 5,
      "세상": 6,
      "구원": 5,
      "앞": 6
    },
    "NNP": {
      "호세아": 18,
      "아모스": 9,
      "북이스라엘": 5,
      "예레미야": 5,
      "이스라엘": 6
    },
    "VA": {
      "이렇": 11,
      "어떻": 8,
      "그렇": 8,
      "많": 5,
      "같": 5
    },
    "VV": {
      "되": 48,
      "위하": 41,
      "살아가": 19,
      "쌓": 8,
      "있": 21,
      "보": 14,
      "가지": 12,
      "향하": 9,
      "바뀌": 5,
      "들어오": 5,
      "나오": 9,
      "생기": 5,
      "섬기": 5,
      "나누": 5,
      "주": 5,
      "통하": 5
    }
  },
  "tfidf": {
    "MAG": {
      "전혀": 0.01217337139184777,
      "이제": 0.006179675842996207,
      "다": 0.005911678244278638,
      "많이": 0.00531136822630594
    },
    "NNB": {
      "때문": 0.006592007105746858,
      "수": 0.005685856432125089,
      "절": 0.005145307240803662
    },
    "NNG": {
      "구조": 0.031108583404582547,
      "계층": 0.0284421362894474,
      "지배": 0.0257512803207687,
      "부유": 0.024373977866931424,
      "하나님": 0.022743425728500355,
      "포도나무": 0.02112329988949316,
      "선지자": 0.019396423864558417,
      "통치자": 0.018536854818418987,
      "열매": 0.01634593552759639,
      "예언": 0.015254387383021562,
      "음란": 0.014930104887055049,
      "개념": 0.014687906411030996,
      "나라": 0.014503995968534189,
      "정의": 0.014172785470861973,
      "왕": 0.01361994162543754,
      "국가": 0.013485878299576988,
      "신앙": 0.013089188535346507,
      "이야기": 0.012266706900276623,
      "파괴": 0.011582403295098513,
      "모습": 0.010375507993138513,
      "사용": 0.008882866726948302,
      "말": 0.008650409306773195,
      "행위": 0.008461260389286355,
      "눈물": 0.008172967763798195,
      "동일": 0.007598893745133672,
      "사회": 0.007139124244338522,
      "땅": 0.006672414653087702,
      "생활": 0.0064087997243032005,
      "의미": 0.005880436005622006,
      "기도": 0.00582851981232993,
      "말씀": 0.005685856432125089,
      "백성": 0.00549873582985144,
      "시작": 0.005274538516441774,
      "죄": 0.005175169668606043,
      "역사": 0.005145514473395735,
      "세상": 0.005076744023358394,
      "구원": 0.004843696230551456,
      "앞": 0.004465288529797201
    },
    "NNP": {
      "호세아": 0.054912195651467176,
      "아모스": 0.025848542847390903,
      "북이스라엘": 0.013756538124899482,
      "예레미야": 0.01050035215519744,
      "이스라엘": 0.006139325643964607
    },
    "VA": {
      "이렇": 0.007873598494570852,
      "어떻": 0.005901216683954504,
      "그렇": 0.005807918860691435,
      "많": 0.0038691643803767297,
      "같": 0.0036363812539777743
    },
    "VV": {
      "되": 0.03411513859275053,
      "위하": 0.03062113226875666,
      "살아가": 0.016309690760932496,
      "쌓": 0.015823447559607108,
      "있": 0.014925373134328358,
      "보": 0.009950248756218905,
      "가지": 0.00888323863289377,
      "향하": 0.008083888254025817,
      "바뀌": 0.008015001301215274,
      "들어오": 0.006889349785460867,
      "나오": 0.0067336347766032345,
      "생기": 0.00670144732615757,
      "섬기": 0.006177696418436625,
      "나누": 0.004710584778757211,
      "주": 0.003721073774831001,
      "통하": 0.0036817339604946586
    }
  }
}