{
  "scope": "sermon",
  "idf_scope": "church",
  "church": "S-hw",
  "sermon": "S-hw-0305",
  "document_unit": "sermon_json",
  "document_count": 564,
  "min_count": 5,
  "freq": {
    "MAG": {
      "지금": 17,
      "이제": 12,
      "영원히": 5,
      "더": 6
    },
    "NNB": {
      "절": 20,
      "수": 16,
      "장": 7,
      "거": 6,
      "때문": 6
    },
    "NNG": {
      "맷돌": 7,
      "파괴": 11,
      "성전": 14,
      "성찰": 7,
      "하나님": 31,
      "적": 7,
      "문제": 17,
      "본능": 5,
      "부자": 6,
      "이야기": 17,
      "고통": 10,
      "고난": 9,
      "여성": 5,
      "시인": 5,
      "민족": 8,
      "시": 8,
      "희망": 5,
      "공동체": 7,
      "죄": 8,
      "앞": 11,
      "당시": 6,
      "손": 6,
      "백성": 7,
      "이후": 5,
      "기도": 7,
      "말": 7,
      "고백": 5,
      "오늘": 7,
      "제목": 5,
      "표현": 5,
      "아버지": 5,
      "중요": 5,
      "절": 6,
      "말씀": 6,
      "가운데": 5,
      "마음": 5
    },
    "NNP": {
      "예루살렘": 7,
      "이스라엘": 9
    },
    "VA": {
      "이렇": 28,
      "없": 8,
      "그렇": 6
    },
    "VV": {
      "있": 26,
      "되": 24,
      "보": 19,
      "보이": 12,
      "변하": 5,
      "지": 6,
      "위하": 6,
      "가지": 6,
      "받": 5
    }
  },
  "tfidf": {
    "MAG": {
      "지금": 0.01600405157646571,
      "이제": 0.010594805740571483,
      "영원히": 0.00978705136470039,
      "더": 0.005058699354787157
    },
    "NNB": {
      "절": 0.01680270926728734,
      "수": 0.012997562956945572,
      "장": 0.006060813237219327,
      "거": 0.005440628242307239,
      "때문": 0.0050229916045414725
    },
    "NNG": {
      "맷돌": 0.030655084544791142,
      "파괴": 0.02912442823691953,
      "성전": 0.027078782639831458,
      "성찰": 0.02671354899327236,
      "하나님": 0.025182778229082048,
      "적": 0.020466362948855815,
      "문제": 0.020034337038860154,
      "본능": 0.01784072604378554,
      "부자": 0.015969371505767774,
      "이야기": 0.01588991943394078,
      "고통": 0.015748684237438568,
      "고난": 0.014617050254269787,
      "여성": 0.013830219733639784,
      "시인": 0.01375134854819258,
      "민족": 0.01351311362546651,
      "시": 0.012117335873111073,
      "희망": 0.011054854647868324,
      "공동체": 0.010322951822087215,
      "죄": 0.009464128316787916,
      "앞": 0.009356792658498685,
      "당시": 0.007495043428201049,
      "손": 0.007480295803912485,
      "백성": 0.007332392254022047,
      "이후": 0.006827107718629522,
      "기도": 0.005829111660401856,
      "말": 0.005767525132846547,
      "고백": 0.00570503876400662,
      "오늘": 0.005696507195401036,
      "제목": 0.005640904719601115,
      "표현": 0.005276014667848509,
      "아버지": 0.005068159446383407,
      "중요": 0.0049951374630551855,
      "절": 0.004952351438972502,
      "말씀": 0.00487408610885459,
      "가운데": 0.004525789858144079,
      "마음": 0.004383258096116174
    },
    "NNP": {
      "예루살렘": 0.012318758856830238,
      "이스라엘": 0.010525626946862147
    },
    "VA": {
      "이렇": 0.022907339656754545,
      "없": 0.006521826827013813,
      "그렇": 0.004978721671604092
    },
    "VV": {
      "있": 0.021121039805036556,
      "되": 0.01949634443541836,
      "보": 0.015434606011372868,
      "보이": 0.010594805740571483,
      "변하": 0.009586076314889789,
      "지": 0.007721785990190778,
      "위하": 0.0051218243865357085,
      "가지": 0.005076651810106229,
      "받": 0.004178421160182413
    }
  }
}