{
  "scope": "sermon",
  "idf_scope": "church",
  "church": "S-hw",
  "sermon": "S-hw-0536",
  "document_unit": "sermon_json",
  "document_count": 564,
  "min_count": 5,
  "freq": {
    "MAG": {
      "특별히": 5,
      "이제": 5
    },
    "NNB": {
      "절": 21,
      "수": 12,
      "때문": 9
    },
    "NNG": {
      "교회": 48,
      "근심": 13,
      "아르바이트": 6,
      "유익": 10,
      "디모": 6,
      "재정": 6,
      "기도": 22,
      "사람": 22,
      "모범": 5,
      "서로": 6,
      "사랑": 15,
      "필요": 11,
      "이웃": 6,
      "삶": 13,
      "걱정": 5,
      "본문": 11,
      "시작": 11,
      "이야기": 10,
      "말씀": 11,
      "도": 7,
      "말": 10,
      "오늘": 10,
      "성도": 8,
      "사실": 7,
      "마음": 8,
      "모습": 7,
      "문제": 5,
      "절": 7,
      "정도": 5,
      "이유": 5
    },
    "NNP": {
      "빌립보": 16,
      "디모데": 14,
      "바브": 8,
      "바울": 21,
      "데": 6,
      "디": 5,
      "예수": 15,
      "울": 5,
      "그리스도": 5
    },
    "VA": {
      "그렇": 12,
      "이렇": 11,
      "같": 10,
      "많": 6,
      "없": 6
    },
    "VV": {
      "위하": 27,
      "되": 27,
      "있": 23,
      "섬기": 11,
      "대하": 17,
      "구하": 9,
      "보내": 10,
      "보": 13,
      "보이": 11,
      "통하": 11,
      "두": 6,
      "바라": 6,
      "읽": 8,
      "알": 8,
      "나누": 6
    }
  },
  "tfidf": {
    "MAG": {
      "특별히": 0.007030034137100979,
      "이제": 0.004199576850413284
    },
    "NNB": {
      "절": 0.01678388088364162,
      "수": 0.00927357032457496,
      "때문": 0.007167661512972047
    },
    "NNG": {
      "교회": 0.049352923828551776,
      "근심": 0.03382143711648079,
      "아르바이트": 0.024996517382184516,
      "유익": 0.022275722062541987,
      "디모": 0.020882283093154055,
      "재정": 0.0176683085310523,
      "기도": 0.017428130049348983,
      "사람": 0.01721349993263745,
      "모범": 0.016972128098840803,
      "서로": 0.012712701148432074,
      "사랑": 0.012311403128722977,
      "필요": 0.012030695847394806,
      "이웃": 0.011782234245207263,
      "삶": 0.010745848047809908,
      "걱정": 0.010222093697516603,
      "본문": 0.009833771137892234,
      "시작": 0.009012368361555457,
      "이야기": 0.008891940550586919,
      "말씀": 0.008500772797527048,
      "도": 0.008468077477677725,
      "말": 0.007838179993965666,
      "오늘": 0.007741665221393988,
      "성도": 0.007575631478477666,
      "사실": 0.006799264105375544,
      "마음": 0.006671765955263074,
      "모습": 0.00658091049873913,
      "문제": 0.005605570709800175,
      "절": 0.0054964467220023246,
      "정도": 0.005406837426831587,
      "이유": 0.00508424413368205
    },
    "NNP": {
      "빌립보": 0.05307330192795076,
      "디모데": 0.04258021398205564,
      "바브": 0.038567007372354446,
      "바울": 0.03543602540156252,
      "데": 0.016800248830489025,
      "디": 0.014723590442543583,
      "예수": 0.012756446765178555,
      "울": 0.012160629787944417,
      "그리스도": 0.00472621155840112
    },
    "VA": {
      "그렇": 0.009472652824953071,
      "이렇": 0.008561169305920548,
      "같": 0.007907864643503444,
      "많": 0.0050484521946121096,
      "없": 0.004653227680093124
    },
    "VV": {
      "위하": 0.021926078971572303,
      "되": 0.020865533230293665,
      "있": 0.01777434312210201,
      "섬기": 0.014777775497394691,
      "대하": 0.0140273575011461,
      "구하": 0.01203957726712055,
      "보내": 0.010895670055456183,
      "보": 0.010046367851622875,
      "보이": 0.009239069070909225,
      "통하": 0.00880714010920801,
      "두": 0.007480250212646337,
      "바라": 0.006804615848590416,
      "읽": 0.006450735408345962,
      "알": 0.006348732320988714,
      "나누": 0.006146330247645807
    }
  }
}