{
  "scope": "sermon",
  "idf_scope": "church",
  "church": "S-hw",
  "sermon": "S-hw-0478",
  "document_unit": "sermon_json",
  "document_count": 564,
  "min_count": 5,
  "freq": {
    "MAG": {
      "가까이": 7,
      "더": 9,
      "잘": 8,
      "지금": 7,
      "다시": 7,
      "다": 5
    },
    "NNB": {
      "권": 12,
      "거": 37,
      "수": 33,
      "편": 12,
      "내": 5,
      "번": 15,
      "분": 7,
      "절": 6,
      "때문": 6
    },
    "NNG": {
      "대로": 28,
      "하나님": 69,
      "시온": 15,
      "복": 28,
      "노래": 20,
      "마음": 46,
      "주": 44,
      "눈물": 18,
      "샘": 9,
      "영혼": 18,
      "길": 28,
      "말씀": 34,
      "성전": 14,
      "힘": 22,
      "참새": 5,
      "골짜기": 8,
      "사모": 10,
      "사람": 25,
      "자손": 10,
      "비": 8,
      "절": 21,
      "제비": 5,
      "장막": 5,
      "얘기": 11,
      "평안": 7,
      "교제": 6,
      "원문": 5,
      "생각": 15,
      "현실": 7,
      "오늘": 14,
      "말": 13,
      "본문": 11,
      "집": 8,
      "주의": 6,
      "자리": 8,
      "고백": 7,
      "성도": 8,
      "교회": 7,
      "찬양": 6,
      "회복": 5,
      "가운데": 8,
      "인생": 6,
      "의미": 7,
      "성경": 7,
      "처음": 5,
      "신앙": 5,
      "사랑": 7,
      "앞": 7,
      "은혜": 6,
      "뜻": 5,
      "기도": 6,
      "삶": 5,
      "시작": 5
    },
    "NNP": {
      "고라": 10,
      "시편": 9,
      "주님": 8,
      "누가": 6,
      "예수": 9
    },
    "VA": {
      "없": 24,
      "그렇": 16,
      "이렇": 15,
      "어떻": 13,
      "같": 10,
      "크": 5
    },
    "VV": {
      "있": 95,
      "되": 65,
      "품": 11,
      "보": 24,
      "놓": 10,
      "얻": 11,
      "가지": 16,
      "두": 10,
      "돌아가": 9,
      "더불": 5,
      "짓": 9,
      "주": 12,
      "알": 12,
      "살": 11,
      "살아가": 9,
      "내리": 6,
      "나오": 9,
      "모르": 7,
      "보이": 8,
      "나타나": 5,
      "계시": 5,
      "읽": 7,
      "부르": 5,
      "나아가": 5
    }
  },
  "tfidf": {
    "MAG": {
      "가까이": 0.008686738267953107,
      "더": 0.004576623399615133,
      "잘": 0.004244965877789193,
      "지금": 0.003974606232077847,
      "다시": 0.003780943183731742,
      "다": 0.0025470759706332814
    },
    "NNB": {
      "권": 0.021906366399817048,
      "거": 0.02023552952411953,
      "수": 0.016168544830965213,
      "편": 0.014428361441803449,
      "내": 0.008026415288094125,
      "번": 0.007573864117087889,
      "분": 0.0040610736183715615,
      "절": 0.00304029423439942,
      "때문": 0.0030295456468351556
    },
    "NNG": {
      "대로": 0.08558058617804667,
      "하나님": 0.033806957373836356,
      "시온": 0.029975961732912487,
      "복": 0.025579393243164654,
      "노래": 0.024899903827042626,
      "마음": 0.024322035565965162,
      "주": 0.023141013530824085,
      "눈물": 0.020283055520426564,
      "샘": 0.020126473826633975,
      "영혼": 0.019836417994342492,
      "길": 0.01880402340844535,
      "말씀": 0.016658500734933857,
      "성전": 0.016332181004229555,
      "힘": 0.015400461266783549,
      "참새": 0.014577489882475626,
      "골짜기": 0.014499714145693504,
      "사모": 0.013383907619590149,
      "사람": 0.012401601773213254,
      "자손": 0.012136273036672064,
      "비": 0.011887351839068187,
      "절": 0.010454290139545824,
      "제비": 0.010088069344140716,
      "장막": 0.009483316580957165,
      "얘기": 0.008712226114615054,
      "평안": 0.008686738267953107,
      "교제": 0.007886914397811614,
      "원문": 0.0077852588137843435,
      "생각": 0.0076955670767083085,
      "현실": 0.007131461300259978,
      "오늘": 0.006871533912335791,
      "말": 0.006460257905854504,
      "본문": 0.00623463981010904,
      "집": 0.0059801459604889385,
      "주의": 0.005255510963991831,
      "자리": 0.004980764884047792,
      "고백": 0.004817277709891724,
      "성도": 0.004802972627707056,
      "교회": 0.004563110240476707,
      "찬양": 0.004476321017113301,
      "회복": 0.004457062309362404,
      "가운데": 0.0043674648234201755,
      "인생": 0.004364399563072905,
      "의미": 0.004053784154782049,
      "성경": 0.003814733519401062,
      "처음": 0.0037745418431677337,
      "신앙": 0.0037596946491165557,
      "사랑": 0.003642550695409855,
      "앞": 0.0035912646357972103,
      "은혜": 0.0034251596288158515,
      "뜻": 0.0030457029914289693,
      "기도": 0.0030134960960123266,
      "삶": 0.0026203458662544792,
      "시작": 0.002597212743274857
    },
    "NNP": {
      "고라": 0.02575886423060561,
      "시편": 0.011788574097652799,
      "주님": 0.006160253320378624,
      "누가": 0.004890257120945463,
      "예수": 0.004852574849820985
    },
    "VA": {
      "없": 0.011800640113749148,
      "그렇": 0.008007586317484418,
      "이렇": 0.0074015543284449625,
      "어떻": 0.006610678243888525,
      "같": 0.0050136094310110025,
      "크": 0.00272966551463761
    },
    "VV": {
      "있": 0.04654581087702107,
      "되": 0.03184713375796178,
      "품": 0.013606592422103998,
      "보": 0.011758941695247428,
      "놓": 0.009702300129713026,
      "얻": 0.00833685505278837,
      "가지": 0.008165093422493245,
      "두": 0.007904167707957179,
      "돌아가": 0.007014014142800878,
      "더불": 0.006922994180866219,
      "짓": 0.006409372897561715,
      "주": 0.0061564536613666464,
      "알": 0.006037672432650217,
      "살": 0.005941482145864167,
      "살아가": 0.005325810725023548,
      "내리": 0.005278477763806021,
      "나오": 0.0046419520483492165,
      "모르": 0.004318610688183168,
      "보이": 0.004260070510090966,
      "나타나": 0.0039520838539785896,
      "계시": 0.0036511194416676057,
      "읽": 0.003578562060803388,
      "부르": 0.0033142808683470125,
      "나아가": 0.0032234257270870024
    }
  }
}