{
  "scope": "sermon",
  "idf_scope": "church",
  "church": "S-hw",
  "sermon": "S-hw-0051",
  "document_unit": "sermon_json",
  "document_count": 564,
  "min_count": 5,
  "freq": {
    "MAG": {
      "잘": 7,
      "더": 7,
      "정말": 5
    },
    "NNB": {
      "거": 15,
      "수": 16,
      "번": 9,
      "장": 5
    },
    "NNG": {
      "심판": 34,
      "하나님": 48,
      "나봇": 7,
      "이세벨": 7,
      "말씀": 25,
      "예언": 9,
      "아합": 5,
      "왕": 13,
      "악인": 6,
      "포도원": 5,
      "죽음": 10,
      "행위": 7,
      "사람": 15,
      "사건": 8,
      "존재": 9,
      "믿음": 9,
      "성경": 11,
      "오늘": 11,
      "질문": 6,
      "이야기": 9,
      "성령": 6,
      "구원": 7,
      "본문": 8,
      "이후": 5,
      "아들": 5,
      "기도": 6,
      "주": 5,
      "삶": 5,
      "생각": 5,
      "앞": 5,
      "절": 5
    },
    "NNP": {
      "이세벨": 10,
      "엘리야": 5,
      "그리스도": 8,
      "여호": 5,
      "이스라엘": 5
    },
    "VA": {
      "이렇": 13,
      "같": 7,
      "그렇": 6,
      "없": 5
    },
    "VV": {
      "있": 35,
      "되": 23,
      "보": 17,
      "대하": 15,
      "믿": 13,
      "죽이": 7,
      "받": 12,
      "던지": 5,
      "내리": 6,
      "당하": 5,
      "알": 8,
      "보이": 7,
      "통하": 6,
      "살": 5,
      "가지": 5
    }
  },
  "tfidf": {
    "MAG": {
      "잘": 0.006317482030830646,
      "더": 0.006054279491694574,
      "정말": 0.0053140367175767665
    },
    "NNB": {
      "거": 0.013952944513083773,
      "수": 0.013333333333333334,
      "번": 0.00772912833148819,
      "장": 0.004440988747033923
    },
    "NNG": {
      "심판": 0.060120215916894565,
      "하나님": 0.04,
      "나봇": 0.03471143299182155,
      "이세벨": 0.031447007562198245,
      "말씀": 0.020833333333333332,
      "예언": 0.02012149035741688,
      "아합": 0.019574035006379928,
      "왕": 0.01887290547506652,
      "악인": 0.01799578056431536,
      "포도원": 0.017884597055929242,
      "죽음": 0.01650199547062024,
      "행위": 0.013889158929013554,
      "사람": 0.012655834609564126,
      "사건": 0.012209961301427189,
      "존재": 0.011510305168270335,
      "믿음": 0.010338007785874943,
      "성경": 0.01019578360048491,
      "오늘": 0.009182905230110169,
      "질문": 0.008861526619118739,
      "이야기": 0.008629628304344604,
      "성령": 0.008474593301041637,
      "구원": 0.007950927362450216,
      "본문": 0.007712060516625789,
      "이후": 0.007003474668027452,
      "아들": 0.005830373025266728,
      "기도": 0.005125454609967633,
      "주": 0.004472614452311738,
      "삶": 0.0044567715941878265,
      "생각": 0.004362959000989349,
      "앞": 0.004362959000989349,
      "절": 0.004233572653732743
    },
    "NNP": {
      "이세벨": 0.04620888551598655,
      "엘리야": 0.01653970792149986,
      "그리스도": 0.008154290342094733,
      "여호": 0.007514317676745503,
      "이스라엘": 0.005998632764623752
    },
    "VA": {
      "이렇": 0.010910302277590565,
      "같": 0.005969119828404517,
      "그렇": 0.005107338648120531,
      "없": 0.004181442095861461
    },
    "VV": {
      "있": 0.029166666666666667,
      "되": 0.019166666666666665,
      "보": 0.014166666666666666,
      "대하": 0.013346618093002244,
      "믿": 0.012465018661831095,
      "죽이": 0.012038986006732382,
      "받": 0.010287272896369102,
      "던지": 0.009346148043081993,
      "내리": 0.008977810929940074,
      "당하": 0.007121685906065849,
      "알": 0.00684604968613283,
      "보이": 0.006339961185173921,
      "통하": 0.005180199682415985,
      "살": 0.004593395855950289,
      "가지": 0.004339832207111645
    }
  }
}