{
  "scope": "sermon",
  "idf_scope": "church",
  "church": "S-hw",
  "sermon": "S-hw-0352",
  "document_unit": "sermon_json",
  "document_count": 564,
  "min_count": 5,
  "freq": {
    "MAG": {
      "다": 21,
      "안": 14,
      "잘": 14,
      "너무": 11,
      "못": 8,
      "굉장히": 7,
      "더": 10,
      "먼저": 6,
      "이제": 7,
      "지금": 6,
      "그냥": 5,
      "정말": 5
    },
    "NNB": {
      "거": 34,
      "수": 23,
      "번": 19,
      "절": 15,
      "때문": 12,
      "분": 10,
      "장": 7
    },
    "NNG": {
      "복": 74,
      "하나님": 93,
      "사람": 44,
      "온유": 11,
      "말씀": 40,
      "단어": 26,
      "팔복": 7,
      "말": 34,
      "시부모": 5,
      "천국": 11,
      "상태": 13,
      "악": 12,
      "사명": 11,
      "훈련": 8,
      "개념": 8,
      "유대인": 9,
      "세리": 5,
      "옷": 7,
      "모세": 7,
      "가난": 7,
      "은혜": 14,
      "원수": 5,
      "설교": 8,
      "생각": 13,
      "건강": 5,
      "믿음": 9,
      "연결": 5,
      "얘기": 7,
      "율법": 5,
      "세상": 9,
      "이해": 7,
      "사랑": 10,
      "반응": 5,
      "안": 8,
      "땅": 8,
      "마음": 8,
      "의미": 7,
      "부분": 5,
      "오늘": 8,
      "신": 5,
      "표현": 6,
      "집": 5,
      "주": 7,
      "중요": 6,
      "문제": 5,
      "절": 7,
      "길": 5,
      "나라": 5,
      "아버지": 5,
      "속": 5,
      "기도": 5
    },
    "NNP": {
      "마카리우스": 11,
      "예수": 15,
      "누가": 9,
      "헬라어": 5
    },
    "VA": {
      "그렇": 29,
      "없": 21,
      "좋": 15,
      "이렇": 15,
      "힘들": 8,
      "어떻": 7,
      "많": 6
    },
    "VV": {
      "있": 81,
      "되": 53,
      "맡기": 16,
      "그러": 22,
      "보": 20,
      "갚": 6,
      "쓰": 13,
      "입": 9,
      "드리": 13,
      "의하": 7,
      "받": 15,
      "묻": 8,
      "모르": 12,
      "들어가": 10,
      "살": 12,
      "대하": 12,
      "만들": 9,
      "믿": 10,
      "행하": 7,
      "이루": 7,
      "통하": 10,
      "당하": 6,
      "말미암": 5,
      "듣": 8,
      "가지": 8,
      "먹": 5,
      "위하": 7,
      "짓": 5,
      "알": 7,
      "일어나": 5,
      "주": 6,
      "살아가": 5
    }
  },
  "tfidf": {
    "MAG": {
      "다": 0.008400940606180305,
      "안": 0.006958632489244327,
      "잘": 0.005833765630624682,
      "너무": 0.005758069657688948,
      "못": 0.004965727215680063,
      "굉장히": 0.004006351157520997,
      "더": 0.003993368542864557,
      "먼저": 0.003105874222482014,
      "이제": 0.0029272618015424028,
      "지금": 0.00267537118221433,
      "그냥": 0.0024989511566454463,
      "정말": 0.0024535760142716887
    },
    "NNB": {
      "거": 0.014602542930199254,
      "수": 0.008849557522123894,
      "번": 0.007533843185752245,
      "절": 0.005968873155453266,
      "때문": 0.004758216748896154,
      "분": 0.004555956277192523,
      "장": 0.00287066606195344
    },
    "NNG": {
      "복": 0.053088524145112545,
      "하나님": 0.0357829934590227,
      "사람": 0.0171406455658583,
      "온유": 0.016127401797550237,
      "말씀": 0.015390534821085032,
      "단어": 0.014823239335338348,
      "팔복": 0.013842711841735878,
      "말": 0.013268509696595359,
      "시부모": 0.012781220759112151,
      "천국": 0.012102492529184524,
      "상태": 0.010297515942634478,
      "악": 0.009898586596027228,
      "사명": 0.009416397603189255,
      "훈련": 0.008566214204065873,
      "개념": 0.00795147530601024,
      "유대인": 0.007725249063183048,
      "세리": 0.007636648520892587,
      "옷": 0.006934421921677874,
      "모세": 0.006777918106498588,
      "가난": 0.006692407953285019,
      "은혜": 0.006276164629587286,
      "원수": 0.005545360590405796,
      "설교": 0.005396935505547493,
      "생각": 0.0052375652493600496,
      "건강": 0.005125042125210724,
      "믿음": 0.004773224064274695,
      "연결": 0.004500987797965228,
      "얘기": 0.00435382750356799,
      "율법": 0.004124411081678011,
      "세상": 0.004122534921622891,
      "이해": 0.00410114136023456,
      "사랑": 0.004086432127373998,
      "반응": 0.0038742126818161462,
      "안": 0.003671073788444156,
      "땅": 0.0036121921573275865,
      "마음": 0.003321764196271804,
      "의미": 0.0031834449634129134,
      "부분": 0.00313527407925657,
      "오늘": 0.00308355976805966,
      "신": 0.003011513289758417,
      "표현": 0.002998741387974536,
      "집": 0.002935138011099924,
      "주": 0.0028911089957228625,
      "중요": 0.002839098522672228,
      "문제": 0.002790922854359918,
      "절": 0.00273659178848442,
      "길": 0.0026369353444069808,
      "나라": 0.002617304389858613,
      "아버지": 0.0024005018385909868,
      "속": 0.0022698090526373327,
      "기도": 0.0019720871912149414
    },
    "NNP": {
      "마카리우스": 0.02811868567004673,
      "예수": 0.006351228208596018,
      "누가": 0.005760493334272619,
      "헬라어": 0.005545360590405796
    },
    "VA": {
      "그렇": 0.011397677629510996,
      "없": 0.008108683402517029,
      "좋": 0.006453783829096066,
      "이렇": 0.005812455707716878,
      "힘들": 0.005173786595849446,
      "어떻": 0.00279535798000519,
      "많": 0.002513542570153163
    },
    "VV": {
      "있": 0.03116583301269719,
      "되": 0.020392458637937667,
      "맡기": 0.013884856428854042,
      "그러": 0.01022357116732963,
      "보": 0.007695267410542516,
      "갚": 0.007372891892469969,
      "쓰": 0.006959702421322916,
      "입": 0.006545130910088949,
      "드리": 0.006207393302533594,
      "의하": 0.006074624687623643,
      "받": 0.005937248689708985,
      "묻": 0.005898547847246341,
      "모르": 0.005813852194524387,
      "들어가": 0.005528774057575796,
      "살": 0.0050900269584982045,
      "대하": 0.0049298781720977895,
      "만들": 0.004728770689574377,
      "믿": 0.004427153163701221,
      "행하": 0.0042414084026794335,
      "이루": 0.0040851095057939804,
      "통하": 0.003986302179619842,
      "당하": 0.003945835977196931,
      "말미암": 0.003669642366664102,
      "듣": 0.0033335803603569618,
      "가지": 0.0032060322576584676,
      "먹": 0.0030478127978468793,
      "위하": 0.0028302398832100936,
      "짓": 0.0027962742259679918,
      "알": 0.002765814609634271,
      "일어나": 0.0024268559062288514,
      "주": 0.002417337807396946,
      "살아가": 0.002323538901665825
    }
  }
}