{
  "scope": "sermon",
  "idf_scope": "church",
  "church": "S-hw",
  "sermon": "S-hw-0250",
  "document_unit": "sermon_json",
  "document_count": 564,
  "min_count": 5,
  "freq": {
    "MAG": {
      "굉장히": 13,
      "가장": 11
    },
    "NNB": {
      "수": 22,
      "절": 8,
      "번": 6
    },
    "NNG": {
      "선택": 52,
      "하나님": 92,
      "비축": 6,
      "완전": 12,
      "왕": 15,
      "산": 10,
      "실수": 7,
      "기도": 15,
      "말씀": 15,
      "신뢰": 7,
      "일상": 7,
      "결과": 7,
      "오늘": 13,
      "보호": 5,
      "응답": 5,
      "생각": 12,
      "중심": 6,
      "존재": 6,
      "순간": 5,
      "하루": 5,
      "뜻": 7,
      "마음": 8,
      "사랑": 8,
      "약속": 5,
      "앞": 7,
      "은혜": 6,
      "절": 6,
      "안": 5,
      "속": 5
    },
    "NNP": {
      "히스기야": 21,
      "헤립": 9
    },
    "VA": {
      "없": 8,
      "같": 5,
      "그렇": 5
    },
    "VV": {
      "있": 44,
      "되": 19,
      "구하": 10,
      "살아가": 13,
      "이기": 7,
      "나아가": 11,
      "찾아가": 5,
      "남": 6,
      "보": 10,
      "원하": 7,
      "대하": 8,
      "통하": 7,
      "보이": 6,
      "읽": 6
    }
  },
  "tfidf": {
    "MAG": {
      "굉장히": 0.017611577746443133,
      "가장": 0.01243261644431364
    },
    "NNB": {
      "수": 0.020036429872495445,
      "절": 0.007535204046641428,
      "번": 0.005631423192341123
    },
    "NNG": {
      "선택": 0.10313666890752225,
      "하나님": 0.08378870673952642,
      "비축": 0.036304254374789596,
      "완전": 0.025278089730056446,
      "왕": 0.023799376387221335,
      "산": 0.02174923352247972,
      "실수": 0.01794650280389964,
      "기도": 0.014003974344173858,
      "말씀": 0.01366120218579235,
      "신뢰": 0.013632332330750736,
      "일상": 0.012776638037493172,
      "결과": 0.012273458793296728,
      "오늘": 0.011860682363778659,
      "보호": 0.011685524165213007,
      "응답": 0.011496545427021965,
      "생각": 0.011443826887840916,
      "중심": 0.010925069133579907,
      "존재": 0.00838637899327529,
      "순간": 0.008303264958931963,
      "하루": 0.008303264958931963,
      "뜻": 0.00792603982487171,
      "마음": 0.00786271871230457,
      "사랑": 0.007738169106772328,
      "약속": 0.007686026835087591,
      "앞": 0.006675565684573868,
      "은혜": 0.006366804009483746,
      "절": 0.005552226431124909,
      "안": 0.005430965833428029,
      "속": 0.005372708313118787
    },
    "NNP": {
      "히스기야": 0.08613466314106988,
      "헤립": 0.0487748472952996
    },
    "VA": {
      "없": 0.007311811315167581,
      "같": 0.004659734448403214,
      "그렇": 0.0046514923935523965
    },
    "VV": {
      "있": 0.04007285974499089,
      "되": 0.017304189435336976,
      "구하": 0.015765242849275444,
      "살아가": 0.014299710176791117,
      "이기": 0.014032050144511162,
      "나아가": 0.013181991074468177,
      "찾아가": 0.011685524165213007,
      "남": 0.009726763221021329,
      "보": 0.009107468123861567,
      "원하": 0.00834228640838816,
      "대하": 0.007779449525975807,
      "통하": 0.006604990487597795,
      "보이": 0.005939073709764797,
      "읽": 0.005701674602732018
    }
  }
}