{
  "scope": "sermon",
  "idf_scope": "church",
  "church": "S-hw",
  "sermon": "S-hw-0258",
  "document_unit": "sermon_json",
  "document_count": 564,
  "min_count": 5,
  "freq": {
    "MAG": {
      "다": 25,
      "완전히": 12,
      "더": 12,
      "지금": 10
    },
    "NNB": {
      "수": 17,
      "거": 11,
      "만": 5,
      "절": 9,
      "장": 7,
      "때문": 7,
      "분": 5,
      "번": 5
    },
    "NNG": {
      "하나님": 87,
      "절기": 16,
      "시온": 11,
      "절": 42,
      "성벽": 10,
      "말씀": 40,
      "애통": 9,
      "딸": 14,
      "성전": 14,
      "성곽": 5,
      "발판": 6,
      "진노하사": 5,
      "제사": 10,
      "슬픔": 8,
      "안식일": 6,
      "원수": 8,
      "성": 11,
      "통곡": 5,
      "제단": 6,
      "절망": 9,
      "앞": 19,
      "불": 7,
      "주": 17,
      "제사장": 7,
      "충격": 5,
      "죄악": 7,
      "거짓": 6,
      "가난": 6,
      "가운데": 13,
      "유다": 5,
      "시": 7,
      "사건": 7,
      "우상": 5,
      "죄": 8,
      "말": 11,
      "설명": 7,
      "속": 9,
      "백성": 8,
      "장": 8,
      "땅": 8,
      "복": 5,
      "왕": 5,
      "나님": 5,
      "시대": 5,
      "은혜": 7,
      "표현": 6,
      "신앙": 5,
      "날": 5,
      "마지막": 5,
      "오늘": 6,
      "기억": 5,
      "마음": 5,
      "시작": 5
    },
    "NNP": {
      "예루살렘": 8,
      "여호와": 9,
      "이스라엘": 10,
      "호": 5,
      "여호": 6,
      "예수": 9
    },
    "VA": {
      "이렇": 26,
      "슬프": 8,
      "깊": 7,
      "엄청나": 5,
      "어떻": 10,
      "그렇": 7,
      "없": 7,
      "많": 5
    },
    "VV": {
      "되": 51,
      "있": 38,
      "보": 34,
      "무너지": 14,
      "바라보": 13,
      "삼키": 5,
      "울": 7,
      "버리": 7,
      "주": 12,
      "바라": 8,
      "시": 6,
      "드리": 8,
      "세우": 6,
      "보이": 7,
      "일어나": 5,
      "위하": 6,
      "알": 6,
      "대하": 5,
      "받": 5
    }
  },
  "tfidf": {
    "MAG": {
      "다": 0.013419158637229034,
      "완전히": 0.01275401799844661,
      "더": 0.006429797527870924,
      "지금": 0.005982868441382761
    },
    "NNB": {
      "수": 0.008776458440887971,
      "거": 0.0063389732429084775,
      "만": 0.0049351463956247765,
      "절": 0.004805297263094385,
      "장": 0.0038517610196267377,
      "때문": 0.0037242401184248725,
      "분": 0.003056512742494416,
      "번": 0.002660171513160623
    },
    "NNG": {
      "하나님": 0.04491481672689726,
      "절기": 0.03278909572460479,
      "시온": 0.023162633518004412,
      "절": 0.022031188616224082,
      "성벽": 0.02067434806903065,
      "말씀": 0.020650490449148167,
      "애통": 0.018133994186861978,
      "딸": 0.017736878327228176,
      "성전": 0.01720907662861772,
      "성곽": 0.016102770889205812,
      "발판": 0.015298700438868572,
      "진노하사": 0.014784170931110844,
      "제사": 0.01365760376312492,
      "슬픔": 0.012051564784098474,
      "안식일": 0.011990985529210265,
      "원수": 0.011904918677926415,
      "성": 0.011299380590975064,
      "통곡": 0.010959688378389586,
      "제단": 0.01086685906450391,
      "절망": 0.010839398465053607,
      "앞": 0.010271085722514936,
      "불": 0.009527319337882381,
      "주": 0.009420891567078931,
      "제사장": 0.00936667796565944,
      "충격": 0.008457363759938104,
      "죄악": 0.008454978937365142,
      "거짓": 0.008400163916971098,
      "가난": 0.007696836759608126,
      "가운데": 0.007478184315940083,
      "유다": 0.00702556844167574,
      "시": 0.006738195871102098,
      "사건": 0.00661871934253926,
      "우상": 0.0061460987959349005,
      "죄": 0.006014631883307138,
      "말": 0.005759868561389121,
      "설명": 0.0055680825310622005,
      "속": 0.005481993138899313,
      "백성": 0.0053255696524529186,
      "장": 0.004934592981142322,
      "땅": 0.004846715238458646,
      "복": 0.004812997050787213,
      "왕": 0.004496939472236969,
      "나님": 0.004384282555014701,
      "시대": 0.004302903480035935,
      "은혜": 0.004210570953096892,
      "표현": 0.004023608088459379,
      "신앙": 0.003961557449069122,
      "날": 0.003646282740660581,
      "마지막": 0.0033345906481941894,
      "오늘": 0.003103060855906191,
      "기억": 0.003002167339299185,
      "마음": 0.002785643116323702,
      "시작": 0.0027366604073433055
    },
    "NNP": {
      "예루살렘": 0.008947203866219057,
      "여호와": 0.008324643562210587,
      "이스라엘": 0.007432482516828602,
      "호": 0.005651345519703118,
      "여호": 0.005586276434957937,
      "예수": 0.005113115781354997
    },
    "VA": {
      "이렇": 0.013518185578842207,
      "슬프": 0.013190257118244331,
      "깊": 0.00683046903271085,
      "엄청나": 0.006004621675400581,
      "어떻": 0.005358164606559104,
      "그렇": 0.0036914166790752417,
      "없": 0.003626650862698634,
      "많": 0.00281048749777494
    },
    "VV": {
      "되": 0.02632937532266391,
      "있": 0.01961796592669076,
      "보": 0.017552916881775942,
      "무너지": 0.014953818280414857,
      "바라보": 0.010361155186324142,
      "삼키": 0.009617727977548313,
      "울": 0.00889592093733455,
      "버리": 0.0069896946024363095,
      "주": 0.006487001508956801,
      "바라": 0.006061037968044054,
      "시": 0.005991166802088265,
      "드리": 0.005125456556382927,
      "세우": 0.0046798935170861864,
      "보이": 0.003927699237072125,
      "일어나": 0.0032562718122296254,
      "위하": 0.0032550159111127807,
      "알": 0.0031809213823022955,
      "대하": 0.0027561420945797096,
      "받": 0.0026554653836781367
    }
  }
}