{
  "scope": "sermon",
  "idf_scope": "church",
  "church": "S-hw",
  "sermon": "S-hw-0198",
  "document_unit": "sermon_json",
  "document_count": 564,
  "min_count": 5,
  "freq": {
    "MAG": {
      "많이": 10,
      "다": 6,
      "지금": 5,
      "잘": 5
    },
    "NNB": {
      "거": 37,
      "수": 32,
      "번": 18,
      "때문": 12,
      "절": 10,
      "가지": 7,
      "장": 7
    },
    "NNG": {
      "하나님": 180,
      "솔": 28,
      "경외": 24,
      "말씀": 62,
      "왕": 34,
      "성공": 20,
      "몬": 12,
      "솔로몬": 8,
      "마음": 34,
      "사람": 33,
      "성전": 14,
      "군사력": 6,
      "돈": 13,
      "건축": 8,
      "바보": 6,
      "사랑": 23,
      "말": 24,
      "절": 23,
      "아내": 10,
      "권력": 7,
      "지혜": 9,
      "삶": 18,
      "나라": 13,
      "우상": 7,
      "이야기": 14,
      "선물": 6,
      "임재": 6,
      "부": 6,
      "의지": 9,
      "여인": 6,
      "뜻": 12,
      "아버지": 11,
      "시대": 8,
      "교회": 10,
      "예배": 9,
      "세상": 11,
      "시작": 12,
      "책": 6,
      "기도": 12,
      "영광": 7,
      "여호": 5,
      "앞": 11,
      "아들": 8,
      "기록": 7,
      "성": 5,
      "안": 8,
      "생각": 9,
      "백성": 7,
      "인생": 6,
      "눈": 6,
      "순종": 5,
      "주": 8,
      "날": 6,
      "자녀": 5,
      "장": 7,
      "본문": 7,
      "오늘": 8,
      "제목": 5,
      "가운데": 6,
      "땅": 5,
      "기억": 5
    },
    "NNP": {
      "솔로몬": 34,
      "로몬": 19,
      "다윗": 14,
      "열왕기상": 6,
      "주님": 14,
      "다": 7,
      "이스라엘": 10
    },
    "VA": {
      "없": 18,
      "이렇": 17,
      "많": 15,
      "좋": 13,
      "그렇": 9,
      "어떻": 7,
      "같": 6,
      "크": 5
    },
    "VV": {
      "있": 62,
      "되": 35,
      "살아가": 27,
      "주": 22,
      "두": 12,
      "구하": 11,
      "보": 18,
      "잊어버리": 5,
      "행하": 9,
      "보이": 13,
      "위하": 13,
      "읽": 13,
      "대하": 11,
      "다스리": 5,
      "듣": 9,
      "만들": 7,
      "받": 9,
      "누리": 5,
      "나타나": 5,
      "돌아가": 5,
      "바라보": 5,
      "세우": 5,
      "지키": 5,
      "짓": 5,
      "통하": 7,
      "나누": 5,
      "드리": 5,
      "알": 5
    }
  },
  "tfidf": {
    "MAG": {
      "많이": 0.004926882314354205,
      "다": 0.0024676813557258834,
      "지금": 0.002292091805964875,
      "잘": 0.002142003401050174
    },
    "NNB": {
      "거": 0.016337308448863913,
      "수": 0.012658227848101266,
      "번": 0.0073377800615394215,
      "때문": 0.004891853374359614,
      "절": 0.00409100773497443,
      "가지": 0.00313523567248586,
      "장": 0.0029512899901174804
    },
    "NNG": {
      "하나님": 0.07120253164556962,
      "솔": 0.04220451969258221,
      "경외": 0.029456195188758055,
      "말씀": 0.0245253164556962,
      "왕": 0.02343033542425493,
      "성공": 0.02318122218261225,
      "몬": 0.01822935840037956,
      "솔로몬": 0.015354174308096331,
      "마음": 0.014513994015415062,
      "사람": 0.013216536142899245,
      "성전": 0.013185910375645779,
      "군사력": 0.011325655950201513,
      "돈": 0.011288413081633367,
      "건축": 0.011101849160308055,
      "바보": 0.010303228143020055,
      "사랑": 0.009662763183466592,
      "말": 0.009629055296384402,
      "절": 0.009244193452770864,
      "아내": 0.008800783001542318,
      "권력": 0.008323831778489228,
      "지혜": 0.007815055210361563,
      "삶": 0.0076160020913336275,
      "나라": 0.006996112612353872,
      "우상": 0.006592955187822889,
      "이야기": 0.006372088410381037,
      "선물": 0.006345063220809431,
      "임재": 0.006345063220809431,
      "부": 0.0063006989810653995,
      "의지": 0.006021522745857923,
      "여인": 0.005934835025779185,
      "뜻": 0.005901531460923917,
      "아버지": 0.005429426191730832,
      "시대": 0.005275141797993422,
      "교회": 0.0052629452988319165,
      "예배": 0.005234659441423377,
      "세상": 0.005180166617188679,
      "시작": 0.0050325106414784646,
      "책": 0.0049977463155661105,
      "기도": 0.004865937920855348,
      "영광": 0.0048136180399669555,
      "여호": 0.004695374012829379,
      "앞": 0.004556254652931915,
      "아들": 0.004428131411594983,
      "기록": 0.004404413680476271,
      "성": 0.003935360364772493,
      "안": 0.003774177522217706,
      "생각": 0.003727844716035203,
      "백성": 0.003570480563568489,
      "인생": 0.003523631134585364,
      "눈": 0.003503258325191238,
      "순종": 0.003453003858060887,
      "주": 0.003396922368844358,
      "날": 0.0033526185136042146,
      "자녀": 0.003352291653893053,
      "장": 0.00330835374957025,
      "본문": 0.003203189692427641,
      "오늘": 0.00317016291027969,
      "제목": 0.0027468171320526005,
      "가운데": 0.0026445794218553933,
      "땅": 0.0023210263590027684,
      "기억": 0.0023003157184424534
    },
    "NNP": {
      "솔로몬": 0.048089901473654224,
      "로몬": 0.02983428327612317,
      "다윗": 0.014258356467120882,
      "열왕기상": 0.009870502929110353,
      "주님": 0.008703672783648081,
      "다": 0.006968278939394711,
      "이스라엘": 0.0056949045233769795
    },
    "VA": {
      "없": 0.0071455023157126225,
      "이렇": 0.00677246124826094,
      "많": 0.006460341317076811,
      "좋": 0.0057503690462465396,
      "그렇": 0.0036365544171744284,
      "어떻": 0.002873866847323374,
      "같": 0.002428665391303827,
      "크": 0.0022038161848794945
    },
    "VV": {
      "있": 0.0245253164556962,
      "되": 0.013844936708860759,
      "살아가": 0.012899501214129425,
      "주": 0.00911250930586383,
      "두": 0.007657787796807248,
      "구하": 0.007532144111295443,
      "보": 0.007120253164556962,
      "잊어버리": 0.005945594127492306,
      "행하": 0.005606396018709009,
      "보이": 0.005589025457092742,
      "위하": 0.005403781359291333,
      "읽": 0.005365618623377955,
      "대하": 0.004645974652627363,
      "다스리": 0.0045616847503046,
      "듣": 0.0038556061218903127,
      "만들": 0.0037812291295458264,
      "받": 0.003662399369751658,
      "누리": 0.003373445311165102,
      "나타나": 0.0031907449153363533,
      "돌아가": 0.0031460097717687656,
      "바라보": 0.003053425875716569,
      "세우": 0.002988183591309317,
      "지키": 0.0028748088264599725,
      "짓": 0.0028748088264599725,
      "통하": 0.0028687814696923965,
      "나누": 0.0026217534745693813,
      "드리": 0.0024545118052100795,
      "알": 0.002031066955933395
    }
  }
}