{
  "scope": "sermon",
  "idf_scope": "church",
  "church": "S-hw",
  "sermon": "S-hw-0323",
  "document_unit": "sermon_json",
  "document_count": 564,
  "min_count": 5,
  "freq": {
    "MAG": {
      "이제": 8,
      "다시": 6
    },
    "NNB": {
      "명": 9,
      "수": 15,
      "절": 10,
      "번": 10,
      "중": 5
    },
    "NNG": {
      "예후": 43,
      "여호나답": 8,
      "아합": 11,
      "하나님": 43,
      "열심": 13,
      "행동": 15,
      "왕자": 6,
      "말씀": 27,
      "아들": 14,
      "편지": 6,
      "머리": 9,
      "심판": 8,
      "성취": 7,
      "절": 16,
      "뜻": 13,
      "지도자": 6,
      "정치": 5,
      "집": 9,
      "예언": 5,
      "말": 11,
      "목적": 5,
      "과정": 5,
      "사람": 9,
      "왕": 5,
      "사랑": 7,
      "중요": 6,
      "마음": 6,
      "삶": 6,
      "기도": 6,
      "의미": 5,
      "주": 5
    },
    "NNP": {
      "사마리아": 8,
      "이스르엘": 5,
      "예수": 13,
      "여호와": 5,
      "이스라엘": 6
    },
    "VA": {
      "이렇": 8,
      "같": 5
    },
    "VV": {
      "있": 36,
      "이르": 15,
      "보": 21,
      "죽이": 8,
      "되": 12,
      "위하": 11,
      "대하": 8,
      "보내": 6,
      "통하": 8,
      "살펴보": 5
    }
  },
  "tfidf": {
    "MAG": {
      "이제": 0.007046032342865205,
      "다시": 0.005360202619585428
    },
    "NNB": {
      "명": 0.01273302168210718,
      "수": 0.012155591572123177,
      "절": 0.008380929946527844,
      "번": 0.008351300196097452,
      "중": 0.004902579201913517
    },
    "NNG": {
      "예후": 0.17210211483708834,
      "여호나답": 0.04307084959861585,
      "아합": 0.04187637959225528,
      "하나님": 0.03484602917341977,
      "열심": 0.02816371659760685,
      "행동": 0.022563048717233993,
      "왕자": 0.021897629110649394,
      "말씀": 0.02188006482982172,
      "아들": 0.015875245838651707,
      "편지": 0.014745999860335193,
      "머리": 0.014041018730650412,
      "심판": 0.013756174868962433,
      "성취": 0.013586939351507258,
      "절": 0.01317416449783933,
      "뜻": 0.013097510125054269,
      "지도자": 0.011715909461860146,
      "정치": 0.011191712936155016,
      "집": 0.011127360327007832,
      "예언": 0.010870605271429972,
      "말": 0.00904121993793414,
      "목적": 0.008619690349696191,
      "과정": 0.008100841375385425,
      "사람": 0.007384279512873721,
      "왕": 0.007058810176436798,
      "사랑": 0.006024672584547418,
      "중요": 0.005979592431462821,
      "마음": 0.005247122252498229,
      "삶": 0.005200770742002003,
      "기도": 0.004984234628817795,
      "의미": 0.0047891719494733516,
      "주": 0.00434938196335015
    },
    "NNP": {
      "사마리아": 0.024154993961116474,
      "이스르엘": 0.021302204981631302,
      "예수": 0.011593136006690095,
      "여호와": 0.00725951493787228,
      "이스라엘": 0.007000025268280553
    },
    "VA": {
      "이렇": 0.006529042629651503,
      "같": 0.004146181867379845
    },
    "VV": {
      "있": 0.029173419773095625,
      "이르": 0.01787306735267193,
      "보": 0.017017828200972446,
      "죽이": 0.013379748282545827,
      "되": 0.009724473257698542,
      "위하": 0.00936718314668828,
      "대하": 0.00692207097205951,
      "보내": 0.006855265989510681,
      "통하": 0.006716628437492362,
      "살펴보": 0.0059807111332276135
    }
  }
}