{
  "scope": "sermon",
  "idf_scope": "church",
  "church": "S-hw",
  "sermon": "S-hw-0301",
  "document_unit": "sermon_json",
  "document_count": 564,
  "min_count": 5,
  "freq": {
    "MAG": {
      "역시": 8,
      "이제": 15,
      "잘": 13,
      "계속": 5,
      "다시": 6
    },
    "NNB": {
      "수": 27,
      "장": 9
    },
    "NNG": {
      "성전": 35,
      "하나님": 66,
      "말씀": 52,
      "문지기": 9,
      "역할": 14,
      "성물": 5,
      "관리": 8,
      "청지기": 6,
      "감당": 12,
      "왕": 13,
      "제사장": 8,
      "담당": 6,
      "족속": 6,
      "구별": 5,
      "오늘": 16,
      "모습": 13,
      "문": 6,
      "준비": 8,
      "하루": 7,
      "앞": 11,
      "나님": 6,
      "기도": 9,
      "절": 9,
      "회복": 5,
      "삶": 8,
      "사람": 8,
      "중요": 6,
      "나라": 5,
      "전": 5,
      "자리": 5
    },
    "NNP": {
      "역대상": 8,
      "레위": 7,
      "다윗": 8
    },
    "VA": {
      "같": 7
    },
    "VV": {
      "있": 38,
      "주어지": 14,
      "되": 29,
      "맡": 10,
      "지키": 13,
      "살아가": 13,
      "택하": 6,
      "짓": 9,
      "읽": 12,
      "통하": 11,
      "맡기": 5,
      "무너지": 5,
      "향하": 8,
      "나아가": 5,
      "위하": 6,
      "주": 6
    }
  },
  "tfidf": {
    "MAG": {
      "역시": 0.019762359105863197,
      "이제": 0.015951817351569832,
      "잘": 0.013775890366362604,
      "계속": 0.008274847522031326,
      "다시": 0.006472103750066943
    },
    "NNB": {
      "수": 0.026418786692759294,
      "장": 0.009386042753026687
    },
    "NNG": {
      "성전": 0.08154105046387604,
      "하나님": 0.06457925636007827,
      "말씀": 0.050880626223091974,
      "문지기": 0.04883130759027932,
      "역할": 0.03214237184065348,
      "성물": 0.027128504216821846,
      "관리": 0.026808631903861405,
      "청지기": 0.026795911989667277,
      "감당": 0.02393551895810259,
      "왕": 0.022159967289706282,
      "제사장": 0.02028879532511304,
      "담당": 0.018388257016176957,
      "족속": 0.017648291922857787,
      "구별": 0.01570299093004574,
      "오늘": 0.015683310835982497,
      "모습": 0.015474430585656925,
      "문": 0.014019956012338197,
      "준비": 0.012757068230117925,
      "하루": 0.012489020445078484,
      "앞": 0.011270265912536086,
      "나님": 0.009971454374634217,
      "기도": 0.00902721946961031,
      "절": 0.00894766823098114,
      "회복": 0.00890104126556621,
      "삶": 0.00837279986383623,
      "사람": 0.007925375880744658,
      "중요": 0.007219977554232016,
      "나라": 0.006655943355423224,
      "전": 0.0063200607490725485,
      "자리": 0.006216818204709848
    },
    "NNP": {
      "역대상": 0.03866090378354654,
      "레위": 0.02673177073055681,
      "다윗": 0.020153830108404578
    },
    "VA": {
      "같": 0.007008751266228395
    },
    "VV": {
      "있": 0.03718199608610567,
      "주어지": 0.029911426529433724,
      "되": 0.02837573385518591,
      "맡": 0.027230419173638942,
      "지키": 0.01848879007295118,
      "살아가": 0.015363093712442901,
      "택하": 0.014587840316400138,
      "짓": 0.012799931588966201,
      "읽": 0.012251347776516156,
      "통하": 0.011151114776237932,
      "맡기": 0.011034351106467603,
      "무너지": 0.010122150548351822,
      "향하": 0.009892612109949402,
      "나아가": 0.006437389343429131,
      "위하": 0.0061692424851521105,
      "주": 0.006147417770474229
    }
  }
}