{
  "scope": "sermon",
  "idf_scope": "church",
  "church": "S-hw",
  "sermon": "S-hw-0384",
  "document_unit": "sermon_json",
  "document_count": 564,
  "min_count": 5,
  "freq": {
    "MAG": {
      "산산이": 9,
      "다": 9,
      "이제": 8
    },
    "NNB": {
      "수": 29,
      "절": 27,
      "거": 23,
      "터": 6,
      "장": 6,
      "가지": 5,
      "번": 5
    },
    "NNG": {
      "하나님": 69,
      "철퇴": 9,
      "이야기": 49,
      "모퉁잇돌": 8,
      "말씀": 51,
      "심판자": 7,
      "세상": 30,
      "파멸": 7,
      "땅": 26,
      "가운데": 24,
      "파괴": 8,
      "오늘": 25,
      "건설": 6,
      "심판": 11,
      "본문": 20,
      "나라": 16,
      "오늘날": 9,
      "삶": 20,
      "동사": 7,
      "사람": 20,
      "미야": 5,
      "기둥": 5,
      "힘": 12,
      "생각": 14,
      "과거": 5,
      "절": 13,
      "이해": 8,
      "산": 5,
      "인생": 8,
      "멸망": 5,
      "말": 10,
      "선포": 5,
      "기도": 9,
      "눈": 6,
      "준비": 5,
      "내용": 5,
      "백성": 5,
      "시작": 6
    },
    "NNP": {
      "바벨론": 15,
      "바벨": 8,
      "예레미야": 7,
      "예레": 5,
      "예레미": 5,
      "예수": 12,
      "이스라엘": 8,
      "그리스도": 7
    },
    "VA": {
      "새롭": 14,
      "없": 20,
      "참되": 7,
      "그렇": 14,
      "이렇": 14,
      "다르": 5
    },
    "VV": {
      "부수": 10,
      "있": 43,
      "되": 35,
      "흩": 7,
      "보": 30,
      "뽑": 8,
      "쓸": 5,
      "세우": 15,
      "심": 7,
      "사라지": 8,
      "읽": 14,
      "믿": 10,
      "살아가": 9,
      "통하": 10,
      "치": 5,
      "이르": 5,
      "가지": 6,
      "알": 6
    }
  },
  "tfidf": {
    "MAG": {
      "산산이": 0.031209080612027363,
      "다": 0.005453058100764889,
      "이제": 0.005066902046093044
    },
    "NNB": {
      "수": 0.0168997668997669,
      "절": 0.016272483913660533,
      "거": 0.014961199244798452,
      "터": 0.006104331295928617,
      "장": 0.0037267038436648303,
      "가지": 0.0032991490925925134,
      "번": 0.003002769359552522
    },
    "NNG": {
      "하나님": 0.04020979020979021,
      "철퇴": 0.03484446792265645,
      "이야기": 0.03285561669874791,
      "모퉁잇돌": 0.03097286037569462,
      "말씀": 0.02972027972027972,
      "심판자": 0.021446205901087548,
      "세상": 0.020812875410446567,
      "파멸": 0.018371379201417,
      "땅": 0.017780468592603026,
      "가운데": 0.015583908574476536,
      "파괴": 0.015194817189933435,
      "오늘": 0.014594572838700205,
      "건설": 0.01454116049230243,
      "심판": 0.013601858804727278,
      "본문": 0.013482623280814315,
      "나라": 0.012685079923995403,
      "오늘날": 0.012637615625817673,
      "삶": 0.01246649396975616,
      "동사": 0.012371401203727213,
      "사람": 0.011800311990269582,
      "미야": 0.01156622931573417,
      "기둥": 0.010557265922034188,
      "힘": 0.00999120834250007,
      "생각": 0.00854285678515397,
      "과거": 0.007735123846218594,
      "절": 0.007697404824968624,
      "이해": 0.007098812118048367,
      "산": 0.006958233801772357,
      "인생": 0.006921320519216628,
      "멸망": 0.00683680986121126,
      "말": 0.0059106089231885615,
      "선포": 0.005507250464685697,
      "기도": 0.005376350989476537,
      "눈": 0.00516097729958243,
      "준비": 0.0047485881888040945,
      "내용": 0.004155096407651264,
      "백성": 0.0037571490445808945,
      "시작": 0.003706930915401387
    },
    "NNP": {
      "바벨론": 0.023619726773748302,
      "바벨": 0.014672125823403335,
      "예레미야": 0.012053376267661954,
      "예레": 0.011189738256643243,
      "예레미": 0.010097974126569202,
      "예수": 0.007695497489110047,
      "이스라엘": 0.006711756939439162,
      "그리스도": 0.004989513321211811
    },
    "VA": {
      "새롭": 0.014490686131604187,
      "없": 0.011696341526885205,
      "참되": 0.010905423344545813,
      "그렇": 0.008333652805791075,
      "이렇": 0.008216472936324255,
      "다르": 0.004758284546882984
    },
    "VV": {
      "부수": 0.026974216375549132,
      "있": 0.02505827505827506,
      "되": 0.020396270396270396,
      "흩": 0.017708423195307195,
      "보": 0.017482517482517484,
      "뽑": 0.014076166049464477,
      "쓸": 0.013904068687893078,
      "세우": 0.013206517690262157,
      "심": 0.012776766772895295,
      "사라지": 0.011476123113964053,
      "읽": 0.008512640053729271,
      "믿": 0.006705227897703656,
      "살아가": 0.006334486998702251,
      "통하": 0.006037528767384598,
      "치": 0.004969737614583553,
      "이르": 0.004284258957497507,
      "가지": 0.0036418172367370443,
      "알": 0.0035905854997200157
    }
  }
}