{
  "scope": "sermon",
  "idf_scope": "church",
  "church": "S-hw",
  "sermon": "S-hw-0540",
  "document_unit": "sermon_json",
  "document_count": 564,
  "min_count": 5,
  "freq": {
    "MAG": {
      "분명": 5
    },
    "NNB": {
      "장": 6,
      "가지": 5,
      "수": 5
    },
    "NNG": {
      "성전": 18,
      "고관": 7,
      "말씀": 29,
      "설교": 16,
      "사명": 10,
      "판결": 5,
      "선지자": 9,
      "멸망": 8,
      "하나님": 18,
      "회개": 7,
      "선포": 8,
      "심판": 7,
      "메시지": 7,
      "말": 14,
      "왕": 8,
      "예언": 5,
      "백성": 10,
      "동일": 6,
      "선": 6,
      "반응": 5,
      "인간": 6,
      "이유": 7,
      "신": 5,
      "당시": 5,
      "자리": 6,
      "사람": 7,
      "본문": 6,
      "마음": 6,
      "절": 5
    },
    "NNP": {
      "예레미야": 27,
      "미가": 5,
      "지": 6,
      "여호": 7
    },
    "VA": {
      "없": 5
    },
    "VV": {
      "전하": 13,
      "있": 14,
      "죽이": 6,
      "되": 11,
      "당하": 5,
      "대하": 8,
      "원하": 6,
      "읽": 7,
      "보내": 5,
      "듣": 6
    }
  },
  "tfidf": {
    "MAG": {
      "분명": 0.00950101089824659
    },
    "NNB": {
      "장": 0.006752929034560559,
      "가지": 0.0059781835722162125,
      "수": 0.005279831045406547
    },
    "NNG": {
      "성전": 0.04525657457636034,
      "고관": 0.03208833601177102,
      "말씀": 0.030623020063357972,
      "설교": 0.02962330597448349,
      "사명": 0.023493536882681073,
      "판결": 0.022662636184915617,
      "선지자": 0.02161359691982605,
      "멸망": 0.019821694989378705,
      "하나님": 0.01900739176346357,
      "회개": 0.01709674389873406,
      "선포": 0.01596695551831156,
      "심판": 0.01568450878010791,
      "메시지": 0.015105223173129503,
      "말": 0.014994347283070959,
      "왕": 0.014716911100693572,
      "예언": 0.014165075929191749,
      "백성": 0.013616193791976377,
      "동일": 0.01354801710589619,
      "선": 0.011840119894475037,
      "반응": 0.010632606927180745,
      "인간": 0.01038901105369189,
      "이유": 0.009726099971043718,
      "신": 0.008264966251406679,
      "당시": 0.008118970837834822,
      "자리": 0.00805100934134758,
      "사람": 0.007483914869436019,
      "본문": 0.00732930777715228,
      "마음": 0.006837327201249011,
      "절": 0.005364611599238956
    },
    "NNP": {
      "예레미야": 0.08424453601347318,
      "미가": 0.030239640014320703,
      "지": 0.01642171237243838,
      "여호": 0.013330574125588643
    },
    "VA": {
      "없": 0.005298553870151798
    },
    "VV": {
      "전하": 0.02250952394966576,
      "있": 0.014783526927138331,
      "죽이": 0.013075984197989615,
      "되": 0.011615628299894404,
      "당하": 0.009024311602195374,
      "대하": 0.009019889735503099,
      "원하": 0.008290689826287704,
      "읽": 0.0077126136917631625,
      "보내": 0.007444032234297941,
      "듣": 0.006861648909636545
    }
  }
}