{
  "scope": "sermon",
  "idf_scope": "church",
  "church": "S-hw",
  "sermon": "S-hw-0145",
  "document_unit": "sermon_json",
  "document_count": 564,
  "min_count": 5,
  "freq": {
    "MAG": {
      "잘": 10,
      "너무": 6,
      "아주": 5,
      "정말": 5,
      "더": 6,
      "이제": 5,
      "다": 5
    },
    "NNB": {
      "거": 20,
      "수": 15,
      "번": 14,
      "절": 10,
      "장": 7,
      "가지": 5
    },
    "NNG": {
      "말씀": 94,
      "성전": 39,
      "하나님": 65,
      "신념": 11,
      "소굴": 5,
      "관심": 11,
      "만족": 9,
      "법궤": 5,
      "눈물": 11,
      "도둑": 6,
      "백성": 19,
      "말": 24,
      "왕": 12,
      "거짓말": 6,
      "나라": 14,
      "사람": 18,
      "절": 16,
      "장면": 8,
      "시대": 9,
      "진행": 6,
      "주": 12,
      "길": 9,
      "이름": 10,
      "문": 5,
      "선지자": 5,
      "종교": 5,
      "공동체": 6,
      "앞": 10,
      "눈": 7,
      "예배": 7,
      "오늘": 10,
      "정도": 7,
      "전체": 5,
      "마음": 9,
      "은혜": 8,
      "이유": 7,
      "이야기": 8,
      "표현": 7,
      "영광": 5,
      "내용": 6,
      "약속": 5,
      "기도": 8,
      "생명": 5,
      "속": 6,
      "본문": 6,
      "상황": 5,
      "삶": 6,
      "시작": 6,
      "생각": 6
    },
    "NNP": {
      "여호": 28,
      "예레미야": 15,
      "유다": 14,
      "예레미": 5,
      "이스라엘": 9
    },
    "VA": {
      "없": 28,
      "어떻": 20,
      "이렇": 16,
      "헛되": 5,
      "그렇": 12,
      "좋": 9,
      "같": 9,
      "어렵": 5
    },
    "VV": {
      "되": 51,
      "있": 43,
      "보": 30,
      "들리": 12,
      "나오": 18,
      "듣": 16,
      "전하": 8,
      "구하": 7,
      "대하": 10,
      "죽이": 5,
      "지키": 7,
      "찾": 6,
      "가지": 9,
      "받": 9,
      "믿": 8,
      "섬기": 5,
      "행하": 5,
      "일어나": 6,
      "서": 5,
      "읽": 7,
      "죽": 5,
      "향하": 5,
      "위하": 5,
      "주": 5
    }
  },
  "tfidf": {
    "MAG": {
      "잘": 0.005231869176671343,
      "너무": 0.00394340528072031,
      "아주": 0.003621003101402176,
      "정말": 0.003080600995696676,
      "더": 0.003008337635624633,
      "이제": 0.0026252427267800913,
      "다": 0.0025113922976147474
    },
    "NNB": {
      "거": 0.01078488464779422,
      "수": 0.007246376811594203,
      "번": 0.006969906385883071,
      "절": 0.004996167900490511,
      "장": 0.0036042807222304305,
      "가지": 0.0027349467840042285
    },
    "NNG": {
      "말씀": 0.04541062801932367,
      "성전": 0.044859395298677315,
      "하나님": 0.03140096618357488,
      "신념": 0.023628499374759925,
      "소굴": 0.013393879859706246,
      "관심": 0.013040706229063174,
      "만족": 0.012634821444796204,
      "법궤": 0.0124144955406044,
      "눈물": 0.012221548027082576,
      "도둑": 0.012177772507876205,
      "백성": 0.011835564004784103,
      "말": 0.011759541927178633,
      "왕": 0.010099213632142619,
      "거짓말": 0.01004528904416971,
      "나라": 0.00920127898834739,
      "사람": 0.008804058858827218,
      "절": 0.00785358405330132,
      "장면": 0.007598793055145036,
      "시대": 0.007247586122460527,
      "진행": 0.006761969348408644,
      "주": 0.006222767933651114,
      "길": 0.005959473878359777,
      "이름": 0.00583466435307196,
      "문": 0.005768274977701142,
      "선지자": 0.005493310865022884,
      "종교": 0.005447877696043425,
      "공동체": 0.005261926995026651,
      "앞": 0.005058503189552868,
      "눈": 0.004991437948678274,
      "예배": 0.004972224019078266,
      "오늘": 0.004839475747093633,
      "정도": 0.004731896948042561,
      "전체": 0.004693715422207921,
      "마음": 0.004691991927233923,
      "은혜": 0.00450289906757691,
      "이유": 0.0044495732717770055,
      "이야기": 0.004446829399984337,
      "표현": 0.004392600810903441,
      "영광": 0.00419904292789388,
      "내용": 0.004133417643785257,
      "약속": 0.0040769359733942865,
      "기도": 0.003961704046351793,
      "생명": 0.003803802773831555,
      "속": 0.003419845639306915,
      "본문": 0.003353069789837299,
      "상황": 0.0031549286736356945,
      "삶": 0.0031003628481306622,
      "시작": 0.0030729920052312946,
      "생각": 0.003035101913731721
    },
    "NNP": {
      "여호": 0.024394306660739027,
      "예레미야": 0.021411587655598256,
      "유다": 0.017588783554844077,
      "예레미": 0.008371074203474759,
      "이스라엘": 0.006259442884824784
    },
    "VA": {
      "없": 0.01357453665902851,
      "어떻": 0.010027792118748777,
      "이렇": 0.00778438512559416,
      "헛되": 0.007752877647587799,
      "그렇": 0.00592155205579192,
      "좋": 0.004861850484585703,
      "같": 0.004449033412475416,
      "어렵": 0.003621003101402176
    },
    "VV": {
      "되": 0.02463768115942029,
      "있": 0.02077294685990338,
      "보": 0.014492753623188406,
      "들리": 0.011562269444531188,
      "나오": 0.009153839739788165,
      "듣": 0.008370990682674148,
      "전하": 0.006337129447888064,
      "구하": 0.0058537032144701,
      "대하": 0.005158113272657872,
      "죽이": 0.004985087373388149,
      "지키": 0.004915228694979293,
      "찾": 0.004610500117699385,
      "가지": 0.004528520563942586,
      "받": 0.004472727346247435,
      "믿": 0.004446829399984337,
      "섬기": 0.00419904292789388,
      "행하": 0.003803802773831555,
      "일어나": 0.003656462898718136,
      "서": 0.0036280555412653037,
      "읽": 0.0035284276164732928,
      "죽": 0.0032376174940275844,
      "향하": 0.00305261158706772,
      "위하": 0.002538231006370957,
      "주": 0.002529251594776434
    }
  }
}