{
  "scope": "sermon",
  "idf_scope": "church",
  "church": "S-hw",
  "sermon": "S-hw-0039",
  "document_unit": "sermon_json",
  "document_count": 564,
  "min_count": 5,
  "freq": {
    "MAG": {
      "지금": 10,
      "완전히": 5,
      "정말": 8,
      "다시": 8,
      "아주": 5,
      "다": 7,
      "더": 6
    },
    "NNB": {
      "수": 27,
      "절": 13,
      "거": 11,
      "때문": 7,
      "장": 5,
      "번": 5
    },
    "NNG": {
      "왕": 34,
      "하나님": 47,
      "여인": 16,
      "똥": 7,
      "매매": 7,
      "굶주림": 6,
      "비둘기": 7,
      "포위": 6,
      "나귀": 6,
      "아들": 19,
      "아람": 6,
      "말씀": 23,
      "상황": 16,
      "엘": 5,
      "전쟁": 9,
      "사자": 6,
      "상태": 9,
      "회개": 8,
      "말": 18,
      "성": 9,
      "성읍": 6,
      "머리": 9,
      "재앙": 5,
      "사람": 15,
      "문제": 9,
      "옷": 5,
      "내일": 5,
      "믿음": 9,
      "리": 5,
      "안": 9,
      "해결": 5,
      "오늘": 10,
      "대답": 5,
      "위": 6,
      "이야기": 8,
      "복음": 5,
      "본문": 6,
      "백성": 5,
      "생각": 6,
      "주": 5,
      "절": 5
    },
    "NNP": {
      "세겔": 12,
      "엘리사": 14,
      "사마": 5,
      "리사": 5,
      "사마리아": 5,
      "여호": 7,
      "이스라엘": 6
    },
    "VA": {
      "없": 17,
      "그렇": 14,
      "이렇": 5
    },
    "VV": {
      "있": 30,
      "이르": 16,
      "보": 21,
      "르": 10,
      "찢": 5,
      "먹": 12,
      "돕": 5,
      "돌이키": 5,
      "되": 13,
      "앉": 5,
      "기다리": 5,
      "일어나": 8,
      "듣": 8,
      "보내": 6,
      "보이": 6,
      "대하": 6,
      "나오": 6,
      "통하": 6,
      "주": 5
    }
  },
  "tfidf": {
    "MAG": {
      "지금": 0.007894288944794554,
      "완전히": 0.007011958691811729,
      "정말": 0.0069502387586835085,
      "다시": 0.006007711201242885,
      "아주": 0.0051059103677809975,
      "다": 0.004957775802784427,
      "더": 0.0042420019793889575
    },
    "NNB": {
      "수": 0.018392370572207085,
      "절": 0.009158506689523139,
      "거": 0.008364162923374469,
      "때문": 0.004914068875605571,
      "장": 0.003630236032997757,
      "번": 0.003510049196861122
    },
    "NNG": {
      "왕": 0.040348697515338185,
      "하나님": 0.03201634877384196,
      "여인": 0.02725388364245191,
      "똥": 0.025706000732042163,
      "매매": 0.025069270658219508,
      "굶주림": 0.022663758563699125,
      "비둘기": 0.020700036923124762,
      "포위": 0.019200688289636985,
      "나귀": 0.01865491965493185,
      "아들": 0.018110695500828528,
      "아람": 0.017952534408637602,
      "말씀": 0.015667574931880108,
      "상황": 0.014235863442890219,
      "엘": 0.013892129404376563,
      "전쟁": 0.013530206502731817,
      "사자": 0.013252647829391034,
      "상태": 0.012621525645261113,
      "회개": 0.012604606050682097,
      "말": 0.012436436540834352,
      "성": 0.012198544825518224,
      "성읍": 0.012180314323393115,
      "머리": 0.011802872693203412,
      "재앙": 0.011159341691416969,
      "사람": 0.010345368890651874,
      "문제": 0.0088940703659854,
      "옷": 0.008769249987563642,
      "내일": 0.008740262624934525,
      "믿음": 0.008450687563385514,
      "리": 0.007922991951805807,
      "안": 0.007311826207893158,
      "해결": 0.007117853061941264,
      "오늘": 0.006824056400874538,
      "대답": 0.006696824601562595,
      "위": 0.006347413687261731,
      "이야기": 0.006270392955018786,
      "복음": 0.00540678727942162,
      "본문": 0.004728102496568943,
      "백성": 0.00439187177145832,
      "생각": 0.0042797417993356,
      "주": 0.003656088108156734,
      "절": 0.003460686092969545
    },
    "NNP": {
      "세겔": 0.04201308845076475,
      "엘리사": 0.04188924695348774,
      "사마": 0.017906621898728218,
      "리사": 0.01750545352115198,
      "사마리아": 0.012690421725143789,
      "여호": 0.008599491619163792,
      "이스라엘": 0.0058842174257889655
    },
    "VA": {
      "없": 0.011621446696944657,
      "그렇": 0.009741517857450603,
      "이렇": 0.0034301935477647973
    },
    "VV": {
      "있": 0.020435967302452316,
      "이르": 0.016025696721669144,
      "보": 0.01430517711171662,
      "르": 0.013175397474619628,
      "찢": 0.013080102757765534,
      "먹": 0.012950297757390799,
      "돕": 0.00920332678105179,
      "돌이키": 0.009105540316874569,
      "되": 0.008855585831062671,
      "앉": 0.006943148380784755,
      "기다리": 0.006875700740130192,
      "일어나": 0.006874548774156713,
      "듣": 0.005901890569869035,
      "보내": 0.005762532854942901,
      "보이": 0.004442168210709637,
      "대하": 0.004364016815150597,
      "나오": 0.004302554101126589,
      "통하": 0.004234495653201077,
      "주": 0.003566451499446334
    }
  }
}