{
  "scope": "sermon",
  "idf_scope": "church",
  "church": "S-Cg",
  "sermon": "S-Cg-0114",
  "document_unit": "sermon_json",
  "document_count": 186,
  "min_count": 5,
  "freq": {
    "MAG": {
      "지금": 16,
      "정말": 13,
      "이제": 13,
      "다": 12,
      "안": 9,
      "잘": 8,
      "막": 6,
      "굉장히": 6,
      "너무": 5
    },
    "NNB": {
      "거": 48,
      "수": 32,
      "절": 21,
      "분": 10,
      "때문": 10,
      "장": 7,
      "적": 5,
      "중": 5
    },
    "NNG": {
      "하나님": 140,
      "우상": 52,
      "마음": 63,
      "선택": 34,
      "주": 55,
      "말씀": 47,
      "신": 33,
      "아론": 10,
      "오늘": 37,
      "수아": 13,
      "숭배": 13,
      "이방": 12,
      "정서": 9,
      "세겜": 5,
      "예배": 21,
      "백성": 21,
      "말": 22,
      "성향": 7,
      "사랑": 18,
      "감정": 7,
      "체험": 6,
      "호수아": 5,
      "세": 6,
      "야곱": 5,
      "사람": 14,
      "종": 9,
      "과거": 7,
      "마음속": 6,
      "모세": 6,
      "마귀": 7,
      "조상": 5,
      "경외": 7,
      "집안": 5,
      "얘기": 9,
      "환경": 5,
      "생각": 10,
      "기도": 10,
      "부모": 6,
      "중심": 5,
      "감사": 8,
      "장": 7,
      "생명": 6,
      "나라": 7,
      "앞": 7,
      "가운데": 7,
      "곳": 6,
      "절": 7,
      "마지막": 5,
      "의미": 5,
      "지금": 6,
      "본문": 5,
      "날": 6,
      "시작": 6,
      "안": 6,
      "삶": 6,
      "인생": 5,
      "땅": 5,
      "아버지": 5
    },
    "NNP": {
      "여호수": 16,
      "여호": 16,
      "욥": 6,
      "여호수아": 6,
      "누가": 8
    },
    "VA": {
      "그렇": 22,
      "이렇": 18,
      "없": 14,
      "나쁘": 5,
      "어떻": 10,
      "좋": 8,
      "많": 8,
      "같": 5
    },
    "VV": {
      "섬기": 69,
      "있": 81,
      "되": 64,
      "보": 23,
      "주": 23,
      "만들": 17,
      "믿": 18,
      "버리": 12,
      "알": 16,
      "위하": 15,
      "그러": 14,
      "택하": 7,
      "바치": 6,
      "숨기": 6,
      "드리": 13,
      "읽": 10,
      "나오": 10,
      "모르": 10,
      "떠나": 8,
      "돌아보": 6,
      "지키": 7,
      "가지": 8,
      "일어나": 8,
      "붓": 5,
      "죽": 7,
      "부르": 6,
      "따르": 6,
      "받": 7,
      "살": 7,
      "원하": 6,
      "대하": 6,
      "지": 5
    }
  },
  "tfidf": {
    "MAG": {
      "지금": 0.006005216289020254,
      "정말": 0.004827304803727869,
      "이제": 0.004725128438480842,
      "다": 0.004338394793926247,
      "안": 0.003324151184424617,
      "잘": 0.002954801052821882,
      "막": 0.0027359985190424864,
      "굉장히": 0.0026044917472064022,
      "너무": 0.0018867006706685316
    },
    "NNB": {
      "거": 0.01754017859915422,
      "수": 0.011569052783803326,
      "절": 0.007714978323990463,
      "분": 0.003654203874823795,
      "때문": 0.0036153289949385392,
      "장": 0.0025993179712380833,
      "적": 0.0023309222600240097,
      "중": 0.0018766300903188292
    },
    "NNG": {
      "하나님": 0.05061460592913955,
      "우상": 0.03925330524370167,
      "마음": 0.02289869935571485,
      "선택": 0.022729134994267524,
      "주": 0.019884309472161965,
      "말씀": 0.016992046276211134,
      "신": 0.01617681586788263,
      "아론": 0.01354375259243162,
      "오늘": 0.013376717281272595,
      "수아": 0.012997051801414743,
      "숭배": 0.01218936801976378,
      "이방": 0.010615700576730263,
      "정서": 0.009934017743514016,
      "세겜": 0.008757798726924613,
      "예배": 0.008728774146519376,
      "백성": 0.00854245336299137,
      "말": 0.007953723788864787,
      "성향": 0.007623148786661135,
      "사랑": 0.006507592190889371,
      "감정": 0.006371206019903092,
      "체험": 0.006288295242254626,
      "호수아": 0.005848474951736434,
      "세": 0.0055145968823007594,
      "야곱": 0.005445106276186525,
      "사람": 0.005061460592913955,
      "종": 0.004864132869176001,
      "과거": 0.004842857383668812,
      "마음속": 0.004746328305900297,
      "모세": 0.0046350630252331585,
      "마귀": 0.00458636155582282,
      "조상": 0.004464765909546319,
      "경외": 0.004040006290807902,
      "집안": 0.0040198398980877,
      "얘기": 0.0037409032056511617,
      "환경": 0.003690263692747941,
      "생각": 0.0036737992019002202,
      "기도": 0.0036153289949385392,
      "부모": 0.0034005846480314956,
      "중심": 0.0032329308755680948,
      "감사": 0.0030187210730696504,
      "장": 0.002713077810368909,
      "생명": 0.002618716043401975,
      "나라": 0.002613261424121954,
      "앞": 0.002613261424121954,
      "가운데": 0.002585450921219147,
      "곳": 0.0025485093525081963,
      "절": 0.0025442999284127615,
      "마지막": 0.0024510327072549444,
      "의미": 0.0023966627592482957,
      "지금": 0.0023505729718896603,
      "본문": 0.00234388048395498,
      "날": 0.0023379978792989324,
      "시작": 0.0022399383635331037,
      "안": 0.0022161007896164117,
      "삶": 0.0021925223248942774,
      "인생": 0.0021237577937568302,
      "땅": 0.0020339174673788974,
      "아버지": 0.001856655693741488
    },
    "NNP": {
      "여호수": 0.016180022631204282,
      "여호": 0.010917155141003053,
      "욥": 0.0072467176983913705,
      "여호수아": 0.005804252831594735,
      "누가": 0.0037088900259621646
    },
    "VA": {
      "그렇": 0.007953723788864787,
      "이렇": 0.006507592190889371,
      "없": 0.005061460592913955,
      "나쁘": 0.0038032795224322035,
      "어떻": 0.003634714183446802,
      "좋": 0.002986584484710805,
      "많": 0.0029077713467574413,
      "같": 0.0018271019374118975
    },
    "VV": {
      "섬기": 0.03479502638586931,
      "있": 0.02928416485900217,
      "되": 0.023138105567606652,
      "보": 0.008315256688358641,
      "주": 0.008315256688358641,
      "만들": 0.007299573210014744,
      "믿": 0.006542485530204243,
      "버리": 0.0059157230646377625,
      "알": 0.005784526391901663,
      "위하": 0.005422993492407809,
      "그러": 0.005115885424753313,
      "택하": 0.004842857383668812,
      "바치": 0.00482380787770524,
      "숨기": 0.004708602182881057,
      "드리": 0.004699927693420101,
      "읽": 0.003981236087966426,
      "나오": 0.003713311387482976,
      "모르": 0.003713311387482976,
      "떠나": 0.003627982283250939,
      "돌아보": 0.003484025604274003,
      "지키": 0.003105616838887886,
      "가지": 0.0030512187542465867,
      "일어나": 0.0030187210730696504,
      "붓": 0.0028000314347982045,
      "죽": 0.0025993179712380833,
      "부르": 0.002576319956475792,
      "따르": 0.0025485093525081963,
      "받": 0.0025442999284127615,
      "살": 0.0025442999284127615,
      "원하": 0.002300704168799208,
      "대하": 0.002276193202955535,
      "지": 0.002255065067147958
    }
  }
}