{
  "scope": "sermon",
  "idf_scope": "church",
  "church": "S-Cg",
  "sermon": "S-Cg-0125",
  "document_unit": "sermon_json",
  "document_count": 186,
  "min_count": 5,
  "freq": {
    "MAG": {
      "먼저": 21,
      "다": 28,
      "너무": 17,
      "지금": 12,
      "이미": 9,
      "안": 10,
      "막": 8,
      "아무리": 6,
      "너무나": 8,
      "정말": 7,
      "그냥": 6,
      "잘": 6,
      "굉장히": 5,
      "많이": 5,
      "다시": 5,
      "이제": 5,
      "더": 5
    },
    "NNB": {
      "거": 73,
      "수": 36,
      "번": 19,
      "때문": 17,
      "절": 12,
      "명": 10,
      "분": 10,
      "장": 9,
      "가지": 5,
      "중": 5
    },
    "NNG": {
      "안식": 49,
      "유산": 29,
      "하나님": 69,
      "유업": 18,
      "동편": 10,
      "땅": 31,
      "주": 32,
      "선봉": 6,
      "지파": 12,
      "모세": 13,
      "차지": 10,
      "평강": 9,
      "말씀": 22,
      "기도": 20,
      "감사": 19,
      "여정": 8,
      "사람": 19,
      "세대": 12,
      "명령": 9,
      "약속": 12,
      "의미": 12,
      "아내": 9,
      "성령": 13,
      "광야": 7,
      "순종": 10,
      "교회": 12,
      "은혜": 12,
      "안": 11,
      "증거": 8,
      "오늘": 11,
      "천국": 5,
      "사명": 5,
      "임재": 5,
      "영원": 7,
      "나라": 9,
      "남편": 5,
      "단어": 5,
      "선교": 6,
      "삶": 8,
      "예배": 7,
      "부모": 5,
      "날": 7,
      "믿음": 7,
      "자녀": 7,
      "준비": 6,
      "마음": 7,
      "하심": 5,
      "전": 6,
      "이유": 5,
      "가운데": 6,
      "생각": 6,
      "말": 5,
      "사랑": 5
    },
    "NNP": {
      "요단": 8,
      "여호수": 6,
      "여호수아": 6,
      "북한": 9,
      "예수": 13,
      "누가": 7
    },
    "VA": {
      "많": 30,
      "그렇": 19,
      "없": 16,
      "어떻": 14,
      "참되": 5,
      "이렇": 11,
      "좋": 10,
      "같": 8,
      "귀하": 6
    },
    "VV": {
      "있": 82,
      "주": 65,
      "되": 57,
      "누리": 31,
      "받": 26,
      "쉬": 11,
      "임하": 14,
      "믿": 19,
      "위하": 19,
      "머무르": 9,
      "섬기": 11,
      "얻": 10,
      "보": 14,
      "앉": 7,
      "죽": 12,
      "그치": 5,
      "나오": 11,
      "통하": 11,
      "드리": 11,
      "서": 8,
      "살": 10,
      "알": 10,
      "베풀": 5,
      "그러": 8,
      "내리": 5,
      "살아가": 6,
      "계시": 6,
      "지나": 5
    }
  },
  "tfidf": {
    "MAG": {
      "먼저": 0.010703914788061706,
      "다": 0.010290334435869165,
      "너무": 0.006520870190090092,
      "지금": 0.00457839808584069,
      "이미": 0.0038233786161656885,
      "안": 0.0037545845792472093,
      "막": 0.0037083287534835315,
      "아무리": 0.003675326186078832,
      "너무나": 0.0033259601294535483,
      "정말": 0.00264230558928502,
      "그냥": 0.00240230443297007,
      "잘": 0.0022527507475483257,
      "굉장히": 0.0022063041077952064,
      "많이": 0.0020899640133183097,
      "다시": 0.0018772922896236046,
      "이제": 0.0018474126114321671,
      "더": 0.0018375597206909224
    },
    "NNB": {
      "거": 0.027116851819061785,
      "수": 0.013230429988974642,
      "번": 0.006982726938625505,
      "때문": 0.006247703050349137,
      "절": 0.0044814679569817025,
      "명": 0.00443670744582253,
      "분": 0.0037146372354879154,
      "장": 0.003397250043366454,
      "가지": 0.001991205696510719,
      "중": 0.0019076658691002874
    },
    "NNG": {
      "안식": 0.07264252772377804,
      "유산": 0.0308960746393613,
      "하나님": 0.025358324145534728,
      "유업": 0.023762191536313086,
      "동편": 0.013767739680509322,
      "땅": 0.01281883771832936,
      "주": 0.011760382212421904,
      "선봉": 0.011317522223123433,
      "지파": 0.010316596775056053,
      "모세": 0.010208722054473473,
      "차지": 0.009629513797171488,
      "평강": 0.008757187469895735,
      "말씀": 0.00808526277104006,
      "기도": 0.00735023888276369,
      "감사": 0.00728803138892422,
      "여정": 0.007128103276984248,
      "사람": 0.006982726938625505,
      "세대": 0.006670825779755203,
      "명령": 0.006157643101612675,
      "약속": 0.005912941515470046,
      "의미": 0.005847117258726162,
      "아내": 0.005092924149808521,
      "성령": 0.005013313438189092,
      "광야": 0.004922948740620336,
      "순종": 0.004791822608222646,
      "교회": 0.004457564682585498,
      "은혜": 0.004410143329658214,
      "안": 0.00413004303717193,
      "증거": 0.004054622132848128,
      "오늘": 0.00404263138552003,
      "천국": 0.003988727685241028,
      "사명": 0.0038367767189692284,
      "임재": 0.0036431704792451807,
      "영원": 0.003468631701535285,
      "나라": 0.0034154738222340487,
      "남편": 0.003308143730266948,
      "단어": 0.0032436613344358745,
      "선교": 0.0032203395642534105,
      "삶": 0.0029717097883903325,
      "예배": 0.0029577103135210825,
      "부모": 0.002880686370346416,
      "날": 0.0027727744051810562,
      "믿음": 0.0027727744051810562,
      "자녀": 0.0027432041530751593,
      "준비": 0.002647564929354248,
      "마음": 0.002586377656005034,
      "하심": 0.002577719367056754,
      "전": 0.0025215265305892007,
      "이유": 0.0022549840332766035,
      "가운데": 0.0022527507475483257,
      "생각": 0.0022407339784908512,
      "말": 0.0018375597206909224,
      "사랑": 0.0018375597206909224
    },
    "NNP": {
      "요단": 0.009822085583119212,
      "여호수": 0.0061678531695026255,
      "여호수아": 0.005900243782503137,
      "북한": 0.005312466825480647,
      "예수": 0.0048032727897236345,
      "누가": 0.0032989493147133142
    },
    "VA": {
      "많": 0.011084475668593002,
      "그렇": 0.006982726938625505,
      "없": 0.005880191106210952,
      "어떻": 0.005172755312010068,
      "참되": 0.004538604375525586,
      "이렇": 0.00404263138552003,
      "좋": 0.0037949709135933875,
      "같": 0.0029717097883903325,
      "귀하": 0.0028750935649335878
    },
    "VV": {
      "있": 0.03013597941933113,
      "주": 0.02388827636898199,
      "되": 0.020948180815876516,
      "누리": 0.014772390737023426,
      "받": 0.009606545579447269,
      "쉬": 0.009540236554727546,
      "임하": 0.007828775383164841,
      "믿": 0.007020167923442235,
      "위하": 0.006982726938625505,
      "머무르": 0.006464528658782353,
      "섬기": 0.005638770234815948,
      "얻": 0.005155438734113508,
      "보": 0.005145167217934583,
      "앉": 0.004789277967920969,
      "죽": 0.004529666724488605,
      "그치": 0.004455064548115155,
      "나오": 0.004152194497447888,
      "통하": 0.00413004303717193,
      "드리": 0.00404263138552003,
      "서": 0.003833458086578117,
      "살": 0.0036948252228643343,
      "알": 0.003675119441381845,
      "베풀": 0.003308143730266948,
      "그러": 0.0029717097883903325,
      "내리": 0.0026223586404287577,
      "살아가": 0.002363954393914129,
      "계시": 0.0023014835965023852,
      "지나": 0.00214721349472183
    }
  }
}