{
  "scope": "sermon",
  "idf_scope": "church",
  "church": "S-Cg",
  "sermon": "S-Cg-0173",
  "document_unit": "sermon_json",
  "document_count": 186,
  "min_count": 5,
  "freq": {
    "MAG": {
      "안": 15,
      "너무나": 11,
      "더": 11,
      "잘못": 6,
      "불쌍히": 5,
      "다": 9,
      "잘": 8,
      "못": 6,
      "이제": 7,
      "지금": 6,
      "가장": 5,
      "다시": 5
    },
    "NNB": {
      "거": 56,
      "수": 32,
      "편": 14,
      "때문": 18,
      "분": 11,
      "명": 7,
      "중": 8,
      "절": 8,
      "번": 8
    },
    "NNG": {
      "용서": 51,
      "하나님": 51,
      "사람": 47,
      "주": 46,
      "십자가": 30,
      "말씀": 35,
      "편": 13,
      "기도": 33,
      "적대감": 6,
      "증오": 6,
      "스데반": 5,
      "아버지": 21,
      "평화": 9,
      "악": 13,
      "사랑": 20,
      "저주": 9,
      "마음": 19,
      "죄값": 5,
      "적": 6,
      "얘기": 13,
      "교회": 14,
      "길": 12,
      "분노": 6,
      "분열": 5,
      "백성": 11,
      "세상": 11,
      "사도": 6,
      "은혜": 12,
      "진리": 7,
      "확신": 5,
      "전쟁": 8,
      "공의": 5,
      "가운데": 11,
      "남": 7,
      "속": 10,
      "원수": 5,
      "역사": 9,
      "사건": 6,
      "정도": 8,
      "나라": 9,
      "안": 9,
      "정치": 5,
      "관계": 6,
      "자녀": 8,
      "죄": 7,
      "목사": 7,
      "복음": 7,
      "눈": 6,
      "세대": 5,
      "찬양": 7,
      "감사": 7,
      "생각": 7,
      "오늘": 7,
      "신": 5,
      "뜻": 6,
      "주의": 5,
      "앞": 6,
      "말": 6,
      "장": 5
    },
    "NNP": {
      "예수": 38,
      "광화문": 6,
      "주님": 24,
      "대한민국": 5,
      "그리스도": 6
    },
    "VA": {
      "그렇": 30,
      "밉": 7,
      "없": 19,
      "이렇": 15,
      "어떻": 11,
      "어렵": 7,
      "놀랍": 7,
      "같": 7
    },
    "VV": {
      "되": 103,
      "있": 70,
      "위하": 30,
      "보": 27,
      "향하": 18,
      "갚": 10,
      "죽이": 15,
      "받": 19,
      "주": 18,
      "미워하": 7,
      "그러": 16,
      "알": 16,
      "가르": 5,
      "치르": 6,
      "모르": 11,
      "죽": 11,
      "당하": 8,
      "듣": 9,
      "돌아오": 7,
      "살": 9,
      "만들": 7,
      "통하": 8,
      "믿": 8,
      "누리": 6,
      "전하": 6,
      "나오": 7,
      "나아가": 6,
      "짓": 5,
      "지": 5,
      "세우": 5,
      "살아가": 5,
      "드리": 5
    }
  },
  "tfidf": {
    "MAG": {
      "안": 0.005201743706788013,
      "너무나": 0.004223918560534375,
      "더": 0.00373387644263408,
      "잘못": 0.003331952681710787,
      "불쌍히": 0.0032478284170371287,
      "다": 0.003054989816700611,
      "잘": 0.00277426331028694,
      "못": 0.00239279595011462,
      "이제": 0.0023888437209740997,
      "지금": 0.0021143620488072836,
      "가장": 0.0018391278683658069,
      "다시": 0.0017339145689293375
    },
    "NNB": {
      "거": 0.019213223468930975,
      "수": 0.010862186014935505,
      "편": 0.00890753464436861,
      "때문": 0.006109979633401222,
      "분": 0.0037740260385400134,
      "명": 0.0028684985309090877,
      "중": 0.002819149398409712,
      "절": 0.0027594646551136483,
      "번": 0.0027155465037338763
    },
    "NNG": {
      "용서": 0.02780479497015821,
      "하나님": 0.017311608961303463,
      "사람": 0.015953835709436523,
      "주": 0.015614392396469789,
      "십자가": 0.013204019182524389,
      "말씀": 0.01188051595383571,
      "편": 0.01180749735904523,
      "기도": 0.01120162932790224,
      "적대감": 0.008455533757993381,
      "증오": 0.008001066240041835,
      "스데반": 0.007843976076748959,
      "아버지": 0.007321500517764297,
      "평화": 0.007273811655227682,
      "악": 0.006959581624936125,
      "사랑": 0.006788866259334691,
      "저주": 0.006738564947411723,
      "마음": 0.006484004385501128,
      "죄값": 0.005766964142563426,
      "적": 0.005392239670872661,
      "얘기": 0.0050733724624275655,
      "교회": 0.004803305867232744,
      "길": 0.004632824505286453,
      "분노": 0.0044563286130754306,
      "분열": 0.004272804735489272,
      "백성": 0.004201220153596085,
      "세상": 0.004201220153596085,
      "사도": 0.004127120157767047,
      "은혜": 0.004073319755600814,
      "진리": 0.004061520800624176,
      "확신": 0.004005274280289708,
      "전쟁": 0.003875322666996144,
      "공의": 0.0038370955588975975,
      "가운데": 0.0038146120516445426,
      "남": 0.003747467028811759,
      "속": 0.003717957161589698,
      "원수": 0.003414122389135234,
      "역사": 0.0034005543923762674,
      "사건": 0.003373518611713246,
      "정도": 0.003314252064516852,
      "나라": 0.0031546178785807353,
      "안": 0.0031210462240728078,
      "정치": 0.0030758112848913587,
      "관계": 0.0029743869498756043,
      "자녀": 0.002895648724863741,
      "죄": 0.002791595275133723,
      "목사": 0.0026879481748855114,
      "복음": 0.0026879481748855114,
      "눈": 0.002685241814905365,
      "세대": 0.0025672263162924173,
      "찬양": 0.002533692634255773,
      "감사": 0.002479993101526416,
      "생각": 0.002414531573224442,
      "오늘": 0.0023761031907671417,
      "신": 0.0023012751080336647,
      "뜻": 0.0022915746292342283,
      "주의": 0.0021289458154005636,
      "앞": 0.0021030785857204903,
      "말": 0.002036659877800407,
      "장": 0.0018195066490836007
    },
    "NNP": {
      "예수": 0.012968008771002256,
      "광화문": 0.010453149344575308,
      "주님": 0.008686946174591223,
      "대한민국": 0.003293701927539368,
      "그리스도": 0.0021371182618380885
    },
    "VA": {
      "그렇": 0.010183299389002037,
      "밉": 0.008535084525008585,
      "없": 0.006449422946367957,
      "이렇": 0.0050916496945010185,
      "어떻": 0.0037538972758164426,
      "어렵": 0.003013526105282673,
      "놀랍": 0.0026448756385148747,
      "같": 0.002401652933616372
    },
    "VV": {
      "되": 0.03496266123557366,
      "있": 0.02376103190767142,
      "위하": 0.010183299389002037,
      "보": 0.009164969450101833,
      "향하": 0.007622211782970979,
      "갚": 0.007610741922234597,
      "죽이": 0.007101968991360024,
      "받": 0.006484004385501128,
      "주": 0.006109979633401222,
      "미워하": 0.005760734178407966,
      "그러": 0.005489492419694565,
      "알": 0.005431093007467753,
      "가르": 0.005408326848491452,
      "치르": 0.004252492648600925,
      "모르": 0.003835071699781298,
      "죽": 0.003835071699781298,
      "당하": 0.0032962084997682616,
      "듣": 0.003104397737002854,
      "돌아오": 0.0030809378092556904,
      "살": 0.003071370498395271,
      "만들": 0.002822058553817848,
      "통하": 0.00277426331028694,
      "믿": 0.0027301071096846852,
      "누리": 0.0026408038365048772,
      "전하": 0.002568829566758831,
      "나오": 0.0024405001725880987,
      "나아가": 0.0022915746292342283,
      "짓": 0.002176423500469142,
      "지": 0.002117281050825272,
      "세우": 0.0018490242029055104,
      "살아가": 0.0018195066490836007,
      "드리": 0.0016972165648336728
    }
  }
}