{
  "scope": "sermon",
  "idf_scope": "church",
  "church": "S-Cg",
  "sermon": "S-Cg-0174",
  "document_unit": "sermon_json",
  "document_count": 186,
  "min_count": 5,
  "freq": {
    "MAG": {
      "다": 11,
      "다시": 9
    },
    "NNB": {
      "분": 11,
      "수": 11,
      "번": 10,
      "때문": 6
    },
    "NNG": {
      "아들": 40,
      "탕자": 11,
      "아버지": 39,
      "하나님": 38,
      "사랑": 35,
      "뮤지컬": 6,
      "아버지께": 5,
      "탕진": 5,
      "모습": 14,
      "집": 12,
      "말씀": 15,
      "주": 15,
      "오늘": 14,
      "마음": 10,
      "문화": 5,
      "점": 5,
      "사람": 9,
      "감사": 8,
      "기도": 7,
      "고백": 5,
      "나라": 5
    },
    "NNP": {
      "예수": 20,
      "요나": 5,
      "호": 6
    },
    "VA": {
      "크": 21,
      "작": 8,
      "그렇": 11,
      "많": 8,
      "없": 7,
      "같": 5
    },
    "VV": {
      "탕": 8,
      "되": 23,
      "돌아가": 15,
      "있": 20,
      "돌아오": 12,
      "알": 14,
      "내": 10,
      "나가": 9,
      "기다리": 6,
      "위하": 9,
      "계시": 8,
      "나오": 8,
      "보": 8,
      "부르": 6,
      "드리": 7,
      "갖": 5,
      "떠나": 5,
      "죽": 6,
      "통하": 6,
      "살": 6,
      "주": 5
    }
  },
  "tfidf": {
    "MAG": {
      "다": 0.009105960264900662,
      "다시": 0.007611425642482195
    },
    "NNB": {
      "분": 0.009203874759552052,
      "수": 0.009105960264900662,
      "번": 0.008278145695364239,
      "때문": 0.004966887417218543
    },
    "NNG": {
      "아들": 0.038483589888554805,
      "탕자": 0.036732387777071225,
      "아버지": 0.033159747732892264,
      "하나님": 0.03145695364238411,
      "사랑": 0.028973509933774833,
      "뮤지컬": 0.02062086295616598,
      "아버지께": 0.01718405246347165,
      "탕진": 0.016696539898668743,
      "모습": 0.013039970199798084,
      "집": 0.012668359860132377,
      "말씀": 0.012417218543046357,
      "주": 0.012417218543046357,
      "오늘": 0.011589403973509934,
      "마음": 0.008322532641898887,
      "문화": 0.0076534850255823884,
      "점": 0.0076534850255823884,
      "사람": 0.0074503311258278145,
      "감사": 0.00691207159611809,
      "기도": 0.005794701986754967,
      "고백": 0.004557988004683417,
      "나라": 0.004274054576112421
    },
    "NNP": {
      "예수": 0.016645065283797774,
      "요나": 0.01586594927175586,
      "호": 0.012626966040102567
    },
    "VA": {
      "크": 0.018047340302360847,
      "작": 0.01132000026361289,
      "그렇": 0.009105960264900662,
      "많": 0.006658026113519108,
      "없": 0.005794701986754967,
      "같": 0.0041835794361600245
    },
    "VV": {
      "탕": 0.032084862620759574,
      "되": 0.01903973509933775,
      "돌아가": 0.017619092650854748,
      "있": 0.016556291390728478,
      "돌아오": 0.012880476990634718,
      "알": 0.011589403973509934,
      "내": 0.010103255983098766,
      "나가": 0.009192936330972058,
      "기다리": 0.008026430960331095,
      "위하": 0.0074503311258278145,
      "계시": 0.00691207159611809,
      "나오": 0.00680199953495226,
      "보": 0.006622516556291391,
      "부르": 0.005899090231466921,
      "드리": 0.005794701986754967,
      "갖": 0.005487722841126479,
      "떠나": 0.005191948983584488,
      "죽": 0.005101499651214195,
      "통하": 0.005074283761654797,
      "살": 0.004993519585139331,
      "주": 0.0041390728476821195
    }
  }
}