{
  "scope": "sermon",
  "idf_scope": "church",
  "church": "S-Cg",
  "sermon": "S-Cg-0171",
  "document_unit": "sermon_json",
  "document_count": 186,
  "min_count": 5,
  "freq": {
    "MAG": {
      "가장": 10,
      "다": 10,
      "안": 7,
      "더": 7,
      "다시": 6
    },
    "NNB": {
      "수": 19,
      "때문": 18,
      "뿐": 8,
      "중": 7,
      "분": 5
    },
    "NNG": {
      "겸손": 31,
      "신랑": 12,
      "최선": 15,
      "세상": 39,
      "말": 34,
      "하나님": 34,
      "공동체": 15,
      "사람": 28,
      "치유": 12,
      "장애인": 7,
      "교만": 10,
      "세례": 9,
      "복음": 17,
      "교회": 19,
      "주": 19,
      "성공": 9,
      "영상": 7,
      "기쁨": 10,
      "마음": 18,
      "삶": 17,
      "구원": 13,
      "신부": 5,
      "요": 7,
      "자리": 12,
      "사랑": 14,
      "노력": 5,
      "말씀": 12,
      "원망": 5,
      "판단": 5,
      "대답": 7,
      "영광": 9,
      "회복": 8,
      "종": 7,
      "목사": 9,
      "친구": 6,
      "선": 7,
      "죄": 8,
      "생각": 9,
      "마귀": 5,
      "은혜": 9,
      "중심": 5,
      "고백": 8,
      "사역": 5,
      "안": 8,
      "문제": 7,
      "절": 8,
      "기도": 8,
      "악": 5,
      "십자가": 6,
      "성도": 7,
      "성경": 7,
      "모습": 6,
      "찬양": 6,
      "중요": 5,
      "지금": 5,
      "감사": 5,
      "아버지": 5
    },
    "NNP": {
      "예수": 30,
      "요한": 9,
      "한": 6,
      "그리스도": 11
    },
    "VA": {
      "없": 25,
      "놀랍": 10,
      "같": 9,
      "이렇": 9,
      "그렇": 8,
      "크": 7,
      "많": 5
    },
    "VV": {
      "되": 40,
      "있": 28,
      "받": 23,
      "위하": 16,
      "알": 12,
      "살": 11,
      "무너지": 7,
      "대하": 8,
      "주": 8,
      "누리": 6,
      "보": 7,
      "깨닫": 5,
      "원하": 6,
      "죽": 6,
      "듣": 6,
      "믿": 6,
      "그러": 5
    }
  },
  "tfidf": {
    "MAG": {
      "가장": 0.005418070700205667,
      "다": 0.005,
      "안": 0.00357567862404608,
      "더": 0.0035,
      "다시": 0.003064867392039497
    },
    "NNB": {
      "수": 0.0095,
      "때문": 0.009,
      "뿐": 0.006625590553404816,
      "중": 0.0036335311808753175,
      "분": 0.0025268819794406544
    },
    "NNG": {
      "겸손": 0.033119842846803534,
      "신랑": 0.025711190806795643,
      "최선": 0.024650022282661097,
      "세상": 0.02194068128760312,
      "말": 0.017,
      "하나님": 0.017,
      "공동체": 0.014977515841929953,
      "사람": 0.014,
      "치유": 0.012158495984781722,
      "장애인": 0.011892633454794297,
      "교만": 0.009842143699066356,
      "세례": 0.009691070278269901,
      "복음": 0.0096155586067583,
      "교회": 0.009602151521874486,
      "주": 0.0095,
      "성공": 0.009186542436726725,
      "영상": 0.009077328599948704,
      "기쁨": 0.009061340045289943,
      "마음": 0.009048257488272468,
      "삶": 0.008591398730098225,
      "구원": 0.008289330135146619,
      "신부": 0.00808844085825149,
      "요": 0.007420821634384464,
      "자리": 0.0071261009996120405,
      "사랑": 0.007,
      "노력": 0.006618974195996192,
      "말씀": 0.006,
      "원망": 0.0057977140285661016,
      "판단": 0.0057977140285661016,
      "대답": 0.005587328700187328,
      "영광": 0.005552533543907123,
      "회복": 0.005547686121583982,
      "종": 0.005232185589610319,
      "목사": 0.005090589850636746,
      "친구": 0.005000281276160251,
      "선": 0.004937894679373425,
      "죄": 0.004699451246025114,
      "생각": 0.004572777866605204,
      "마귀": 0.0045306700226449715,
      "은혜": 0.0045,
      "중심": 0.004471143400910676,
      "고백": 0.004404839607726053,
      "사역": 0.004356180617806117,
      "안": 0.004086489856052663,
      "문제": 0.00404577180567266,
      "절": 0.004021447772565542,
      "기도": 0.004,
      "악": 0.003942870666742659,
      "십자가": 0.003889904051171685,
      "성도": 0.003792649490143967,
      "성경": 0.003712186176357522,
      "모습": 0.0033754894288620186,
      "찬양": 0.0031989679287932177,
      "중요": 0.002858780704055506,
      "지금": 0.0027090353501028337,
      "감사": 0.002609307027534579,
      "아버지": 0.002567754824444478
    },
    "NNP": {
      "예수": 0.01508042914712078,
      "요한": 0.015033315865312898,
      "한": 0.0074803169957136555,
      "그리스도": 0.005771287866093758
    },
    "VA": {
      "없": 0.0125,
      "놀랍": 0.005565574022189158,
      "같": 0.004548387562993177,
      "이렇": 0.0045,
      "그렇": 0.004,
      "크": 0.0036335311808753175,
      "많": 0.0025134048578534635
    },
    "VV": {
      "되": 0.02,
      "있": 0.014,
      "받": 0.011561662346125932,
      "위하": 0.008,
      "알": 0.006,
      "살": 0.005529490687277619,
      "무너지": 0.004994806502424656,
      "대하": 0.004197300266250007,
      "주": 0.004,
      "누리": 0.003889904051171685,
      "보": 0.0035,
      "깨닫": 0.003241586709309737,
      "원하": 0.0031818738654493047,
      "죽": 0.0030813057893333737,
      "듣": 0.003048518577736803,
      "믿": 0.003016085829424156,
      "그러": 0.0025268819794406544
    }
  }
}