{
  "scope": "sermon",
  "idf_scope": "church",
  "church": "S-Cg",
  "sermon": "S-Cg-0036",
  "document_unit": "sermon_json",
  "document_count": 186,
  "min_count": 5,
  "freq": {
    "MAG": {
      "급히": 5,
      "지금": 17,
      "다": 16,
      "잘": 14,
      "분명히": 9,
      "더": 11,
      "너무": 10,
      "이제": 10,
      "가장": 6,
      "많이": 5,
      "그냥": 5,
      "정말": 5
    },
    "NNB": {
      "수": 30,
      "거": 27,
      "분": 21,
      "번": 19,
      "때문": 13,
      "절": 6,
      "장": 5
    },
    "NNG": {
      "하나님": 110,
      "응답": 31,
      "이레": 12,
      "기도": 52,
      "나라": 47,
      "보물": 9,
      "제국": 11,
      "환상": 7,
      "소유": 8,
      "레": 7,
      "미래": 10,
      "통치자": 7,
      "말씀": 20,
      "소망": 12,
      "왕": 16,
      "자녀": 18,
      "사람": 19,
      "영원": 14,
      "현재": 6,
      "회복": 13,
      "사랑": 18,
      "주": 18,
      "예언": 7,
      "책": 10,
      "말": 16,
      "관점": 6,
      "공부": 7,
      "전": 13,
      "반석": 5,
      "앞": 14,
      "수술": 5,
      "믿음": 13,
      "성전": 7,
      "모습": 11,
      "절": 12,
      "현실": 6,
      "용서": 7,
      "기쁨": 6,
      "좌절": 5,
      "마지막": 8,
      "죄": 9,
      "기름": 5,
      "마음": 10,
      "하루": 5,
      "통치": 5,
      "삶": 9,
      "계속": 6,
      "위": 7,
      "백성": 7,
      "세상": 7,
      "시기": 5,
      "장": 7,
      "가운데": 7,
      "생각": 7,
      "곳": 6,
      "날": 6,
      "끝": 5,
      "영광": 5,
      "오늘": 6,
      "힘": 5,
      "속": 5,
      "찬양": 5,
      "아버지": 5,
      "안": 5
    },
    "NNP": {
      "다니엘": 26,
      "바벨론": 13,
      "페르시아": 8,
      "예루살렘": 11,
      "다니엘이": 7,
      "가브리엘": 5,
      "예수": 18,
      "그리스도": 7,
      "이스라엘": 5
    },
    "VA": {
      "없": 22,
      "같": 18,
      "어떻": 18,
      "좋": 14,
      "그렇": 14,
      "크": 12,
      "이렇": 11,
      "어리": 5,
      "어렵": 6,
      "많": 7
    },
    "VV": {
      "있": 56,
      "보": 41,
      "살아가": 32,
      "되": 30,
      "받": 21,
      "알": 19,
      "정하": 9,
      "살": 18,
      "대하": 16,
      "위하": 12,
      "세우": 11,
      "서": 9,
      "원하": 10,
      "지나": 9,
      "지나가": 5,
      "부르": 8,
      "갖": 7,
      "주": 9,
      "보이": 8,
      "드리": 7,
      "나오": 6,
      "모르": 5,
      "그러": 5
    }
  },
  "tfidf": {
    "MAG": {
      "급히": 0.007288330675226822,
      "지금": 0.0068671517592974315,
      "다": 0.0062256809338521405,
      "잘": 0.005565258558826583,
      "분명히": 0.004940639479084027,
      "더": 0.004280155642023347,
      "너무": 0.004061178252972108,
      "이제": 0.003911914175647414,
      "가장": 0.00252983845924,
      "많이": 0.002212759564295378,
      "그냥": 0.00211954291897262,
      "정말": 0.0019982527816688545
    },
    "NNB": {
      "수": 0.011673151750972763,
      "거": 0.010618803649011311,
      "분": 0.008259069504786574,
      "번": 0.007392996108949416,
      "때문": 0.005058365758754864,
      "절": 0.002372387998238757,
      "장": 0.0019982527816688545
    },
    "NNG": {
      "하나님": 0.042801556420233464,
      "응답": 0.021154445865240384,
      "이레": 0.020728478510318435,
      "기도": 0.020233463035019456,
      "나라": 0.018884336390144654,
      "보물": 0.013757475375387108,
      "제국": 0.012257564457412155,
      "환상": 0.008812309106266214,
      "소유": 0.008706992723329,
      "레": 0.008552709394736924,
      "미래": 0.00812441202514807,
      "통치자": 0.007994903601537666,
      "말씀": 0.007782101167315175,
      "소망": 0.007734152396970602,
      "왕": 0.007515816940129559,
      "자녀": 0.007468407615859653,
      "사람": 0.007392996108949416,
      "영원": 0.007344861369554483,
      "현재": 0.007227115332899852,
      "회복": 0.0070155563794349965,
      "사랑": 0.007003891050583658,
      "주": 0.007003891050583658,
      "예언": 0.006924359587231342,
      "책": 0.006249555655915624,
      "말": 0.0062256809338521405,
      "관점": 0.006117176741347149,
      "공부": 0.006106954082502796,
      "전": 0.005784303370073398,
      "반석": 0.005784070192282305,
      "앞": 0.005625121477915428,
      "수술": 0.005505663881697337,
      "믿음": 0.005451992720092802,
      "성전": 0.005212195923434994,
      "모습": 0.004815873374511311,
      "절": 0.004694297010776897,
      "현실": 0.004595553478163279,
      "용서": 0.004374688959140937,
      "기쁨": 0.0042309758966334364,
      "좌절": 0.004223084837175423,
      "마지막": 0.004220735544446491,
      "죄": 0.004114305565586189,
      "기름": 0.00397170014558008,
      "마음": 0.003911914175647414,
      "하루": 0.003646692198764581,
      "통치": 0.0035732674361520387,
      "삶": 0.0035396012163371035,
      "계속": 0.003312663645483663,
      "위": 0.0032881699113066817,
      "백성": 0.0030646466928708335,
      "세상": 0.0030646466928708335,
      "시기": 0.002995643452578683,
      "장": 0.002919989581120779,
      "가운데": 0.0027826292794132916,
      "생각": 0.0027677859979452165,
      "곳": 0.0027428703770574596,
      "날": 0.002516304332350524,
      "끝": 0.002481092527730206,
      "영광": 0.0024005765429775715,
      "오늘": 0.0023346303501945525,
      "힘": 0.002310668287811946,
      "속": 0.002130953657206858,
      "찬양": 0.0020745576710721257,
      "아버지": 0.0019982527816688545,
      "안": 0.0019875923424380656
    },
    "NNP": {
      "다니엘": 0.02522545290383334,
      "바벨론": 0.013534975571886088,
      "페르시아": 0.010071210407161387,
      "예루살렘": 0.008869447808733097,
      "다니엘이": 0.008431634555049828,
      "가브리엘": 0.00833696199960948,
      "예수": 0.007041445516165345,
      "그리스도": 0.002858083838886191,
      "이스라엘": 0.002494841880304316
    },
    "VA": {
      "없": 0.008560311284046693,
      "같": 0.007079202432674207,
      "어떻": 0.007041445516165345,
      "좋": 0.005625121477915428,
      "그렇": 0.005447470817120622,
      "크": 0.00484740124185701,
      "이렇": 0.004280155642023347,
      "어리": 0.0031057969428500993,
      "어렵": 0.0029609275951626756,
      "많": 0.00273833992295319
    },
    "VV": {
      "있": 0.02178988326848249,
      "보": 0.015953307392996108,
      "살아가": 0.013348523799409278,
      "되": 0.011673151750972763,
      "받": 0.00821501976885957,
      "알": 0.007392996108949416,
      "정하": 0.007256820934417989,
      "살": 0.007041445516165345,
      "대하": 0.006532763060311295,
      "위하": 0.004669260700389105,
      "세우": 0.004662994421739765,
      "서": 0.00456602894368733,
      "원하": 0.004126944053760447,
      "지나": 0.004092070916127852,
      "지나가": 0.0038024173109699054,
      "부르": 0.0036970692604991135,
      "갖": 0.0036112205715615174,
      "주": 0.003501945525291829,
      "보이": 0.0031631839976516765,
      "드리": 0.002723735408560311,
      "나오": 0.0023979033380026253,
      "모르": 0.0019982527816688545,
      "그러": 0.0019664451201872797
    }
  }
}