{
  "scope": "sermon",
  "idf_scope": "church",
  "church": "X-PQ",
  "sermon": "X-PQ-0734",
  "document_unit": "sermon_json",
  "document_count": 870,
  "min_count": 5,
  "freq": {
    "MAG": {
      "다": 29,
      "안": 27,
      "이제": 6,
      "더": 6,
      "막": 5,
      "지금": 5,
      "많이": 5
    },
    "NNB": {
      "거": 40,
      "명": 17,
      "수": 14
    },
    "NNG": {
      "기도": 77,
      "교회": 41,
      "새벽": 19,
      "집회": 11,
      "하나님": 22,
      "눈물": 10,
      "물질": 8,
      "사람": 16,
      "어려움": 9,
      "남": 9,
      "천사": 5,
      "차이": 5,
      "목회": 7,
      "방": 5,
      "시대": 7,
      "하늘": 6,
      "교인": 7,
      "목사": 9,
      "집": 7,
      "말": 8,
      "시작": 6,
      "세상": 6,
      "은혜": 6,
      "축복": 5,
      "앞": 5
    },
    "NNP": {
      "강남": 6,
      "멘": 6,
      "아멘": 5
    },
    "VA": {
      "없": 29,
      "좋": 9,
      "어렵": 7,
      "이렇": 8,
      "크": 5,
      "많": 5
    },
    "VV": {
      "되": 41,
      "있": 36,
      "속": 5,
      "막": 6,
      "믿": 14,
      "만나": 11,
      "무너지": 5,
      "살": 11,
      "만들": 9,
      "나오": 10,
      "모이": 5,
      "모르": 8,
      "알": 8,
      "짓": 5,
      "들어오": 5,
      "들어가": 6,
      "주": 7,
      "그러": 5
    }
  },
  "tfidf": {
    "MAG": {
      "다": 0.020352984205356865,
      "안": 0.019278550910039074,
      "이제": 0.004485729840047597,
      "더": 0.00433361839932025,
      "막": 0.004302182491759923,
      "지금": 0.0038875872853364937,
      "많이": 0.003640515236429258
    },
    "NNB": {
      "거": 0.028397285934932508,
      "명": 0.0156326244390069,
      "수": 0.009735744089012517
    },
    "NNG": {
      "기도": 0.06028555129712932,
      "교회": 0.029274836567096372,
      "새벽": 0.019926881472946974,
      "집회": 0.019296798992776205,
      "하나님": 0.015334196616770818,
      "눈물": 0.01400486622576906,
      "물질": 0.013720929450867466,
      "사람": 0.011126564673157162,
      "어려움": 0.011097850482685212,
      "남": 0.010200150779997377,
      "천사": 0.009501701580107349,
      "차이": 0.009304213407669473,
      "목회": 0.00898310379420431,
      "방": 0.008698831077152903,
      "시대": 0.008372294611504738,
      "하늘": 0.008222041678965133,
      "교인": 0.008147928999264219,
      "목사": 0.006751875726638008,
      "집": 0.006094433190251457,
      "말": 0.005601738358390117,
      "시작": 0.005292151486698666,
      "세상": 0.004703011858770153,
      "은혜": 0.004490896976005094,
      "축복": 0.003946483376185038,
      "앞": 0.003712383904207102
    },
    "NNP": {
      "강남": 0.014574308168997695,
      "멘": 0.005826100920481879,
      "아멘": 0.0053380780637487186
    },
    "VA": {
      "없": 0.02019006550132985,
      "좋": 0.006492963444692398,
      "어렵": 0.006051481099424192,
      "이렇": 0.005646942294100364,
      "크": 0.0037295122711613993,
      "많": 0.0035051085119904286
    },
    "VV": {
      "되": 0.02851182197496523,
      "있": 0.025034770514603615,
      "속": 0.01385762288920112,
      "막": 0.01084488726765376,
      "믿": 0.010007773262034962,
      "만나": 0.008865372220780376,
      "무너지": 0.00797349939124128,
      "살": 0.007926732221951725,
      "만들": 0.007653483376097225,
      "나오": 0.007132008279145726,
      "모이": 0.005899156615966961,
      "모르": 0.005898957644474014,
      "알": 0.005640462057681488,
      "짓": 0.005599953367039534,
      "들어오": 0.005484281944984808,
      "들어가": 0.005229967597258158,
      "주": 0.004935404300471302,
      "그러": 0.0036155003698297205
    }
  }
}