{
  "scope": "sermon",
  "idf_scope": "church",
  "church": "X-PQ",
  "sermon": "X-PQ-0509",
  "document_unit": "sermon_json",
  "document_count": 870,
  "min_count": 5,
  "freq": {
    "MAG": {
      "다": 9,
      "더": 6,
      "안": 6
    },
    "NNB": {
      "거": 18,
      "수": 14,
      "적": 6,
      "때문": 8,
      "분": 5
    },
    "NNG": {
      "시온": 12,
      "사람": 38,
      "교만": 14,
      "유다": 8,
      "상관": 10,
      "벌": 7,
      "하나님": 25,
      "예외": 5,
      "목동": 5,
      "죄": 12,
      "말씀": 20,
      "죄인": 8,
      "기도": 17,
      "남": 11,
      "목회자": 7,
      "나라": 8,
      "교회": 9,
      "세상": 8,
      "생각": 7,
      "안": 5
    },
    "NNP": {
      "아모스": 19,
      "한국": 6,
      "이스라엘": 6,
      "예수": 8
    },
    "VA": {
      "상관없": 10,
      "없": 26,
      "착하": 7,
      "그렇": 9,
      "같": 8,
      "이렇": 7,
      "많": 6
    },
    "VV": {
      "있": 30,
      "되": 26,
      "멈추": 7,
      "보": 14,
      "살": 12,
      "받": 12,
      "살아가": 9,
      "위하": 11,
      "알": 10,
      "떨어지": 5,
      "그러": 8,
      "치": 5,
      "듣": 6,
      "믿": 5
    }
  },
  "tfidf": {
    "MAG": {
      "다": 0.007730251550571637,
      "더": 0.005303611283593633,
      "안": 0.0052430366352030616
    },
    "NNB": {
      "거": 0.01563904998169772,
      "수": 0.011914893617021277,
      "적": 0.00823487484902271,
      "때문": 0.007030978851749088,
      "분": 0.004419676069661361
    },
    "NNG": {
      "시온": 0.04275189486021847,
      "사람": 0.03234042553191489,
      "교만": 0.03056927153775311,
      "유다": 0.026685919149906003,
      "상관": 0.025668525836137344,
      "벌": 0.021995516366491476,
      "하나님": 0.021325507480576825,
      "예외": 0.020106891655868427,
      "목동": 0.01936496234886937,
      "죄": 0.017907930047531738,
      "말씀": 0.01733685970920413,
      "죄인": 0.017068607917941223,
      "기도": 0.01628892607913372,
      "남": 0.015257303549692533,
      "목회자": 0.013298854441564055,
      "나라": 0.009368859389970187,
      "교회": 0.007864554952804591,
      "세상": 0.007674248003303808,
      "생각": 0.006230354682739626,
      "안": 0.004835419334349473
    },
    "NNP": {
      "아모스": 0.10322008910546351,
      "한국": 0.008710757965097333,
      "이스라엘": 0.008333182584338393,
      "예수": 0.0072860707178949765
    },
    "VA": {
      "상관없": 0.028620618975219145,
      "없": 0.022153079059830386,
      "착하": 0.0177660013944623,
      "그렇": 0.007677182693007657,
      "같": 0.006966671307432365,
      "이렇": 0.006047034163022795,
      "많": 0.005147587445353773
    },
    "VV": {
      "있": 0.02553191489361702,
      "되": 0.022127659574468085,
      "멈추": 0.015690982790311222,
      "보": 0.011914893617021277,
      "살": 0.010582877463984446,
      "받": 0.010354448219931037,
      "살아가": 0.010213978277742702,
      "위하": 0.01009940144150922,
      "알": 0.008628706849942533,
      "떨어지": 0.007641839850992517,
      "그러": 0.0070796112773652935,
      "치": 0.006266096412419435,
      "듣": 0.005789083001697989,
      "믿": 0.004374218222129567
    }
  }
}