{
  "scope": "sermon",
  "idf_scope": "church",
  "church": "X-PQ",
  "sermon": "X-PQ-0622",
  "document_unit": "sermon_json",
  "document_count": 870,
  "min_count": 5,
  "freq": {
    "MAG": {
      "다": 50,
      "안": 15,
      "아무리": 10,
      "못": 10,
      "더": 8,
      "너무": 6,
      "잘": 6
    },
    "NNB": {
      "거": 50,
      "대": 6,
      "수": 10,
      "때문": 9
    },
    "NNG": {
      "목자": 27,
      "양": 28,
      "주": 36,
      "간증": 11,
      "교회": 28,
      "만족": 7,
      "길": 16,
      "안": 13,
      "은혜": 12,
      "루": 7,
      "생명": 6,
      "문": 5,
      "옷": 5,
      "밖": 5,
      "사랑": 8,
      "한": 5,
      "생활": 5,
      "인간": 5,
      "나라": 6,
      "마음": 7,
      "집": 6,
      "능력": 5,
      "하나님": 6,
      "세상": 5,
      "오늘": 5,
      "사람": 5
    },
    "NNP": {
      "예수": 20,
      "할렐": 7,
      "이스라엘": 6,
      "멘": 6
    },
    "VA": {
      "없": 46,
      "좋": 17,
      "힘들": 11,
      "그렇": 9,
      "많": 8,
      "어렵": 5
    },
    "VV": {
      "되": 26,
      "있": 26,
      "주": 14,
      "얻": 8,
      "들어가": 8,
      "그러": 8,
      "보": 8,
      "죽": 6,
      "나가": 6,
      "살": 7,
      "먹": 5,
      "알": 5
    }
  },
  "tfidf": {
    "MAG": {
      "다": 0.03504261408920399,
      "안": 0.010695430636047911,
      "아무리": 0.010607074384703733,
      "못": 0.007927781949117845,
      "더": 0.0057701326465023324,
      "너무": 0.0047128091153582595,
      "잘": 0.004214781135103217
    },
    "NNB": {
      "거": 0.0354473065750286,
      "대": 0.00910894028362835,
      "수": 0.006944444444444444,
      "때문": 0.0064542188678165455
    },
    "NNG": {
      "목자": 0.058419030500530864,
      "양": 0.04646725656440084,
      "주": 0.025965596909260497,
      "간증": 0.02424982180131739,
      "교회": 0.019964803853956103,
      "만족": 0.014070217066360736,
      "길": 0.014042865741380828,
      "안": 0.010258476435026137,
      "은혜": 0.00896931923818795,
      "루": 0.007943430278052324,
      "생명": 0.00765581995585205,
      "문": 0.007400303151106795,
      "옷": 0.007255101971650816,
      "밖": 0.006981736815886187,
      "사랑": 0.006636478534738236,
      "한": 0.006080030424848153,
      "생활": 0.006046400891047932,
      "인간": 0.00585910786970853,
      "나라": 0.00573354676209113,
      "마음": 0.005292716032247232,
      "집": 0.0052165445997509495,
      "능력": 0.004630179196121788,
      "하나님": 0.004176245214946295,
      "세상": 0.003913733248212662,
      "오늘": 0.0034842022992783075,
      "사람": 0.003472222222222222
    },
    "NNP": {
      "예수": 0.014863078287372565,
      "할렐": 0.008103877552550374,
      "이스라엘": 0.00679964551152612,
      "멘": 0.0058180091136478766
    },
    "VA": {
      "없": 0.03198114111067928,
      "좋": 0.012247452497604196,
      "힘들": 0.010040887186552907,
      "그렇": 0.006264367822419442,
      "많": 0.00560038448915804,
      "어렵": 0.0043164830461170575
    },
    "VV": {
      "되": 0.018055555555555554,
      "있": 0.018055555555555554,
      "주": 0.009857099144552406,
      "얻": 0.008378612736285892,
      "들어가": 0.0069636050044974375,
      "그러": 0.005776766146461264,
      "보": 0.005555555555555556,
      "죽": 0.00538612339151175,
      "나가": 0.00537971806101639,
      "살": 0.005037278191045837,
      "먹": 0.004281077705768048,
      "알": 0.0035203925516258594
    }
  }
}