{
  "scope": "sermon",
  "idf_scope": "church",
  "church": "X-PQ",
  "sermon": "X-PQ-0292",
  "document_unit": "sermon_json",
  "document_count": 870,
  "min_count": 5,
  "freq": {
    "MAG": {
      "안": 20,
      "다": 10,
      "꼭": 7,
      "잘": 8,
      "자꾸": 5,
      "아무리": 5,
      "정말": 5,
      "그냥": 5,
      "너무": 5,
      "더": 5
    },
    "NNB": {
      "거": 17,
      "번": 14,
      "분": 9,
      "줄": 8,
      "수": 8
    },
    "NNG": {
      "감사": 88,
      "사람": 53,
      "하나님": 43,
      "연민": 5,
      "관계": 14,
      "얘기": 15,
      "사자": 7,
      "기도": 17,
      "찬양": 10,
      "선수": 6,
      "교회": 14,
      "말": 14,
      "예배": 11,
      "식사": 5,
      "건강": 8,
      "제자": 6,
      "오늘": 12,
      "선교사": 5,
      "말씀": 11,
      "이유": 6,
      "사랑": 7,
      "생각": 7,
      "전": 6
    },
    "NNP": {
      "예수": 30,
      "사마리아": 5,
      "누가": 5
    },
    "VA": {
      "좋": 16,
      "없": 16,
      "그렇": 11,
      "많": 8,
      "이렇": 6
    },
    "VV": {
      "있": 43,
      "되": 28,
      "보": 15,
      "알": 11,
      "위하": 10,
      "믿": 10,
      "가르치": 6,
      "주": 9,
      "그러": 8,
      "세우": 5,
      "모르": 7,
      "만들": 6,
      "듣": 6,
      "먹": 5,
      "나오": 6,
      "받": 6
    }
  },
  "tfidf": {
    "MAG": {
      "안": 0.014533069229449391,
      "다": 0.0071424436360161,
      "꼭": 0.007002647001483567,
      "잘": 0.005727091138993755,
      "자꾸": 0.0056618232284538095,
      "아무리": 0.005404878667364959,
      "정말": 0.004362881738362342,
      "그냥": 0.004058406415083733,
      "너무": 0.0040023856606014934,
      "더": 0.003675243723886836
    },
    "NNB": {
      "거": 0.012282378838736023,
      "번": 0.010231741163417594,
      "분": 0.006615438702996305,
      "줄": 0.006257511431009739,
      "수": 0.005661712668082095
    },
    "NNG": {
      "감사": 0.08770974942434301,
      "사람": 0.03750884642604388,
      "하나님": 0.030501663565637483,
      "연민": 0.0217983158684303,
      "관계": 0.01860719653954299,
      "얘기": 0.014625529336092362,
      "사자": 0.01457133593549286,
      "기도": 0.013545285309966114,
      "찬양": 0.013041160303482603,
      "선수": 0.010515232068484122,
      "교회": 0.010173148460614574,
      "말": 0.009976485901548995,
      "예배": 0.009873938690327847,
      "식사": 0.009716070261876243,
      "건강": 0.009644919387112556,
      "제자": 0.009126289219258399,
      "오늘": 0.008521870591865415,
      "선교사": 0.008114573336592327,
      "말씀": 0.00792919008285433,
      "이유": 0.006994263980204318,
      "사랑": 0.005917878948174223,
      "생각": 0.005180938961230757,
      "전": 0.004858809379382364
    },
    "NNP": {
      "예수": 0.022720629229104557,
      "사마리아": 0.012614824336381942,
      "누가": 0.004839790446303316
    },
    "VA": {
      "좋": 0.01174727553160987,
      "없": 0.011336433293179033,
      "그렇": 0.00780275114469796,
      "많": 0.0057073982055113786,
      "이렇": 0.004310139606643484
    },
    "VV": {
      "있": 0.03043170559094126,
      "되": 0.019815994338287332,
      "보": 0.010615711252653927,
      "알": 0.007892854638040143,
      "위하": 0.007634817405760364,
      "믿": 0.007274885224348537,
      "가르치": 0.006957178290315762,
      "주": 0.006457790158396481,
      "그러": 0.005887150212954154,
      "세우": 0.00550968110792988,
      "모르": 0.00525291115085593,
      "만들": 0.005192596883617745,
      "듣": 0.0048139932958210455,
      "먹": 0.004362881738362342,
      "나오": 0.004354916308030384,
      "받": 0.004305193438930988
    }
  }
}