{
  "scope": "sermon",
  "idf_scope": "church",
  "church": "X-PQ",
  "sermon": "X-PQ-0704",
  "document_unit": "sermon_json",
  "document_count": 870,
  "min_count": 5,
  "freq": {
    "MAG": {
      "다": 30,
      "안": 23,
      "굉장히": 16,
      "잘": 15,
      "그냥": 12,
      "너무": 12,
      "왜냐면": 6,
      "아무리": 8,
      "지금": 10,
      "막": 9,
      "더": 10,
      "다시": 8,
      "많이": 9,
      "이제": 8,
      "절대로": 6,
      "자꾸": 5,
      "아주": 6,
      "정말": 6
    },
    "NNB": {
      "거": 52,
      "수": 37,
      "분": 16,
      "개": 6,
      "때문": 9,
      "번": 9,
      "가지": 7,
      "명": 5
    },
    "NNG": {
      "천사": 41,
      "하나님": 85,
      "솔루션": 14,
      "사람": 60,
      "말씀": 52,
      "프로그램": 10,
      "문제": 25,
      "마음": 31,
      "단기": 7,
      "생각": 29,
      "환상": 8,
      "해결": 12,
      "교회": 25,
      "대학부": 8,
      "얘기": 18,
      "장식": 5,
      "강아지": 5,
      "선교": 10,
      "말": 21,
      "이야기": 16,
      "소식": 7,
      "등장": 7,
      "정보": 5,
      "식당": 5,
      "위로": 6,
      "오늘": 14,
      "자세": 6,
      "은혜": 12,
      "감사": 9,
      "기도": 11,
      "뜻": 8,
      "성경": 10,
      "얼굴": 5,
      "음": 5,
      "감동": 5,
      "가운데": 8,
      "앞": 9,
      "이름": 6,
      "필요": 6,
      "애": 5,
      "목사": 8,
      "길": 6,
      "사랑": 6,
      "땅": 5,
      "지금": 5,
      "믿음": 5,
      "안": 5,
      "세상": 5
    },
    "NNP": {
      "가브리엘": 31,
      "미카엘": 5,
      "다니엘": 6,
      "마리아": 5,
      "예수": 9
    },
    "VA": {
      "없": 33,
      "어렵": 20,
      "이렇": 22,
      "어떻": 20,
      "그렇": 17,
      "힘들": 12,
      "같": 14,
      "두렵": 5,
      "많": 12,
      "좋": 11,
      "크": 10
    },
    "VV": {
      "있": 78,
      "되": 64,
      "알": 41,
      "품": 11,
      "보": 26,
      "전하": 15,
      "나오": 21,
      "주": 21,
      "깨닫": 11,
      "드리": 17,
      "풀": 7,
      "듣": 15,
      "그러": 15,
      "대하": 13,
      "엎드리": 5,
      "대": 5,
      "갖": 11,
      "원하": 9,
      "가지": 12,
      "모르": 11,
      "가르치": 7,
      "맞": 8,
      "넘어가": 5,
      "받": 10,
      "들어가": 7,
      "쓰": 7,
      "읽": 5
    }
  },
  "tfidf": {
    "MAG": {
      "다": 0.011343881068966746,
      "안": 0.008848074501458896,
      "굉장히": 0.00845301226335032,
      "잘": 0.005684980174736448,
      "그냥": 0.005156563445047567,
      "너무": 0.0050853841334701335,
      "왜냐면": 0.0050539851457255675,
      "아무리": 0.004578250165297378,
      "지금": 0.004189097426986795,
      "막": 0.004172262705759229,
      "더": 0.003891434531174297,
      "다시": 0.0036739756651561198,
      "많이": 0.0035305768594880074,
      "이제": 0.0032224201373740203,
      "절대로": 0.0031894108508155037,
      "자꾸": 0.0029974358268284877,
      "아주": 0.0028445570700244074,
      "정말": 0.0027717131043713704
    },
    "NNB": {
      "거": 0.01988980379421612,
      "수": 0.013862869988759834,
      "분": 0.006226295249878875,
      "개": 0.003871719290684657,
      "때문": 0.0034822312362891815,
      "번": 0.0034822312362891815,
      "가지": 0.0032450932155905117,
      "명": 0.0024772126532620637
    },
    "NNG": {
      "천사": 0.04197836805994523,
      "하나님": 0.0319203455919462,
      "솔루션": 0.03135644627453813,
      "사람": 0.022480329711502434,
      "말씀": 0.01984417625013811,
      "프로그램": 0.012984551830829274,
      "문제": 0.012672439999439648,
      "마음": 0.012646087013836987,
      "단기": 0.012042381800499028,
      "생각": 0.011363235872951492,
      "환상": 0.010966708468127962,
      "해결": 0.00969582856709374,
      "교회": 0.009617472284194451,
      "대학부": 0.009485115896184074,
      "얘기": 0.009291512754693972,
      "장식": 0.008943255345257608,
      "강아지": 0.008312921443756647,
      "선교": 0.008012102641555403,
      "말": 0.007922503510053613,
      "이야기": 0.0077955288725768766,
      "소식": 0.007652035215635144,
      "등장": 0.007184124536613141,
      "정보": 0.006467129755182076,
      "식당": 0.0060441123914996234,
      "위로": 0.005780018611285149,
      "오늘": 0.005263508306740403,
      "자세": 0.005145754335355216,
      "은혜": 0.004839198090292487,
      "감사": 0.004748990443430337,
      "기도": 0.004640080434901887,
      "뜻": 0.0045319577039186635,
      "성경": 0.004387909135398977,
      "얼굴": 0.004167224676607232,
      "음": 0.004130988328081321,
      "감동": 0.004067478489797917,
      "가운데": 0.003669665991811414,
      "앞": 0.003600275195822279,
      "이름": 0.003451250470889767,
      "필요": 0.003343668557414379,
      "애": 0.003266721624254755,
      "목사": 0.0032335697247926247,
      "길": 0.002841194267645428,
      "사랑": 0.0026854240605160336,
      "땅": 0.0024683271307892034,
      "지금": 0.0024419206680683465,
      "믿음": 0.0022694720382919332,
      "안": 0.002128743993203683,
      "세상": 0.002111568331744561
    },
    "NNP": {
      "가브리엘": 0.058039959120642325,
      "미카엘": 0.012497245575467202,
      "다니엘": 0.006961738049585456,
      "마리아": 0.006517764210760793,
      "예수": 0.003608570524622489
    },
    "VA": {
      "없": 0.012378384882625633,
      "어렵": 0.009315452358798895,
      "이렇": 0.008366741589366762,
      "어떻": 0.007845726354417793,
      "그렇": 0.00638406911838924,
      "힘들": 0.005909824264574211,
      "같": 0.005367260350658599,
      "두렵": 0.004806360602801999,
      "많": 0.004532345633788448,
      "좋": 0.004275662785402121,
      "크": 0.004018762567201267
    },
    "VV": {
      "있": 0.029224428624953166,
      "되": 0.02397901835893593,
      "알": 0.015574670382015043,
      "품": 0.011510674626733311,
      "보": 0.009741476208317721,
      "전하": 0.008518994934115941,
      "나오": 0.00806940374723277,
      "주": 0.007977270195666242,
      "깨닫": 0.007583582303517681,
      "드리": 0.007279772150340626,
      "풀": 0.006686025875765922,
      "듣": 0.006371461715057266,
      "그러": 0.005843862343741256,
      "대하": 0.005784570585790856,
      "엎드리": 0.005766755516341999,
      "대": 0.005324818830452038,
      "갖": 0.005178168049959592,
      "원하": 0.004934544851682422,
      "가지": 0.004805893745843502,
      "모르": 0.004370068940628042,
      "가르치": 0.004297080708724442,
      "맞": 0.004242103967194162,
      "넘어가": 0.004102495599224955,
      "받": 0.0037987000931744004,
      "들어가": 0.0032874268661171866,
      "쓰": 0.0031366551776856504,
      "읽": 0.0025935698348721944
    }
  }
}