{
  "scope": "sermon",
  "idf_scope": "church",
  "church": "X-PQ",
  "sermon": "X-PQ-0659",
  "document_unit": "sermon_json",
  "document_count": 870,
  "min_count": 5,
  "freq": {
    "MAG": {
      "다": 10,
      "잘": 9,
      "완전히": 5,
      "이제": 6
    },
    "NNB": {
      "수": 13,
      "때문": 11,
      "거": 10,
      "중": 7
    },
    "NNG": {
      "하나님": 46,
      "사람": 25,
      "갈등": 7,
      "생각": 23,
      "어둠": 6,
      "요구": 7,
      "말씀": 19,
      "평화": 6,
      "결정": 7,
      "삶": 15,
      "고민": 7,
      "성공": 7,
      "길": 13,
      "목적": 7,
      "실패": 6,
      "빛": 5,
      "신앙": 7,
      "생명": 6,
      "선": 5,
      "승리": 5,
      "세상": 9,
      "가정": 6,
      "뜻": 5,
      "정도": 5,
      "땅": 5
    },
    "NNP": {
      "예수": 10
    },
    "VA": {
      "이렇": 16,
      "다르": 10,
      "새롭": 6,
      "없": 12,
      "그렇": 8
    },
    "VV": {
      "되": 51,
      "있": 33,
      "내려놓": 8,
      "살": 11,
      "믿": 11,
      "이루": 6,
      "위하": 7,
      "주": 7,
      "통하": 5,
      "보": 6
    }
  },
  "tfidf": {
    "MAG": {
      "다": 0.008152078237230008,
      "잘": 0.007353737683217244,
      "완전히": 0.007294275578489728,
      "이제": 0.005210403481412314
    },
    "NNB": {
      "수": 0.01050080775444265,
      "때문": 0.009175626177186688,
      "거": 0.008246223177389529,
      "중": 0.007222790785803085
    },
    "NNG": {
      "하나님": 0.03724212211066809,
      "사람": 0.020193861066235864,
      "갈등": 0.019672276050023245,
      "생각": 0.0194294178745717,
      "어둠": 0.017499639225328743,
      "요구": 0.01658604239847106,
      "말씀": 0.0156318817854597,
      "평화": 0.01548431824724937,
      "결정": 0.01523528039687458,
      "삶": 0.013944705088876614,
      "고민": 0.01353840467219577,
      "성공": 0.013486291113444182,
      "길": 0.013271529012451995,
      "목적": 0.013061708593665919,
      "실패": 0.012075253558749527,
      "빛": 0.010001361680646246,
      "신앙": 0.009593038852394736,
      "생명": 0.008904992517307716,
      "선": 0.008550697886041406,
      "승리": 0.008211105328648266,
      "세상": 0.0081941814049816,
      "가정": 0.0069699844602204115,
      "뜻": 0.0061065201493128605,
      "정도": 0.005372744772828773,
      "땅": 0.0053214580872991794
    },
    "NNP": {
      "예수": 0.008644116613011508
    },
    "VA": {
      "이렇": 0.013118421678378555,
      "다르": 0.012873785999569802,
      "새롭": 0.009996114921342296,
      "없": 0.009704188354157092,
      "그렇": 0.00647689080185532
    },
    "VV": {
      "되": 0.04119547657512116,
      "있": 0.02665589660743134,
      "내려놓": 0.017135044681329547,
      "살": 0.009207302855546511,
      "믿": 0.009133565512281852,
      "이루": 0.008474726789190515,
      "위하": 0.0060998367496264755,
      "주": 0.005732723250466666,
      "통하": 0.004892747068013869,
      "보": 0.004846526655896607
    }
  }
}