{
  "scope": "sermon",
  "idf_scope": "church",
  "church": "X-PQ",
  "sermon": "X-PQ-0691",
  "document_unit": "sermon_json",
  "document_count": 870,
  "min_count": 5,
  "freq": {
    "MAG": {
      "안": 15,
      "막": 10,
      "잘못": 6,
      "전혀": 5
    },
    "NNB": {
      "거": 17,
      "때문": 9,
      "수": 9,
      "분": 8,
      "줄": 5
    },
    "NNG": {
      "임재": 38,
      "하나님": 66,
      "미갈": 8,
      "궤": 6,
      "비": 14,
      "평가": 10,
      "기쁨": 18,
      "충만": 13,
      "사람": 30,
      "과대": 5,
      "백성": 14,
      "관심": 9,
      "춤": 5,
      "완성": 5,
      "예배": 13,
      "윗": 5,
      "음식": 6,
      "말씀": 14,
      "능력": 10,
      "영혼": 6,
      "가운데": 10,
      "오늘": 12,
      "목회": 6,
      "목사": 10,
      "성": 5,
      "은혜": 8,
      "생각": 8,
      "축복": 7,
      "마음": 7,
      "힘": 5,
      "날": 5,
      "앞": 6,
      "교회": 5
    },
    "NNP": {
      "다윗": 15,
      "성령": 12,
      "하와이": 5,
      "여호": 6,
      "다": 6
    },
    "VA": {
      "없": 15,
      "기쁘": 5,
      "같": 9,
      "이렇": 8
    },
    "VV": {
      "있": 38,
      "되": 33,
      "춤추": 7,
      "나누": 18,
      "보": 18,
      "기뻐하": 10,
      "쓰러지": 5,
      "드리": 11,
      "알": 10,
      "누리": 5,
      "맞": 6,
      "서": 5,
      "주": 8,
      "갖": 6,
      "보이": 6,
      "읽": 5,
      "그러": 6,
      "먹": 5,
      "모르": 5
    }
  },
  "tfidf": {
    "MAG": {
      "안": 0.011217348955505458,
      "막": 0.009011709283540812,
      "잘못": 0.007609745622527915,
      "전혀": 0.00602239567141103
    },
    "NNB": {
      "거": 0.012640204879194466,
      "때문": 0.006769173466610216,
      "수": 0.0065549890750182084,
      "분": 0.0060517050334765905,
      "줄": 0.004024883308456282
    },
    "NNG": {
      "임재": 0.09591545635734643,
      "하나님": 0.04818042549508325,
      "미갈": 0.0358933958596848,
      "궤": 0.026920046894763593,
      "비": 0.02556250912692399,
      "평가": 0.0244932463917571,
      "기쁨": 0.024404998322144423,
      "충만": 0.022670594609751193,
      "사람": 0.021849963583394028,
      "과대": 0.02029285287515034,
      "백성": 0.018004784221735973,
      "관심": 0.016265385663089372,
      "춤": 0.014351786527179198,
      "완성": 0.012202481314843062,
      "예배": 0.012009162404994521,
      "윗": 0.01138110370615852,
      "음식": 0.010628276316756816,
      "말씀": 0.01038570073621296,
      "능력": 0.009712247694705571,
      "영혼": 0.009653140622739876,
      "가운데": 0.00891691417711641,
      "오늘": 0.008770140674658288,
      "목회": 0.00806432416360366,
      "목사": 0.007857244715469334,
      "성": 0.00696179469180278,
      "은혜": 0.00627133755911175,
      "생각": 0.006093573407319996,
      "축복": 0.0057866426314171285,
      "마음": 0.005550991322968692,
      "힘": 0.005078722348959965,
      "날": 0.00486196452317935,
      "앞": 0.00466576086314623,
      "교회": 0.0037391163185018193
    },
    "NNP": {
      "다윗": 0.023924750373630163,
      "성령": 0.021599341095159208,
      "하와이": 0.02029285287515034,
      "여호": 0.010734607419420462,
      "다": 0.009537042906564836
    },
    "VA": {
      "없": 0.010937532030632264,
      "기쁘": 0.007299529767180111,
      "같": 0.006707260476702228,
      "이렇": 0.005914277508314876
    },
    "VV": {
      "있": 0.027676620538965767,
      "되": 0.02403495994173343,
      "춤추": 0.021485839335427255,
      "나누": 0.019847090190666022,
      "보": 0.013109978150036417,
      "기뻐하": 0.013005868143957119,
      "쓰러지": 0.011749261451502182,
      "드리": 0.00915671267562874,
      "알": 0.007384363109018554,
      "누리": 0.006828984495949206,
      "맞": 0.006184728052680927,
      "서": 0.006079107883584991,
      "주": 0.005907490487214844,
      "갖": 0.005490510703307483,
      "보이": 0.005111892837463945,
      "읽": 0.0050416881932074924,
      "그러": 0.004543996677478635,
      "먹": 0.004489986814498171,
      "모르": 0.003861389790947575
    }
  }
}