{
  "scope": "sermon",
  "idf_scope": "church",
  "church": "X-PQ",
  "sermon": "X-PQ-0026",
  "document_unit": "sermon_json",
  "document_count": 870,
  "min_count": 5,
  "freq": {
    "MAG": {
      "다": 17,
      "지금": 11,
      "아직": 5,
      "너무": 6,
      "더": 6,
      "막": 5,
      "안": 5
    },
    "NNB": {
      "때문": 27,
      "수": 27,
      "거": 11,
      "분": 10,
      "번": 9,
      "줄": 8
    },
    "NNG": {
      "옹아리": 9,
      "주": 49,
      "사람": 38,
      "하나님": 37,
      "자유": 15,
      "프라블럼": 5,
      "오늘": 35,
      "말": 34,
      "한구": 6,
      "기도": 27,
      "포도": 7,
      "자리": 21,
      "새벽": 20,
      "육신": 9,
      "말씀": 27,
      "사부": 5,
      "마음": 24,
      "과거": 8,
      "가난": 10,
      "답": 8,
      "눈물": 11,
      "얘기": 15,
      "이해": 11,
      "사회": 9,
      "입": 8,
      "아기": 5,
      "편안": 5,
      "상처": 6,
      "번역": 5,
      "역사": 10,
      "특별": 7,
      "예배": 11,
      "감동": 6,
      "인정": 5,
      "길": 10,
      "영혼": 5,
      "의미": 6,
      "성령": 5,
      "이제": 5,
      "문제": 7,
      "복음": 5,
      "교회": 8,
      "기": 5,
      "속": 6,
      "앞": 7,
      "시작": 5,
      "생각": 6,
      "축복": 5
    },
    "NNP": {
      "티베": 5,
      "노": 5,
      "예수": 5
    },
    "VA": {
      "그렇": 21,
      "이렇": 14,
      "없": 13,
      "괜찮": 7,
      "많": 11,
      "좋": 10,
      "어떻": 6
    },
    "VV": {
      "있": 53,
      "되": 49,
      "떠내려가": 6,
      "다가오": 9,
      "상하": 6,
      "풀": 6,
      "보": 15,
      "바라": 10,
      "그러": 14,
      "묻": 6,
      "이루어지": 5,
      "통하": 8,
      "믿": 9,
      "앉": 5,
      "위하": 8,
      "주": 8,
      "가지": 7,
      "따르": 5,
      "듣": 6,
      "쓰": 5,
      "보이": 5
    }
  },
  "tfidf": {
    "MAG": {
      "다": 0.008839187974278349,
      "지금": 0.006336306613029641,
      "아직": 0.004665680792948792,
      "너무": 0.0034963653406058183,
      "더": 0.003210583852767913,
      "막": 0.0031872943962652075,
      "안": 0.002644928750800102
    },
    "NNB": {
      "때문": 0.014364876614614877,
      "수": 0.013910355486862442,
      "거": 0.005785526389989212,
      "분": 0.005350973087946522,
      "번": 0.004788292204871625,
      "줄": 0.0045553135765155905
    },
    "NNG": {
      "옹아리": 0.0328121860724539,
      "주": 0.026219768130937956,
      "사람": 0.019577537351880475,
      "하나님": 0.01910616048878058,
      "자유": 0.018758174071775054,
      "프라블럼": 0.01822899226247439,
      "오늘": 0.01809415722654577,
      "말": 0.01763782791205626,
      "한구": 0.016605090275283254,
      "기도": 0.015661004935615883,
      "포도": 0.01563605533568856,
      "자리": 0.015559475871269986,
      "새벽": 0.015539930886465332,
      "육신": 0.014359257229013584,
      "말씀": 0.014168260542877408,
      "사부": 0.014083093466920292,
      "마음": 0.013462594102779446,
      "과거": 0.01321089659097235,
      "가난": 0.012383647407679811,
      "답": 0.011539736949104595,
      "눈물": 0.011413136216342863,
      "얘기": 0.010647023674342355,
      "이해": 0.010367943310382682,
      "사회": 0.009736140898942735,
      "입": 0.008682870671680812,
      "아기": 0.008662861230263394,
      "편안": 0.008126021277720875,
      "상처": 0.007880328135314306,
      "번역": 0.007814125524106149,
      "역사": 0.007799546291082617,
      "특별": 0.00751090486532137,
      "예배": 0.007187983188785807,
      "감동": 0.006711653841898386,
      "인정": 0.006710087591264782,
      "길": 0.00651137515056298,
      "영혼": 0.005690263642032394,
      "의미": 0.0056879531173496395,
      "성령": 0.0051075337338634605,
      "이제": 0.005037381362770315,
      "문제": 0.004879117908491107,
      "복음": 0.004430470174189967,
      "교회": 0.004231886001280163,
      "기": 0.004214950885769847,
      "속": 0.004107250189241366,
      "앞": 0.003850474639850457,
      "시작": 0.0032672650858117302,
      "생각": 0.0032327960928324397,
      "축복": 0.0029237728464472355
    },
    "NNP": {
      "티베": 0.01822899226247439,
      "노": 0.011524485087192617,
      "예수": 0.002756676034752253
    },
    "VA": {
      "그렇": 0.01084403703417276,
      "이렇": 0.007321241773881281,
      "없": 0.00670527251295742,
      "괜찮": 0.00664554953950265,
      "많": 0.0057129115345352505,
      "좋": 0.005344828801572883,
      "어떻": 0.0032365137001454545
    },
    "VV": {
      "있": 0.02730551262235961,
      "되": 0.025244719216898505,
      "떠내려가": 0.017589491298833592,
      "다가오": 0.012212566645141766,
      "상하": 0.009940541221798955,
      "풀": 0.007880328135314306,
      "보": 0.0077279752704791345,
      "바라": 0.0076245564448403184,
      "그러": 0.00749997459509654,
      "묻": 0.005848241715835745,
      "이루어지": 0.0055271109496784245,
      "통하": 0.004993072329892773,
      "믿": 0.0047663428850098066,
      "앉": 0.004479538167416898,
      "위하": 0.004446366612813764,
      "주": 0.004178765810894374,
      "가지": 0.00385490781614263,
      "따르": 0.003686367590544358,
      "듣": 0.0035044680716100657,
      "쓰": 0.00308078776376058,
      "보이": 0.003013321683770392
    }
  }
}