{
  "scope": "sermon",
  "idf_scope": "church",
  "church": "X-PQ",
  "sermon": "X-PQ-0430",
  "document_unit": "sermon_json",
  "document_count": 870,
  "min_count": 5,
  "freq": {
    "MAG": {
      "다": 30,
      "안": 23,
      "잘": 22,
      "막": 17,
      "굉장히": 12,
      "많이": 16,
      "스스로": 5,
      "못": 7,
      "너무": 7,
      "아무리": 5,
      "그냥": 6,
      "지금": 6
    },
    "NNB": {
      "거": 50,
      "수": 27,
      "분": 19,
      "명": 8,
      "줄": 9,
      "때문": 9,
      "번": 9,
      "데": 5
    },
    "NNG": {
      "시험": 52,
      "확증": 14,
      "안": 47,
      "열매": 21,
      "기술": 15,
      "진심": 14,
      "통과": 13,
      "식당": 14,
      "맛": 13,
      "말씀": 34,
      "중요": 28,
      "강사": 9,
      "사람": 31,
      "그물": 7,
      "도": 18,
      "스티커": 5,
      "말": 27,
      "겉": 8,
      "타": 6,
      "질그릇": 5,
      "구원": 15,
      "사과": 6,
      "외": 6,
      "교회": 23,
      "대신": 8,
      "성령": 11,
      "믿음": 18,
      "스도인": 6,
      "남": 12,
      "선생": 7,
      "마음": 15,
      "교인": 9,
      "유혹": 5,
      "주": 13,
      "오늘": 13,
      "유명": 6,
      "존재": 6,
      "사도": 5,
      "얼굴": 5,
      "이름": 7,
      "결혼": 5,
      "축복": 9,
      "진짜": 6,
      "부분": 5,
      "목사": 9,
      "기쁨": 5,
      "돈": 6,
      "마찬가지": 5,
      "문제": 6,
      "삶": 7,
      "사랑": 6,
      "하나님": 7,
      "얘기": 5,
      "은혜": 6,
      "생각": 6,
      "성경": 5,
      "앞": 5
    },
    "NNP": {
      "그리스": 18,
      "예수": 27,
      "바울": 13,
      "그리": 6,
      "그리스도": 10,
      "누가": 11,
      "멘": 8
    },
    "VA": {
      "없": 30,
      "좋": 17,
      "같": 14,
      "그렇": 12,
      "어떻": 9,
      "이렇": 7,
      "많": 6
    },
    "VV": {
      "되": 77,
      "있": 76,
      "보": 42,
      "버림받": 8,
      "받": 29,
      "알": 28,
      "거하": 6,
      "망가지": 5,
      "계시": 13,
      "갖": 14,
      "바라": 11,
      "먹": 11,
      "믿": 13,
      "던지": 5,
      "모르": 11,
      "벌": 5,
      "나오": 11,
      "쓰": 9,
      "그러": 10,
      "살": 9,
      "떨어지": 5,
      "원하": 6,
      "대하": 7,
      "보이": 7,
      "주": 8,
      "듣": 7,
      "다니": 6,
      "가지": 6,
      "드리": 5,
      "위하": 5
    }
  },
  "tfidf": {
    "MAG": {
      "다": 0.012038496450525744,
      "안": 0.009389865146876258,
      "잘": 0.008848526597751484,
      "막": 0.008363511188354916,
      "굉장히": 0.0067279591642789285,
      "많이": 0.006660912489842097,
      "스스로": 0.005247998532662881,
      "못": 0.0031774171788114466,
      "너무": 0.003148119011452038,
      "아무리": 0.0030366177164957006,
      "그냥": 0.002736156627203172,
      "지금": 0.0026673640634499616
    },
    "NNB": {
      "거": 0.02029587334713367,
      "수": 0.01073558648111332,
      "분": 0.007846462684309335,
      "명": 0.004206238136974282,
      "줄": 0.003955107995434933,
      "때문": 0.003695457323918817,
      "번": 0.003695457323918817,
      "데": 0.0032187658218811597
    },
    "NNG": {
      "시험": 0.04216946086747684,
      "확증": 0.031019420911820268,
      "안": 0.021235469800353846,
      "열매": 0.019915739640290933,
      "기술": 0.0194360783519025,
      "진심": 0.019367218886623287,
      "통과": 0.018912121457188662,
      "식당": 0.017959785576204767,
      "맛": 0.016676943749332998,
      "말씀": 0.013769533705421569,
      "중요": 0.013630292191851422,
      "강사": 0.012704257831048733,
      "사람": 0.012326043737574552,
      "그물": 0.0116512370849999,
      "도": 0.011406737463793778,
      "스티커": 0.011312525716049038,
      "말": 0.010809795899744267,
      "겉": 0.010436598352669146,
      "타": 0.009795817886416357,
      "질그릇": 0.009592848901960362,
      "구원": 0.009567937113048207,
      "사과": 0.00956288316777481,
      "외": 0.009401989456135367,
      "교회": 0.009389865146876258,
      "대신": 0.008776164398429414,
      "성령": 0.008672043956399105,
      "믿음": 0.008670375798299886,
      "스도인": 0.007854405953974465,
      "남": 0.007776178566805158,
      "선생": 0.006729418251942368,
      "마음": 0.0064937612210474414,
      "교인": 0.005989803868700797,
      "유혹": 0.005784949448291909,
      "주": 0.005368632362948492,
      "오늘": 0.005186820440754665,
      "유명": 0.004920552792294936,
      "존재": 0.004796994520020411,
      "사도": 0.004750983346544817,
      "얼굴": 0.004422394696566482,
      "이름": 0.004273009446496588,
      "결혼": 0.004154014647784165,
      "축복": 0.004061661061994971,
      "진짜": 0.003998581805504654,
      "부분": 0.0039055805326759724,
      "목사": 0.003860515823024038,
      "기쁨": 0.0037009126017566035,
      "돈": 0.0035395082680166317,
      "마찬가지": 0.0035153620256289314,
      "문제": 0.003227617561050124,
      "삶": 0.003203308530157846,
      "사랑": 0.0028498595695893815,
      "하나님": 0.0027896985928865907,
      "얘기": 0.0027390156331210747,
      "은혜": 0.0025677573962208052,
      "생각": 0.0024949730481859905,
      "성경": 0.0023282961197574293,
      "앞": 0.002122627456958176
    },
    "NNP": {
      "그리스": 0.013480589668883597,
      "예수": 0.0114885980877345,
      "바울": 0.010077243580318819,
      "그리": 0.007433037677999951,
      "그리스도": 0.0060042167506464406,
      "누가": 0.005982096453828426,
      "멘": 0.004441581510220248
    },
    "VA": {
      "없": 0.011942132388117773,
      "좋": 0.007012457891272382,
      "같": 0.005695911680281432,
      "그렇": 0.004782340444948441,
      "어떻": 0.0037467632755361796,
      "이렇": 0.0028251551258655205,
      "많": 0.0024049364804336715
    },
    "VV": {
      "되": 0.03061630218687873,
      "있": 0.030218687872763418,
      "보": 0.016699801192842943,
      "버림받": 0.012335019256435393,
      "받": 0.011690782740031483,
      "알": 0.011287652300720052,
      "거하": 0.007622101785325933,
      "망가지": 0.007273892868149485,
      "계시": 0.00711278962136156,
      "갖": 0.006993942792510036,
      "바라": 0.006472839151243962,
      "먹": 0.0053926259132696525,
      "믿": 0.005313414182348242,
      "던지": 0.004670192798370212,
      "모르": 0.004637659643155565,
      "벌": 0.004601035509930022,
      "나오": 0.004485650376124338,
      "쓰": 0.004279783812734281,
      "그러": 0.004134464836433508,
      "살": 0.0037082150159587646,
      "떨어지": 0.003570243270344416,
      "원하": 0.0034911332562333696,
      "대하": 0.0033054941811998953,
      "보이": 0.003255825186273425,
      "주": 0.0032250435144914437,
      "듣": 0.0031554146911176918,
      "다니": 0.003124622320019804,
      "가지": 0.002550085568122526,
      "드리": 0.002272215164221626,
      "위하": 0.002144731012791132
    }
  }
}