{
  "scope": "sermon",
  "idf_scope": "church",
  "church": "X-PQ",
  "sermon": "X-PQ-0845",
  "document_unit": "sermon_json",
  "document_count": 870,
  "min_count": 5,
  "freq": {
    "MAG": {
      "다": 45,
      "잘": 24,
      "안": 21,
      "못": 15,
      "더": 11,
      "그냥": 6
    },
    "NNB": {
      "거": 57,
      "수": 12,
      "명": 5,
      "번": 6
    },
    "NNG": {
      "기도": 108,
      "능력": 38,
      "교도관": 5,
      "간수": 5,
      "하나님": 24,
      "사람": 24,
      "이용": 5,
      "교회": 17,
      "제자": 8,
      "부모": 9,
      "사탄": 6,
      "비행기": 5,
      "남": 9,
      "음식": 6,
      "해결": 6,
      "말": 11,
      "영혼": 5,
      "나라": 8,
      "애": 5,
      "감사": 6,
      "문제": 6,
      "아버지": 5,
      "힘": 5,
      "세상": 6,
      "은혜": 6,
      "앞": 6,
      "생각": 6,
      "전": 5,
      "안": 5,
      "말씀": 5,
      "오늘": 5
    },
    "NNP": {
      "멘": 11,
      "미국": 9,
      "아멘": 5,
      "예수": 5
    },
    "VA": {
      "없": 21,
      "좋": 18,
      "나쁘": 8,
      "그렇": 9,
      "크": 7,
      "많": 7,
      "어떻": 5
    },
    "VV": {
      "되": 43,
      "있": 39,
      "힘쓰": 8,
      "갈": 5,
      "도와주": 8,
      "빠지": 8,
      "건지": 5,
      "나타나": 6,
      "싸우": 6,
      "남": 7,
      "보": 12,
      "일어나": 8,
      "그러": 10,
      "받": 10,
      "걸리": 5,
      "살": 9,
      "나오": 9,
      "주": 9,
      "믿": 8,
      "전하": 5,
      "내": 5,
      "만나": 6,
      "만들": 5
    }
  },
  "tfidf": {
    "MAG": {
      "다": 0.02752438052097477,
      "잘": 0.014713417780723955,
      "안": 0.01306787161349854,
      "못": 0.010378187278845178,
      "더": 0.0069241591758027994,
      "그냥": 0.004170566010555138
    },
    "NNB": {
      "거": 0.035266847559737545,
      "수": 0.007272727272727273,
      "명": 0.004007079134276635,
      "번": 0.0037551818867296266
    },
    "NNG": {
      "기도": 0.07369214686067983,
      "능력": 0.030710715831731423,
      "교도관": 0.019343477623432158,
      "간수": 0.015547226203749225,
      "하나님": 0.014578892386721611,
      "사람": 0.014545454545454545,
      "이용": 0.011629746497358113,
      "교회": 0.01057875321092739,
      "제자": 0.010420562963080499,
      "부모": 0.009631390416796167,
      "사탄": 0.009599066407016106,
      "비행기": 0.00911353952137802,
      "남": 0.008889585952506806,
      "음식": 0.008844014171458855,
      "해결": 0.007841868619870664,
      "말": 0.006712749799470824,
      "영혼": 0.006693819229809016,
      "나라": 0.006671763504978769,
      "애": 0.005284169706142995,
      "감사": 0.005121234542834574,
      "문제": 0.004919671615782461,
      "아버지": 0.0047426794372236744,
      "힘": 0.004226112597043656,
      "세상": 0.004098746092673624,
      "은혜": 0.0039138847584820145,
      "앞": 0.0038824785849089546,
      "생각": 0.0038029437673865246,
      "전": 0.0034674230571046867,
      "안": 0.0034434046774912915,
      "말씀": 0.0030864863876234622,
      "오늘": 0.00304075837027925
    },
    "NNP": {
      "멘": 0.009308814581836602,
      "미국": 0.00859219955862453,
      "아멘": 0.004652215912527671,
      "예수": 0.0032428534445176505
    },
    "VA": {
      "없": 0.012741893375322024,
      "좋": 0.011317432040566873,
      "나쁘": 0.008882937075248856,
      "그렇": 0.005467084645020604,
      "크": 0.004550457032910381,
      "많": 0.00427665724626614,
      "어떻": 0.0031727641878698623
    },
    "VV": {
      "되": 0.026060606060606062,
      "있": 0.023636363636363636,
      "힘쓰": 0.014925062276961741,
      "갈": 0.010227857036909286,
      "도와주": 0.009510300542409983,
      "빠지": 0.008597284306586577,
      "건지": 0.008401302130570871,
      "나타나": 0.007724345742579146,
      "싸우": 0.007416517068650647,
      "남": 0.00729658160687504,
      "보": 0.007272727272727273,
      "일어나": 0.006770046968608437,
      "그러": 0.00630192670523047,
      "받": 0.006144685181019682,
      "걸리": 0.005819143020926193,
      "살": 0.005652218645537148,
      "나오": 0.0055940879484063025,
      "주": 0.005530216662917714,
      "믿": 0.004983957731880962,
      "전하": 0.004593373228112212,
      "내": 0.004473402115169761,
      "만나": 0.004214348844126341,
      "만들": 0.0037056259578544816
    }
  }
}