{
  "scope": "sermon",
  "idf_scope": "church",
  "church": "X-PQ",
  "sermon": "X-PQ-0617",
  "document_unit": "sermon_json",
  "document_count": 870,
  "min_count": 5,
  "freq": {
    "MAG": {
      "많이": 9,
      "다": 8,
      "안": 7,
      "잘": 6
    },
    "NNB": {
      "거": 19,
      "절": 6,
      "분": 8,
      "장": 5,
      "줄": 6,
      "때문": 5,
      "수": 5
    },
    "NNG": {
      "이름": 51,
      "욕망": 13,
      "자칭": 6,
      "예수": 8,
      "사람": 29,
      "거짓": 8,
      "미혹": 5,
      "말씀": 24,
      "두려움": 7,
      "사기": 5,
      "사용": 7,
      "미": 5,
      "상관": 5,
      "하나님": 15,
      "주": 12,
      "말": 11,
      "능력": 8,
      "마음": 7,
      "생각": 7,
      "힘": 5,
      "삶": 6,
      "목사": 6,
      "오늘": 6
    },
    "NNP": {
      "예수": 57,
      "멘": 5
    },
    "VA": {
      "많": 10,
      "수많": 5,
      "이렇": 7,
      "그렇": 6
    },
    "VV": {
      "있": 28,
      "다루": 8,
      "행하": 9,
      "알": 17,
      "외치": 6,
      "되": 14,
      "들어가": 11,
      "부르": 8,
      "위하": 10,
      "대하": 9,
      "모르": 9,
      "살아가": 7,
      "죽": 7,
      "갖": 6,
      "살": 6,
      "보": 6,
      "나오": 5
    }
  },
  "tfidf": {
    "MAG": {
      "많이": 0.008582067065549629,
      "다": 0.007353204267898542,
      "안": 0.0065458373291659355,
      "잘": 0.005527581816528808
    },
    "NNB": {
      "거": 0.01766554294886671,
      "절": 0.008378537631960647,
      "분": 0.0075673870773801085,
      "장": 0.006358479905626095,
      "줄": 0.006039524352470465,
      "때문": 0.0047025274082452065,
      "수": 0.004553734061930784
    },
    "NNG": {
      "이름": 0.07130855538054709,
      "욕망": 0.04520872254783605,
      "자칭": 0.032666024631827585,
      "예수": 0.02715184487444774,
      "사람": 0.026411657559198543,
      "거짓": 0.024413853326454682,
      "미혹": 0.02275525161481203,
      "말씀": 0.022263180500890548,
      "두려움": 0.017504854455413103,
      "사기": 0.015258658329034178,
      "사용": 0.014592915641688145,
      "미": 0.014410162982078378,
      "상관": 0.013734297749299355,
      "하나님": 0.013692607262118999,
      "주": 0.011351080616070163,
      "말": 0.010087465545652877,
      "능력": 0.009715785854157196,
      "마음": 0.006941266927537354,
      "생각": 0.006667273909124827,
      "힘": 0.006350715651295111,
      "삶": 0.006289087395274772,
      "목사": 0.005895080324775625,
      "오늘": 0.005483334766077336
    },
    "NNP": {
      "예수": 0.05555380081181877,
      "멘": 0.006358479905626095
    },
    "VA": {
      "많": 0.009180958178947608,
      "수많": 0.007145413491847963,
      "이렇": 0.006471097578826762,
      "그렇": 0.005477042904847599
    },
    "VV": {
      "있": 0.025500910746812388,
      "다루": 0.02039948034445539,
      "행하": 0.01617691988596009,
      "알": 0.015697488099053015,
      "외치": 0.015652279772754497,
      "되": 0.012750455373406194,
      "들어가": 0.01255732049991341,
      "부르": 0.009965207869765519,
      "위하": 0.009825133874626043,
      "대하": 0.00973456424557112,
      "모르": 0.008691292103231182,
      "살아가": 0.008501312622387546,
      "죽": 0.008241063112695575,
      "갖": 0.006865638611695059,
      "살": 0.005662514125765812,
      "보": 0.00546448087431694,
      "나오": 0.004670231286617284
    }
  }
}