{
  "scope": "sermon",
  "idf_scope": "church",
  "church": "X-PQ",
  "sermon": "X-PQ-0290",
  "document_unit": "sermon_json",
  "document_count": 870,
  "min_count": 5,
  "freq": {
    "MAG": {
      "다": 30,
      "안": 19,
      "잘": 17,
      "막": 8,
      "먼저": 6,
      "절대로": 6,
      "그냥": 7,
      "늘": 6,
      "꼭": 5,
      "더": 5
    },
    "NNB": {
      "거": 62,
      "분": 8
    },
    "NNG": {
      "믿음": 43,
      "보디발": 7,
      "감옥": 12,
      "애급": 5,
      "사람": 26,
      "복": 17,
      "신경": 8,
      "집": 17,
      "애굽": 7,
      "하나님": 19,
      "그림": 6,
      "형": 6,
      "시기": 6,
      "부모": 8,
      "친구": 8,
      "가족": 6,
      "감사": 9,
      "기도": 11,
      "교회": 12,
      "말": 12,
      "삶": 10,
      "아버지": 7,
      "루": 6,
      "마음": 6,
      "세상": 5
    },
    "NNP": {
      "요셉": 23,
      "멘": 8,
      "할렐": 6,
      "아멘": 5,
      "예수": 5
    },
    "VA": {
      "좋": 20,
      "없": 13,
      "어떻": 6,
      "같": 5
    },
    "VV": {
      "되": 34,
      "있": 30,
      "살": 17,
      "받": 17,
      "나오": 11,
      "먹": 8,
      "쓰": 8,
      "듣": 8,
      "죽이": 5,
      "빠지": 5,
      "믿": 7,
      "그러": 6,
      "보": 6,
      "가지": 5,
      "모르": 5,
      "주": 5
    }
  },
  "tfidf": {
    "MAG": {
      "다": 0.02285042911175264,
      "안": 0.014723370173699164,
      "잘": 0.012978344929223489,
      "막": 0.007470536963804701,
      "먼저": 0.007226517160530866,
      "절대로": 0.006424556649680438,
      "그냥": 0.006059124204014069,
      "늘": 0.005909677010547359,
      "꼭": 0.005334091759081553,
      "더": 0.003919335382529887
    },
    "NNB": {
      "거": 0.04776959292103477,
      "분": 0.006270936612047817
    },
    "NNG": {
      "믿음": 0.0393147920631925,
      "보디발": 0.026079245607225666,
      "감옥": 0.024867273563829978,
      "애급": 0.02324605307327699,
      "사람": 0.019622641509433963,
      "복": 0.018158205972028368,
      "신경": 0.017615768832802327,
      "집": 0.01606302035244066,
      "애굽": 0.014791547729007938,
      "하나님": 0.014372587305777437,
      "그림": 0.013319222216831102,
      "형": 0.012647131627616279,
      "시기": 0.0124936151671981,
      "부모": 0.010661161719220913,
      "친구": 0.010174445668089548,
      "가족": 0.00983193970349039,
      "감사": 0.0095660796177476,
      "기도": 0.009346697872266519,
      "교회": 0.009298970636020525,
      "말": 0.009119207274752817,
      "삶": 0.008686060327058742,
      "아버지": 0.008268369433952219,
      "루": 0.007399594350660063,
      "마음": 0.004930357576131114,
      "세상": 0.004253415756548101
    },
    "NNP": {
      "요셉": 0.04884357973039891,
      "멘": 0.008430624526946356,
      "할렐": 0.007549056825232909,
      "아멘": 0.005793325475977854,
      "예수": 0.004038270327135188
    },
    "VA": {
      "좋": 0.015659339930344098,
      "없": 0.009822591658604041,
      "어떻": 0.004741187239231946,
      "같": 0.003861244710487278
    },
    "VV": {
      "되": 0.025660377358490565,
      "있": 0.022641509433962263,
      "살": 0.013295155807741465,
      "받": 0.01300818259076242,
      "나오": 0.008514272223360536,
      "먹": 0.007444228704973269,
      "쓰": 0.0072209014936866845,
      "듣": 0.0068449534862844155,
      "죽이": 0.006805642406523814,
      "빠지": 0.006691282597107479,
      "믿": 0.005430633188983501,
      "그러": 0.004708609387304275,
      "보": 0.004528301886792453,
      "가지": 0.0040336259143573285,
      "모르": 0.004001274100355487,
      "주": 0.0038259360561065945
    }
  }
}