{
  "scope": "sermon",
  "idf_scope": "church",
  "church": "X-PQ",
  "sermon": "X-PQ-0870",
  "document_unit": "sermon_json",
  "document_count": 870,
  "min_count": 5,
  "freq": {
    "MAG": {
      "다": 22,
      "너무": 16,
      "안": 16,
      "매일": 7,
      "똑같이": 5,
      "잘": 12,
      "분명": 6,
      "이제": 9,
      "막": 7,
      "늘": 6,
      "그냥": 6,
      "지금": 5,
      "더": 5
    },
    "NNB": {
      "수": 25,
      "거": 22,
      "분": 16,
      "줄": 13,
      "번": 12,
      "명": 7
    },
    "NNG": {
      "하나님": 76,
      "법": 17,
      "삼겹살": 9,
      "조화": 8,
      "섭리": 9,
      "덕장": 5,
      "광야": 13,
      "사람": 28,
      "인생": 15,
      "음식": 9,
      "부패": 5,
      "훈련": 8,
      "설교": 11,
      "결정": 6,
      "질문": 7,
      "가운데": 13,
      "사랑": 13,
      "꿈": 6,
      "오늘": 15,
      "교회": 14,
      "백성": 8,
      "목사": 13,
      "계획": 5,
      "도움": 5,
      "아버지": 8,
      "세상": 11,
      "말씀": 12,
      "힘": 8,
      "말": 10,
      "공부": 5,
      "생활": 5,
      "은혜": 8,
      "속": 6,
      "이야기": 6,
      "시작": 6,
      "필요": 5,
      "믿음": 6,
      "가정": 5,
      "날": 5,
      "삶": 5,
      "마음": 5
    },
    "NNP": {
      "이스라엘": 10
    },
    "VA": {
      "없": 22,
      "날카롭": 5,
      "약하": 9,
      "이렇": 18,
      "좋": 11,
      "힘들": 8,
      "같": 10,
      "많": 10,
      "똑같": 5,
      "크": 8,
      "어떻": 6
    },
    "VV": {
      "있": 44,
      "되": 42,
      "담": 10,
      "먹": 21,
      "굽": 6,
      "기다리": 10,
      "믿": 19,
      "보": 14,
      "앉": 6,
      "알": 10,
      "쓰": 8,
      "나오": 9,
      "받": 8,
      "주": 8,
      "잡": 5,
      "만들": 6,
      "계시": 5,
      "보이": 5,
      "그러": 5,
      "살": 5
    }
  },
  "tfidf": {
    "MAG": {
      "다": 0.011642894749302385,
      "너무": 0.009489872576285115,
      "안": 0.008614673024105712,
      "매일": 0.008526655603724882,
      "똑같이": 0.006586645529168121,
      "잘": 0.006365269884162173,
      "분명": 0.006180934476987985,
      "이제": 0.005073790909796889,
      "막": 0.004541769162250171,
      "늘": 0.004106094409530808,
      "그냥": 0.0036085128040985724,
      "지금": 0.0029314895208777544,
      "더": 0.0027231879296550077
    },
    "NNB": {
      "수": 0.013109596224436287,
      "거": 0.011777353668556959,
      "분": 0.008714201374896023,
      "줄": 0.007534362052714859,
      "번": 0.006498217213533176,
      "명": 0.00485388190885109
    },
    "NNG": {
      "하나님": 0.03994478905119057,
      "법": 0.026734281589185234,
      "삼겹살": 0.02629877115660543,
      "조화": 0.021834053988006148,
      "섭리": 0.018301203517921808,
      "덕장": 0.016736621960494524,
      "광야": 0.016290865287392008,
      "사람": 0.014682747771368642,
      "인생": 0.012751759420043439,
      "음식": 0.011478204024310785,
      "부패": 0.011203813359690675,
      "훈련": 0.009567715786872853,
      "설교": 0.008590302840490503,
      "결정": 0.008477613513220794,
      "질문": 0.00835661443869097,
      "가운데": 0.008345988523720545,
      "사랑": 0.00814334544902332,
      "꿈": 0.008003865662735084,
      "오늘": 0.007892896661186307,
      "교회": 0.007537838896092499,
      "백성": 0.0074074668473873674,
      "목사": 0.007354166802643531,
      "계획": 0.006983997123628532,
      "도움": 0.006669888052279238,
      "아버지": 0.0065656390740799694,
      "세상": 0.006501681662473893,
      "말씀": 0.006409274302563666,
      "힘": 0.005850517701203593,
      "말": 0.0052800863656036895,
      "공부": 0.004701864361705739,
      "생활": 0.004565714359260106,
      "은혜": 0.0045152314990353605,
      "속": 0.00418047856178159,
      "이야기": 0.004091426303272356,
      "시작": 0.003990620785460242,
      "필요": 0.0038997777397915476,
      "믿음": 0.003811570552827165,
      "가정": 0.003770687275717912,
      "날": 0.003500512475262322,
      "삶": 0.0030175747072241303,
      "마음": 0.0028547123703783106
    },
    "NNP": {
      "이스라엘": 0.008557498284039166
    },
    "VA": {
      "없": 0.01154969734372586,
      "날카롭": 0.011284494163746136,
      "약하": 0.011086503827069718,
      "이렇": 0.009580850441825764,
      "좋": 0.005984134228756299,
      "힘들": 0.005514183171525456,
      "같": 0.005365652062292232,
      "많": 0.0052861521135209606,
      "똑같": 0.004715207490985947,
      "크": 0.004499665355788226,
      "어떻": 0.0032942176675313725
    },
    "VV": {
      "있": 0.023072889355007866,
      "되": 0.02202412165705296,
      "담": 0.014195316957658815,
      "먹": 0.013577324574979104,
      "굽": 0.01189509574291,
      "기다리": 0.01069502985778148,
      "믿": 0.010241680315578667,
      "보": 0.007341373885684321,
      "앉": 0.0054712848975078335,
      "알": 0.005316586548863385,
      "쓰": 0.005017144456809049,
      "나오": 0.0048401914603410584,
      "받": 0.004253269239090708,
      "주": 0.004253269239090708,
      "잡": 0.004077173252308105,
      "만들": 0.0038474773972479678,
      "계시": 0.003607895183277061,
      "보이": 0.003067046349343645,
      "그러": 0.002726318579871598,
      "살": 0.002716937821224813
    }
  }
}