{
  "scope": "sermon",
  "idf_scope": "church",
  "church": "X-PQ",
  "sermon": "X-PQ-0077",
  "document_unit": "sermon_json",
  "document_count": 870,
  "min_count": 5,
  "freq": {
    "MAG": {
      "다": 28,
      "잘": 23,
      "굉장히": 16,
      "안": 17,
      "너무": 12,
      "지금": 9,
      "정말로": 5,
      "다시": 7,
      "열심히": 5,
      "이제": 7,
      "정말": 6,
      "그냥": 6,
      "많이": 6
    },
    "NNB": {
      "거": 44,
      "수": 37,
      "분": 26,
      "번": 15,
      "때문": 14,
      "가지": 10,
      "중": 5
    },
    "NNG": {
      "주인": 26,
      "집중": 20,
      "분주": 13,
      "사람": 47,
      "선택": 17,
      "선수": 18,
      "충실": 9,
      "긴급": 7,
      "커피": 11,
      "초청": 11,
      "발치": 6,
      "야구": 9,
      "르": 8,
      "말씀": 32,
      "편리": 6,
      "스타": 7,
      "삶": 25,
      "준비": 18,
      "교회": 27,
      "짜증": 7,
      "찬양": 14,
      "은사": 8,
      "주차": 5,
      "봉사": 10,
      "오늘": 20,
      "대부분": 9,
      "가운데": 15,
      "기업": 7,
      "운동": 7,
      "단어": 8,
      "목적": 7,
      "중요": 13,
      "스": 6,
      "말": 15,
      "앞": 14,
      "방향": 5,
      "복음": 8,
      "회": 7,
      "생각": 13,
      "화": 5,
      "마음": 12,
      "제자": 6,
      "예배": 10,
      "곳": 10,
      "사랑": 10,
      "집": 9,
      "얘기": 8,
      "감당": 5,
      "돈": 6,
      "경험": 5,
      "은혜": 8,
      "성경": 7,
      "목사": 7,
      "길": 5,
      "주": 6,
      "기도": 5,
      "하나님": 5
    },
    "NNP": {
      "예수": 81,
      "마리아": 15,
      "일본": 12,
      "르": 5,
      "명성교": 5
    },
    "VA": {
      "많": 31,
      "없": 29,
      "맛있": 9,
      "좋": 13,
      "이렇": 13,
      "같": 9,
      "그렇": 6
    },
    "VV": {
      "되": 76,
      "있": 65,
      "마": 17,
      "마르": 9,
      "벌리": 6,
      "앉": 11,
      "원하": 13,
      "택하": 6,
      "보": 16,
      "갖": 9,
      "드리": 9,
      "도와주": 5,
      "만들": 8,
      "쓰": 8,
      "대하": 8,
      "지": 6,
      "이기": 5,
      "위하": 8,
      "남": 5,
      "계시": 6,
      "주": 8,
      "치": 5,
      "그러": 7,
      "모르": 6,
      "먹": 5,
      "받": 6,
      "만나": 5
    }
  },
  "tfidf": {
    "MAG": {
      "다": 0.011294310152491646,
      "잘": 0.009298797708141389,
      "굉장히": 0.009017222114661074,
      "안": 0.006976396002410149,
      "너무": 0.005424816247894398,
      "지금": 0.004021834903822934,
      "정말로": 0.0035938851659912873,
      "다시": 0.003429300926864098,
      "열심히": 0.003390482499504592,
      "이제": 0.00300781751731409,
      "정말": 0.002956715537796637,
      "그냥": 0.0027503732683517093,
      "많이": 0.002510820580328668
    },
    "NNB": {
      "거": 0.017953168222172758,
      "수": 0.014788169464428458,
      "분": 0.010793053871155443,
      "번": 0.006191097235315631,
      "때문": 0.005778357419627922,
      "가지": 0.00494527451890549,
      "중": 0.0025527620740048588
    },
    "NNG": {
      "주인": 0.02610544033790678,
      "집중": 0.022161708258100623,
      "분주": 0.021896810911159137,
      "사람": 0.018784972022382093,
      "선택": 0.018746248443987288,
      "선수": 0.017815375195165545,
      "충실": 0.01666959626231422,
      "긴급": 0.016293414386323073,
      "커피": 0.015874639419832588,
      "초청": 0.015177335130486856,
      "발치": 0.014772671617310317,
      "야구": 0.014418855615679644,
      "르": 0.013474960560713314,
      "말씀": 0.013026896983734517,
      "편리": 0.012481277264726535,
      "스타": 0.012041303964176431,
      "삶": 0.011499830069297393,
      "준비": 0.011347334441565689,
      "교회": 0.01108015835676906,
      "짜증": 0.01096581160111795,
      "찬양": 0.01031096055649452,
      "은사": 0.010248741120334665,
      "주차": 0.009642691841898606,
      "봉사": 0.009353702429648529,
      "오늘": 0.008021185149417687,
      "대부분": 0.0074916065486067725,
      "가운데": 0.0073398819935136875,
      "기업": 0.007240211425228987,
      "운동": 0.00666026847691927,
      "단어": 0.00658422049393328,
      "목적": 0.006462987705419028,
      "중요": 0.006361231061045196,
      "스": 0.006205895507339131,
      "말": 0.0060366455031212445,
      "앞": 0.005974237630655266,
      "방향": 0.005581351387753654,
      "복음": 0.005499307822927402,
      "회": 0.005471055201915289,
      "생각": 0.005433862497364839,
      "화": 0.005422454379504785,
      "마음": 0.005222001429555336,
      "제자": 0.005154055422386937,
      "예배": 0.0050693537422546505,
      "곳": 0.004864644643556805,
      "사랑": 0.004774444989020313,
      "집": 0.004503491740792187,
      "얘기": 0.004405195406746285,
      "감당": 0.003635090775908825,
      "돈": 0.00355789899842599,
      "경험": 0.0035385799658389687,
      "은혜": 0.003441465415132067,
      "성경": 0.00327655101425496,
      "목사": 0.0030182245787520293,
      "길": 0.0025256952772267677,
      "주": 0.0024907047394974098,
      "기도": 0.0022499045637586544,
      "하나님": 0.0020029953069286787
    },
    "NNP": {
      "예수": 0.034644873130278496,
      "마리아": 0.020858408487434723,
      "일본": 0.013362279880787368,
      "르": 0.007964533059420947,
      "명성교": 0.0041151378087083
    },
    "VA": {
      "많": 0.012490066126899227,
      "없": 0.011604042442411002,
      "맛있": 0.010147057865015591,
      "좋": 0.0053903303417301585,
      "이렇": 0.005273977780071554,
      "같": 0.0036806829074788805,
      "그렇": 0.002403594368314414
    },
    "VV": {
      "되": 0.030375699440447643,
      "있": 0.02597921662669864,
      "마": 0.024121615754795656,
      "마르": 0.01084910714297172,
      "벌리": 0.009846715421397735,
      "앉": 0.007645293318346777,
      "원하": 0.007603424048264722,
      "택하": 0.006431764128585416,
      "보": 0.006394884092725819,
      "갖": 0.004519467143669769,
      "드리": 0.00411123822878949,
      "도와주": 0.003919863083277496,
      "만들": 0.003910013001093458,
      "쓰": 0.003824018576792509,
      "대하": 0.003797336012660836,
      "지": 0.0036258378632370845,
      "이기": 0.003509046404495806,
      "위하": 0.0034493995185737474,
      "남": 0.003437067389329626,
      "계시": 0.003299883028541657,
      "주": 0.0032418003353101438,
      "치": 0.0029427111449211976,
      "그러": 0.002909162807570421,
      "모르": 0.0025427761069405372,
      "먹": 0.0024639296148305312,
      "받": 0.002431350251482608,
      "만나": 0.002316039033043053
    }
  }
}