{
  "scope": "sermon",
  "idf_scope": "church",
  "church": "X-PQ",
  "sermon": "X-PQ-0641",
  "document_unit": "sermon_json",
  "document_count": 870,
  "min_count": 5,
  "freq": {
    "MAG": {
      "정말": 35,
      "이제": 29,
      "사실": 15,
      "많이": 21,
      "특별히": 10,
      "다": 14,
      "안": 13,
      "열심히": 7,
      "잘": 11,
      "더": 10,
      "아주": 7,
      "다시": 6,
      "늘": 5
    },
    "NNB": {
      "거": 17,
      "마리": 5,
      "수": 11,
      "장": 7,
      "번": 9,
      "명": 7,
      "절": 5,
      "때문": 6
    },
    "NNG": {
      "정글": 11,
      "번역": 16,
      "하나님": 47,
      "반화": 6,
      "부족": 18,
      "대나무": 6,
      "사역": 14,
      "피": 12,
      "성경": 23,
      "사랑": 20,
      "기도": 20,
      "사람": 22,
      "주": 21,
      "말씀": 21,
      "복음": 12,
      "찬양": 11,
      "용서": 7,
      "마음": 15,
      "선교사": 7,
      "감사": 11,
      "뜻": 10,
      "교회": 13,
      "말": 13,
      "저주": 5,
      "영광": 7,
      "감당": 6,
      "은혜": 10,
      "장": 7,
      "학교": 6,
      "우리나라": 6,
      "구원": 6,
      "고백": 5,
      "땅": 7,
      "안": 8,
      "얘기": 6,
      "도": 5,
      "곳": 6,
      "믿음": 6,
      "전": 6,
      "지금": 5,
      "이야기": 5,
      "시작": 5,
      "축복": 5
    },
    "NNP": {
      "아마존": 18,
      "도미니카": 9,
      "예수": 10
    },
    "VA": {
      "이렇": 48,
      "많": 19,
      "없": 19,
      "그렇": 16,
      "작": 6,
      "크": 7,
      "어떻": 7,
      "힘들": 5
    },
    "VV": {
      "있": 51,
      "되": 49,
      "통하": 30,
      "깨닫": 14,
      "주": 20,
      "보": 20,
      "외우": 6,
      "심": 6,
      "달려가": 5,
      "위하": 15,
      "배우": 8,
      "잡": 9,
      "전하": 9,
      "좋아하": 8,
      "받": 13,
      "잊": 5,
      "그러": 9,
      "살": 9,
      "드리": 8,
      "알": 8,
      "원하": 5,
      "나오": 7,
      "맞": 5,
      "죽": 5,
      "모르": 5
    }
  },
  "tfidf": {
    "MAG": {
      "정말": 0.018885454386933006,
      "이제": 0.013644340320179789,
      "사실": 0.011002662189107443,
      "많이": 0.009622431431920413,
      "특별히": 0.006840551641696172,
      "다": 0.006183449453289737,
      "안": 0.005841530605596408,
      "열심히": 0.005197453872763538,
      "잘": 0.0048695939591564515,
      "더": 0.004545399896588271,
      "아주": 0.0038763573843374178,
      "다시": 0.0032185473906898307,
      "늘": 0.0028556973154541393
    },
    "NNB": {
      "거": 0.0075951865641724296,
      "마리": 0.006525492853545858,
      "수": 0.004814004376367615,
      "장": 0.004277573440231261,
      "번": 0.004067428958273884,
      "명": 0.004050920262660406,
      "절": 0.003355081808859515,
      "때문": 0.0027116193055159226
    },
    "NNG": {
      "정글": 0.02348882818753598,
      "번역": 0.021240742431215806,
      "하나님": 0.020616212702229412,
      "반화": 0.01858160559201547,
      "부족": 0.014390882639415507,
      "대나무": 0.014355510417133803,
      "사역": 0.013798970295592617,
      "피": 0.012199061383909986,
      "성경": 0.01178820910699068,
      "사랑": 0.01045572110505805,
      "기도": 0.009854286596978823,
      "사람": 0.00962800875273523,
      "주": 0.009545339782835368,
      "말씀": 0.009360766155899604,
      "복음": 0.009032342345490827,
      "찬양": 0.0088708426519488,
      "용서": 0.008141610205458082,
      "마음": 0.007147400206098168,
      "선교사": 0.007025054255775468,
      "감사": 0.006779752512942926,
      "뜻": 0.0066169557504151605,
      "교회": 0.005841530605596408,
      "말": 0.005728604861692825,
      "저주": 0.005662709904946209,
      "영광": 0.005312526831638611,
      "감당": 0.0047763661031022565,
      "은혜": 0.004710364588982731,
      "장": 0.0047091281059579255,
      "학교": 0.004491515399397915,
      "우리나라": 0.0043424503755872266,
      "구원": 0.004212404698348576,
      "고백": 0.004109404299839675,
      "땅": 0.00403639000302273,
      "안": 0.00397837564489147,
      "얘기": 0.003617658284796238,
      "도": 0.0034874720060103755,
      "곳": 0.003195975728187079,
      "믿음": 0.003181035030302584,
      "전": 0.0030045941588915884,
      "지금": 0.002852291581214187,
      "이야기": 0.0028454959738659306,
      "시작": 0.0027753879788011237,
      "축복": 0.0024836074813803432
    },
    "NNP": {
      "아마존": 0.03936409565996892,
      "도미니카": 0.021948252339451448,
      "예수": 0.00468333320214803
    },
    "VA": {
      "이렇": 0.021322458692996912,
      "많": 0.008382194727755142,
      "없": 0.008324650564058466,
      "그렇": 0.007018285175227034,
      "작": 0.0051269955804533005,
      "크": 0.003285888010635505,
      "어떻": 0.0032074771439734714,
      "힘들": 0.0028762437932437213
    },
    "VV": {
      "있": 0.022319474835886213,
      "되": 0.021444201312910284,
      "통하": 0.015905175151512917,
      "깨닫": 0.011273846682046616,
      "주": 0.008874162405848993,
      "보": 0.0087527352297593,
      "외우": 0.008556978040268672,
      "심": 0.008206348562917628,
      "달려가": 0.007412725037589981,
      "위하": 0.007081836101316889,
      "배우": 0.0065653886830202264,
      "잡": 0.006124859915042801,
      "전하": 0.005970380082053948,
      "좋아하": 0.005774510487182678,
      "받": 0.005768205563801846,
      "잊": 0.005300950647997887,
      "그러": 0.004095562869701203,
      "살": 0.004081470794370369,
      "드리": 0.00400148526075616,
      "알": 0.0035496649623395975,
      "원하": 0.0032021152951958146,
      "나오": 0.0031418291176315482,
      "맞": 0.0030968751335998953,
      "죽": 0.002828598717642932,
      "모르": 0.0023202136468144507
    }
  }
}