{
  "scope": "sermon",
  "idf_scope": "church",
  "church": "X-PQ",
  "sermon": "X-PQ-0057",
  "document_unit": "sermon_json",
  "document_count": 870,
  "min_count": 5,
  "freq": {
    "MAG": {
      "잘": 16,
      "안": 9,
      "다": 6
    },
    "NNB": {
      "거": 31,
      "번": 18,
      "개": 8,
      "수": 9,
      "줄": 7,
      "때문": 5
    },
    "NNG": {
      "채널": 8,
      "교회": 33,
      "기도": 26,
      "하나님": 28,
      "선물": 9,
      "코": 7,
      "명성": 11,
      "날": 12,
      "시": 8,
      "생명": 8,
      "구원": 9,
      "역사": 9,
      "은혜": 12,
      "하늘": 6,
      "단어": 5,
      "행복": 5,
      "오늘": 9,
      "말씀": 8,
      "말": 8,
      "시작": 5,
      "사람": 6,
      "세상": 5,
      "목사": 5
    },
    "NNP": {
      "예수": 12
    },
    "VA": {
      "없": 15,
      "좋": 13,
      "어떻": 8,
      "같": 7
    },
    "VV": {
      "되": 36,
      "있": 17,
      "받": 16,
      "보": 15,
      "믿": 14,
      "덮": 5,
      "올라가": 7,
      "다니": 9,
      "돕": 5,
      "올리": 5,
      "살": 10,
      "세우": 6,
      "지나가": 5,
      "가지": 8,
      "그러": 7,
      "주": 7,
      "계시": 5
    }
  },
  "tfidf": {
    "MAG": {
      "잘": 0.011979836831085382,
      "안": 0.006840008933786378,
      "다": 0.004482134503785677
    },
    "NNB": {
      "거": 0.023425133464237996,
      "번": 0.013758808541311363,
      "개": 0.010198488810103478,
      "수": 0.006661732050333087,
      "줄": 0.005726595629544535,
      "때문": 0.0038218912614753782
    },
    "NNG": {
      "채널": 0.025867917662119003,
      "교회": 0.02508003275721672,
      "기도": 0.02166703059683612,
      "하나님": 0.02077303319351525,
      "선물": 0.017704580086205506,
      "코": 0.017552411099371095,
      "명성": 0.017266724741379913,
      "날": 0.011858730937661432,
      "시": 0.01140546297451454,
      "생명": 0.01088021784991557,
      "구원": 0.010686911253582343,
      "역사": 0.010085142424790692,
      "은혜": 0.00956019223019293,
      "하늘": 0.008751514385160518,
      "단어": 0.0076210768300430535,
      "행복": 0.0072594355546708325,
      "오늘": 0.0066847167725606026,
      "말씀": 0.0060313279521287495,
      "말": 0.0059624720646669046,
      "시작": 0.004694124005596275,
      "사람": 0.0044411547002220575,
      "세상": 0.004171558754571601,
      "목사": 0.0039925969631159864
    },
    "NNP": {
      "예수": 0.009505329119385564
    },
    "VA": {
      "없": 0.011115641360516728,
      "좋": 0.009982684319029501,
      "어떻": 0.006199924097687962,
      "같": 0.005301709058441082
    },
    "VV": {
      "되": 0.026646928201332347,
      "있": 0.012583271650629163,
      "받": 0.012007378888150969,
      "보": 0.011102886750555145,
      "믿": 0.01065224126632589,
      "덮": 0.01054648797566387,
      "올라가": 0.00937117428616181,
      "다니": 0.008725120430995345,
      "돕": 0.00866134843781666,
      "올리": 0.008456125253004619,
      "살": 0.007670170873539182,
      "세우": 0.006915037221766028,
      "지나가": 0.006790332276953793,
      "가지": 0.0063295980299315595,
      "그러": 0.005387657545922422,
      "주": 0.00525322826356605,
      "계시": 0.005092713630280796
    }
  }
}