{
  "scope": "sermon",
  "idf_scope": "church",
  "church": "X-PQ",
  "sermon": "X-PQ-0132",
  "document_unit": "sermon_json",
  "document_count": 870,
  "min_count": 5,
  "freq": {
    "MAG": {
      "다": 37,
      "안": 28,
      "못": 16,
      "절대로": 12,
      "이제": 14,
      "잘": 9,
      "많이": 8,
      "아무리": 5
    },
    "NNB": {
      "거": 76,
      "때문": 11,
      "수": 10,
      "분": 6
    },
    "NNG": {
      "여우": 21,
      "본성": 16,
      "황소": 7,
      "원망": 11,
      "성령": 14,
      "시편": 8,
      "하나님": 22,
      "싸움": 7,
      "가정": 13,
      "지배": 6,
      "기도": 16,
      "여자": 9,
      "생각": 13,
      "사탄": 5,
      "순간": 6,
      "나라": 8,
      "문제": 8,
      "어려움": 6,
      "남자": 5,
      "사람": 10,
      "기": 5,
      "아무것": 5,
      "교회": 7,
      "안": 6,
      "목사": 6,
      "은혜": 6,
      "앞": 5,
      "말": 5,
      "오늘": 5
    },
    "NNP": {
      "다윗": 12,
      "이란": 5,
      "멘": 6,
      "예수": 6
    },
    "VA": {
      "가볍": 10,
      "무섭": 11,
      "없": 20,
      "어렵": 16,
      "그렇": 11,
      "많": 8,
      "이렇": 6
    },
    "VV": {
      "되": 73,
      "이기": 11,
      "받": 18,
      "있": 17,
      "보": 16,
      "먹": 10,
      "도와주": 5,
      "모르": 9,
      "살": 9,
      "그러": 8,
      "나오": 7,
      "보이": 5,
      "만나": 5,
      "알": 5
    }
  },
  "tfidf": {
    "MAG": {
      "다": 0.02492750972860866,
      "안": 0.019191800767487843,
      "못": 0.012193330848309423,
      "절대로": 0.011365203686016796,
      "이제": 0.010047475872256144,
      "잘": 0.006077388018573396,
      "많이": 0.005591520331092414,
      "아무리": 0.005098193295718751
    },
    "NNB": {
      "거": 0.05179376811176408,
      "때문": 0.007583060886086195,
      "수": 0.006675567423230975,
      "분": 0.00416004222845295
    },
    "NNG": {
      "여우": 0.06692396780325016,
      "본성": 0.04630872921086629,
      "황소": 0.026589721659685355,
      "원망": 0.02443050595726572,
      "성령": 0.01853032332229715,
      "시편": 0.01746238881987844,
      "하나님": 0.014720009836392814,
      "싸움": 0.01273933112118344,
      "가정": 0.012480521796037751,
      "지배": 0.012185263650761665,
      "기도": 0.012025124098315947,
      "여자": 0.011468425754659369,
      "생각": 0.00907578369052525,
      "사탄": 0.008810892062514784,
      "순간": 0.007445308409126739,
      "나라": 0.0073487381730407,
      "문제": 0.007225151905688528,
      "어려움": 0.007102229191856403,
      "남자": 0.006743154175381342,
      "사람": 0.006675567423230975,
      "기": 0.0054614283506537195,
      "아무것": 0.005285158053911912,
      "교회": 0.004797950191871961,
      "안": 0.0045513626578322815,
      "목사": 0.004320960077839544,
      "은혜": 0.004311021262680457,
      "앞": 0.0035636902898863905,
      "말": 0.003360856041123577,
      "오늘": 0.0033492999405612574
    },
    "NNP": {
      "다윗": 0.017542687456872746,
      "이란": 0.013457851664115937,
      "멘": 0.00559274574342653,
      "예수": 0.004286281588881808
    },
    "VA": {
      "가볍": 0.0238984461603877,
      "무섭": 0.01883977849635032,
      "없": 0.013366472165605785,
      "어렵": 0.013277939837454874,
      "그렇": 0.007360004918196407,
      "많": 0.00538354717248837,
      "이렇": 0.0040655722724881466
    },
    "VV": {
      "되": 0.048731642189586116,
      "이기": 0.012893988670832251,
      "받": 0.01218272028546626,
      "있": 0.011348464619492658,
      "보": 0.010680907877169559,
      "먹": 0.008230643386256327,
      "도와주": 0.006547061037623695,
      "모르": 0.006370519846026593,
      "살": 0.00622574149875587,
      "그러": 0.00555309963344741,
      "나오": 0.004792442946453997,
      "보이": 0.003904444184378058,
      "만나": 0.0038683108549223758,
      "알": 0.003384088968185072
    }
  }
}