{
  "scope": "sermon",
  "idf_scope": "church",
  "church": "X-PQ",
  "sermon": "X-PQ-0450",
  "document_unit": "sermon_json",
  "document_count": 870,
  "min_count": 5,
  "freq": {
    "MAG": {
      "다시": 18,
      "더욱": 6,
      "아마": 6,
      "더": 10,
      "다": 10,
      "정말로": 5,
      "막": 7,
      "자꾸": 5,
      "안": 6,
      "너무": 5,
      "잘": 5
    },
    "NNB": {
      "거": 20,
      "원": 5,
      "때문": 6,
      "분": 5,
      "번": 5,
      "수": 5
    },
    "NNG": {
      "과거": 22,
      "향수": 11,
      "추억": 12,
      "회상": 9,
      "옛날": 26,
      "말씀": 30,
      "하나님": 30,
      "떡볶이": 5,
      "기억": 17,
      "된장": 5,
      "미래": 7,
      "사진": 6,
      "건강": 9,
      "엄마": 6,
      "힘": 9,
      "얘기": 9,
      "생각": 11,
      "오늘": 11,
      "말": 8,
      "마음": 7,
      "사람": 7,
      "삶": 6,
      "앞": 5,
      "교회": 5
    },
    "VA": {
      "이렇": 12,
      "없": 6
    },
    "VV": {
      "있": 41,
      "젖": 7,
      "보": 26,
      "되": 23,
      "듣": 15,
      "머물": 5,
      "행하": 8,
      "울": 6,
      "돌아보": 5,
      "먹": 9,
      "내": 5,
      "살": 5,
      "주": 5
    }
  },
  "tfidf": {
    "MAG": {
      "다시": 0.018401286374627845,
      "더욱": 0.015987978307001435,
      "아마": 0.008885807587385823,
      "더": 0.008662417651129439,
      "다": 0.00841724174953357,
      "정말로": 0.007499500154553963,
      "막": 0.007223647866898311,
      "자꾸": 0.006672357149128635,
      "안": 0.005138088445674393,
      "너무": 0.004716739731801427,
      "잘": 0.00421829638208829
    },
    "NNB": {
      "거": 0.017028897904267284,
      "원": 0.010305774021286348,
      "때문": 0.0051676814954994855,
      "분": 0.0043312088255647195,
      "번": 0.004306401246249572,
      "수": 0.004170141784820684
    },
    "NNG": {
      "과거": 0.058812730007058105,
      "향수": 0.05856282216268452,
      "추억": 0.04883339668680237,
      "회상": 0.04487151173362804,
      "옛날": 0.0409648321532501,
      "말씀": 0.025484749989551525,
      "하나님": 0.025078369931287176,
      "떡볶이": 0.021107555361761017,
      "기억": 0.021088723026906116,
      "된장": 0.019907880330686037,
      "미래": 0.01626542742786419,
      "사진": 0.01411617391063053,
      "건강": 0.012787160117380146,
      "엄마": 0.011799812802322583,
      "힘": 0.010468352304603551,
      "얘기": 0.010341554437980904,
      "생각": 0.009594582899369672,
      "오늘": 0.009205965708184887,
      "말": 0.006718348423156787,
      "마음": 0.0063565563690041816,
      "사람": 0.005838198498748957,
      "삶": 0.005759314395339199,
      "앞": 0.004452383698290085,
      "교회": 0.004281740371395328
    },
    "VA": {
      "이렇": 0.010158844477376552,
      "없": 0.005009918758317964
    },
    "VV": {
      "있": 0.03419516263552961,
      "젖": 0.02368014126024801,
      "보": 0.021684737281067557,
      "되": 0.019182652210175146,
      "듣": 0.014183011941190864,
      "머물": 0.013196296041970023,
      "행하": 0.013168201675310298,
      "울": 0.01097761237884664,
      "돌아보": 0.010476007526374984,
      "먹": 0.009254840211301735,
      "내": 0.006156057956655635,
      "살": 0.004321268077627788,
      "주": 0.004227994390609873
    }
  }
}