{
  "scope": "sermon",
  "idf_scope": "church",
  "church": "X-PQ",
  "sermon": "X-PQ-0163",
  "document_unit": "sermon_json",
  "document_count": 870,
  "min_count": 5,
  "freq": {
    "MAG": {
      "이제": 24,
      "다": 21,
      "너무": 13,
      "사실": 7,
      "그냥": 10,
      "잘": 11,
      "많이": 10,
      "전혀": 5,
      "더": 6,
      "막": 5,
      "정말": 5
    },
    "NNB": {
      "거": 37,
      "수": 27,
      "분": 14,
      "줄": 6,
      "번": 6,
      "때문": 5
    },
    "NNG": {
      "질문": 30,
      "선수": 10,
      "사람": 23,
      "인기": 7,
      "하나님": 20,
      "답": 7,
      "전화": 6,
      "교회": 14,
      "기도": 12,
      "돈": 9,
      "목사": 12,
      "대답": 5,
      "집회": 5,
      "특별": 6,
      "원로": 6,
      "생각": 11,
      "딸": 5,
      "인간": 6,
      "마음": 9,
      "은혜": 9,
      "새벽": 6,
      "나라": 6,
      "인생": 5,
      "앞": 7,
      "말씀": 7,
      "얘기": 5,
      "지금": 5
    },
    "VA": {
      "이렇": 16,
      "어떻": 14,
      "많": 14,
      "없": 13,
      "그렇": 12,
      "같": 9
    },
    "VV": {
      "있": 47,
      "되": 27,
      "뛰": 7,
      "받": 14,
      "믿": 12,
      "던지": 5,
      "보": 11,
      "묻": 5,
      "살": 9,
      "모르": 7,
      "대하": 6,
      "주": 7,
      "드리": 6,
      "그러": 6,
      "나오": 6,
      "듣": 5,
      "알": 5
    }
  },
  "tfidf": {
    "MAG": {
      "이제": 0.01806857005599004,
      "다": 0.01484157773189816,
      "너무": 0.010296893865488634,
      "사실": 0.008216040229447878,
      "그냥": 0.008031552191195118,
      "잘": 0.007792032350610989,
      "많이": 0.007332018081211867,
      "전혀": 0.005790440656055563,
      "더": 0.004363965867102604,
      "막": 0.004332309820133592,
      "정말": 0.0043170531486736614
    },
    "NNB": {
      "거": 0.02645143549464319,
      "수": 0.018907563025210083,
      "분": 0.01018258702323941,
      "줄": 0.004643835951689475,
      "번": 0.004338970667439694,
      "때문": 0.003615808889533079
    },
    "NNG": {
      "질문": 0.047827322132604086,
      "선수": 0.017341296583529488,
      "사람": 0.01610644257703081,
      "인기": 0.014869821217931407,
      "하나님": 0.014037799041836286,
      "답": 0.013724650378806384,
      "전화": 0.01119200211324337,
      "교회": 0.010066287657456858,
      "기도": 0.00946094322441034,
      "돈": 0.009350696737459904,
      "목사": 0.00906554369272218,
      "대답": 0.008851172835409175,
      "집회": 0.008832695744719947,
      "특별": 0.008750700086187743,
      "원로": 0.008488441138421217,
      "생각": 0.008055955809764872,
      "딸": 0.008044017168000798,
      "인간": 0.007090012884353178,
      "마음": 0.006862104819720301,
      "은혜": 0.006783518751570719,
      "새벽": 0.006336765935006136,
      "나라": 0.005781727827318786,
      "인생": 0.005676378434645855,
      "앞": 0.005233733386519424,
      "말씀": 0.004992845627037954,
      "얘기": 0.004823966608753154,
      "지금": 0.004564066010556315
    },
    "VA": {
      "이렇": 0.011372973415849193,
      "어떻": 0.010264825313696614,
      "많": 0.009883031451455365,
      "없": 0.009114099403116494,
      "그렇": 0.00842267942510177,
      "같": 0.006448927615204592
    },
    "VV": {
      "있": 0.032913165266106444,
      "되": 0.018907563025210083,
      "뛰": 0.012065560193388714,
      "받": 0.009939931910473015,
      "믿": 0.008638162035297884,
      "던지": 0.008225164487325689,
      "보": 0.007703081232492998,
      "묻": 0.006624321411319551,
      "살": 0.0065309249055576285,
      "모르": 0.005197733512716686,
      "대하": 0.004989986714116288,
      "주": 0.004969965955236508,
      "드리": 0.004802202636989403,
      "그러": 0.004368982799844654,
      "나오": 0.004309171388828384,
      "듣": 0.003969521782793615,
      "알": 0.003549975682311791
    }
  }
}