{
  "scope": "sermon",
  "idf_scope": "church",
  "church": "X-PQ",
  "sermon": "X-PQ-0126",
  "document_unit": "sermon_json",
  "document_count": 870,
  "min_count": 5,
  "freq": {
    "MAG": {
      "안": 16,
      "다": 14,
      "막": 10,
      "잘": 10,
      "항상": 6,
      "더": 6
    },
    "NNB": {
      "거": 38,
      "번": 13,
      "명": 8,
      "수": 10,
      "때문": 9
    },
    "NNG": {
      "슬기": 13,
      "부지런": 10,
      "믿음": 36,
      "종말": 9,
      "신랑": 9,
      "기름": 12,
      "지혜": 13,
      "신앙": 15,
      "처녀": 6,
      "사람": 24,
      "자료": 5,
      "부활": 7,
      "교회": 16,
      "전도": 6,
      "준비": 10,
      "천국": 7,
      "끝": 9,
      "생각": 13,
      "오늘": 13,
      "선수": 5,
      "말": 12,
      "구원": 7,
      "삶": 9,
      "세상": 9,
      "중요": 8,
      "얘기": 7,
      "말씀": 9,
      "이야기": 7,
      "아들": 6,
      "축복": 5,
      "주": 5
    },
    "NNP": {
      "예수": 28
    },
    "VA": {
      "게으르": 5,
      "쉽": 9,
      "그렇": 12,
      "귀하": 6,
      "좋": 7,
      "이렇": 7,
      "어렵": 5,
      "많": 6,
      "어떻": 5,
      "없": 5
    },
    "VV": {
      "있": 44,
      "되": 26,
      "모르": 20,
      "채우": 9,
      "알": 19,
      "받": 12,
      "데리": 5,
      "나오": 11,
      "지키": 7,
      "떨어지": 5,
      "가지": 8,
      "보": 8,
      "만나": 6,
      "들어가": 5,
      "그러": 6,
      "살": 6,
      "믿": 6,
      "듣": 5
    }
  },
  "tfidf": {
    "MAG": {
      "안": 0.012996979000767083,
      "다": 0.011178150317062539,
      "막": 0.009788826618909443,
      "잘": 0.00800274899070231,
      "항상": 0.0065717448315891335,
      "더": 0.0049301766283406006
    },
    "NNB": {
      "거": 0.03069108569280957,
      "번": 0.010620866491343682,
      "명": 0.008369215913362593,
      "수": 0.007911392405063292,
      "때문": 0.007352907570930241
    },
    "NNG": {
      "슬기": 0.05205751035186218,
      "부지런": 0.038601821352502674,
      "믿음": 0.034503156855576284,
      "종말": 0.030644900843730206,
      "신랑": 0.02961116817869819,
      "기름": 0.02948926787411806,
      "지혜": 0.02166681919091395,
      "신앙": 0.020133672184558124,
      "처녀": 0.019027413897906367,
      "사람": 0.0189873417721519,
      "자료": 0.016345157504454578,
      "부활": 0.01554397264726912,
      "교회": 0.012996979000767083,
      "전도": 0.012849906378918684,
      "준비": 0.01247847695710151,
      "천국": 0.01208603894712482,
      "끝": 0.010820411876057893,
      "생각": 0.010755952506650969,
      "오늘": 0.010320295418115492,
      "선수": 0.009795637468860802,
      "말": 0.00955929560051225,
      "구원": 0.008884152577806628,
      "삶": 0.008194720680393631,
      "세상": 0.008025630205195585,
      "중요": 0.007748685547582804,
      "얘기": 0.007629805414730463,
      "말씀": 0.0072522662747165215,
      "이야기": 0.007201536092086323,
      "아들": 0.006843537309129626,
      "축복": 0.0044897492839826615,
      "주": 0.004108480523617167
    },
    "NNP": {
      "예수": 0.023705669167201814
    },
    "VA": {
      "게으르": 0.0181629277947174,
      "쉽": 0.010354870077509107,
      "그렇": 0.009515495426459913,
      "귀하": 0.006187486958614953,
      "좋": 0.005745268111310978,
      "이렇": 0.005621254067683374,
      "어렵": 0.004917512331019433,
      "많": 0.004785138645799591,
      "어떻": 0.004141662112330122,
      "없": 0.003960240368686208
    },
    "VV": {
      "있": 0.03481012658227848,
      "되": 0.020569620253164556,
      "모르": 0.016777494249908292,
      "채우": 0.01603615642681183,
      "알": 0.015240180413367645,
      "받": 0.009625377103179565,
      "데리": 0.009021773143575223,
      "나오": 0.008925166689836004,
      "지키": 0.008154848574707255,
      "떨어지": 0.007103767266547633,
      "가지": 0.006765258653827165,
      "보": 0.006329113924050633,
      "만나": 0.005501325627221885,
      "들어가": 0.004958263056999757,
      "그러": 0.004935844492229561,
      "살": 0.004918861163046568,
      "믿": 0.004879468111710989,
      "듣": 0.004484554672333292
    }
  }
}