{
  "scope": "sermon",
  "idf_scope": "church",
  "church": "X-PQ",
  "sermon": "X-PQ-0814",
  "document_unit": "sermon_json",
  "document_count": 870,
  "min_count": 5,
  "freq": {
    "MAG": {
      "잘": 22,
      "다": 14,
      "막": 9,
      "많이": 10,
      "너무너무": 5,
      "굉장히": 7,
      "가장": 8,
      "너무": 8,
      "안": 7,
      "절대로": 5,
      "이제": 6,
      "못": 5
    },
    "NNB": {
      "거": 34,
      "수": 22,
      "분": 11,
      "때문": 8,
      "명": 5,
      "중": 5
    },
    "NNG": {
      "방문": 58,
      "기쁨": 33,
      "하나님": 55,
      "복": 30,
      "축복": 32,
      "배필": 5,
      "소식": 10,
      "사람": 29,
      "은혜": 26,
      "복음": 16,
      "천사": 10,
      "여자": 14,
      "이야기": 19,
      "경건": 5,
      "오심": 6,
      "말": 22,
      "충만": 9,
      "탄생": 6,
      "유대인": 8,
      "막내": 5,
      "표현": 9,
      "남자": 8,
      "존재": 8,
      "아무것": 10,
      "감사": 11,
      "오늘": 15,
      "교회": 14,
      "얘기": 10,
      "생각": 13,
      "주": 13,
      "안": 11,
      "단어": 6,
      "속": 9,
      "친구": 7,
      "성경": 10,
      "선교사": 5,
      "선교": 5,
      "말씀": 10,
      "가운데": 8,
      "중요": 8,
      "힘": 7,
      "기도": 8,
      "영광": 5,
      "처음": 6,
      "목사": 8,
      "능력": 6,
      "곳": 6,
      "예배": 5
    },
    "NNP": {
      "엘리사벳": 17,
      "마리아": 19,
      "멘": 34,
      "예수": 30,
      "성령": 5,
      "아멘": 6
    },
    "VA": {
      "기쁘": 12,
      "크": 14,
      "놀랍": 9,
      "그렇": 14,
      "없": 13,
      "작": 6,
      "어떻": 11,
      "힘들": 7,
      "어리": 5,
      "좋": 8,
      "이렇": 8,
      "같": 7,
      "많": 5
    },
    "VV": {
      "있": 73,
      "되": 42,
      "돕": 13,
      "기뻐하": 17,
      "받": 17,
      "받아들이": 7,
      "입": 8,
      "드리": 10,
      "보": 11,
      "나오": 10,
      "섬기": 5,
      "믿": 8,
      "나누": 5,
      "얻": 5,
      "쓰": 6,
      "알": 7,
      "갖": 5,
      "그러": 6,
      "보이": 5,
      "모르": 5,
      "주": 5
    }
  },
  "tfidf": {
    "MAG": {
      "잘": 0.010663174122350256,
      "다": 0.006770091998450909,
      "막": 0.005335778227921122,
      "많이": 0.005016828854801411,
      "너무너무": 0.004742888849916745,
      "굉장히": 0.004729504914835111,
      "가장": 0.0045737322771606265,
      "너무": 0.004335694059170033,
      "안": 0.003443856917788307,
      "절대로": 0.003399032726731584,
      "이제": 0.003090790373736677,
      "못": 0.0027350277926999757
    },
    "NNB": {
      "거": 0.016631529754800194,
      "수": 0.010541447053186392,
      "분": 0.005474299300466995,
      "때문": 0.0039585051034044935,
      "명": 0.0031680309398928836,
      "중": 0.0030603788735793754
    },
    "NNG": {
      "방문": 0.10776888230331999,
      "기쁨": 0.02943528906399515,
      "하나님": 0.026414200688687633,
      "복": 0.020344110245162708,
      "축복": 0.017403102926548224,
      "배필": 0.01475851476861141,
      "소식": 0.01397993154256294,
      "사람": 0.013895543842836608,
      "은혜": 0.013408852909988694,
      "복음": 0.013185690630536042,
      "천사": 0.01309386379702383,
      "여자": 0.012804973908678925,
      "이야기": 0.011838735764771381,
      "경건": 0.011437253721366822,
      "오심": 0.011330140623948465,
      "말": 0.010614314488861389,
      "충만": 0.010325477777918082,
      "탄생": 0.010292248878273342,
      "유대인": 0.008904282147335671,
      "막내": 0.008688325947438836,
      "표현": 0.008318640572741705,
      "남자": 0.007744126462651653,
      "존재": 0.007707676868136932,
      "아무것": 0.007587126751087728,
      "감사": 0.007422968132282983,
      "오늘": 0.007212148506412214,
      "교회": 0.006887713835576614,
      "얘기": 0.006601460773645906,
      "생각": 0.006514386185149413,
      "주": 0.006469626446006448,
      "안": 0.005989247234927354,
      "단어": 0.005920119672671681,
      "속": 0.005729879696203277,
      "친구": 0.00565213126326848,
      "성경": 0.005611561802769464,
      "선교사": 0.005493958852230455,
      "선교": 0.005123215608603586,
      "말씀": 0.004880404925326989,
      "가운데": 0.004693022775344832,
      "중요": 0.004693022775344832,
      "힘": 0.004677680929166672,
      "기도": 0.004315677024263846,
      "영광": 0.00415467308176269,
      "처음": 0.004139686836597431,
      "목사": 0.004135312695482279,
      "능력": 0.0038337085054616434,
      "곳": 0.003499187608484655,
      "예배": 0.003038697427676362
    },
    "NNP": {
      "엘리사벳": 0.0417920167719373,
      "마리아": 0.03167439778551898,
      "멘": 0.022747941718910716,
      "예수": 0.01538296554898167,
      "성령": 0.005920758529718414,
      "아멘": 0.004413697894971149
    },
    "VA": {
      "기쁘": 0.011525352414380404,
      "크": 0.007195260282033663,
      "놀랍": 0.007084310078890686,
      "그렇": 0.006723614720756852,
      "없": 0.006236192595903379,
      "작": 0.005613409152532722,
      "어떻": 0.0055185117402815525,
      "힘들": 0.004408770433438746,
      "어리": 0.003988617020693621,
      "좋": 0.0039767370211223636,
      "이렇": 0.0038908974695334568,
      "같": 0.0034320119491873025,
      "많": 0.002415115496043237
    },
    "VV": {
      "있": 0.03497843794920939,
      "되": 0.020124580737901295,
      "돕": 0.014577792296442167,
      "기뻐하": 0.014545757946722715,
      "받": 0.008258668870512796,
      "받아들이": 0.00792395373155088,
      "입": 0.0066109694789324045,
      "드리": 0.005476397832311826,
      "보": 0.005270723526593196,
      "나오": 0.004914148493249427,
      "섬기": 0.0040868633640749755,
      "믿": 0.0039403594909456574,
      "나누": 0.003626957199566689,
      "얻": 0.003613201467492718,
      "쓰": 0.003438318571802177,
      "알": 0.003400628358446446,
      "갖": 0.003010090718591748,
      "그러": 0.0029894142013311763,
      "보이": 0.002802519112696852,
      "모르": 0.0025403393306042263,
      "주": 0.0024290202560331756
    }
  }
}