{
  "scope": "sermon",
  "idf_scope": "church",
  "church": "X-PQ",
  "sermon": "X-PQ-0512",
  "document_unit": "sermon_json",
  "document_count": 870,
  "min_count": 5,
  "freq": {
    "MAG": {
      "굉장히": 11,
      "안": 15,
      "막": 11,
      "다": 13,
      "더": 7,
      "잘": 7
    },
    "NNB": {
      "번": 24,
      "거": 20,
      "수": 14,
      "때문": 6
    },
    "NNG": {
      "믿음": 35,
      "사람": 42,
      "핸드폰": 11,
      "골": 9,
      "공격수": 5,
      "측정": 5,
      "인내": 8,
      "말": 15,
      "선수": 6,
      "눈물": 7,
      "강": 5,
      "반복": 5,
      "말씀": 11,
      "앞": 8,
      "얘기": 6,
      "하나님": 7,
      "생각": 6,
      "중요": 5,
      "오늘": 6,
      "축복": 5
    },
    "NNP": {
      "삼성": 6,
      "손흥민": 5
    },
    "VA": {
      "강": 16,
      "강하": 21,
      "약하": 15,
      "없": 11,
      "좋": 7,
      "많": 7,
      "그렇": 6,
      "이렇": 5
    },
    "VV": {
      "견디": 19,
      "접": 9,
      "있": 32,
      "찍히": 5,
      "되": 21,
      "넘어가": 9,
      "찍": 7,
      "떨어지": 10,
      "도망치": 5,
      "넣": 7,
      "보이": 11,
      "보": 12,
      "쓰": 9,
      "갖": 7,
      "만들": 7,
      "만나": 7,
      "그러": 7,
      "위하": 6,
      "가지": 6,
      "받": 5
    }
  },
  "tfidf": {
    "MAG": {
      "굉장히": 0.012108313184997175,
      "안": 0.012022966522957841,
      "막": 0.01062481228019648,
      "다": 0.010241963087430113,
      "더": 0.005675540308035082,
      "잘": 0.005527581816528808
    },
    "NNB": {
      "번": 0.019347541336780277,
      "거": 0.015938835743338386,
      "수": 0.01092896174863388,
      "때문": 0.004836885334195069
    },
    "NNG": {
      "믿음": 0.033099567596727705,
      "사람": 0.03278688524590164,
      "핸드폰": 0.028982920409040366,
      "골": 0.025591388232838956,
      "공격수": 0.024044512351359886,
      "측정": 0.023332874737019702,
      "인내": 0.020926159994104014,
      "말": 0.011790544144269598,
      "선수": 0.011598768862426279,
      "눈물": 0.011004916739156233,
      "강": 0.010743021623878137,
      "반복": 0.010122920547535807,
      "말씀": 0.008746249482492717,
      "앞": 0.006667800848399454,
      "얘기": 0.0064530438569550385,
      "하나님": 0.005477042904847599,
      "생각": 0.004898405320989669,
      "중요": 0.004778658534418747,
      "오늘": 0.004700001228066289,
      "축복": 0.004430166350471572
    },
    "NNP": {
      "삼성": 0.018885116433579086,
      "손흥민": 0.015928034827238743
    },
    "VA": {
      "강": 0.04632879270952173,
      "강하": 0.046128113430348235,
      "약하": 0.0275071074658105,
      "없": 0.008596905868261208,
      "좋": 0.005669023335438779,
      "많": 0.005508574907368564,
      "그렇": 0.0046946082041550855,
      "이렇": 0.003961896476832711
    },
    "VV": {
      "견디": 0.043626258041728205,
      "접": 0.03002202165376597,
      "있": 0.02498048399687744,
      "찍히": 0.018261512581944524,
      "되": 0.01639344262295082,
      "넘어가": 0.015385799654798226,
      "찍": 0.014622359431943937,
      "떨어지": 0.014018988017043259,
      "도망치": 0.013688376658123292,
      "넣": 0.011588348298859545,
      "보이": 0.010044876076531092,
      "보": 0.00936768149882904,
      "쓰": 0.008402541989872532,
      "갖": 0.006865638611695059,
      "만들": 0.006682276317442508,
      "만나": 0.006333037880517725,
      "그러": 0.005682065062093047,
      "위하": 0.005052925992664822,
      "가지": 0.005006608277773734,
      "받": 0.003957349940937735
    }
  }
}