{
  "scope": "sermon",
  "idf_scope": "church",
  "church": "X-PQ",
  "sermon": "X-PQ-0563",
  "document_unit": "sermon_json",
  "document_count": 870,
  "min_count": 5,
  "freq": {
    "MAG": {
      "다": 24,
      "안": 19,
      "가장": 7,
      "너무": 6,
      "이제": 6,
      "잘": 5
    },
    "NNB": {
      "거": 27,
      "수": 8,
      "분": 5
    },
    "NNG": {
      "겸손": 31,
      "발": 21,
      "양": 12,
      "교회": 24,
      "교만": 9,
      "하나님": 18,
      "말": 17,
      "총장": 5,
      "이름": 10,
      "선생": 6,
      "말씀": 14,
      "날": 10,
      "나라": 9,
      "나이": 5,
      "교인": 6,
      "종": 5,
      "목사": 9,
      "곳": 7,
      "사람": 8,
      "주": 6,
      "오늘": 6
    },
    "NNP": {
      "예수": 21,
      "멘": 8
    },
    "VA": {
      "없": 20,
      "낮": 5,
      "작": 5,
      "많": 6,
      "좋": 5
    },
    "VV": {
      "되": 41,
      "씻": 12,
      "있": 23,
      "그러": 11,
      "믿": 10,
      "알": 10,
      "가지": 7,
      "받": 7,
      "위하": 6,
      "살": 6,
      "보": 6,
      "듣": 5
    }
  },
  "tfidf": {
    "MAG": {
      "다": 0.020320012465149157,
      "안": 0.01636616231556325,
      "가장": 0.007006884945159353,
      "너무": 0.005693326448083803,
      "이제": 0.005411476098983594,
      "잘": 0.004243068256815318
    },
    "NNB": {
      "거": 0.023124014759011942,
      "수": 0.006711409395973154,
      "분": 0.00435664377672156
    },
    "NNG": {
      "겸손": 0.06239020336448829,
      "발": 0.041152952549717715,
      "양": 0.02405783177830916,
      "교회": 0.020673047135448312,
      "교만": 0.019371407389246115,
      "하나님": 0.015135385342758384,
      "말": 0.014360328849539094,
      "총장": 0.01415768801250027,
      "이름": 0.012879456804816537,
      "선생": 0.012170052902901523,
      "말씀": 0.011962724086258722,
      "날": 0.01120046525222357,
      "나라": 0.010389648495064463,
      "나이": 0.008707675495175348,
      "교인": 0.00842525544171281,
      "종": 0.0081652520191673,
      "목사": 0.008145299744048201,
      "곳": 0.007147599520742775,
      "사람": 0.006711409395973154,
      "주": 0.005227972532065871,
      "오늘": 0.005050924138551104
    },
    "NNP": {
      "예수": 0.01885316641821084,
      "멘": 0.009371289847486511
    },
    "VA": {
      "없": 0.01679779807389049,
      "낮": 0.011517455771838199,
      "작": 0.008190146043998736,
      "많": 0.005074173866015674,
      "좋": 0.0043516412348376535
    },
    "VV": {
      "되": 0.034395973154362415,
      "씻": 0.03098953786533583,
      "있": 0.01929530201342282,
      "그러": 0.00959563504194069,
      "믿": 0.008623668474835975,
      "알": 0.008505646433458452,
      "가지": 0.006277161133500709,
      "받": 0.005953952503420917,
      "위하": 0.005430199829365467,
      "살": 0.005215973582290991,
      "보": 0.0050335570469798654,
      "듣": 0.004755433813615169
    }
  }
}