{
  "scope": "sermon",
  "idf_scope": "church",
  "church": "X-PQ",
  "sermon": "X-PQ-0334",
  "document_unit": "sermon_json",
  "document_count": 870,
  "min_count": 5,
  "freq": {
    "MAG": {
      "다": 31,
      "굉장히": 16,
      "안": 15,
      "자꾸": 9,
      "잘못": 7,
      "잘": 12,
      "많이": 10,
      "이제": 9,
      "더": 9,
      "너무": 8,
      "막": 7,
      "아주": 5
    },
    "NNB": {
      "거": 48,
      "수": 19,
      "분": 13,
      "때문": 9,
      "중": 6,
      "번": 7
    },
    "NNG": {
      "허물": 23,
      "해병대": 12,
      "과거": 15,
      "죄": 27,
      "사람": 45,
      "퇴학": 6,
      "삶": 32,
      "진노": 7,
      "말": 34,
      "풍조": 6,
      "본질": 9,
      "의인": 9,
      "현재": 7,
      "소주": 5,
      "하나님": 27,
      "공중": 7,
      "말씀": 24,
      "인정": 9,
      "얘기": 17,
      "교회": 21,
      "은혜": 20,
      "권세": 7,
      "세상": 18,
      "죄인": 8,
      "경계": 5,
      "옛날": 9,
      "원로": 8,
      "안": 14,
      "육체": 5,
      "회개": 6,
      "마을": 5,
      "목사": 14,
      "오늘": 15,
      "순간": 8,
      "구원": 9,
      "집사": 7,
      "애굽": 5,
      "자녀": 9,
      "술": 5,
      "대부분": 5,
      "사랑": 8,
      "성경": 8,
      "예배": 7,
      "앞": 8,
      "몸": 5,
      "생각": 8,
      "남": 5,
      "마음": 7,
      "설교": 5,
      "주": 6
    },
    "NNP": {
      "예수": 18,
      "그리스도": 11
    },
    "VA": {
      "없": 20,
      "늦": 6,
      "맛있": 5,
      "좋": 12,
      "그렇": 12,
      "많": 11,
      "깊": 5,
      "어떻": 9,
      "이렇": 8,
      "같": 6
    },
    "VV": {
      "따라가": 30,
      "있": 54,
      "되": 43,
      "덮": 9,
      "옮기": 7,
      "살": 18,
      "보": 18,
      "먹": 13,
      "보이": 13,
      "따르": 9,
      "웃": 5,
      "받": 12,
      "잡": 7,
      "앉": 6,
      "향하": 6,
      "나오": 9,
      "모르": 7,
      "원하": 5,
      "그러": 7,
      "드리": 6,
      "듣": 6,
      "갖": 5,
      "믿": 6,
      "쓰": 5,
      "주": 5
    }
  },
  "tfidf": {
    "MAG": {
      "다": 0.014054827429847854,
      "굉장히": 0.01013526043615544,
      "안": 0.006918876961324795,
      "자꾸": 0.006469129020327683,
      "잘못": 0.005475985712647184,
      "잘": 0.005453086104715752,
      "많이": 0.004703558769079311,
      "이제": 0.004346684305922133,
      "더": 0.00419928790985345,
      "너무": 0.004064956649365615,
      "막": 0.003890904668648282,
      "아주": 0.0028422142931623026
    },
    "NNB": {
      "거": 0.022013637290799432,
      "수": 0.008535489667565139,
      "분": 0.006065638092010539,
      "때문": 0.004175235925272159,
      "중": 0.003443132457768279,
      "번": 0.003247405719656124
    },
    "NNG": {
      "허물": 0.042164212948331996,
      "해병대": 0.026938292477696614,
      "과거": 0.021599014726311767,
      "죄": 0.02126868376602068,
      "사람": 0.02021563342318059,
      "퇴학": 0.019074109963052716,
      "삶": 0.01654487681344522,
      "진노": 0.016133913985022782,
      "말": 0.015379615443531537,
      "풍조": 0.015337467480249776,
      "본질": 0.013903943274526301,
      "의인": 0.01317567036523849,
      "현재": 0.012754936824365393,
      "소주": 0.012516660825508275,
      "하나님": 0.012157263698495952,
      "공중": 0.011888861416000719,
      "말씀": 0.010981568818498573,
      "인정": 0.010531762815076774,
      "얘기": 0.010521708301355936,
      "교회": 0.009686427745854712,
      "은혜": 0.009670425054650081,
      "권세": 0.009651451607107191,
      "세상": 0.009114462335460215,
      "죄인": 0.00900970992973088,
      "경계": 0.0078458577220046,
      "옛날": 0.007637906969481682,
      "원로": 0.0072605534265741236,
      "안": 0.007146688953283813,
      "육체": 0.007130552845278331,
      "회개": 0.006990545132826614,
      "마을": 0.0067940472787269834,
      "목사": 0.006784903770024777,
      "오늘": 0.006761794219623671,
      "순간": 0.006680486371291917,
      "구원": 0.006486081358306264,
      "집사": 0.006293462204587203,
      "애굽": 0.0062889233541700415,
      "자녀": 0.006089934154693582,
      "술": 0.005596422546320722,
      "대부분": 0.004678047215886529,
      "사랑": 0.004293139752930395,
      "성경": 0.00420892344380229,
      "예배": 0.003988529265132433,
      "앞": 0.0038371306769091197,
      "몸": 0.003759697696361811,
      "생각": 0.003758524837488928,
      "남": 0.0036607309627723445,
      "마음": 0.0034238594278688294,
      "설교": 0.0033451171111687065,
      "주": 0.002799525273235633
    },
    "NNP": {
      "예수": 0.008653436415289689,
      "그리스도": 0.007462113944592713
    },
    "VA": {
      "없": 0.008995047306413956,
      "늦": 0.006960259221055925,
      "맛있": 0.00633621313224244,
      "좋": 0.005592621403694322,
      "그렇": 0.005403228310442646,
      "많": 0.00498147407391416,
      "깊": 0.0047010066814560224,
      "어떻": 0.00423320289217138,
      "이렇": 0.003647934869234647,
      "같": 0.0027580319360623416
    },
    "VV": {
      "따라가": 0.0288198139492067,
      "있": 0.02425876010781671,
      "되": 0.01931716082659479,
      "덮": 0.011521540637564871,
      "옮기": 0.009030824455665382,
      "살": 0.008379299878828655,
      "보": 0.008086253369272238,
      "먹": 0.007200518836655693,
      "보이": 0.006831549510025005,
      "따르": 0.005785907946021509,
      "웃": 0.0056310687060818,
      "받": 0.0054656229372951354,
      "잡": 0.004890043642862614,
      "앉": 0.004687214869518166,
      "향하": 0.004346800515544333,
      "나오": 0.004146561147740521,
      "모르": 0.003334395083629573,
      "원하": 0.003286987174089145,
      "그러": 0.0032698676300724136,
      "드리": 0.003080658295427165,
      "듣": 0.003055782806376971,
      "갖": 0.0028221290789312574,
      "믿": 0.002770731218869133,
      "쓰": 0.002686347281877487,
      "주": 0.0022773428905396398
    }
  }
}