{
  "scope": "sermon",
  "idf_scope": "church",
  "church": "X-PQ",
  "sermon": "X-PQ-0489",
  "document_unit": "sermon_json",
  "document_count": 870,
  "min_count": 5,
  "freq": {
    "MAG": {
      "잘": 39,
      "다": 38,
      "안": 25,
      "귀히": 5,
      "못": 16,
      "그냥": 9,
      "아무리": 6,
      "꼭": 6,
      "지금": 7,
      "많이": 6,
      "너무": 5
    },
    "NNB": {
      "거": 61,
      "수": 12,
      "개": 6,
      "때문": 5
    },
    "NNG": {
      "야구": 16,
      "교회": 43,
      "인본주의": 6,
      "문제": 22,
      "하나님": 29,
      "돼지": 7,
      "지식": 10,
      "인간": 15,
      "기도": 22,
      "머리": 11,
      "단순": 7,
      "윤리": 5,
      "공": 6,
      "개": 6,
      "도덕": 5,
      "돈": 11,
      "해결": 7,
      "새벽": 10,
      "물질": 6,
      "최고": 7,
      "복": 10,
      "바람": 5,
      "중심": 6,
      "애": 6,
      "건강": 6,
      "예배": 8,
      "집사": 5,
      "관계": 5,
      "자녀": 6,
      "부모": 5,
      "생활": 5,
      "말": 8,
      "집": 6,
      "설교": 5,
      "생각": 7,
      "길": 5,
      "성경": 5,
      "사람": 5
    },
    "NNP": {
      "멘": 8,
      "아멘": 6
    },
    "VA": {
      "아깝": 7,
      "없": 21,
      "좋": 12,
      "이렇": 10,
      "크": 6,
      "어떻": 5,
      "그렇": 5
    },
    "VV": {
      "되": 61,
      "피우": 7,
      "있": 23,
      "치": 15,
      "돌": 7,
      "다니": 15,
      "기르": 7,
      "태어나": 7,
      "나가": 11,
      "나오": 13,
      "버리": 7,
      "그러": 10,
      "보": 9,
      "가지": 8,
      "모르": 7,
      "받": 7,
      "듣": 6,
      "알": 6,
      "주": 5
    }
  },
  "tfidf": {
    "MAG": {
      "잘": 0.023665477759187824,
      "다": 0.02300578095934304,
      "안": 0.015398340447819429,
      "귀히": 0.011953966235555615,
      "못": 0.01095717433159419,
      "그냥": 0.006192052115251329,
      "아무리": 0.005497607839462524,
      "꼭": 0.005087705996964408,
      "지금": 0.0046949554426151344,
      "많이": 0.0037684901571579652,
      "너무": 0.0033925440542470976
    },
    "NNB": {
      "거": 0.03735682554949625,
      "수": 0.007198560287942412,
      "개": 0.006198931485805249,
      "때문": 0.0030974055754368545
    },
    "NNG": {
      "야구": 0.038473347197686296,
      "교회": 0.02648514557024942,
      "인본주의": 0.02297545632537233,
      "문제": 0.017854836997890755,
      "하나님": 0.017436512715072714,
      "돼지": 0.017351164199089875,
      "지식": 0.01576471757858334,
      "인간": 0.015183770844115685,
      "기도": 0.014858277961311502,
      "머리": 0.012748066482634789,
      "단순": 0.012487678475579083,
      "윤리": 0.011886561149016745,
      "공": 0.011425994457293028,
      "개": 0.011214211013899146,
      "도덕": 0.010830110658346824,
      "돈": 0.009790091605146982,
      "해결": 0.009055547146521311,
      "새벽": 0.00904709233672142,
      "물질": 0.008877038040048328,
      "최고": 0.008564364341423212,
      "복": 0.008489933629604993,
      "바람": 0.008295427927135704,
      "중심": 0.008284037801022333,
      "애": 0.006276338343229233,
      "건강": 0.006131495693156887,
      "예배": 0.006086873695559033,
      "집사": 0.006002762390698052,
      "관계": 0.005632866721735848,
      "자녀": 0.005421393092720621,
      "부모": 0.0052962054881402635,
      "생활": 0.005223045760713272,
      "말": 0.004832213412936406,
      "집": 0.004506193295525715,
      "설교": 0.004466845044667991,
      "생각": 0.004391521746982039,
      "길": 0.003790815587055413,
      "성경": 0.003512696305452871,
      "사람": 0.002999400119976005
    },
    "NNP": {
      "멘": 0.00670100629766282,
      "아멘": 0.005525727358611151
    },
    "VA": {
      "아깝": 0.015032939798309863,
      "없": 0.012611952051158571,
      "좋": 0.007468011544465243,
      "이렇": 0.006089009462294784,
      "크": 0.0038606157019292803,
      "어떻": 0.003140408464298304,
      "그렇": 0.003006295295702192
    },
    "VV": {
      "되": 0.03659268146370726,
      "피우": 0.015032939798309863,
      "있": 0.013797240551889621,
      "치": 0.013250143883490407,
      "돌": 0.012027936646009907,
      "다니": 0.011785280646145481,
      "기르": 0.009939263446227694,
      "태어나": 0.009211667736018782,
      "나가": 0.00851976945475901,
      "나오": 0.007997946176985614,
      "버리": 0.007693305580318258,
      "그러": 0.006237659906196926,
      "보": 0.005398920215956809,
      "가지": 0.005129746213819758,
      "모르": 0.004452527568182021,
      "받": 0.004257415347377164,
      "듣": 0.00408048741871334,
      "알": 0.003649213154894712,
      "주": 0.0030410109624122604
    }
  }
}