{
  "scope": "sermon",
  "idf_scope": "church",
  "church": "X-PQ",
  "sermon": "X-PQ-0119",
  "document_unit": "sermon_json",
  "document_count": 870,
  "min_count": 5,
  "freq": {
    "MAG": {
      "열심히": 16,
      "먼저": 10,
      "잘": 14,
      "아무리": 8,
      "전혀": 7,
      "굉장히": 8,
      "많이": 10,
      "막": 7,
      "다시": 7,
      "가장": 7,
      "이제": 6,
      "안": 6,
      "다": 6
    },
    "NNB": {
      "거": 17,
      "분": 11,
      "번": 8,
      "수": 7
    },
    "NNG": {
      "학계": 8,
      "삶": 41,
      "게으름": 8,
      "하나님": 43,
      "말씀": 34,
      "텔레비전": 8,
      "성실": 8,
      "열매": 13,
      "취미": 7,
      "사람": 27,
      "황폐": 6,
      "재건": 5,
      "질문": 11,
      "수고": 10,
      "집": 19,
      "성벽": 5,
      "성전": 9,
      "농사": 6,
      "경고": 5,
      "기쁨": 9,
      "올해": 5,
      "메시지": 5,
      "남편": 6,
      "관심": 5,
      "기도": 11,
      "물질": 5,
      "말": 12,
      "오늘": 11,
      "얘기": 8,
      "본문": 5,
      "생각": 7,
      "문제": 5,
      "정도": 5,
      "안": 5
    },
    "NNP": {
      "느헤미야": 6
    },
    "VA": {
      "없": 22,
      "이렇": 10,
      "많": 9,
      "좋": 8,
      "귀하": 5,
      "같": 6
    },
    "VV": {
      "되": 41,
      "있": 41,
      "뿌리": 9,
      "거두": 7,
      "돌보": 8,
      "짓": 9,
      "던지": 5,
      "맺": 6,
      "드리": 9,
      "보": 10,
      "위하": 9,
      "살아가": 7,
      "두": 5,
      "알": 9,
      "나오": 8,
      "주": 8,
      "갖": 6,
      "받": 7,
      "대하": 5
    }
  },
  "tfidf": {
    "MAG": {
      "열심히": 0.017524570099440646,
      "먼저": 0.01030249111007467,
      "잘": 0.009142456174271665,
      "아무리": 0.007888540794821626,
      "전혀": 0.007473369244406896,
      "굉장히": 0.0072824692481865735,
      "많이": 0.006759278127805388,
      "막": 0.005591448542550727,
      "다시": 0.0055391290632756445,
      "가장": 0.005391999260574532,
      "이제": 0.004164286320199126,
      "안": 0.003977125917600773,
      "다": 0.003909208337388283
    },
    "NNB": {
      "거": 0.011204003421003228,
      "분": 0.007375637598498785,
      "번": 0.005333376469209282,
      "수": 0.004519044544867657
    },
    "NNG": {
      "학계": 0.032967579680994764,
      "삶": 0.03046289394883577,
      "게으름": 0.028779431372582483,
      "하나님": 0.027823660825207076,
      "말씀": 0.02235660249782779,
      "텔레비전": 0.02206912545067023,
      "성실": 0.020702088372673677,
      "열매": 0.02001737242274008,
      "취미": 0.018917276480810038,
      "사람": 0.017430600387346677,
      "황폐": 0.01705234143395492,
      "재건": 0.016560957544342298,
      "질문": 0.01616680817858715,
      "수고": 0.016084747047269112,
      "집": 0.015356645174218418,
      "성벽": 0.013603272806207517,
      "성전": 0.013016085218895879,
      "농사": 0.012841683720848271,
      "경고": 0.011810097200384737,
      "기쁨": 0.010816030566915524,
      "올해": 0.009653061600196815,
      "메시지": 0.008717681648264272,
      "남편": 0.008227999015658871,
      "관심": 0.008009602795861742,
      "기도": 0.00799507726323637,
      "물질": 0.007961062197525588,
      "말": 0.007800483950321164,
      "오늘": 0.007125857252494305,
      "얘기": 0.007115428604053715,
      "본문": 0.0059826982383636785,
      "생각": 0.004726059878772795,
      "문제": 0.004367042267076103,
      "정도": 0.004294033588613313,
      "안": 0.003667926221988787
    },
    "NNP": {
      "느헤미야": 0.017475321260804474
    },
    "VA": {
      "없": 0.014219027007414599,
      "이렇": 0.006552859117911818,
      "많": 0.005857083842760507,
      "좋": 0.005357940712125482,
      "귀하": 0.0042075443919137616,
      "같": 0.003963446797724191
    },
    "VV": {
      "되": 0.02646868947708199,
      "있": 0.02646868947708199,
      "뿌리": 0.017375510880354265,
      "거두": 0.014438035499318169,
      "돌보": 0.013083021376488334,
      "짓": 0.009357597995639205,
      "던지": 0.007582656480246019,
      "맺": 0.00678262916342002,
      "드리": 0.0066406184947910285,
      "보": 0.006455777921239509,
      "위하": 0.006268042152940901,
      "살아가": 0.006026107978942237,
      "두": 0.005896845066900586,
      "알": 0.0058908053543022774,
      "나오": 0.005296747788463036,
      "주": 0.005236271426046469,
      "갖": 0.00486666959047203,
      "받": 0.004581737497790661,
      "대하": 0.00383349528069618
    }
  }
}