{
  "scope": "sermon",
  "idf_scope": "church",
  "church": "X-PQ",
  "sermon": "X-PQ-0027",
  "document_unit": "sermon_json",
  "document_count": 870,
  "min_count": 5,
  "freq": {
    "MAG": {
      "열심히": 7,
      "잘": 9,
      "안": 5
    },
    "NNB": {
      "거": 20,
      "명": 9,
      "수": 9,
      "줄": 7,
      "때문": 7,
      "분": 5
    },
    "NNG": {
      "승천": 7,
      "하나님": 27,
      "약속": 10,
      "아들": 16,
      "수련회": 6,
      "말씀": 21,
      "뼈": 5,
      "시험": 9,
      "고난": 8,
      "사람": 17,
      "사도": 6,
      "마지막": 10,
      "가운데": 11,
      "제자": 6,
      "교회": 12,
      "이해": 6,
      "사랑": 9,
      "친구": 6,
      "감사": 7,
      "곳": 8,
      "주": 9,
      "마음": 8,
      "목사": 8,
      "복음": 5,
      "전": 7,
      "기도": 7,
      "돈": 5,
      "오늘": 7,
      "은혜": 6,
      "생각": 6,
      "믿음": 5,
      "삶": 5,
      "말": 5
    },
    "NNP": {
      "예루살렘": 23,
      "예수": 30,
      "데오빌로": 5
    },
    "VA": {
      "어떻": 10,
      "같": 10,
      "이렇": 9,
      "힘들": 5,
      "좋": 6,
      "많": 5,
      "그렇": 5
    },
    "VV": {
      "있": 56,
      "보": 21,
      "되": 20,
      "기다리": 8,
      "받": 14,
      "깨닫": 7,
      "떠나": 7,
      "그러": 9,
      "모이": 5,
      "통하": 7,
      "믿": 8,
      "쓰": 6,
      "맞": 5,
      "나오": 6,
      "주": 6
    }
  },
  "tfidf": {
    "MAG": {
      "열심히": 0.009024454482723925,
      "잘": 0.006917877850929292,
      "안": 0.003901068925002278
    },
    "NNB": {
      "거": 0.015514930537398535,
      "명": 0.009043332088755022,
      "수": 0.006838905775075988,
      "줄": 0.005878898704798378,
      "때문": 0.005492952227928975,
      "분": 0.00394613934791193
    },
    "NNG": {
      "승천": 0.020962769044486212,
      "하나님": 0.020563882213413365,
      "약속": 0.018089439567142873,
      "아들": 0.017528330615480946,
      "수련회": 0.016534227585688312,
      "말씀": 0.016253305977378868,
      "뼈": 0.0148117057976619,
      "시험": 0.013948236888229751,
      "고난": 0.012956153845098827,
      "사람": 0.012917933130699088,
      "사도": 0.010895492203550348,
      "마지막": 0.010887661441535424,
      "가운데": 0.010233446414664827,
      "제자": 0.009798971631316197,
      "교회": 0.009362565420005466,
      "이해": 0.008341051933732848,
      "사랑": 0.008169525247930047,
      "친구": 0.007683020807495431,
      "감사": 0.007491167549359083,
      "곳": 0.007398991427464514,
      "주": 0.007103050826241473,
      "마음": 0.0066187677693756095,
      "목사": 0.006558052884096896,
      "복음": 0.006534606845062861,
      "전": 0.006086434089598652,
      "기도": 0.005988575764387397,
      "돈": 0.005636944841731147,
      "오늘": 0.005337501394639109,
      "은혜": 0.0049072263309234984,
      "생각": 0.004768128583729304,
      "믿음": 0.004602751421125509,
      "삶": 0.004372731737596061,
      "말": 0.0038256552808534332
    },
    "NNP": {
      "예루살렘": 0.03964500503425443,
      "예수": 0.024395326064380503,
      "데오빌로": 0.023405030639887546
    },
    "VA": {
      "어떻": 0.00795601962003841,
      "같": 0.007775302798473622,
      "이렇": 0.006941748401429229,
      "힘들": 0.004994085917600231,
      "좋": 0.004729929804188282,
      "많": 0.0038300501825548907,
      "그렇": 0.00380812633581729
    },
    "VV": {
      "있": 0.0425531914893617,
      "보": 0.015957446808510637,
      "되": 0.015197568389057751,
      "기다리": 0.012398432789537556,
      "받": 0.010785883562428164,
      "깨닫": 0.009787515071609618,
      "떠나": 0.00880829679266102,
      "그러": 0.007111216684853532,
      "모이": 0.006446038916231375,
      "통하": 0.006443851989575713,
      "믿": 0.00624888317447081,
      "쓰": 0.005452713418959835,
      "맞": 0.005377173009328086,
      "나오": 0.00467590937936697,
      "주": 0.004622521526754928
    }
  }
}