{
  "scope": "sermon",
  "idf_scope": "church",
  "church": "X-PQ",
  "sermon": "X-PQ-0856",
  "document_unit": "sermon_json",
  "document_count": 870,
  "min_count": 5,
  "freq": {
    "MAG": {
      "다": 26,
      "막": 19,
      "안": 16,
      "이제": 15,
      "그냥": 14,
      "특별히": 9,
      "잘": 11,
      "지금": 9,
      "아주": 6,
      "정말": 6,
      "많이": 6,
      "더": 5
    },
    "NNB": {
      "거": 38,
      "수": 28,
      "번": 15,
      "때문": 8,
      "적": 5,
      "분": 7
    },
    "NNG": {
      "천사": 35,
      "하나님": 68,
      "생각": 51,
      "마음": 46,
      "목자": 16,
      "말씀": 46,
      "믿음": 33,
      "저장": 7,
      "사람": 38,
      "반응": 11,
      "의미": 17,
      "이해": 17,
      "부여": 6,
      "조명": 6,
      "오늘": 22,
      "상황": 12,
      "얘기": 16,
      "소녀": 5,
      "혼란": 5,
      "말": 20,
      "역할": 8,
      "복음": 10,
      "사건": 8,
      "목적": 7,
      "삶": 14,
      "유학": 5,
      "가운데": 13,
      "이야기": 11,
      "박사": 5,
      "속": 10,
      "은혜": 12,
      "축복": 11,
      "주": 12,
      "순간": 6,
      "중요": 9,
      "청년": 5,
      "신앙": 6,
      "목사": 9,
      "공부": 5,
      "땅": 6,
      "설교": 5,
      "기억": 5,
      "안": 6,
      "세상": 6,
      "전": 5
    },
    "NNP": {
      "마리아": 34,
      "예수": 16,
      "멘": 11,
      "그리스도": 5
    },
    "VA": {
      "그렇": 20,
      "이렇": 19,
      "없": 18,
      "예쁘": 7,
      "좋": 17,
      "힘들": 12,
      "어떻": 14,
      "같": 14,
      "나쁘": 7,
      "어리": 6,
      "수많": 6,
      "많": 7,
      "귀하": 5,
      "어렵": 5
    },
    "VV": {
      "있": 71,
      "되": 63,
      "새기": 17,
      "두": 16,
      "보": 25,
      "통하": 19,
      "낳": 9,
      "전하": 13,
      "보이": 16,
      "비추": 6,
      "행하": 8,
      "만나": 13,
      "듣": 12,
      "미치": 5,
      "알": 13,
      "버리": 7,
      "받아들이": 5,
      "쓰": 9,
      "보내": 7,
      "받": 10,
      "읽": 7,
      "모르": 9,
      "깨닫": 5,
      "죽": 6,
      "위하": 7,
      "원하": 5,
      "나오": 7,
      "주": 7,
      "나가": 5,
      "가지": 6
    }
  },
  "tfidf": {
    "MAG": {
      "다": 0.010856396123291662,
      "막": 0.009726456767882878,
      "안": 0.0067969306814106715,
      "이제": 0.0066719895634965295,
      "그냥": 0.006643226785534663,
      "특별히": 0.005820270770024071,
      "잘": 0.004603650060683695,
      "지금": 0.004163273036559776,
      "아주": 0.0031411348034319996,
      "정말": 0.0030606960180253155,
      "많이": 0.0025991200215069623,
      "더": 0.0021485806296450555
    },
    "NNB": {
      "거": 0.016050282298597972,
      "수": 0.011584609019445594,
      "번": 0.0064088230379642985,
      "때문": 0.003418038953580959,
      "적": 0.0033360839703494983,
      "분": 0.0030080128815030776
    },
    "NNG": {
      "천사": 0.039571422468084635,
      "하나님": 0.02819872648238458,
      "생각": 0.022067143706080268,
      "마음": 0.02072164489485529,
      "목자": 0.020625116271046615,
      "말씀": 0.019384717982674455,
      "믿음": 0.016540197659630832,
      "저장": 0.016138569216637977,
      "사람": 0.015721969383533305,
      "반응": 0.014587601009197903,
      "의미": 0.01294203482369232,
      "이해": 0.01286760542418089,
      "부여": 0.011296895702071085,
      "조명": 0.011199533567640103,
      "오늘": 0.009133597752679917,
      "상황": 0.009122367179500995,
      "얘기": 0.009120230788315436,
      "소녀": 0.00871802630401963,
      "혼란": 0.008340861312720594,
      "말": 0.008331919486310497,
      "역할": 0.008229832844400544,
      "복음": 0.007115881347209536,
      "사건": 0.007066122875244528,
      "목적": 0.006690275233329916,
      "삶": 0.006666380598549427,
      "유학": 0.006630727731453592,
      "가운데": 0.006584940055744757,
      "이야기": 0.005918207803319832,
      "박사": 0.005497836550467438,
      "속": 0.005497291833759131,
      "은혜": 0.005343740050885664,
      "축복": 0.005165533640421591,
      "주": 0.0051565935111481335,
      "순간": 0.00461442780176742,
      "중요": 0.00455880465397714,
      "청년": 0.004545899761428916,
      "신앙": 0.004211661008073061,
      "목사": 0.004017044805504947,
      "공부": 0.003709745692086407,
      "땅": 0.0032708142881636994,
      "설교": 0.0030807739716431693,
      "기억": 0.0030769036614739266,
      "안": 0.002820827993973007,
      "세상": 0.002798068288337394,
      "전": 0.0023670864891281477
    },
    "NNP": {
      "마리아": 0.04894174853700446,
      "예수": 0.007084098546567313,
      "멘": 0.00635479688044286,
      "그리스도": 0.0031238322564906495
    },
    "VA": {
      "그렇": 0.008293743083054288,
      "이렇": 0.007979197215525969,
      "없": 0.007455803795477749,
      "예쁘": 0.007305885532827521,
      "좋": 0.00729678593154739,
      "힘들": 0.006525991295882734,
      "어떻": 0.006064613383516245,
      "같": 0.00592685886467017,
      "나쁘": 0.00530605726205649,
      "어리": 0.004132847524462187,
      "수많": 0.0038952407186011073,
      "많": 0.002919521909945855,
      "귀하": 0.002696518933833023,
      "어렵": 0.0025716738048856278
    },
    "VV": {
      "있": 0.029375258585022754,
      "되": 0.026065370293752586,
      "새기": 0.0252872693497173,
      "두": 0.01209328987489153,
      "보": 0.01034340091021928,
      "통하": 0.009523144107060176,
      "낳": 0.008813686948623091,
      "전하": 0.008152904902193375,
      "보이": 0.007743625834602671,
      "비추": 0.007710888413919162,
      "행하": 0.006532343321761294,
      "만나": 0.006233470052855469,
      "듣": 0.005628607800575208,
      "미치": 0.005460784571637214,
      "알": 0.005453185648856937,
      "버리": 0.00530605726205649,
      "받아들이": 0.004887195294564303,
      "쓰": 0.004453312490288256,
      "보내": 0.004259350066187804,
      "받": 0.004194758191428413,
      "읽": 0.004009570974341515,
      "모르": 0.00394829901917577,
      "깨닫": 0.0038064808304977414,
      "죽": 0.003208944014802201,
      "위하": 0.003124368182059403,
      "원하": 0.0030272376704685296,
      "나오": 0.0029702439113728127,
      "주": 0.0029363307339998895,
      "나가": 0.0026709398730739215,
      "가지": 0.002653481673077432
    }
  }
}