{
  "scope": "sermon",
  "idf_scope": "church",
  "church": "X-PQ",
  "sermon": "X-PQ-0153",
  "document_unit": "sermon_json",
  "document_count": 870,
  "min_count": 5,
  "freq": {
    "MAG": {
      "다": 26,
      "안": 23,
      "그냥": 13,
      "많이": 10,
      "잘": 9,
      "아주": 5
    },
    "NNB": {
      "거": 53,
      "수": 11,
      "분": 5
    },
    "NNG": {
      "프로": 20,
      "물질": 15,
      "교회": 31,
      "마귀": 10,
      "말": 22,
      "감사": 15,
      "닭": 5,
      "코": 5,
      "돈": 11,
      "사랑": 12,
      "죄": 8,
      "발": 6,
      "집": 11,
      "의지": 6,
      "믿음": 11,
      "죄인": 5,
      "시험": 6,
      "사람": 12,
      "훈련": 5,
      "기적": 5,
      "천국": 5,
      "순간": 5,
      "애": 5,
      "은혜": 7,
      "기도": 6,
      "목사": 6,
      "앞": 6,
      "주": 6,
      "하나님": 6,
      "전": 5,
      "축복": 5
    },
    "NNP": {
      "예수": 23
    },
    "VA": {
      "차갑": 5,
      "없": 20,
      "많": 14,
      "어렵": 11,
      "이렇": 13,
      "그렇": 8,
      "어떻": 7,
      "같": 6,
      "좋": 5
    },
    "VV": {
      "되": 40,
      "있": 31,
      "다치": 9,
      "그러": 15,
      "지키": 7,
      "받": 10,
      "보": 10,
      "들어오": 6,
      "알": 9,
      "죽": 7,
      "다니": 6,
      "나가": 6,
      "믿": 7,
      "살": 5,
      "나오": 5
    }
  },
  "tfidf": {
    "MAG": {
      "다": 0.01798485910212197,
      "안": 0.016186093793278813,
      "그냥": 0.010219173055335585,
      "많이": 0.007176231542131971,
      "잘": 0.0062398404741761115,
      "아주": 0.004336373554886419
    },
    "NNB": {
      "거": 0.03708483122421087,
      "수": 0.0075394105551747775,
      "분": 0.0035593690074380395
    },
    "NNG": {
      "프로": 0.054324598863360975,
      "물질": 0.025356446903290888,
      "교회": 0.021816039460506226,
      "마귀": 0.01829866723117412,
      "말": 0.01518305300771331,
      "감사": 0.014479158662914746,
      "닭": 0.014160575110096357,
      "코": 0.011609374030769778,
      "돈": 0.01118580034666211,
      "사랑": 0.009825081312566543,
      "죄": 0.009614721410029607,
      "발": 0.009606250746942822,
      "집": 0.009439121140056551,
      "의지": 0.009413309335889698,
      "믿음": 0.00913357499276393,
      "죄인": 0.008591335805166612,
      "시험": 0.008387425060502787,
      "사람": 0.00822481151473612,
      "훈련": 0.007815984409512736,
      "기적": 0.007491931693183015,
      "천국": 0.007479072373037194,
      "순간": 0.006370271873927264,
      "애": 0.005975928728674394,
      "은혜": 0.005163967210471473,
      "기도": 0.004629961248957494,
      "목사": 0.004436462094999065,
      "앞": 0.00439074000349539,
      "주": 0.004271242808925647,
      "하나님": 0.004121859567870229,
      "전": 0.00392134889939872,
      "축복": 0.003889679982833505
    },
    "NNP": {
      "예수": 0.01686995040705207
    },
    "VA": {
      "차갑": 0.014970680586670141,
      "없": 0.013723766486687777,
      "많": 0.00967304243500909,
      "어렵": 0.00937259649766884,
      "이렇": 0.009044203156777949,
      "그렇": 0.005495812757160306,
      "어떻": 0.00502336207949238,
      "같": 0.004207936319173935,
      "좋": 0.003555281941005129
    },
    "VV": {
      "되": 0.027416038382453736,
      "있": 0.021247429746401644,
      "다치": 0.020450755397800516,
      "그러": 0.010690382861854293,
      "지키": 0.007064927072261804,
      "받": 0.006949095646800874,
      "보": 0.006854009595613434,
      "들어오": 0.006486413244870311,
      "알": 0.006254186082120786,
      "죽": 0.006201978956641357,
      "다니": 0.005386172128067037,
      "나가": 0.005309660046513778,
      "믿": 0.0049318635883503345,
      "살": 0.0035511997430265375,
      "나오": 0.003514677143732541
    }
  }
}