{
  "scope": "sermon",
  "idf_scope": "church",
  "church": "X-PQ",
  "sermon": "X-PQ-0483",
  "document_unit": "sermon_json",
  "document_count": 870,
  "min_count": 5,
  "freq": {
    "MAG": {
      "다": 32,
      "아무리": 7,
      "안": 8,
      "가장": 6,
      "잘": 7
    },
    "NNB": {
      "거": 12,
      "수": 7,
      "번": 5
    },
    "NNG": {
      "경배": 13,
      "동방": 9,
      "유황": 5,
      "모략": 5,
      "박사": 11,
      "주": 26,
      "그림": 8,
      "황금": 5,
      "하나님": 23,
      "이름": 15,
      "술": 9,
      "사장": 6,
      "천지": 5,
      "길": 11,
      "사람": 13,
      "교회": 12,
      "아무것": 6,
      "왕": 5,
      "땅": 6,
      "은혜": 7,
      "세상": 6,
      "앞": 5
    },
    "NNP": {
      "예수": 10,
      "멘": 7,
      "주님": 5
    },
    "VA": {
      "없": 18,
      "귀하": 9,
      "멀": 5,
      "좋": 6,
      "그렇": 6,
      "같": 5,
      "많": 5
    },
    "VV": {
      "높이": 8,
      "피하": 7,
      "붙이": 6,
      "되": 14,
      "있": 13,
      "드리": 11,
      "먹": 10,
      "주": 8,
      "맞": 5,
      "위하": 6,
      "죽": 5,
      "보": 6,
      "가지": 5,
      "그러": 5
    }
  },
  "tfidf": {
    "MAG": {
      "다": 0.03144622506778033,
      "아무리": 0.010410838344480393,
      "안": 0.007998140923548974,
      "가장": 0.006970822246178842,
      "잘": 0.0068946760535281435
    },
    "NNB": {
      "거": 0.011928519135666877,
      "수": 0.006815968841285297,
      "번": 0.005027629108328371
    },
    "NNG": {
      "경배": 0.04762416191924091,
      "동방": 0.03920569230538809,
      "유황": 0.03445226288360544,
      "모략": 0.029103614934880468,
      "박사": 0.02846562421952829,
      "주": 0.02629427535114987,
      "그림": 0.022912001866019098,
      "황금": 0.022777991837849013,
      "하나님": 0.022446809723956716,
      "이름": 0.022423046511209316,
      "술": 0.021834221868157616,
      "사장": 0.02009099495559594,
      "천지": 0.015406386518327224,
      "길": 0.013536939711749775,
      "사람": 0.012658227848101266,
      "교회": 0.011997211385323461,
      "아무것": 0.009250827767976682,
      "왕": 0.008881311432550769,
      "땅": 0.007697719702523525,
      "은혜": 0.0073361520546035815,
      "세상": 0.006585132476057916,
      "앞": 0.0051980604228333135
    },
    "NNP": {
      "예수": 0.010420074359209589,
      "멘": 0.009517288520865076,
      "주님": 0.00810539797681362
    },
    "VA": {
      "없": 0.017546911172025045,
      "귀하": 0.01142305284667376,
      "멀": 0.010754432063471157,
      "좋": 0.006060942183361032,
      "그렇": 0.0058556894932061,
      "같": 0.004981644830959731,
      "많": 0.004907834508512402
    },
    "VV": {
      "높이": 0.022370416178396038,
      "피하": 0.017449942325294617,
      "붙이": 0.014707119077736357,
      "되": 0.013631937682570594,
      "있": 0.012658227848101266,
      "드리": 0.01224164216517844,
      "먹": 0.012005359096993164,
      "주": 0.007897745315429387,
      "맞": 0.00689032101292674,
      "위하": 0.0063026272605682925,
      "죽": 0.006293425579176339,
      "보": 0.005842259006815969,
      "가지": 0.005204045118328589,
      "그러": 0.005062404607414935
    }
  }
}