{
  "scope": "sermon",
  "idf_scope": "church",
  "church": "X-PQ",
  "sermon": "X-PQ-0761",
  "document_unit": "sermon_json",
  "document_count": 870,
  "min_count": 5,
  "freq": {
    "MAG": {
      "결코": 13,
      "잘": 12,
      "간절히": 5,
      "다시": 6,
      "굉장히": 5,
      "이제": 5
    },
    "NNB": {
      "수": 34,
      "때문": 14,
      "장": 8,
      "절": 6,
      "번": 7,
      "중": 5
    },
    "NNG": {
      "복음": 51,
      "부활": 21,
      "인내": 16,
      "죽음": 20,
      "자유": 17,
      "감옥": 14,
      "무릎": 12,
      "말씀": 31,
      "말": 27,
      "신앙": 16,
      "열매": 11,
      "나무": 9,
      "죄": 12,
      "축원": 5,
      "사람": 17,
      "절": 10,
      "변화": 6,
      "인생": 8,
      "생활": 7,
      "사도": 5,
      "세상": 10,
      "믿음": 8,
      "도": 6,
      "생각": 9,
      "교회": 9,
      "생명": 5,
      "하나님": 9,
      "영광": 5,
      "모습": 5,
      "안": 5
    },
    "NNP": {
      "바울": 10,
      "예수": 14,
      "그리스도": 9,
      "그리스": 5
    },
    "VA": {
      "없": 19,
      "참되": 5,
      "멋지": 5,
      "많": 12,
      "좋": 8,
      "이렇": 7,
      "같": 5,
      "그렇": 5
    },
    "VV": {
      "있": 49,
      "꿇": 12,
      "되": 34,
      "가두": 6,
      "죽": 16,
      "거두": 5,
      "심": 5,
      "뿌리": 5,
      "살": 14,
      "믿": 12,
      "전하": 5,
      "나오": 7,
      "알": 7,
      "보": 7,
      "위하": 6,
      "가지": 6,
      "받": 6,
      "모르": 5
    }
  },
  "tfidf": {
    "MAG": {
      "결코": 0.024091969345019414,
      "잘": 0.008114017158487476,
      "간절히": 0.006972133053187906,
      "다시": 0.004916029938319695,
      "굉장히": 0.004712794479211649,
      "이제": 0.0035931815452252924
    },
    "NNB": {
      "수": 0.022727272727272728,
      "때문": 0.009664071032024773,
      "장": 0.00746696356831813,
      "절": 0.006149488181746519,
      "번": 0.004832035516012387,
      "중": 0.004269392185267485
    },
    "NNG": {
      "복음": 0.05863324505524585,
      "부활": 0.03940023013265007,
      "인내": 0.03583744779738936,
      "죽음": 0.03422668213918558,
      "자유": 0.027583042328269226,
      "감옥": 0.02569562859898875,
      "무릎": 0.024055807639466617,
      "말씀": 0.02110612015066044,
      "말": 0.01817288548653532,
      "신앙": 0.0181454271952096,
      "열매": 0.017537844956348633,
      "나무": 0.01415900679935344,
      "죄": 0.014065386233856815,
      "축원": 0.011364285175085165,
      "사람": 0.011363636363636364,
      "절": 0.009231822000714391,
      "변화": 0.00869327468973049,
      "인생": 0.008669377972913669,
      "생활": 0.008148091040342668,
      "사도": 0.007987114382727417,
      "세상": 0.007534459729179456,
      "믿음": 0.006478311091124246,
      "도": 0.006392144545775702,
      "생각": 0.006291634909279176,
      "교회": 0.006177040153439436,
      "생명": 0.006141032050148703,
      "하나님": 0.006029872770243313,
      "영광": 0.005795991124090062,
      "모습": 0.005210701536857787,
      "안": 0.003797872806056571
    },
    "NNP": {
      "바울": 0.013031811808156022,
      "예수": 0.01001469446101039,
      "그리스도": 0.009084588646449345,
      "그리스": 0.006295247143724422
    },
    "VA": {
      "없": 0.012715124691760423,
      "참되": 0.010051698001519874,
      "멋지": 0.008466577586973776,
      "많": 0.008086116642099845,
      "좋": 0.005547760804199446,
      "이렇": 0.004749508784459748,
      "같": 0.00341988585654789,
      "그렇": 0.0033499293168018406
    },
    "VV": {
      "있": 0.032754010695187165,
      "꿇": 0.026500538969502028,
      "되": 0.022727272727272728,
      "가두": 0.01765646850347338,
      "죽": 0.013825343464842994,
      "거두": 0.010678245315337969,
      "심": 0.010445357880050568,
      "뿌리": 0.009995048408225177,
      "살": 0.009697433950676477,
      "믿": 0.00824551830642071,
      "전하": 0.005066220472182586,
      "나오": 0.0047988499557407,
      "알": 0.004744058411816666,
      "보": 0.004679144385026738,
      "위하": 0.004326736762435586,
      "가지": 0.004287075671008124,
      "받": 0.004066335781557143,
      "모르": 0.003543909213215923
    }
  }
}