{
  "scope": "sermon",
  "idf_scope": "church",
  "church": "X-PQ",
  "sermon": "X-PQ-0006",
  "document_unit": "sermon_json",
  "document_count": 870,
  "min_count": 5,
  "freq": {
    "MAG": {
      "다": 20,
      "많이": 18,
      "뜻대로": 5,
      "너무나": 6,
      "더": 11,
      "안": 11,
      "가장": 9,
      "잘": 10,
      "너무": 8,
      "막": 7,
      "전혀": 5,
      "못": 7,
      "굉장히": 5,
      "지금": 6,
      "그냥": 5
    },
    "NNB": {
      "거": 45,
      "수": 37,
      "때문": 23,
      "분": 11,
      "개": 6,
      "줄": 8,
      "번": 5
    },
    "NNG": {
      "하나님": 141,
      "생각": 70,
      "강아지": 12,
      "빅데이터": 7,
      "데이터": 9,
      "말씀": 34,
      "조폭": 6,
      "예측": 6,
      "사탕": 5,
      "징벌": 5,
      "일관": 5,
      "사람": 23,
      "죄": 13,
      "기대": 8,
      "틀": 5,
      "말": 20,
      "곳": 14,
      "왕": 9,
      "개": 5,
      "복": 11,
      "메시지": 5,
      "이유": 8,
      "이해": 7,
      "고난": 6,
      "삶": 11,
      "길": 10,
      "뜻": 8,
      "친구": 6,
      "은혜": 9,
      "구원": 6,
      "안": 8,
      "마음": 8,
      "얘기": 6,
      "문제": 6,
      "모습": 5,
      "앞": 7,
      "돈": 5,
      "교회": 7,
      "사랑": 6,
      "오늘": 7,
      "나라": 5,
      "속": 5,
      "가운데": 5
    },
    "NNP": {
      "욥": 8,
      "메시아": 6,
      "이스라엘": 8
    },
    "VA": {
      "높": 31,
      "다르": 23,
      "없": 31,
      "그렇": 18,
      "어떻": 13,
      "괜찮": 7,
      "이렇": 12,
      "많": 12,
      "좋": 10,
      "같": 9
    },
    "VV": {
      "있": 64,
      "되": 54,
      "보": 28,
      "나오": 26,
      "알": 26,
      "벌하": 5,
      "받": 21,
      "짓": 13,
      "몰": 5,
      "갖": 12,
      "주": 12,
      "지나가": 6,
      "대하": 9,
      "죽": 8,
      "살": 9,
      "나누": 6,
      "맞": 6,
      "보이": 7,
      "먹": 6,
      "통하": 5,
      "모르": 5
    }
  },
  "tfidf": {
    "MAG": {
      "다": 0.0084702248071261,
      "많이": 0.007908610690703729,
      "뜻대로": 0.006639680635468761,
      "너무나": 0.005054781185242952,
      "더": 0.004794319194324222,
      "안": 0.0047395613729192595,
      "가장": 0.004506316269508395,
      "잘": 0.004244848814203827,
      "너무": 0.0037971437270196634,
      "막": 0.003634558872182575,
      "전혀": 0.0034698905819753856,
      "못": 0.00335342182321057,
      "굉장히": 0.0029585986323544386,
      "지금": 0.002815115660753946,
      "그냥": 0.002406432339283808
    },
    "NNB": {
      "거": 0.01927809874999457,
      "수": 0.015526647083508182,
      "때문": 0.009967069002754883,
      "분": 0.004794319194324222,
      "개": 0.004336390594560364,
      "줄": 0.003710391796901704,
      "번": 0.0021667541310336704
    },
    "NNG": {
      "하나님": 0.05930513557439472,
      "생각": 0.0307203808318047,
      "강아지": 0.02234546772980595,
      "빅데이터": 0.019595974744981433,
      "데이터": 0.017845604637919316,
      "말씀": 0.014532260708827212,
      "조폭": 0.014030425680695636,
      "예측": 0.011779940050761694,
      "사탕": 0.01092046290262477,
      "징벌": 0.01023766306956848,
      "일관": 0.009723348218471158,
      "사람": 0.009651699538396978,
      "죄": 0.009565800513220287,
      "기대": 0.009173946703949219,
      "틀": 0.008615359485360586,
      "말": 0.00845079706186004,
      "곳": 0.007150598933046906,
      "왕": 0.00688963168871731,
      "개": 0.006537309330035626,
      "복": 0.006532938017879427,
      "메시지": 0.005666675985380343,
      "이유": 0.005529665689762877,
      "이해": 0.005374022269796265,
      "고난": 0.005366229057957424,
      "삶": 0.005312602990637061,
      "길": 0.005303642118020455,
      "뜻": 0.005075868699856867,
      "친구": 0.004242910357811157,
      "은혜": 0.004064987317349134,
      "구원": 0.0040391711018575305,
      "안": 0.0038147664072920727,
      "마음": 0.0036551818650853132,
      "얘기": 0.0034688834161810335,
      "문제": 0.0034064029232232732,
      "모습": 0.0032711747793282625,
      "앞": 0.0031362867293116816,
      "돈": 0.0031129749944264332,
      "교회": 0.003016084510039529,
      "사랑": 0.003007720024136506,
      "오늘": 0.002947608827253491,
      "나라": 0.0028872245549766496,
      "속": 0.0027878628540066765,
      "가운데": 0.002568804692652293
    },
    "NNP": {
      "욥": 0.013379613404730983,
      "메시아": 0.00956613528317343,
      "이스라엘": 0.0054785226110491605
    },
    "VA": {
      "높": 0.0247580325293728,
      "다르": 0.015382634601416305,
      "없": 0.01302375649237099,
      "그렇": 0.007570868371199326,
      "어떻": 0.0057117743877304695,
      "괜찮": 0.005412929775986002,
      "이렇": 0.005111395102129453,
      "많": 0.005076303187822646,
      "좋": 0.004353467353694069,
      "같": 0.0038644853690777
    },
    "VV": {
      "있": 0.026856903063365505,
      "되": 0.022660511959714646,
      "보": 0.01174989509022241,
      "나오": 0.011189740895539254,
      "알": 0.01106198045596913,
      "벌하": 0.010124219466399628,
      "받": 0.008934676522128912,
      "짓": 0.008786028388035001,
      "몰": 0.007005508136821631,
      "갖": 0.006326874692103377,
      "주": 0.005105529441216521,
      "지나가": 0.004619591559965375,
      "대하": 0.004485334260023957,
      "죽": 0.004339637814394695,
      "살": 0.003913621806603564,
      "나누": 0.0038117295890032796,
      "맞": 0.0035634207370251417,
      "보이": 0.0034361730354501314,
      "먹": 0.0031043652016647864,
      "통하": 0.002541846777256051,
      "모르": 0.0022247957125350487
    }
  }
}