{
  "scope": "sermon",
  "idf_scope": "church",
  "church": "X-PQ",
  "sermon": "X-PQ-0517",
  "document_unit": "sermon_json",
  "document_count": 870,
  "min_count": 5,
  "freq": {
    "MAG": {
      "다": 17,
      "잘": 14,
      "굉장히": 7,
      "먼저": 5,
      "특별히": 5,
      "많이": 7,
      "더": 6,
      "막": 5,
      "그냥": 5
    },
    "NNB": {
      "때문": 20,
      "분": 16,
      "수": 16,
      "거": 12,
      "명": 7,
      "번": 7
    },
    "NNG": {
      "하나님": 114,
      "복": 75,
      "찬양": 30,
      "주": 51,
      "고백": 23,
      "문장": 8,
      "존재": 15,
      "말씀": 27,
      "사람": 26,
      "실제": 7,
      "삶": 20,
      "오늘": 21,
      "주님": 8,
      "예배": 15,
      "안": 15,
      "땅": 12,
      "영혼": 7,
      "표현": 8,
      "절": 11,
      "말": 14,
      "목사": 13,
      "생각": 13,
      "축복": 11,
      "능력": 9,
      "교회": 11,
      "기도": 10,
      "원래": 5,
      "하늘": 5,
      "은혜": 9,
      "성경": 7,
      "힘": 5,
      "정도": 5,
      "앞": 6,
      "마음": 5
    },
    "NNP": {
      "베라카": 6,
      "퀴리오스": 5,
      "그리스도": 20,
      "예수": 25,
      "멘": 9
    },
    "VA": {
      "길": 11,
      "이렇": 22,
      "아름답": 13,
      "없": 17,
      "많": 12,
      "다르": 7,
      "그렇": 11,
      "힘들": 7,
      "같": 7,
      "크": 6
    },
    "VV": {
      "있": 55,
      "되": 47,
      "부르": 16,
      "주": 21,
      "웃기": 5,
      "드리": 13,
      "살아가": 11,
      "받": 14,
      "택하": 5,
      "원하": 9,
      "누리": 7,
      "나오": 11,
      "모이": 6,
      "보": 10,
      "행하": 5,
      "치": 6,
      "위하": 8,
      "읽": 6,
      "모르": 5,
      "알": 5
    }
  },
  "tfidf": {
    "MAG": {
      "다": 0.008921926083241952,
      "잘": 0.007364360173659286,
      "굉장히": 0.005132853227904772,
      "먼저": 0.0041493912453212855,
      "특별히": 0.004064134295703525,
      "많이": 0.0038112767935410204,
      "더": 0.003240636119720499,
      "막": 0.0032171286651850066,
      "그냥": 0.0029820739805061437
    },
    "NNB": {
      "때문": 0.010740249806038974,
      "분": 0.008641696319254665,
      "수": 0.008320332813312533,
      "거": 0.006370561181658806,
      "명": 0.004813495995932932,
      "번": 0.0037590874321136404
    },
    "NNG": {
      "하나님": 0.05941865266819065,
      "복": 0.05519781341868769,
      "찬양": 0.028747518734510015,
      "주": 0.02754540701762424,
      "고백": 0.0224617517397893,
      "문장": 0.016580144952404546,
      "존재": 0.015684400959245105,
      "말씀": 0.014300880766367681,
      "사람": 0.013520540821632865,
      "실제": 0.01276585267741982,
      "삶": 0.011969869925483965,
      "오늘": 0.010958115187745816,
      "주님": 0.010583027782170781,
      "예배": 0.009893543730983726,
      "안": 0.008863678186990064,
      "땅": 0.008222109344245098,
      "영혼": 0.008040937296338443,
      "표현": 0.008024962327526176,
      "절": 0.007900096871750183,
      "말": 0.007330616005662365,
      "목사": 0.007292977687280922,
      "생각": 0.00706995526178202,
      "축복": 0.006492509000987512,
      "능력": 0.006240990367315484,
      "교회": 0.005873309803258759,
      "기도": 0.005854665853899275,
      "원래": 0.005123633183546482,
      "하늘": 0.005123633183546482,
      "은혜": 0.005037371179013514,
      "성경": 0.004263094455364488,
      "힘": 0.0036261496542496266,
      "정도": 0.0034588965308174832,
      "앞": 0.003331299877846997,
      "마음": 0.0028309602133704827
    },
    "NNP": {
      "베라카": 0.022079546946310633,
      "퀴리오스": 0.01839962245525886,
      "그리스도": 0.015705257543292564,
      "예수": 0.013912397772891636,
      "멘": 0.006535049238418832
    },
    "VA": {
      "길": 0.012570133848893458,
      "이렇": 0.011612497816963021,
      "아름답": 0.011611121426450918,
      "없": 0.008850509104766431,
      "많": 0.006290603482361605,
      "다르": 0.005801571995437957,
      "그렇": 0.005733378766228922,
      "힘들": 0.004784765415801698,
      "같": 0.0037247056359614667,
      "크": 0.0033466699818596518
    },
    "VV": {
      "있": 0.02860114404576183,
      "되": 0.024440977639105563,
      "부르": 0.011379925367657348,
      "주": 0.011071936636626728,
      "웃기": 0.008307152881822984,
      "드리": 0.007726476837673019,
      "살아가": 0.007627877115607813,
      "받": 0.007381291091084485,
      "택하": 0.006973597612116794,
      "원하": 0.006848830061955479,
      "누리": 0.006826143524760043,
      "나오": 0.005866568224624394,
      "모이": 0.005293595765217154,
      "보": 0.005200208008320333,
      "행하": 0.005131524248796492,
      "치": 0.0045944856690126904,
      "위하": 0.004487986269095952,
      "읽": 0.0043196492288760605,
      "모르": 0.0027569881346703176,
      "알": 0.0026361753896730305
    }
  }
}