{
  "scope": "sermon",
  "idf_scope": "church",
  "church": "X-PQ",
  "sermon": "X-PQ-0668",
  "document_unit": "sermon_json",
  "document_count": 870,
  "min_count": 5,
  "freq": {
    "MAG": {
      "너무": 11,
      "다": 11,
      "많이": 8,
      "계속": 5,
      "안": 6
    },
    "NNB": {
      "번": 18,
      "분": 10,
      "때문": 10,
      "수": 6
    },
    "NNG": {
      "인사": 19,
      "양계": 7,
      "시멘트": 7,
      "닭": 7,
      "설교": 14,
      "제자": 9,
      "사람": 17,
      "선교": 7,
      "성경": 12,
      "말씀": 13,
      "시작": 10,
      "복음": 7,
      "해": 6,
      "교회": 11,
      "교인": 6,
      "힘": 7,
      "기도": 8,
      "생각": 7,
      "자리": 5,
      "하나님": 7,
      "주": 6,
      "믿음": 5,
      "사랑": 5,
      "마음": 5,
      "목사": 5
    },
    "VA": {
      "없": 25,
      "외롭": 6,
      "좋": 9,
      "같": 8,
      "힘들": 6,
      "그렇": 6
    },
    "VV": {
      "되": 23,
      "있": 23,
      "읽": 15,
      "올라가": 7,
      "지키": 7,
      "앉": 5,
      "가르치": 5,
      "들어오": 5,
      "먹": 6,
      "듣": 6,
      "그러": 6,
      "받": 6,
      "가지": 5,
      "모르": 5
    }
  },
  "tfidf": {
    "MAG": {
      "너무": 0.010420281461093639,
      "다": 0.009297738813617944,
      "많이": 0.007015156998305224,
      "계속": 0.0058903428530654835,
      "안": 0.005159604728947736
    },
    "NNB": {
      "번": 0.015567965108301215,
      "분": 0.008698692431913064,
      "때문": 0.008648869504611785,
      "수": 0.005025125628140704
    },
    "NNG": {
      "인사": 0.04126997708651156,
      "양계": 0.03910988929421336,
      "시멘트": 0.03742331098000694,
      "닭": 0.024224782847473047,
      "설교": 0.017461847512975137,
      "제자": 0.016200309882929795,
      "사람": 0.01423785594639866,
      "선교": 0.012536860439881038,
      "성경": 0.011770180384301377,
      "말씀": 0.011089637020858169,
      "시작": 0.010622716133267282,
      "복음": 0.010083215788395154,
      "해": 0.010041210320213502,
      "교회": 0.009459275336404184,
      "교인": 0.008411142786031549,
      "힘": 0.00817614748674275,
      "기도": 0.00754339861778781,
      "생각": 0.006131211685275594,
      "자리": 0.00602236234069854,
      "하나님": 0.00587612392052745,
      "주": 0.005219215459147839,
      "믿음": 0.005073049305026105,
      "사랑": 0.005002370754827815,
      "마음": 0.004559410795905727,
      "목사": 0.0045175866810466475
    },
    "VA": {
      "없": 0.020962076323364182,
      "외롭": 0.016431318123227324,
      "좋": 0.007819833696371582,
      "같": 0.006855811378754631,
      "힘들": 0.006605243283981812,
      "그렇": 0.005036677646166386
    },
    "VV": {
      "되": 0.019262981574539362,
      "있": 0.019262981574539362,
      "읽": 0.01739255751073841,
      "올라가": 0.010603397370690623,
      "지키": 0.008632938524648217,
      "앉": 0.007282063302308373,
      "가르치": 0.006861036379268685,
      "들어오": 0.006605022978968303,
      "먹": 0.006195730549051245,
      "듣": 0.005696961915406313,
      "그러": 0.00522521560986446,
      "받": 0.005094839471699736,
      "가지": 0.004476176161242428,
      "모르": 0.004440274860109732
    }
  }
}