{
  "scope": "sermon",
  "idf_scope": "church",
  "church": "X-PQ",
  "sermon": "X-PQ-0809",
  "document_unit": "sermon_json",
  "document_count": 870,
  "min_count": 5,
  "freq": {
    "MAG": {
      "다": 20,
      "더": 11,
      "다시": 8,
      "꼭": 5,
      "가장": 5
    },
    "NNB": {
      "분": 16,
      "때문": 14,
      "수": 13,
      "번": 8
    },
    "NNG": {
      "주": 37,
      "대제사장": 8,
      "오늘": 34,
      "하나님": 27,
      "가운데": 21,
      "말씀": 23,
      "책망": 5,
      "사정": 5,
      "사람": 20,
      "승천": 5,
      "삶": 16,
      "은혜": 17,
      "사랑": 15,
      "부활": 5,
      "능력": 10,
      "이해": 7,
      "복음": 7,
      "광야": 5,
      "앞": 11,
      "복": 8,
      "모습": 7,
      "소망": 6,
      "필요": 7,
      "이야기": 8,
      "인생": 6,
      "믿음": 8,
      "길": 7,
      "생각": 7,
      "속": 5,
      "중요": 5,
      "말": 6,
      "기도": 5
    },
    "NNP": {
      "예수": 25,
      "누가": 5
    },
    "VA": {
      "없": 22,
      "그렇": 18,
      "이렇": 14,
      "크": 8,
      "어떻": 7,
      "귀하": 5
    },
    "VV": {
      "깨어지": 10,
      "있": 36,
      "되": 27,
      "들여다보": 5,
      "살아가": 12,
      "찾아가": 6,
      "위하": 13,
      "받": 12,
      "보": 11,
      "나아가": 5,
      "알": 9,
      "들어가": 7,
      "모르": 6,
      "믿": 6
    }
  },
  "tfidf": {
    "MAG": {
      "다": 0.014174540530464535,
      "더": 0.008023077696681613,
      "다시": 0.006886124333077025,
      "꼭": 0.004963252514594843,
      "가장": 0.004189509858863337
    },
    "NNB": {
      "분": 0.011669931195173256,
      "때문": 0.01015270383701479,
      "수": 0.009129213483146067,
      "번": 0.005801545049722737
    },
    "NNG": {
      "주": 0.026986715888838157,
      "대제사장": 0.024929423970097182,
      "오늘": 0.02395878435009353,
      "하나님": 0.019004261933182578,
      "가운데": 0.018054872645280717,
      "말씀": 0.01645114584414472,
      "책망": 0.014797380320797363,
      "사정": 0.014602261461405473,
      "사람": 0.014044943820224719,
      "승천": 0.013837782936669268,
      "삶": 0.012931494307138013,
      "은혜": 0.012849305650213074,
      "사랑": 0.01258321070491098,
      "부활": 0.009855327761912202,
      "능력": 0.009364407362942943,
      "이해": 0.008993184739413271,
      "복음": 0.008454606496730207,
      "광야": 0.008390957244775432,
      "앞": 0.008247540533251115,
      "복": 0.007950965932894113,
      "모습": 0.007663829563760498,
      "소망": 0.007620659988325404,
      "필요": 0.007311535540516484,
      "이야기": 0.007305571123914214,
      "인생": 0.0068307879814670895,
      "믿음": 0.006805866146293449,
      "길": 0.00621278470299854,
      "생각": 0.0051409176630751825,
      "속": 0.004665363188973252,
      "중요": 0.004298779201257314,
      "말": 0.004242608721575661,
      "기도": 0.003953132878177073
    },
    "NNP": {
      "예수": 0.018787598958757458,
      "누가": 0.004802404424597322
    },
    "VA": {
      "없": 0.015467185979273324,
      "그렇": 0.012669507955455052,
      "이렇": 0.009979304974089583,
      "크": 0.006025886119022575,
      "어떻": 0.005146829546333835,
      "귀하": 0.0045768864206983265
    },
    "VV": {
      "깨어지": 0.027675565873338536,
      "있": 0.025280898876404494,
      "되": 0.018960674157303372,
      "들여다보": 0.012623787594651915,
      "살아가": 0.011237288835531531,
      "찾아가": 0.010288339078916804,
      "위하": 0.009848592761686245,
      "받": 0.00854387405787849,
      "보": 0.007724719101123595,
      "나아가": 0.006722507214361221,
      "알": 0.006407905543408868,
      "들어가": 0.006161616787687339,
      "모르": 0.004467714760930635,
      "믿": 0.004331213267698518
    }
  }
}