{
  "scope": "sermon",
  "idf_scope": "church",
  "church": "X-PQ",
  "sermon": "X-PQ-0106",
  "document_unit": "sermon_json",
  "document_count": 870,
  "min_count": 5,
  "freq": {
    "MAG": {
      "가득": 8,
      "그대로": 7
    },
    "NNB": {
      "장": 8,
      "수": 9,
      "때문": 5
    },
    "NNG": {
      "포도주": 14,
      "순종": 12,
      "자리": 17,
      "혼인": 5,
      "잔치": 7,
      "주": 22,
      "충만": 9,
      "말씀": 21,
      "하나님": 21,
      "물": 11,
      "주님": 5,
      "장": 8,
      "문제": 8,
      "손": 7,
      "속": 7,
      "사람": 7,
      "절": 5
    },
    "NNP": {
      "예수": 21,
      "이스라엘": 7,
      "주님": 5
    },
    "VA": {
      "없": 48
    },
    "VV": {
      "채우": 19,
      "있": 23,
      "되": 19,
      "모시": 5,
      "믿": 9,
      "원하": 6,
      "보": 6
    }
  },
  "tfidf": {
    "MAG": {
      "가득": 0.016454080788357358,
      "그대로": 0.013961029834388326
    },
    "NNB": {
      "장": 0.010400910147303466,
      "수": 0.008379888268156424,
      "때문": 0.004807611819602642
    },
    "NNG": {
      "포도주": 0.05195189273843518,
      "순종": 0.027391307072718283,
      "자리": 0.022763856758193483,
      "혼인": 0.022463701106545917,
      "잔치": 0.021684297060088738,
      "주": 0.02127534942285776,
      "충만": 0.020064499182974895,
      "말씀": 0.019915596523492174,
      "하나님": 0.019598022237736802,
      "물": 0.019550664140831477,
      "주님": 0.011843088003441813,
      "장": 0.01145023434116931,
      "문제": 0.010077539622645638,
      "손": 0.00991731258511035,
      "속": 0.008660026120611801,
      "사람": 0.006517690875232775,
      "절": 0.00642961159826291
    },
    "NNP": {
      "예수": 0.020924557141999367,
      "이스라엘": 0.010636317001269909,
      "주님": 0.007750692478759393
    },
    "VA": {
      "없": 0.04474407889179322
    },
    "VV": {
      "채우": 0.03984319602175801,
      "있": 0.021415270018621976,
      "되": 0.017690875232774673,
      "모시": 0.012970369437356456,
      "믿": 0.00861403309106521,
      "원하": 0.008175232904494343,
      "보": 0.00558659217877095
    }
  }
}