{
  "scope": "sermon",
  "idf_scope": "church",
  "church": "X-PQ",
  "sermon": "X-PQ-0035",
  "document_unit": "sermon_json",
  "document_count": 870,
  "min_count": 5,
  "freq": {
    "MAG": {
      "가장": 14,
      "영원히": 7,
      "못": 13,
      "많이": 12,
      "이제": 11,
      "지금": 7,
      "다": 7,
      "더": 5,
      "잘": 5
    },
    "NNB": {
      "수": 16,
      "때문": 15,
      "거": 15,
      "번": 10,
      "장": 6,
      "가지": 6,
      "분": 6
    },
    "NNG": {
      "성령": 25,
      "하나님": 44,
      "충만": 17,
      "마스크": 6,
      "약속": 12,
      "회개": 10,
      "충": 6,
      "비결": 6,
      "공기": 5,
      "인간": 14,
      "지하철": 5,
      "생각": 16,
      "딸": 7,
      "심판": 5,
      "반복": 6,
      "죽음": 6,
      "제자": 7,
      "사람": 15,
      "회복": 5,
      "은혜": 11,
      "옛날": 6,
      "얘기": 8,
      "방법": 5,
      "죄": 6,
      "찬양": 5,
      "안": 8,
      "시대": 5,
      "주": 8,
      "말": 8,
      "세상": 7,
      "이름": 5,
      "가운데": 6,
      "사랑": 6,
      "말씀": 7,
      "전": 6,
      "능력": 5,
      "목사": 6,
      "길": 5,
      "교회": 5
    },
    "NNP": {
      "성령": 25,
      "예수": 36,
      "임마누엘": 5,
      "바울": 5,
      "미국": 5
    },
    "VA": {
      "좋": 25,
      "그렇": 24,
      "없": 17,
      "예쁘": 5,
      "높": 5,
      "이렇": 9,
      "크": 5,
      "같": 5
    },
    "VV": {
      "되": 43,
      "있": 39,
      "보": 21,
      "구하": 9,
      "들어오": 11,
      "살": 16,
      "받": 15,
      "달라지": 5,
      "주": 14,
      "타": 6,
      "위하": 9,
      "그러": 9,
      "죽": 6,
      "나오": 7,
      "모르": 5
    }
  },
  "tfidf": {
    "MAG": {
      "가장": 0.008890055193858382,
      "영원히": 0.008817856394285025,
      "못": 0.007898247902473978,
      "많이": 0.006686613189975867,
      "이제": 0.006293708941801746,
      "지금": 0.0041652425347735115,
      "다": 0.003759761043312147,
      "더": 0.002763767632704683,
      "잘": 0.0026917175955954546
    },
    "NNB": {
      "수": 0.008515167642362959,
      "때문": 0.00824381334899399,
      "거": 0.008149673464828288,
      "번": 0.005495875565995994,
      "장": 0.004458719065275648,
      "가지": 0.003950955884928643,
      "분": 0.0033165211592456195
    },
    "NNG": {
      "성령": 0.02638031659773543,
      "하나님": 0.023470542559783328,
      "충만": 0.021662682637499594,
      "마스크": 0.016619561317906224,
      "약속": 0.015203216053449719,
      "회개": 0.013802513274500657,
      "충": 0.013030641371171579,
      "비결": 0.012951793220270978,
      "공기": 0.012573495314340287,
      "인간": 0.012572604007804572,
      "지하철": 0.0112141934948459,
      "생각": 0.008905243521288296,
      "딸": 0.008558594530211386,
      "심판": 0.008290797303605586,
      "반복": 0.008281507964700395,
      "죽음": 0.00817505851200984,
      "제자": 0.008006752409764487,
      "사람": 0.007982969664715274,
      "회복": 0.006446339665074599,
      "은혜": 0.006300958698460934,
      "옛날": 0.0060322799056470545,
      "얘기": 0.0058657790887063355,
      "방법": 0.005709485020396925,
      "죄": 0.005599206441152154,
      "찬양": 0.0049034485121928996,
      "안": 0.004837992734740292,
      "시대": 0.004576659184727368,
      "주": 0.004422028212327492,
      "말": 0.00428701424127993,
      "세상": 0.004199087934218588,
      "이름": 0.004085234835375548,
      "가운데": 0.003909395369403139,
      "사랑": 0.0038144740912811567,
      "말씀": 0.003794456389255028,
      "전": 0.0036538039665073335,
      "능력": 0.003548407686224255,
      "목사": 0.0034448101099540376,
      "길": 0.0033631131365733755,
      "교회": 0.00273220154619638
    },
    "NNP": {
      "성령": 0.032880848992874745,
      "예수": 0.02050297973436386,
      "임마누엘": 0.012839816385540347,
      "바울": 0.005187756909260619,
      "미국": 0.004191688626258197
    },
    "VA": {
      "좋": 0.013802970601188087,
      "그렇": 0.012802114123518178,
      "없": 0.00905775891882163,
      "예쁘": 0.006712660736274658,
      "높": 0.005064326556464092,
      "이렇": 0.004861809950122866,
      "크": 0.002854198321410373,
      "같": 0.0027228042796144988
    },
    "VV": {
      "되": 0.022884513038850453,
      "있": 0.020755721128259713,
      "보": 0.011176157530601383,
      "구하": 0.010259812543085042,
      "들어오": 0.009233674487043075,
      "살": 0.008823758041640392,
      "받": 0.008093717840885424,
      "달라지": 0.00764183655375623,
      "주": 0.007554136651493063,
      "타": 0.005875634380402155,
      "위하": 0.005167215164931056,
      "그러": 0.004980500881994278,
      "죽": 0.004127736925905758,
      "나오": 0.003820691609253905,
      "모르": 0.0028215477290958065
    }
  }
}