{
  "scope": "sermon",
  "idf_scope": "church",
  "church": "X-PQ",
  "sermon": "X-PQ-0459",
  "document_unit": "sermon_json",
  "document_count": 870,
  "min_count": 5,
  "freq": {
    "MAG": {
      "다": 46,
      "잘": 19,
      "안": 17,
      "못": 11
    },
    "NNB": {
      "거": 40,
      "분": 14
    },
    "NNG": {
      "머릿돌": 11,
      "우물": 15,
      "저수지": 8,
      "물": 22,
      "마을": 12,
      "교회": 32,
      "진리": 9,
      "가뭄": 5,
      "못": 5,
      "당": 5,
      "국가": 8,
      "기도": 16,
      "군": 6,
      "밑": 7,
      "밭": 5,
      "목사": 13,
      "세상": 12,
      "집": 10,
      "상": 5,
      "평생": 6,
      "복": 7,
      "사람": 9,
      "나라": 6,
      "날": 5,
      "생각": 6,
      "오늘": 6,
      "하나님": 6,
      "사랑": 5,
      "말": 5
    },
    "NNP": {
      "예수": 24
    },
    "VA": {
      "없": 24,
      "헛되": 5,
      "어떻": 7,
      "좋": 7,
      "많": 7,
      "같": 6,
      "그렇": 6,
      "크": 5
    },
    "VV": {
      "되": 36,
      "뜨": 12,
      "있": 23,
      "살": 22,
      "막": 7,
      "위하": 16,
      "믿": 14,
      "받": 13,
      "알": 13,
      "먹": 8,
      "가지": 9,
      "보": 5
    }
  },
  "tfidf": {
    "MAG": {
      "다": 0.034748843671689705,
      "잘": 0.014385779922208582,
      "안": 0.013065076944633377,
      "못": 0.00939940614326547
    },
    "NNB": {
      "거": 0.030565342196431845,
      "분": 0.010883783135618172
    },
    "NNG": {
      "머릿돌": 0.054926142642236775,
      "우물": 0.04904690788013114,
      "저수지": 0.031645121718949114,
      "물": 0.03143325342403145,
      "마을": 0.02716805253134059,
      "교회": 0.024593086013427537,
      "진리": 0.017985014926088876,
      "가뭄": 0.017683830610513027,
      "못": 0.01660717614774438,
      "당": 0.01388173265833115,
      "국가": 0.0135344529354762,
      "기도": 0.013483260403650667,
      "군": 0.013033417034716709,
      "밑": 0.012308195241812512,
      "밭": 0.011660485129846479,
      "목사": 0.010497302464551807,
      "세상": 0.010124148282801617,
      "집": 0.009371038203145419,
      "상": 0.009030897088998843,
      "평생": 0.00878223702856633,
      "복": 0.007415346970348851,
      "사람": 0.006736526946107785,
      "나라": 0.006179870761535349,
      "날": 0.004996614738267401,
      "생각": 0.004696749413314195,
      "오늘": 0.004506513153557571,
      "하나님": 0.004501342147846306,
      "사랑": 0.004470681647653003,
      "말": 0.0037683849922179025
    },
    "NNP": {
      "예수": 0.019224101257919006
    },
    "VA": {
      "없": 0.017984708356955807,
      "헛되": 0.010890080735369874,
      "어떻": 0.005485842270942651,
      "좋": 0.0054356428837552965,
      "많": 0.00528179974276881,
      "같": 0.0045953436299960865,
      "그렇": 0.004501342147846306,
      "크": 0.004014250483480608
    },
    "VV": {
      "되": 0.02694610778443114,
      "뜨": 0.02121979226400345,
      "있": 0.01721556886227545,
      "살": 0.017063833735279314,
      "막": 0.013618342719087169,
      "위하": 0.012919756879448378,
      "믿": 0.010771839783537632,
      "받": 0.009865531222520372,
      "알": 0.009865531222520372,
      "먹": 0.007382936402761664,
      "가지": 0.0072007468605855005,
      "보": 0.0037425149700598802
    }
  }
}