{
  "scope": "sermon",
  "idf_scope": "church",
  "church": "X-PQ",
  "sermon": "X-PQ-0673",
  "document_unit": "sermon_json",
  "document_count": 870,
  "min_count": 5,
  "freq": {
    "MAG": {
      "서로": 13,
      "다": 26,
      "많이": 23,
      "잘": 22,
      "굉장히": 15,
      "의외로": 6,
      "그냥": 16,
      "안": 16,
      "너무": 9,
      "못": 8,
      "다시": 7,
      "가장": 7,
      "더": 8,
      "전혀": 5,
      "지금": 7,
      "이제": 6
    },
    "NNB": {
      "거": 62,
      "수": 40,
      "줄": 18,
      "때문": 17,
      "분": 16,
      "번": 14,
      "명": 10,
      "가지": 8
    },
    "NNG": {
      "언어": 110,
      "사랑": 147,
      "가정": 36,
      "하나님": 49,
      "말": 47,
      "믿음": 37,
      "사람": 44,
      "사춘기": 7,
      "한국말": 9,
      "랭귀지": 5,
      "복": 21,
      "교회": 25,
      "본능": 6,
      "부모": 13,
      "인정": 8,
      "책": 11,
      "희생": 6,
      "곳": 16,
      "얘기": 14,
      "어머니": 9,
      "말씀": 18,
      "자녀": 11,
      "금": 6,
      "목사": 15,
      "오늘": 16,
      "완벽": 5,
      "중요": 13,
      "남편": 7,
      "생각": 14,
      "표현": 7,
      "선물": 5,
      "수고": 5,
      "이해": 6,
      "은혜": 10,
      "신앙": 6,
      "세상": 9,
      "원로": 5,
      "아들": 7,
      "눈물": 5,
      "원래": 5,
      "아내": 5,
      "안": 8,
      "가운데": 7,
      "요즘": 5,
      "문제": 6,
      "마음": 7,
      "필요": 5,
      "삶": 6,
      "축복": 6
    },
    "NNP": {
      "영어": 12,
      "예수": 10
    },
    "VA": {
      "그렇": 20,
      "없": 19,
      "많": 17,
      "같": 15,
      "바쁘": 5,
      "힘들": 10,
      "좋": 10,
      "이렇": 10,
      "다르": 5,
      "어렵": 6,
      "귀하": 5,
      "어떻": 5
    },
    "VV": {
      "되": 75,
      "있": 72,
      "알아듣": 14,
      "알": 42,
      "배우": 21,
      "받": 35,
      "알아들": 5,
      "쓰": 27,
      "겁": 9,
      "빌": 7,
      "보": 24,
      "그러": 15,
      "나오": 14,
      "위하": 12,
      "웃": 5,
      "통하": 9,
      "모르": 10,
      "나누": 7,
      "살": 10,
      "좋아하": 6,
      "읽": 7,
      "버리": 5,
      "갖": 7,
      "가지": 8,
      "주": 8,
      "듣": 7,
      "들어가": 6,
      "드리": 6
    }
  },
  "tfidf": {
    "MAG": {
      "서로": 0.00972168909003465,
      "다": 0.009130100706331228,
      "많이": 0.0083790118948964,
      "잘": 0.007743230477851421,
      "굉장히": 0.00735943689029293,
      "의외로": 0.006544703525308699,
      "그냥": 0.006385000155338416,
      "안": 0.00571613829400473,
      "너무": 0.003541985973964454,
      "못": 0.003177733056848907,
      "다시": 0.0029854248152449457,
      "가장": 0.002906126254220581,
      "더": 0.002891089426222463,
      "전혀": 0.0028770874240944136,
      "지금": 0.002723204844411771,
      "이제": 0.00224442571676703
    },
    "NNB": {
      "거": 0.02202321176770044,
      "수": 0.013917884481558803,
      "줄": 0.006922127076213539,
      "때문": 0.006108376938225819,
      "분": 0.005782178852444926,
      "번": 0.005030428066774204,
      "명": 0.004601030321194467,
      "가지": 0.003444141084565494
    },
    "NNG": {
      "언어": 0.10906844662932552,
      "사랑": 0.061099938075564963,
      "가정": 0.018014281339776346,
      "하나님": 0.01708860254967586,
      "말": 0.016466557441290643,
      "믿음": 0.015596184564888189,
      "사람": 0.015309672929714684,
      "사춘기": 0.012676704361773403,
      "한국말": 0.01241016540839932,
      "랭귀지": 0.010717126068925545,
      "복": 0.010341235440904034,
      "교회": 0.00893146608438239,
      "본능": 0.00841747882791051,
      "부모": 0.007987061178391625,
      "인정": 0.007250816987972132,
      "책": 0.007177324484503887,
      "희생": 0.006897147929431981,
      "곳": 0.00677597266426117,
      "얘기": 0.006711255423952196,
      "어머니": 0.006490235355993001,
      "말씀": 0.006379168108031791,
      "자녀": 0.00576502465444317,
      "금": 0.005638283454347122,
      "목사": 0.005630478598298223,
      "오늘": 0.005586361932872109,
      "완벽": 0.005540491472132796,
      "중요": 0.005537856685711579,
      "남편": 0.005173752802527787,
      "생각": 0.005094409709268657,
      "표현": 0.004698330631995035,
      "선물": 0.004623615498427209,
      "수고": 0.0043345986736638585,
      "이해": 0.0038193543301295848,
      "은혜": 0.003745018471059687,
      "신앙": 0.0035419570829897653,
      "세상": 0.003529713493168831,
      "원로": 0.0035146990099934757,
      "아들": 0.0035114601085118845,
      "눈물": 0.003503653032821139,
      "원래": 0.0034282347292831886,
      "아내": 0.0032058384670878427,
      "안": 0.003163043962622481,
      "가운데": 0.0029819228307677737,
      "요즘": 0.0029596666468482825,
      "문제": 0.0028244461259711415,
      "마음": 0.0026518827718984045,
      "필요": 0.0025876395789083094,
      "삶": 0.002402720236608107,
      "축복": 0.0023695378267031665
    },
    "NNP": {
      "영어": 0.009627599882366984,
      "예수": 0.003723526919592292
    },
    "VA": {
      "그렇": 0.00697493981619423,
      "없": 0.006618589609907304,
      "많": 0.005962831084489771,
      "같": 0.005340448059911945,
      "바쁘": 0.0047883822895573745,
      "힘들": 0.0045735678967027855,
      "좋": 0.0036097121446948387,
      "이렇": 0.0035317949803915817,
      "다르": 0.002772746532266426,
      "어렵": 0.002595296695786456,
      "귀하": 0.0022677405229904026,
      "어떻": 0.0018215243249774785
    },
    "VV": {
      "되": 0.026096033402922755,
      "있": 0.025052192066805846,
      "알아듣": 0.017903327698269182,
      "알": 0.01481651645945247,
      "배우": 0.013702164924961966,
      "받": 0.012347097049543723,
      "알아들": 0.011605827571649954,
      "쓰": 0.011235549362240829,
      "겁": 0.01056949735546993,
      "빌": 0.009119704941830717,
      "보": 0.008350730688935281,
      "그러": 0.005427024563481354,
      "나오": 0.004995879981759282,
      "위하": 0.004504382878638578,
      "웃": 0.00436143317318653,
      "통하": 0.003793666515783614,
      "모르": 0.003689414184391803,
      "나누": 0.0036872802872978264,
      "살": 0.003605567449600361,
      "좋아하": 0.003443308054074222,
      "읽": 0.003372001755387419,
      "버리": 0.003187379561186633,
      "갖": 0.0030601541619976933,
      "가지": 0.002975395594445907,
      "주": 0.00282219361132428,
      "듣": 0.002761262334085245,
      "들어가": 0.0026168035507506023,
      "드리": 0.0023860631056440043
    }
  }
}