{
  "scope": "sermon",
  "idf_scope": "church",
  "church": "X-PQ",
  "sermon": "X-PQ-0652",
  "document_unit": "sermon_json",
  "document_count": 870,
  "min_count": 5,
  "freq": {
    "MAG": {
      "잘": 11,
      "완전히": 5,
      "이제": 7,
      "더": 7,
      "안": 7,
      "가장": 6,
      "굉장히": 5,
      "많이": 6,
      "다": 5
    },
    "NNB": {
      "수": 19,
      "분": 16,
      "거": 10,
      "때문": 5
    },
    "NNG": {
      "항복": 33,
      "하나님": 44,
      "통역": 8,
      "노예": 8,
      "거부": 8,
      "용서": 9,
      "주": 20,
      "자유": 8,
      "사람": 18,
      "순종": 7,
      "목사": 13,
      "걱정": 6,
      "뜻": 8,
      "승리": 5,
      "교회": 9,
      "삶": 8,
      "말": 7,
      "은혜": 6,
      "예배": 5,
      "말씀": 6,
      "믿음": 5,
      "안": 5,
      "세상": 5
    },
    "NNP": {
      "베드로": 14,
      "예수": 9,
      "미국": 5
    },
    "VA": {
      "길": 5,
      "없": 9,
      "그렇": 8,
      "크": 7,
      "같": 6
    },
    "VV": {
      "맡기": 30,
      "겁": 12,
      "되": 28,
      "있": 28,
      "돌보": 5,
      "내": 8,
      "받": 10,
      "지": 6,
      "쓰": 7,
      "통하": 5,
      "보": 6,
      "믿": 5
    }
  },
  "tfidf": {
    "MAG": {
      "잘": 0.008519925112306655,
      "완전히": 0.006914481750513233,
      "이제": 0.0057622966526185695,
      "더": 0.005566896733991531,
      "안": 0.005503314998027716,
      "가장": 0.005481649653005874,
      "굉장히": 0.005398423078790679,
      "많이": 0.0048101631638455804,
      "다": 0.003863810435563074
    },
    "NNB": {
      "수": 0.01454823889739663,
      "분": 0.012724335391980642,
      "거": 0.007816863930787317,
      "때문": 0.003953579704634944
    },
    "NNG": {
      "항복": 0.1219231997883921,
      "하나님": 0.03376810832299607,
      "통역": 0.027876056061159584,
      "노예": 0.01957078712618144,
      "거부": 0.019507960172630512,
      "용서": 0.018314615387797578,
      "주": 0.015905419239975804,
      "자유": 0.014868653751226292,
      "사람": 0.013782542113323124,
      "순종": 0.013139857489324658,
      "목사": 0.010738434986708432,
      "걱정": 0.009430080897915534,
      "뜻": 0.009261711417885846,
      "승리": 0.007783574576467499,
      "교회": 0.00707569071174992,
      "삶": 0.007049941766219193,
      "말": 0.005396927480432133,
      "은혜": 0.004944800805126589,
      "예배": 0.004855866410077005,
      "말씀": 0.004679359148158082,
      "믿음": 0.004637994540735965,
      "안": 0.004350396414900943,
      "세상": 0.004315295465104314
    },
    "NNP": {
      "베드로": 0.027984849530575524,
      "예수": 0.007374636087455913,
      "미국": 0.0060307679393102245
    },
    "VA": {
      "길": 0.008413047261388737,
      "없": 0.0068991875090619135,
      "그렇": 0.0061396560587265595,
      "크": 0.005749046021670848,
      "같": 0.004700902825172108
    },
    "VV": {
      "맡기": 0.05145971415025451,
      "겁": 0.03101249147485511,
      "되": 0.021439509954058193,
      "있": 0.021439509954058193,
      "돌보": 0.00969831552076016,
      "내": 0.00904271177951621,
      "받": 0.007763193375713994,
      "지": 0.006946283563414385,
      "쓰": 0.006410208781962481,
      "통하": 0.004637994540735965,
      "보": 0.004594180704441042,
      "믿": 0.003935456669986403
    }
  }
}