{
  "scope": "sermon",
  "idf_scope": "church",
  "church": "X-PQ",
  "sermon": "X-PQ-0247",
  "document_unit": "sermon_json",
  "document_count": 870,
  "min_count": 5,
  "freq": {
    "MAG": {
      "다": 66,
      "안": 20,
      "잘": 9,
      "그냥": 7,
      "못": 7,
      "더": 7
    },
    "NNB": {
      "거": 50,
      "번": 12,
      "분": 8
    },
    "NNG": {
      "다락방": 10,
      "교회": 31,
      "하나님": 31,
      "문명": 7,
      "왕": 15,
      "금": 10,
      "정보": 7,
      "우상": 8,
      "신전": 5,
      "왕궁": 5,
      "시대": 12,
      "예언": 6,
      "기도": 17,
      "성전": 8,
      "회사": 7,
      "임금": 5,
      "사람": 16,
      "그다음": 6,
      "산": 5,
      "돈": 7,
      "집": 8,
      "나라": 7,
      "아버지": 6,
      "복음": 5,
      "우리나라": 5,
      "새벽": 5,
      "말": 7,
      "땅": 5,
      "오늘": 6
    },
    "NNP": {
      "다윗": 14,
      "아시아": 6,
      "로마": 8,
      "멘": 7,
      "누가": 7
    },
    "VA": {
      "없": 25,
      "많": 15,
      "어렵": 12,
      "헛되": 5,
      "바쁘": 5,
      "그렇": 12,
      "좋": 10,
      "크": 7,
      "어떻": 6
    },
    "VV": {
      "되": 39,
      "도와주": 11,
      "춤추": 5,
      "있": 16,
      "주": 15,
      "보": 13,
      "짓": 8,
      "받": 12,
      "놓": 5,
      "나오": 10,
      "살": 8,
      "가지": 7,
      "그러": 7,
      "보이": 6,
      "만나": 5,
      "믿": 5
    }
  },
  "tfidf": {
    "MAG": {
      "다": 0.04322453008485331,
      "안": 0.013325909682811157,
      "잘": 0.005907804835706001,
      "그냥": 0.005209824510265179,
      "못": 0.0051857262846922705,
      "더": 0.0047179540133633615
    },
    "NNB": {
      "거": 0.03312402431410849,
      "번": 0.008041596512788947,
      "분": 0.00539194744384384
    },
    "NNG": {
      "다락방": 0.028348115478198228,
      "교회": 0.020655160008357293,
      "하나님": 0.020163052822323446,
      "문명": 0.01889102430204929,
      "왕": 0.017756859522186186,
      "금": 0.017525877836679242,
      "정보": 0.01568142572564137,
      "우상": 0.015146589035342689,
      "신전": 0.014397915206610313,
      "왕궁": 0.01376794760621785,
      "시대": 0.013393187708920532,
      "예언": 0.013093793885483127,
      "기도": 0.012420174005828762,
      "성전": 0.011629917660433897,
      "회사": 0.011482975167131749,
      "임금": 0.01120101837545812,
      "사람": 0.010382868267358857,
      "그다음": 0.009163692049246266,
      "산": 0.0070689649459495345,
      "돈": 0.006739459556395501,
      "집": 0.006499523446801962,
      "나라": 0.006250719377231082,
      "아버지": 0.006093773709086876,
      "복음": 0.005580494878716888,
      "우리나라": 0.005365833391854214,
      "새벽": 0.004893414317104025,
      "말": 0.004573904795226714,
      "땅": 0.00427512336929032,
      "오늘": 0.003907009456945435
    },
    "NNP": {
      "다윗": 0.019895373207091456,
      "아시아": 0.015019931102236303,
      "로마": 0.013290880332309313,
      "멘": 0.006342800331556413,
      "누가": 0.006212896470394045
    },
    "VA": {
      "없": 0.0162418683517825,
      "많": 0.00981248417957606,
      "어렵": 0.0096805745667622,
      "헛되": 0.009441367853636699,
      "바쁘": 0.008930441726273778,
      "그렇": 0.007805052705415529,
      "좋": 0.006732195135530802,
      "크": 0.004872325830176593,
      "어떻": 0.004076621084998266
    },
    "VV": {
      "되": 0.025308241401687217,
      "도와주": 0.014001618660345652,
      "춤추": 0.013673893300983416,
      "있": 0.010382868267358857,
      "주": 0.009868978470489106,
      "보": 0.008436080467229072,
      "짓": 0.008361046532696014,
      "받": 0.007895182776391285,
      "놓": 0.006713817013179158,
      "나오": 0.006655306882161943,
      "살": 0.00537957214803449,
      "가지": 0.004855532817088154,
      "그러": 0.004723377900416089,
      "보이": 0.00455459368321739,
      "만나": 0.0037603696694832696,
      "믿": 0.0033353059123960036
    }
  }
}