{
  "scope": "sermon",
  "idf_scope": "church",
  "church": "X-PQ",
  "sermon": "X-PQ-0501",
  "document_unit": "sermon_json",
  "document_count": 870,
  "min_count": 5,
  "freq": {
    "MAG": {
      "굉장히": 19,
      "다": 20,
      "자꾸": 10,
      "그냥": 10,
      "정말": 8,
      "없이": 6,
      "사실": 5,
      "많이": 8,
      "안": 8,
      "너무": 7,
      "지금": 6,
      "아주": 5,
      "잘": 6
    },
    "NNB": {
      "거": 39,
      "수": 33,
      "분": 19,
      "때문": 10,
      "줄": 6,
      "번": 6
    },
    "NNG": {
      "손": 47,
      "핸드폰": 18,
      "하나님": 58,
      "하늘": 26,
      "순교": 11,
      "사람": 44,
      "눈": 24,
      "디스크": 5,
      "지혜": 14,
      "믿음": 23,
      "각성": 5,
      "위": 15,
      "말씀": 24,
      "고개": 6,
      "인격": 6,
      "질병": 7,
      "찬양": 11,
      "얼굴": 9,
      "얘기": 14,
      "목": 7,
      "시대": 10,
      "결정": 6,
      "오늘": 15,
      "주": 14,
      "힘": 10,
      "발견": 6,
      "세상": 11,
      "노래": 5,
      "생각": 11,
      "예배": 9,
      "순간": 6,
      "감당": 6,
      "성경": 9,
      "삶": 9,
      "말": 10,
      "마음": 9,
      "가운데": 8,
      "은혜": 9,
      "표현": 5,
      "관계": 5,
      "목사": 8,
      "절": 6,
      "준비": 5,
      "중요": 6,
      "전": 6,
      "지금": 5,
      "길": 5,
      "기도": 5
    },
    "NNP": {
      "예수": 14
    },
    "VA": {
      "무겁": 7,
      "없": 18,
      "이렇": 11,
      "힘들": 7,
      "같": 8,
      "좋": 6,
      "그렇": 6,
      "많": 5
    },
    "VV": {
      "바라보": 47,
      "있": 58,
      "되": 53,
      "보": 53,
      "우러르": 5,
      "깨어나": 7,
      "주": 23,
      "살": 12,
      "얻": 8,
      "갖": 9,
      "계시": 8,
      "올라가": 6,
      "만나": 9,
      "부르": 7,
      "드리": 8,
      "알": 8,
      "찾": 5,
      "바라": 5,
      "믿": 7,
      "나오": 7,
      "살아가": 5,
      "나가": 5,
      "보이": 5,
      "듣": 5,
      "받": 5
    }
  },
  "tfidf": {
    "MAG": {
      "굉장히": 0.01232350232540128,
      "다": 0.009284519648289557,
      "자꾸": 0.007359849330087611,
      "그냥": 0.005275554981153003,
      "정말": 0.004537075912644702,
      "없이": 0.00432504082704116,
      "사실": 0.0038548118831816173,
      "많이": 0.003852850715720532,
      "안": 0.003778330601878931,
      "너무": 0.00364191320782055,
      "지금": 0.0030857500550030607,
      "아주": 0.002910197339732882,
      "잘": 0.00279175935351823
    },
    "NNB": {
      "거": 0.018313898226804105,
      "수": 0.01517939282428703,
      "분": 0.009077209591093826,
      "때문": 0.004750115082109693,
      "줄": 0.003050320947107898,
      "번": 0.002850069049265816
    },
    "NNG": {
      "손": 0.03289565676640822,
      "핸드폰": 0.02794547874850099,
      "하나님": 0.026740263749794123,
      "하늘": 0.023566827222719133,
      "순교": 0.020647832451759073,
      "사람": 0.020239190432382703,
      "눈": 0.017709925916700085,
      "디스크": 0.013748579824343255,
      "지혜": 0.01356648617940745,
      "믿음": 0.012816566698677728,
      "각성": 0.012154405076045312,
      "위": 0.011319630405648281,
      "말씀": 0.011244237437892284,
      "고개": 0.010008759660885843,
      "인격": 0.00956460961448482,
      "질병": 0.009470698103427511,
      "찬양": 0.009323769760672958,
      "얼굴": 0.009208914807431677,
      "얘기": 0.008872193232952442,
      "목": 0.00886225160085697,
      "시대": 0.00791126274894455,
      "결정": 0.007436434668680799,
      "오늘": 0.006923529867931136,
      "주": 0.006688470225016503,
      "힘": 0.006414982323019348,
      "발견": 0.005901831265035337,
      "세상": 0.005703177060872913,
      "노래": 0.005593615218838972,
      "생각": 0.005291584588934791,
      "예배": 0.005250768517391455,
      "순간": 0.005130207910244643,
      "감당": 0.005020237601466723,
      "성경": 0.004848296473846312,
      "삶": 0.004764547810495652,
      "말": 0.004631612097150982,
      "마음": 0.00450739911801315,
      "가운데": 0.004505215516165899,
      "은혜": 0.0044557795663491195,
      "표현": 0.004436523273870985,
      "관계": 0.004319222090677855,
      "목사": 0.003969824100952859,
      "절": 0.0038116299116105054,
      "준비": 0.0036275977170598683,
      "중요": 0.0033789116371244245,
      "전": 0.0031580026003069366,
      "지금": 0.002997923764063669,
      "길": 0.0029067569381883034,
      "기도": 0.00258935658625766
    },
    "NNP": {
      "예수": 0.006891436482829598
    },
    "VA": {
      "무겁": 0.0093943339422862,
      "없": 0.008289180208679723,
      "이렇": 0.005135886224015614,
      "힘들": 0.004232338497969947,
      "같": 0.003765335228258063,
      "좋": 0.0028631957784322815,
      "그렇": 0.002766234181013185,
      "많": 0.0023184664398538343
    },
    "VV": {
      "바라보": 0.0399535359654132,
      "있": 0.02667893284268629,
      "되": 0.02437902483900644,
      "보": 0.02437902483900644,
      "우러르": 0.013086937523396196,
      "깨어나": 0.01290666652627074,
      "주": 0.010726347866591395,
      "살": 0.005719816476624528,
      "얻": 0.005549771085672348,
      "갖": 0.0052013370715095495,
      "계시": 0.00506366595364074,
      "올라가": 0.004991637453254543,
      "만나": 0.004797844245268028,
      "부르": 0.004403897636098078,
      "드리": 0.004205792925863765,
      "알": 0.0037309036057709202,
      "찾": 0.0035764348629951956,
      "바라": 0.0034036945858866275,
      "믿": 0.003309838535144038,
      "나오": 0.00330224449576269,
      "살아가": 0.003066908023190145,
      "나가": 0.0029694855902574367,
      "보이": 0.002690366783899876,
      "듣": 0.0026073951728745543,
      "받": 0.0023318147536068247
    }
  }
}