{
  "scope": "sermon",
  "idf_scope": "church",
  "church": "X-PQ",
  "sermon": "X-PQ-0583",
  "document_unit": "sermon_json",
  "document_count": 870,
  "min_count": 5,
  "freq": {
    "MAG": {
      "잘": 23,
      "다": 22,
      "안": 14,
      "계속": 5,
      "더": 6,
      "막": 5,
      "그냥": 5
    },
    "NNB": {
      "수": 44,
      "거": 23,
      "분": 8,
      "번": 8,
      "줄": 7
    },
    "NNG": {
      "지혜": 59,
      "감사": 68,
      "벼룩": 12,
      "사람": 60,
      "하나님": 54,
      "겸손": 11,
      "우연": 5,
      "잠언": 5,
      "말": 21,
      "고백": 11,
      "감사절": 5,
      "교만": 8,
      "시선": 5,
      "기분": 7,
      "믿음": 14,
      "생각": 14,
      "경외": 5,
      "땅": 10,
      "눈": 8,
      "은혜": 10,
      "상황": 5,
      "새벽": 6,
      "아들": 6,
      "속": 6,
      "이야기": 6,
      "역사": 5,
      "복": 5,
      "오늘": 7,
      "마음": 6,
      "예배": 5
    },
    "NNP": {
      "에디슨": 5
    },
    "VA": {
      "없": 17,
      "어렵": 12,
      "좋": 10,
      "그렇": 10,
      "다르": 6,
      "이렇": 8,
      "힘들": 6,
      "크": 5
    },
    "VV": {
      "있": 85,
      "되": 53,
      "보": 25,
      "주": 17,
      "나오": 12,
      "알": 12,
      "바라보": 6,
      "가지": 10,
      "갖": 7,
      "받": 8,
      "그러": 7,
      "쓰": 6,
      "읽": 5,
      "모르": 5,
      "믿": 5
    }
  },
  "tfidf": {
    "MAG": {
      "잘": 0.014441708172420705,
      "다": 0.013782123083128274,
      "안": 0.008922817364896581,
      "계속": 0.00436565447955319,
      "더": 0.003868245349610502,
      "막": 0.003840185240937783,
      "그냥": 0.0035596078612745593
    },
    "NNB": {
      "수": 0.027312228429546864,
      "거": 0.014574981921352542,
      "분": 0.0051576604661473366,
      "번": 0.005128119274242817,
      "줄": 0.004802377837066831
    },
    "NNG": {
      "지혜": 0.07715345022115261,
      "감사": 0.059445739261953144,
      "벼룩": 0.04754821315257067,
      "사람": 0.037243947858473,
      "하나님": 0.03359660955040594,
      "겸손": 0.016380535962739442,
      "우연": 0.01388518035644995,
      "잠언": 0.01355817689382479,
      "말": 0.013125488434719487,
      "고백": 0.012823075987147143,
      "감사절": 0.012743886811678635,
      "교만": 0.01274058492750196,
      "시선": 0.010928450449420063,
      "기분": 0.01089302452863645,
      "믿음": 0.010527758185327918,
      "생각": 0.00908835102696345,
      "경외": 0.008501564417939379,
      "땅": 0.008178727637587068,
      "눈": 0.007966351943493892,
      "은혜": 0.006681057160661416,
      "상황": 0.0057026591849922165,
      "새벽": 0.005616947085778251,
      "아들": 0.005369479303997422,
      "속": 0.004948586354635315,
      "이야기": 0.004843171918274601,
      "역사": 0.0046986093578495845,
      "복": 0.004392526182666519,
      "오늘": 0.004360119078426485,
      "마음": 0.004055073735799954,
      "예배": 0.003936537263538528
    },
    "NNP": {
      "에디슨": 0.018074897044684016
    },
    "VA": {
      "없": 0.01056457418278451,
      "어렵": 0.009259941283290224,
      "좋": 0.006439672690163232,
      "그렇": 0.006221594361186287,
      "다르": 0.005935846207622874,
      "이렇": 0.005040535703858674,
      "힘들": 0.004895506195576837,
      "크": 0.0033290121948665995
    },
    "VV": {
      "있": 0.05276225946617008,
      "되": 0.032898820608317815,
      "보": 0.015518311607697082,
      "주": 0.010698846637343393,
      "나오": 0.0076393503950924055,
      "알": 0.007552127038124749,
      "바라보": 0.006882918276382447,
      "가지": 0.006635076767875184,
      "갖": 0.005459269436115065,
      "받": 0.005034751358749832,
      "그러": 0.004518141120137301,
      "쓰": 0.004454233928833732,
      "읽": 0.004296857783534381,
      "모르": 0.003290929970807586,
      "믿": 0.003190382626320448
    }
  }
}