{
  "scope": "sermon",
  "idf_scope": "church",
  "church": "X-PQ",
  "sermon": "X-PQ-0423",
  "document_unit": "sermon_json",
  "document_count": 870,
  "min_count": 5,
  "freq": {
    "MAG": {
      "다": 27,
      "굉장히": 12,
      "못": 7,
      "안": 7,
      "잘": 6,
      "지금": 5
    },
    "NNB": {
      "분": 27,
      "거": 21,
      "수": 21,
      "때문": 13,
      "중": 7,
      "번": 5
    },
    "NNG": {
      "거리": 17,
      "사람": 39,
      "아파트": 11,
      "문": 16,
      "경배": 9,
      "겸손": 14,
      "교회": 28,
      "왕": 12,
      "말": 19,
      "탄생": 5,
      "돌": 7,
      "오늘": 16,
      "집사": 8,
      "말씀": 13,
      "사랑": 11,
      "은혜": 12,
      "별": 5,
      "앞": 11,
      "머리": 6,
      "곳": 9,
      "목사": 10,
      "예배": 8,
      "원래": 5,
      "정도": 6,
      "길": 6,
      "처음": 5,
      "하나님": 5
    },
    "NNP": {
      "베들레헴": 26,
      "예루살렘": 26,
      "헤롯": 12,
      "예수": 24,
      "현대": 5,
      "주님": 5
    },
    "VA": {
      "멀": 17,
      "가깝": 11,
      "없": 22,
      "작": 7,
      "많": 9,
      "좋": 6,
      "크": 5,
      "그렇": 5
    },
    "VV": {
      "되": 47,
      "있": 44,
      "타": 13,
      "숙이": 5,
      "보": 17,
      "나오": 16,
      "내리": 7,
      "내려가": 5,
      "태어나": 5,
      "위하": 10,
      "받": 10,
      "알": 9,
      "죽이": 5,
      "들어가": 7,
      "세우": 5,
      "계시": 5,
      "살": 6,
      "믿": 5
    }
  },
  "tfidf": {
    "MAG": {
      "다": 0.017020072901789522,
      "굉장히": 0.010568905245572458,
      "못": 0.0049913830135607665,
      "안": 0.004489275070221234,
      "잘": 0.0037909336880378713,
      "지금": 0.0034917867060049205
    },
    "NNB": {
      "분": 0.017515830519676038,
      "거": 0.013390712689929604,
      "수": 0.01311680199875078,
      "때문": 0.00838524375081725,
      "중": 0.005585143655730306,
      "번": 0.003225093750314326
    },
    "NNG": {
      "거리": 0.02908586442399822,
      "사람": 0.024359775140537165,
      "아파트": 0.023999209516677653,
      "문": 0.021299560849656535,
      "경배": 0.021149768347645398,
      "겸손": 0.020978173193096663,
      "교회": 0.017957100280884937,
      "왕": 0.013673114565241182,
      "말": 0.01194961706963888,
      "탄생": 0.011180472313635469,
      "돌": 0.010983776535773298,
      "오늘": 0.010028234975062111,
      "집사": 0.010000354683616392,
      "말씀": 0.008270472581452002,
      "사랑": 0.00820751249143142,
      "은혜": 0.008067345223604402,
      "별": 0.008012602404046556,
      "앞": 0.007335726245689935,
      "머리": 0.0072401431468578255,
      "곳": 0.006842102940887703,
      "목사": 0.006738286692279447,
      "예배": 0.006337800406306626,
      "원래": 0.006154120307282875,
      "정도": 0.00498547759807272,
      "길": 0.004736506870921703,
      "처음": 0.0044969427586814695,
      "하나님": 0.0031302275190103392
    },
    "NNP": {
      "베들레헴": 0.061099330782086715,
      "예루살렘": 0.03683821231980148,
      "헤롯": 0.03541626138010554,
      "예수": 0.01604209823896302,
      "현대": 0.015416704037464979,
      "주님": 0.005199402699679942
    },
    "VA": {
      "멀": 0.02345554395954315,
      "가깝": 0.0165470630372104,
      "없": 0.013757197273257471,
      "작": 0.008536986707198681,
      "많": 0.00566684751557528,
      "좋": 0.003887937303130406,
      "크": 0.0033498055252530238,
      "그렇": 0.0031302275190103392
    },
    "VV": {
      "되": 0.029356652092442224,
      "있": 0.027482823235477825,
      "타": 0.014941091089952473,
      "숙이": 0.013251972055703751,
      "보": 0.010618363522798251,
      "나오": 0.010249422016651147,
      "내리": 0.008091965557811052,
      "내려가": 0.008047111573898477,
      "태어나": 0.006851008350113013,
      "위하": 0.006738286692279447,
      "받": 0.006332748625035899,
      "알": 0.005699473762532309,
      "죽이": 0.005632402366423518,
      "들어가": 0.005480413682490175,
      "세우": 0.004862697942226683,
      "계시": 0.004297474150224457,
      "살": 0.0038834731480892333,
      "믿": 0.0032103100630869715
    }
  }
}