{
  "scope": "sermon",
  "idf_scope": "church",
  "church": "X-PQ",
  "sermon": "X-PQ-0108",
  "document_unit": "sermon_json",
  "document_count": 870,
  "min_count": 5,
  "freq": {
    "MAG": {
      "굉장히": 13,
      "다": 14,
      "아주": 10,
      "아예": 5,
      "더": 9,
      "이제": 8,
      "너무": 7,
      "많이": 7,
      "잘": 7,
      "안": 6
    },
    "NNB": {
      "거": 25,
      "수": 9,
      "때문": 8
    },
    "NNG": {
      "아볼로": 13,
      "팀": 21,
      "사람": 45,
      "기분": 13,
      "말씀": 19,
      "하나님": 19,
      "운전": 5,
      "위험": 6,
      "믿음": 12,
      "성장": 5,
      "말": 11,
      "교회": 10,
      "성경": 8,
      "부족": 5,
      "안": 8,
      "마음": 8,
      "목사": 8,
      "복음": 5,
      "생각": 8,
      "얘기": 6,
      "오늘": 8,
      "나중": 5,
      "중요": 5,
      "축복": 5
    },
    "NNP": {
      "윌버포스": 7,
      "아볼로": 5,
      "바울": 16,
      "디모데": 7,
      "브리스길라": 5,
      "존": 5
    },
    "VA": {
      "좋": 18,
      "귀하": 12,
      "나쁘": 8,
      "같": 8,
      "없": 8,
      "힘들": 6,
      "이렇": 6,
      "많": 6
    },
    "VV": {
      "되": 52,
      "있": 33,
      "기르": 8,
      "들어오": 11,
      "받아들이": 7,
      "보": 14,
      "가르치": 6,
      "들어가": 7,
      "보이": 7,
      "만들": 6,
      "살": 7,
      "받": 7,
      "그러": 6
    }
  },
  "tfidf": {
    "MAG": {
      "굉장히": 0.013598579678294977,
      "다": 0.01048158902134054,
      "아주": 0.009386897650711106,
      "아예": 0.00937646499181328,
      "더": 0.00693443240900132,
      "이제": 0.00638029625122497,
      "너무": 0.005873530648220976,
      "많이": 0.005437006879806663,
      "잘": 0.005252842957695403,
      "안": 0.0045701543370649834
    },
    "NNB": {
      "거": 0.0189332794762764,
      "수": 0.0066765578635014835,
      "때문": 0.006128635126710073
    },
    "NNG": {
      "아볼로": 0.061560474038964356,
      "팀": 0.04277521556092786,
      "사람": 0.03338278931750742,
      "기분": 0.024176834750236666,
      "말씀": 0.014356283123441475,
      "하나님": 0.014127357700411798,
      "운전": 0.012297087094209923,
      "위험": 0.011135536280960718,
      "믿음": 0.010784369501841846,
      "성장": 0.009241570169221015,
      "말": 0.008216644784218739,
      "교회": 0.0076169238951083055,
      "성경": 0.006950343906456897,
      "부족": 0.006776122409962173,
      "안": 0.0067437599025052,
      "마음": 0.006461645685829601,
      "목사": 0.0064023721034655165,
      "복음": 0.006379482646960479,
      "생각": 0.006206584783568512,
      "얘기": 0.006132306513916472,
      "오늘": 0.0059551944343747935,
      "나중": 0.005651094997666691,
      "중요": 0.00454114360726292,
      "축복": 0.004209972622369499
    },
    "NNP": {
      "윌버포스": 0.031042416582619532,
      "아볼로": 0.02367710539960168,
      "바울": 0.02314016672403728,
      "디모데": 0.022034844336538864,
      "브리스길라": 0.019924876498717107,
      "존": 0.01423522382836861
    },
    "VA": {
      "좋": 0.013852939812266572,
      "귀하": 0.011603833109331307,
      "나쁘": 0.010873031286469298,
      "같": 0.0060725807019532865,
      "없": 0.0059415356985393075,
      "힘들": 0.0058506383390758785,
      "이렇": 0.004517972747913385,
      "많": 0.004486954931966382
    },
    "VV": {
      "되": 0.03857566765578635,
      "있": 0.024480712166172106,
      "기르": 0.014047267625995393,
      "들어오": 0.012870975045366424,
      "받아들이": 0.012268020354411489,
      "보": 0.010385756676557863,
      "가르치": 0.007292650537252354,
      "들어가": 0.006509007645153391,
      "보이": 0.00607448096697156,
      "만들": 0.005442981748183883,
      "살": 0.005381068690731457,
      "받": 0.005264919424390009,
      "그러": 0.004628269612891814
    }
  }
}