{
  "scope": "sermon",
  "idf_scope": "church",
  "church": "X-PQ",
  "sermon": "X-PQ-0768",
  "document_unit": "sermon_json",
  "document_count": 870,
  "min_count": 5,
  "freq": {
    "MAG": {
      "높이": 10,
      "마땅히": 5,
      "다": 18,
      "없이": 11,
      "당연히": 7,
      "사실": 8,
      "안": 13,
      "굉장히": 8,
      "간절히": 5,
      "정말": 8,
      "다시": 8,
      "더": 9,
      "그냥": 8,
      "이제": 8,
      "아주": 6,
      "잘": 7,
      "꼭": 5,
      "지금": 5
    },
    "NNB": {
      "거": 31,
      "수": 29,
      "때문": 23,
      "번": 12,
      "명": 9,
      "분": 10,
      "줄": 7,
      "가지": 6
    },
    "NNG": {
      "모세": 50,
      "기도": 98,
      "손": 58,
      "전투": 16,
      "위닝": 10,
      "팀": 18,
      "하나님": 46,
      "아론": 10,
      "승리": 20,
      "사람": 40,
      "세대": 13,
      "호수아": 7,
      "다툼": 7,
      "산꼭대기": 5,
      "훌": 5,
      "선수": 12,
      "말씀": 28,
      "깃발": 5,
      "갈등": 8,
      "모습": 17,
      "분노": 7,
      "지팡이": 6,
      "중요": 19,
      "수아": 5,
      "생각": 18,
      "전쟁": 8,
      "기본": 6,
      "앞": 15,
      "마음": 14,
      "광야": 6,
      "얘기": 10,
      "기억": 9,
      "오늘": 13,
      "귀": 6,
      "단어": 6,
      "믿음": 10,
      "이유": 7,
      "말": 11,
      "능력": 8,
      "백성": 6,
      "처음": 7,
      "자리": 7,
      "땅": 7,
      "아내": 5,
      "예배": 6,
      "필요": 5,
      "힘": 5,
      "성경": 5,
      "삶": 5,
      "축복": 5,
      "은혜": 5
    },
    "NNP": {
      "닛시": 11,
      "아말렉": 11,
      "여호수": 9,
      "여호와": 14,
      "모세": 8,
      "여호": 10,
      "가나안": 7,
      "이스라엘": 12
    },
    "VA": {
      "없": 20,
      "젊": 8,
      "그렇": 12,
      "어떻": 10,
      "많": 10,
      "같": 9,
      "이렇": 9,
      "다르": 5,
      "귀하": 6,
      "어렵": 6,
      "좋": 6
    },
    "VV": {
      "있": 72,
      "되": 63,
      "돕": 16,
      "도와주": 14,
      "보": 26,
      "받치": 5,
      "나오": 17,
      "싸우": 8,
      "올라가": 9,
      "알": 15,
      "떨어지": 7,
      "내리": 6,
      "들어가": 8,
      "이기": 5,
      "가지": 8,
      "나가": 6,
      "위하": 7,
      "갖": 6,
      "모르": 7,
      "통하": 6,
      "만나": 6,
      "드리": 5,
      "듣": 5,
      "받": 5
    }
  },
  "tfidf": {
    "MAG": {
      "높이": 0.014437063965433131,
      "마땅히": 0.0084634180490536,
      "다": 0.007626402663242379,
      "없이": 0.007236847630692857,
      "당연히": 0.0068390301697376,
      "사실": 0.005629125799520965,
      "안": 0.005603651315612005,
      "굉장히": 0.004735745115634342,
      "간절히": 0.0043788039662338825,
      "정말": 0.004140891282153477,
      "다시": 0.004116641918682487,
      "더": 0.003924271573187984,
      "그냥": 0.0038519081541651145,
      "이제": 0.0036106798264698824,
      "아주": 0.003187289177118028,
      "잘": 0.0029726416066219157,
      "꼭": 0.002967116532654516,
      "지금": 0.0023469145744390756
    },
    "NNB": {
      "거": 0.013286043371194597,
      "수": 0.012174643157010915,
      "때문": 0.009971253330631775,
      "번": 0.005202393042068752,
      "명": 0.004996232169941901,
      "분": 0.004360301747986649,
      "줄": 0.0032479557915678697,
      "가지": 0.0031166440418895556
    },
    "NNG": {
      "모세": 0.0517702995128763,
      "기도": 0.04631969768390991,
      "손": 0.03704985219813446,
      "전투": 0.02811837473314117,
      "위닝": 0.022551413535071924,
      "팀": 0.020748827123472743,
      "하나님": 0.019355897217887108,
      "아론": 0.017458959127658602,
      "승리": 0.017070274386005967,
      "사람": 0.016792611251049538,
      "세대": 0.015395242285544227,
      "호수아": 0.014338745395757498,
      "다툼": 0.013618402320093818,
      "산꼭대기": 0.013399134373913962,
      "훌": 0.013399134373913962,
      "선수": 0.01247525013666504,
      "말씀": 0.011972768355012927,
      "깃발": 0.01169692988983267,
      "갈등": 0.011684911958703985,
      "모습": 0.01112666343286039,
      "분노": 0.010657242129818133,
      "지팡이": 0.010342771613911474,
      "중요": 0.009765555841244155,
      "수아": 0.009100870638890337,
      "생각": 0.007902842841546303,
      "전쟁": 0.007618417351159615,
      "기본": 0.007470077914658051,
      "앞": 0.006723435836586666,
      "마음": 0.0063992536410042095,
      "광야": 0.0060195078672847435,
      "얘기": 0.005783899510746854,
      "기억": 0.005619805654747467,
      "오늘": 0.005476428802895879,
      "귀": 0.005469068055048181,
      "단어": 0.0051869394445280435,
      "믿음": 0.005085827766751612,
      "이유": 0.0048404887369298145,
      "말": 0.004649889659583064,
      "능력": 0.004478561237558606,
      "백성": 0.004447745364599405,
      "처음": 0.004231506087031337,
      "자리": 0.004226272413397012,
      "땅": 0.00387201979719015,
      "아내": 0.003868001576158883,
      "예배": 0.0031948420813907143,
      "필요": 0.0031221142526374813,
      "힘": 0.0029274079702443457,
      "성경": 0.0024582975403820047,
      "삶": 0.0024158333193435837,
      "축복": 0.0023824698131629236,
      "은혜": 0.0022592743673017506
    },
    "NNP": {
      "닛시": 0.030806602254419953,
      "아말렉": 0.026893807769004654,
      "여호수": 0.015713063214892742,
      "여호와": 0.01569137602283638,
      "모세": 0.012288054114791575,
      "여호": 0.010312493693579831,
      "가나안": 0.008331728088183324,
      "이스라엘": 0.008221233867840145
    },
    "VA": {
      "없": 0.008405951009268458,
      "젊": 0.006882721075550264,
      "그렇": 0.005049364491622724,
      "어떻": 0.004395517136847416,
      "많": 0.004232028581227738,
      "같": 0.0038661077390899066,
      "이렇": 0.0038351557079264755,
      "다르": 0.003345454884019189,
      "귀하": 0.0032833683944959277,
      "어렵": 0.0031313529402562028,
      "좋": 0.002613177003489412
    },
    "VV": {
      "있": 0.030226700251889168,
      "되": 0.02644836272040302,
      "돕": 0.015719874713001254,
      "도와주": 0.011528544423261471,
      "보": 0.0109151973131822,
      "받치": 0.007897373618010142,
      "나오": 0.00731944057061278,
      "싸우": 0.006849847838384309,
      "올라가": 0.00683363968726409,
      "알": 0.006384591025618687,
      "떨어지": 0.005277425086012884,
      "내리": 0.004661834061912736,
      "들어가": 0.004209736022869987,
      "이기": 0.0036858245608935793,
      "가지": 0.0035899609313339784,
      "나가": 0.0032522225054003365,
      "위하": 0.0031702761948100657,
      "갖": 0.0031647654053909213,
      "모르": 0.003116021602082044,
      "통하": 0.003051496660050967,
      "만나": 0.0029192592748985987,
      "드리": 0.0023990852804439086,
      "듣": 0.002379713310591638,
      "받": 0.0021281970085395624
    }
  }
}