{
  "scope": "sermon",
  "idf_scope": "church",
  "church": "X-PQ",
  "sermon": "X-PQ-0535",
  "document_unit": "sermon_json",
  "document_count": 870,
  "min_count": 5,
  "freq": {
    "MAG": {
      "다": 18,
      "잘": 12,
      "굉장히": 7,
      "전혀": 5,
      "안": 6,
      "그냥": 5
    },
    "NNB": {
      "수": 19,
      "대": 7,
      "번": 11,
      "거": 10,
      "때문": 9,
      "명": 5
    },
    "NNG": {
      "집중력": 12,
      "꿈": 23,
      "소망": 32,
      "적": 17,
      "집중": 15,
      "지혜": 18,
      "민장": 5,
      "완수": 6,
      "사람": 32,
      "나팔": 6,
      "하나님": 22,
      "기도": 17,
      "생각": 18,
      "손": 9,
      "오늘": 13,
      "공부": 7,
      "축복": 11,
      "교회": 11,
      "말씀": 11,
      "순간": 6,
      "중요": 9,
      "부모": 6,
      "마음": 9,
      "힘": 6,
      "능력": 6,
      "삶": 6,
      "성경": 5
    },
    "NNP": {
      "느헤미야": 14
    },
    "VA": {
      "없": 24,
      "같": 11,
      "좋": 8,
      "그렇": 7,
      "어떻": 6
    },
    "VV": {
      "있": 51,
      "생기": 20,
      "되": 32,
      "꿈꾸": 9,
      "모이": 13,
      "불": 6,
      "갖": 9,
      "쓰": 9,
      "가지": 10,
      "이기": 6,
      "위하": 9,
      "보": 9,
      "보내": 6,
      "이루": 5,
      "살": 8,
      "주": 8,
      "듣": 6,
      "나오": 6,
      "알": 6,
      "그러": 5
    }
  },
  "tfidf": {
    "MAG": {
      "다": 0.01344640351135703,
      "잘": 0.008984877623314036,
      "굉장히": 0.007306052373990287,
      "전혀": 0.006120465771167538,
      "안": 0.004560005955857585,
      "그냥": 0.004244654525916591
    },
    "NNB": {
      "수": 0.014063656550703183,
      "대": 0.011327179627309865,
      "번": 0.008408160775245832,
      "거": 0.007556494665883224,
      "때문": 0.0068794042706556814,
      "명": 0.004893916041122464
    },
    "NNG": {
      "집중력": 0.043339187733142895,
      "꿈": 0.04330835823257138,
      "소망": 0.042839653879596845,
      "적": 0.037011532251927035,
      "집중": 0.030781973017265596,
      "지혜": 0.028068295293040727,
      "민장": 0.026189840104709688,
      "완수": 0.023856758123112356,
      "사람": 0.023686158401184307,
      "나팔": 0.022785720120964813,
      "하나님": 0.01632166893776198,
      "기도": 0.014166904621008232,
      "생각": 0.013933805809447296,
      "손": 0.010136485507843572,
      "오늘": 0.009655702004809759,
      "공부": 0.009291663562458908,
      "축복": 0.00924137291554329,
      "교회": 0.008360010919072238,
      "말씀": 0.00829307593417703,
      "순간": 0.00825541968680374,
      "중요": 0.008155907363925054,
      "부모": 0.007841990716858462,
      "마음": 0.007253209239497105,
      "힘": 0.006193710541929265,
      "능력": 0.005922242524721281,
      "삶": 0.005111338238350628,
      "성경": 0.00433431883137671
    },
    "NNP": {
      "느헤미야": 0.04675176620550281
    },
    "VA": {
      "없": 0.017785026176826764,
      "같": 0.008331257091835983,
      "좋": 0.0061431903501720005,
      "그렇": 0.005193258298378812,
      "어떻": 0.0046499430732659715
    },
    "VV": {
      "있": 0.03774981495188749,
      "생기": 0.023717623774450948,
      "되": 0.023686158401184307,
      "꿈꾸": 0.022997324033934664,
      "모이": 0.016325512032403604,
      "불": 0.01278738496801221,
      "갖": 0.0083698791957526,
      "쓰": 0.007967177119930951,
      "가지": 0.007911997537414448,
      "이기": 0.0077983426534849794,
      "위하": 0.007186674533608776,
      "보": 0.006661732050333087,
      "보내": 0.0065315739304066325,
      "이루": 0.006471571530358906,
      "살": 0.0061361366988313465,
      "주": 0.006003689444075484,
      "듣": 0.005034916748330968,
      "나오": 0.004554771830678706,
      "알": 0.004502767083056613,
      "그러": 0.003848326818516016
    }
  }
}