{
  "scope": "sermon",
  "idf_scope": "church",
  "church": "X-PQ",
  "sermon": "X-PQ-0192",
  "document_unit": "sermon_json",
  "document_count": 870,
  "min_count": 5,
  "freq": {
    "MAG": {
      "다": 54,
      "안": 35,
      "잘": 20,
      "못": 12,
      "너무": 10,
      "더": 8,
      "지금": 5,
      "이제": 5
    },
    "NNB": {
      "거": 77,
      "수": 36,
      "마리": 12,
      "번": 23,
      "분": 18,
      "줄": 13,
      "때문": 13,
      "명": 5
    },
    "NNG": {
      "기도": 81,
      "본인": 30,
      "하나님": 63,
      "교권": 5,
      "기업": 13,
      "사무엘": 7,
      "나라": 22,
      "아들": 18,
      "통일": 6,
      "길": 20,
      "문제": 18,
      "교단": 7,
      "노인": 6,
      "교회": 21,
      "앞": 18,
      "엄마": 8,
      "전국": 5,
      "집": 14,
      "갈등": 5,
      "해결": 8,
      "여자": 9,
      "학교": 10,
      "딸": 7,
      "고통": 6,
      "가정": 10,
      "마음": 12,
      "교수": 5,
      "대통령": 5,
      "선생": 5,
      "날": 9,
      "전": 10,
      "밥": 5,
      "오늘": 11,
      "산": 5,
      "축복": 9,
      "세계": 6,
      "사람": 9,
      "능력": 6,
      "은혜": 7,
      "자녀": 5,
      "생각": 7,
      "말": 6,
      "말씀": 5
    },
    "NNP": {
      "한나": 16,
      "남북": 6,
      "대한민국": 12,
      "김": 6,
      "누가": 6
    },
    "VA": {
      "없": 41,
      "많": 18,
      "어렵": 14,
      "이렇": 14,
      "그렇": 14,
      "좋": 13,
      "어떻": 12,
      "놀랍": 5,
      "크": 7
    },
    "VV": {
      "되": 93,
      "있": 85,
      "살": 34,
      "주": 24,
      "낳": 9,
      "싸우": 10,
      "받": 20,
      "먹": 16,
      "세우": 12,
      "나가": 14,
      "바치": 6,
      "믿": 17,
      "기르": 7,
      "나오": 16,
      "보내": 11,
      "만들": 12,
      "무너지": 6,
      "살리": 6,
      "가지": 10,
      "이기": 6,
      "그러": 10,
      "알": 10,
      "죽": 7,
      "보": 9,
      "일어나": 6,
      "서": 5,
      "떠나": 5,
      "위하": 7,
      "듣": 6,
      "갖": 5,
      "쓰": 5,
      "드리": 5
    }
  },
  "tfidf": {
    "MAG": {
      "다": 0.01953343133746597,
      "안": 0.01288051861545555,
      "잘": 0.007251236361467899,
      "못": 0.004910110110421376,
      "너무": 0.004054029346544739,
      "더": 0.0029781329788399137,
      "지금": 0.002003709862478092,
      "이제": 0.001926666520307182
    },
    "NNB": {
      "거": 0.028174891419635632,
      "수": 0.012903225806451613,
      "마리": 0.01282645261965788,
      "번": 0.008513091553249063,
      "분": 0.006700799202389806,
      "줄": 0.00514983098011729,
      "때문": 0.004811747399662515,
      "명": 0.00236977798263672
    },
    "NNG": {
      "기도": 0.032686032881753146,
      "본인": 0.03033206544596059,
      "하나님": 0.022632554713257338,
      "교권": 0.012681890315936483,
      "기업": 0.012058121700819152,
      "사무엘": 0.01197755122691383,
      "나라": 0.010850583119656332,
      "아들": 0.009301323826601985,
      "통일": 0.009189536377174243,
      "길": 0.009059913381536017,
      "문제": 0.008728449640904367,
      "교단": 0.008595288847667287,
      "노인": 0.00825336848199608,
      "교회": 0.0077283111692733305,
      "앞": 0.006888268457096532,
      "엄마": 0.006761278637985557,
      "전국": 0.006556932101575612,
      "집": 0.0062822902706678105,
      "갈등": 0.0062350941500073686,
      "해결": 0.0061835523167438925,
      "여자": 0.006157599204473022,
      "학교": 0.006130891689142315,
      "딸": 0.005764014022317991,
      "고통": 0.0052200166126617036,
      "가정": 0.005154624110963482,
      "마음": 0.004682956120698012,
      "교수": 0.004492745139691071,
      "대통령": 0.0043414595808871585,
      "선생": 0.004332945955871749,
      "날": 0.004306759542145321,
      "전": 0.004101253078295866,
      "밥": 0.003972549089481874,
      "오늘": 0.00395625551401924,
      "산": 0.0039043996350208716,
      "축복": 0.0036613181257768284,
      "세계": 0.003327023029636848,
      "사람": 0.0032258064516129032,
      "능력": 0.002867723889210914,
      "은혜": 0.0027004402007447595,
      "자녀": 0.002699361495091181,
      "생각": 0.0026238948932684803,
      "말": 0.0021654031611196205,
      "말씀": 0.001825341412035381
    },
    "NNP": {
      "한나": 0.025872662014801557,
      "남북": 0.009965909163276028,
      "대한민국": 0.008828448496543144,
      "김": 0.006741748362629822,
      "누가": 0.0029413436131727256
    },
    "VA": {
      "없": 0.014712221997619642,
      "많": 0.006503672309989982,
      "어렵": 0.00623801420858207,
      "이렇": 0.005093380029786225,
      "그렇": 0.005029456602946076,
      "좋": 0.004833909145164465,
      "어떻": 0.004503278202137869,
      "놀랍": 0.002944037262971896,
      "크": 0.002691130503334096
    },
    "VV": {
      "되": 0.03333333333333333,
      "있": 0.03046594982078853,
      "살": 0.012628015372944404,
      "주": 0.008721488644027936,
      "낳": 0.007635369661226528,
      "싸우": 0.007310187074834868,
      "받": 0.007267907203356613,
      "먹": 0.00707068317855884,
      "세우": 0.0066969285208644475,
      "나가": 0.006478800245525115,
      "바치": 0.0063953794220554016,
      "믿": 0.0062634415044471765,
      "기르": 0.005938620847620633,
      "나오": 0.0058814783686947985,
      "보내": 0.005798430118266008,
      "만들": 0.005259598133728942,
      "무너지": 0.004931566505206434,
      "살리": 0.004044653803268004,
      "가지": 0.0038312217466117994,
      "이기": 0.003776186711418712,
      "그러": 0.003726945900942751,
      "알": 0.0036339536016783067,
      "죽": 0.0032432570959640646,
      "보": 0.0032258064516129032,
      "일어나": 0.003002843413495678,
      "서": 0.002991618324072471,
      "떠나": 0.0029676698871331036,
      "위하": 0.002706665912558271,
      "듣": 0.0024380546691738845,
      "갖": 0.0022516341683516054,
      "쓰": 0.0021433007345732207,
      "드리": 0.0020482513039488857
    }
  }
}