{
  "scope": "sermon",
  "idf_scope": "church",
  "church": "X-PQ",
  "sermon": "X-PQ-0031",
  "document_unit": "sermon_json",
  "document_count": 870,
  "min_count": 5,
  "freq": {
    "MAG": {
      "다": 20,
      "안": 16,
      "잘": 8
    },
    "NNB": {
      "거": 25,
      "수": 13,
      "때문": 10,
      "분": 8,
      "장": 5,
      "번": 5
    },
    "NNG": {
      "알곡": 25,
      "신중": 15,
      "하나님": 53,
      "악": 22,
      "잡초": 8,
      "가라지": 6,
      "라지": 6,
      "농부": 6,
      "지": 14,
      "변화": 12,
      "추수": 7,
      "천국": 11,
      "선": 8,
      "지혜": 8,
      "사람": 15,
      "이해": 8,
      "생각": 11,
      "가능": 5,
      "은혜": 10,
      "말씀": 10,
      "집사": 5,
      "문제": 7,
      "설교": 6,
      "필요": 6,
      "애": 5,
      "주": 8,
      "오늘": 8,
      "아들": 5,
      "성경": 6,
      "교회": 6,
      "곳": 5,
      "삶": 5,
      "세상": 5
    },
    "NNP": {
      "예수": 14,
      "멘": 8
    },
    "VA": {
      "없": 14,
      "같": 7,
      "그렇": 7,
      "많": 6,
      "좋": 5,
      "이렇": 5
    },
    "VV": {
      "가라": 14,
      "있": 67,
      "뿌리": 7,
      "기다리": 10,
      "되": 19,
      "뽑": 5,
      "알": 13,
      "당하": 8,
      "죽이": 5,
      "모르": 7,
      "치": 5,
      "살": 7,
      "대하": 6,
      "그러": 6,
      "받": 5
    }
  },
  "tfidf": {
    "MAG": {
      "다": 0.015707817677339687,
      "안": 0.01278457700931486,
      "잘": 0.0062975718127612264
    },
    "NNB": {
      "거": 0.019861525863051045,
      "수": 0.010116731517509728,
      "때문": 0.008036381469654843,
      "분": 0.006466140864562926,
      "장": 0.005433160261772336,
      "번": 0.004018190734827422
    },
    "NNG": {
      "알곡": 0.10841278987385766,
      "신중": 0.07451378539765695,
      "하나님": 0.041339952633553986,
      "악": 0.038976476060126844,
      "잡초": 0.031110059172686205,
      "가라지": 0.02876359874436608,
      "라지": 0.02876359874436608,
      "농부": 0.0208893623852833,
      "지": 0.020642768438915653,
      "변화": 0.020241461378734338,
      "추수": 0.01950187598737941,
      "천국": 0.018681966150174933,
      "선": 0.013180717799743828,
      "지혜": 0.013115526827807358,
      "사람": 0.011673151750972763,
      "이해": 0.011389701006269706,
      "생각": 0.008952455172252325,
      "가능": 0.00840533144617721,
      "은혜": 0.008376017965622989,
      "말씀": 0.007926385275608891,
      "집사": 0.007787241171434749,
      "문제": 0.007369936078117694,
      "설교": 0.006953678464866808,
      "필요": 0.006944942707968076,
      "애": 0.006785120634347036,
      "주": 0.006466140864562926,
      "오늘": 0.006247161165398616,
      "아들": 0.0056097478331646215,
      "성경": 0.005468325050138461,
      "교회": 0.0047942163784930715,
      "곳": 0.004735930310575535,
      "삶": 0.004478221763950518,
      "세상": 0.004385817803444539
    },
    "NNP": {
      "예수": 0.011659130672117934,
      "멘": 0.008693056418835738
    },
    "VA": {
      "없": 0.010907457364088892,
      "같": 0.005574014737707316,
      "그렇": 0.0054599937440543,
      "많": 0.004706937936412983,
      "좋": 0.004036697550137341,
      "이렇": 0.003949563725153854
    },
    "VV": {
      "가라": 0.061994401628340336,
      "있": 0.052140077821011675,
      "뿌리": 0.016290762168238763,
      "기다리": 0.015871923687773758,
      "되": 0.014785992217898832,
      "뽑": 0.011702210280368663,
      "알": 0.01025708148893947,
      "당하": 0.010213800882751489,
      "죽이": 0.0070174911973883685,
      "모르": 0.005776158331641579,
      "치": 0.00572969905415785,
      "살": 0.005644887622650588,
      "대하": 0.0055452926286054935,
      "그러": 0.004855180885741763,
      "받": 0.003945031341899796
    }
  }
}