{
  "scope": "sermon",
  "idf_scope": "church",
  "church": "X-PQ",
  "sermon": "X-PQ-0328",
  "document_unit": "sermon_json",
  "document_count": 870,
  "min_count": 5,
  "freq": {
    "MAG": {
      "가득": 7,
      "안": 9,
      "아무리": 5,
      "다": 7,
      "정말": 5,
      "다시": 5,
      "많이": 5,
      "더": 5
    },
    "NNB": {
      "거": 18,
      "수": 9,
      "중": 7,
      "때문": 8,
      "분": 6,
      "줄": 5,
      "번": 5
    },
    "NNG": {
      "기쁨": 33,
      "예배": 46,
      "도파민": 9,
      "하나님": 53,
      "찬양": 20,
      "구별": 8,
      "거룩": 5,
      "중독": 6,
      "말씀": 21,
      "성경": 18,
      "안": 16,
      "목적": 6,
      "봉사": 5,
      "얘기": 8,
      "자리": 7,
      "소리": 5,
      "영광": 5,
      "말": 8,
      "세상": 7,
      "가운데": 6,
      "생각": 7,
      "오늘": 6,
      "사람": 6,
      "사랑": 5
    },
    "NNP": {
      "루이스": 5
    },
    "VA": {
      "없": 12,
      "기쁘": 5,
      "많": 5
    },
    "VV": {
      "읽": 35,
      "있": 35,
      "기뻐하": 17,
      "보": 15,
      "좋아하": 9,
      "되": 14,
      "먹": 11,
      "알": 13,
      "드리": 10,
      "받": 10,
      "향하": 5,
      "믿": 7,
      "그러": 6,
      "주": 6,
      "만나": 5
    }
  },
  "tfidf": {
    "MAG": {
      "가득": 0.012864161747802685,
      "안": 0.007687896896460397,
      "아무리": 0.0063536552054797735,
      "다": 0.005877363561051186,
      "정말": 0.005128745338024949,
      "다시": 0.005098711028651041,
      "많이": 0.0043552919384236876,
      "더": 0.004320398820176455
    },
    "NNB": {
      "거": 0.015287756845669572,
      "수": 0.0074875207986688855,
      "중": 0.007439113970735624,
      "때문": 0.006873045050586671,
      "분": 0.005184478584211746,
      "줄": 0.0045974748606576335,
      "번": 0.004295653156616669
    },
    "NNG": {
      "기쁨": 0.051107694073675436,
      "예배": 0.048539272953708176,
      "도파민": 0.044759519607836966,
      "하나님": 0.04419454170891587,
      "찬양": 0.03066083112948572,
      "구별": 0.022463845738303255,
      "거룩": 0.02053422892178156,
      "중독": 0.01869030092903837,
      "말씀": 0.01779480088704708,
      "성경": 0.01753776461587668,
      "안": 0.015125770962690532,
      "목적": 0.011531063873752133,
      "봉사": 0.009735009766630873,
      "얘기": 0.009169549839999338,
      "자리": 0.008375192087114543,
      "소리": 0.007858190476089029,
      "영광": 0.007213646191047199,
      "말": 0.0067015804986397575,
      "세상": 0.00656413163760127,
      "가운데": 0.0061112761223864375,
      "생각": 0.006090404951929334,
      "오늘": 0.005008903139062325,
      "사람": 0.004991680532445923,
      "사랑": 0.004969077105877214
    },
    "NNP": {
      "루이스": 0.01985819344134156
    },
    "VA": {
      "없": 0.009994829602700898,
      "기쁘": 0.008337982005273121,
      "많": 0.0041932995343113445
    },
    "VV": {
      "읽": 0.04031253346498936,
      "있": 0.029118136439267885,
      "기뻐하": 0.025255405020640855,
      "보": 0.012479201331114808,
      "좋아하": 0.012349501681459213,
      "되": 0.011647254575707155,
      "먹": 0.011283239743654888,
      "알": 0.010965349179107502,
      "드리": 0.009508521028315125,
      "받": 0.008434883983928847,
      "향하": 0.006708248715752693,
      "믿": 0.0059863469013337256,
      "그러": 0.005190438800481002,
      "주": 0.005060930390357309,
      "만나": 0.0048209065396619954
    }
  }
}