{
  "scope": "sermon",
  "idf_scope": "church",
  "church": "X-PQ",
  "sermon": "X-PQ-0368",
  "document_unit": "sermon_json",
  "document_count": 870,
  "min_count": 5,
  "freq": {
    "MAG": {
      "많이": 28,
      "적당히": 7,
      "잘": 16,
      "안": 14,
      "더": 12,
      "그냥": 9,
      "정말": 8,
      "먼저": 6,
      "다": 9,
      "너무": 8,
      "열심히": 5,
      "못": 7,
      "아무리": 5,
      "다시": 6,
      "이제": 6,
      "지금": 5
    },
    "NNB": {
      "점": 10,
      "수": 30,
      "거": 29,
      "때문": 14,
      "분": 8,
      "번": 8,
      "중": 6
    },
    "NNG": {
      "은혜": 138,
      "용서": 48,
      "사람": 71,
      "하나님": 49,
      "송이": 6,
      "말씀": 29,
      "삶": 23,
      "마음": 24,
      "이야기": 20,
      "형": 9,
      "모습": 16,
      "남자": 12,
      "복수": 5,
      "생각": 20,
      "말": 20,
      "자유": 8,
      "얘기": 14,
      "눈": 11,
      "죄": 10,
      "천국": 8,
      "칼": 6,
      "안": 15,
      "유대인": 7,
      "뜻": 10,
      "오늘": 14,
      "은": 6,
      "집": 11,
      "끝": 9,
      "표현": 7,
      "문": 6,
      "선": 6,
      "축복": 11,
      "여자": 6,
      "남": 7,
      "공부": 6,
      "길": 8,
      "자리": 7,
      "정도": 7,
      "설교": 6,
      "백성": 5,
      "힘": 6,
      "교회": 8,
      "아버지": 5,
      "기억": 5,
      "가정": 5,
      "마지막": 5,
      "지금": 5,
      "목사": 6,
      "중요": 5,
      "곳": 5,
      "성경": 5,
      "전": 5,
      "앞": 5,
      "주": 5
    },
    "NNP": {
      "요셉": 31,
      "베드로": 17,
      "혜": 6
    },
    "VA": {
      "좋": 34,
      "이렇": 18,
      "없": 16,
      "어떻": 13,
      "짧": 5,
      "그렇": 12,
      "같": 10,
      "어렵": 5,
      "많": 6
    },
    "VV": {
      "있": 64,
      "받": 60,
      "되": 55,
      "보": 22,
      "살": 20,
      "먹": 16,
      "드리": 17,
      "나오": 17,
      "듣": 15,
      "갖": 12,
      "만나": 13,
      "말미암": 6,
      "죽": 10,
      "들어가": 10,
      "입": 7,
      "행하": 6,
      "대하": 9,
      "보이": 9,
      "나아가": 5,
      "묻": 5,
      "바라보": 5,
      "모르": 7,
      "믿": 7,
      "주": 7,
      "맞": 5
    }
  },
  "tfidf": {
    "MAG": {
      "많이": 0.01114266100186907,
      "적당히": 0.00940659380683645,
      "잘": 0.006151561975977328,
      "안": 0.005463572320352867,
      "더": 0.004737167053000775,
      "그냥": 0.003923280454627125,
      "정말": 0.003748993931618997,
      "먼저": 0.0036393520477778023,
      "다": 0.0034523168270321836,
      "너무": 0.0034392221594404626,
      "열심히": 0.0032242444750134884,
      "못": 0.003037325809468182,
      "아무리": 0.0029027341531686385,
      "다시": 0.0027952796608613694,
      "이제": 0.0024517215925459693,
      "지금": 0.0021248006523427888
    },
    "NNB": {
      "점": 0.015416457279164556,
      "수": 0.011402508551881414,
      "거": 0.011252599943543856,
      "때문": 0.005495040009087442,
      "분": 0.003158111368667183,
      "번": 0.0031400228623356817,
      "중": 0.0029131177692862747
    },
    "NNG": {
      "은혜": 0.05645455210353191,
      "용서": 0.04848627937962983,
      "사람": 0.026985936906119345,
      "하나님": 0.018666911337046153,
      "송이": 0.012467632574363643,
      "말씀": 0.01122678629021533,
      "삶": 0.010061105604983472,
      "마음": 0.009931925181868076,
      "이야기": 0.00988515134972809,
      "형": 0.009553848008319024,
      "모습": 0.009481060584281869,
      "남자": 0.009214362558468643,
      "복수": 0.00806400884119411,
      "생각": 0.00794990145215731,
      "말": 0.007654218699510631,
      "자유": 0.007380639224287927,
      "얘기": 0.007331109117612545,
      "눈": 0.006707132401684497,
      "죄": 0.006664708541064802,
      "천국": 0.006635935593925514,
      "칼": 0.006635871316968827,
      "안": 0.00647846946164268,
      "유대인": 0.006180285912696066,
      "뜻": 0.005746766966818184,
      "오늘": 0.0053395300914823775,
      "은": 0.005327069494408809,
      "집": 0.00523438910807393,
      "끝": 0.0051984038811619835,
      "표현": 0.005132269949203242,
      "문": 0.004860404350099788,
      "선": 0.004828170573737405,
      "축복": 0.004745380010984031,
      "여자": 0.004353148810459834,
      "남": 0.0043361086934183704,
      "공부": 0.004089603346760705,
      "길": 0.003842973521016418,
      "자리": 0.0038262945225053897,
      "정도": 0.0035393543292538306,
      "설교": 0.003396228364634682,
      "백성": 0.0033556725764841574,
      "힘": 0.0031804268119142677,
      "교회": 0.0031220413259159243,
      "아버지": 0.0029743143562976295,
      "기억": 0.0028266347965725885,
      "가정": 0.0027330675160752785,
      "마지막": 0.0027229499158229983,
      "지금": 0.0024771897617158556,
      "목사": 0.002460204559712519,
      "중요": 0.002326667268183358,
      "곳": 0.002313063644655858,
      "성경": 0.0022256422429456236,
      "전": 0.002174552658389484,
      "앞": 0.00202904144973387,
      "주": 0.0019738196054169895
    },
    "NNP": {
      "요셉": 0.03315403363617959,
      "베드로": 0.016868100919743653,
      "혜": 0.00585093566653525
    },
    "VA": {
      "좋": 0.01340656145689855,
      "이렇": 0.006944386846279639,
      "없": 0.006088323923702764,
      "어떻": 0.005173378322296355,
      "짧": 0.004576871552913488,
      "그렇": 0.00457148849070518,
      "같": 0.0038891290318476953,
      "어렵": 0.0023624992726752423,
      "많": 0.0022989035531321487
    },
    "VV": {
      "있": 0.024325351577347016,
      "받": 0.023121392357314655,
      "되": 0.02090459901178259,
      "보": 0.008361839604713038,
      "살": 0.007877157620791666,
      "먹": 0.007497987863237994,
      "드리": 0.007384915191660633,
      "나오": 0.00662672270589116,
      "듣": 0.006463485867536239,
      "갖": 0.005730498818427346,
      "만나": 0.00572645272434499,
      "말미암": 0.005126980750262843,
      "죽": 0.0049132254426561,
      "들어가": 0.004764153936942374,
      "입": 0.004588543002552427,
      "행하": 0.004500762203163355,
      "대하": 0.004062543345358073,
      "보이": 0.004001498783259976,
      "나아가": 0.003638483570220592,
      "묻": 0.003595412761445959,
      "바라보": 0.0035120934192487403,
      "모르": 0.0028211187594676655,
      "믿": 0.00273492549426193,
      "주": 0.0026974957750200428,
      "맞": 0.0026896083923511065
    }
  }
}