{
  "scope": "sermon",
  "idf_scope": "church",
  "church": "X-PQ",
  "sermon": "X-PQ-0367",
  "document_unit": "sermon_json",
  "document_count": 870,
  "min_count": 5,
  "freq": {
    "MAG": {
      "거꾸로": 7,
      "잘": 23,
      "다": 19,
      "다시": 15,
      "더": 14,
      "안": 11,
      "분명히": 6,
      "지금": 8,
      "절대로": 6,
      "그냥": 7,
      "이제": 6,
      "못": 5,
      "많이": 5
    },
    "NNB": {
      "거": 27,
      "수": 23,
      "줄": 11,
      "적": 7,
      "때문": 10,
      "분": 8,
      "중": 6,
      "번": 6
    },
    "NNG": {
      "방향": 26,
      "하나님": 67,
      "북쪽": 15,
      "남쪽": 11,
      "사람": 41,
      "고백": 19,
      "모세": 13,
      "전환": 7,
      "힘": 20,
      "북": 6,
      "부대": 7,
      "회개": 10,
      "조심": 9,
      "말씀": 24,
      "말": 24,
      "해": 12,
      "올해": 8,
      "부족": 13,
      "은혜": 22,
      "애굽": 8,
      "삶": 18,
      "믿음": 15,
      "내년": 5,
      "소망": 10,
      "마무리": 5,
      "뒤": 10,
      "목표": 5,
      "땅": 13,
      "생각": 16,
      "정체": 5,
      "꿈": 6,
      "축복": 13,
      "광야": 6,
      "약속": 6,
      "돈": 9,
      "실패": 5,
      "발": 5,
      "오늘": 11,
      "지역": 5,
      "마지막": 7,
      "마음": 8,
      "복": 6,
      "얘기": 6,
      "나중": 5,
      "앞": 7,
      "교회": 7,
      "능력": 5,
      "중요": 5,
      "곳": 5,
      "성경": 5
    },
    "NNP": {
      "에돔": 13,
      "세일산": 7,
      "가나안": 10,
      "이스라엘": 17,
      "멘": 5
    },
    "VA": {
      "없": 33,
      "그렇": 10,
      "좋": 8,
      "크": 7,
      "많": 7,
      "같": 6,
      "이렇": 6
    },
    "VV": {
      "있": 73,
      "되": 57,
      "보": 32,
      "돌아보": 11,
      "주": 25,
      "바꾸": 13,
      "꿈꾸": 6,
      "지나가": 11,
      "살": 17,
      "갖": 13,
      "들어가": 12,
      "빼앗": 5,
      "향하": 9,
      "나아가": 7,
      "기뻐하": 7,
      "믿": 12,
      "싸우": 6,
      "먹": 7,
      "쓰": 7,
      "돌아가": 5,
      "알": 8,
      "가지": 7,
      "맞": 5,
      "나오": 6
    }
  },
  "tfidf": {
    "MAG": {
      "거꾸로": 0.013260254538238567,
      "잘": 0.010386424940075783,
      "다": 0.00856041001321983,
      "다시": 0.008208014272015918,
      "더": 0.006491399227315124,
      "안": 0.005042131585565444,
      "분명히": 0.004776401709557318,
      "지금": 0.00399310751165277,
      "절대로": 0.0038002399825118657,
      "그냥": 0.0035840801653208216,
      "이제": 0.0028796783526734127,
      "못": 0.0025482156265021643,
      "많이": 0.0023370807633862826
    },
    "NNB": {
      "거": 0.012305279282474215,
      "수": 0.010267857142857143,
      "줄": 0.005427483268537074,
      "적": 0.0050395718477092115,
      "때문": 0.004610156334154675,
      "분": 0.0037093709870372137,
      "중": 0.003421612879907227,
      "번": 0.002766093800492805
    },
    "NNG": {
      "방향": 0.032417684863942024,
      "하나님": 0.029979474578721618,
      "북쪽": 0.02971498303578548,
      "남쪽": 0.02069519333437231,
      "사람": 0.01830357142857143,
      "고백": 0.015929445328351742,
      "모세": 0.01431356334567614,
      "전환": 0.014098579496346943,
      "힘": 0.012451938902003627,
      "북": 0.011885993214314192,
      "부대": 0.011872968947813691,
      "회개": 0.011578090376244079,
      "조심": 0.01136249820901285,
      "말씀": 0.010912934013382957,
      "말": 0.01078834789200668,
      "해": 0.01070464743065618,
      "올해": 0.01068042315621776,
      "부족": 0.010602211527872957,
      "은혜": 0.01057098338786437,
      "애굽": 0.009999388133130364,
      "삶": 0.009248327625015668,
      "믿음": 0.00811234937973371,
      "내년": 0.008094882255493237,
      "소망": 0.008074270701916202,
      "마무리": 0.008025122113743004,
      "뒤": 0.007784714299228519,
      "목표": 0.007646956595979506,
      "땅": 0.0076467452193743745,
      "생각": 0.007470068114509244,
      "정체": 0.0071315424070292855,
      "꿈": 0.0068140052762659855,
      "축복": 0.00658710359235742,
      "광야": 0.00640110166958583,
      "약속": 0.006376527447417862,
      "돈": 0.005961069170130688,
      "실패": 0.0055614449054062175,
      "발": 0.005214107083255051,
      "오늘": 0.004927657537550749,
      "지역": 0.004871413657259494,
      "마지막": 0.004477550767831444,
      "마음": 0.0038885260645081703,
      "복": 0.0037909069715763005,
      "얘기": 0.0036903344556961626,
      "나중": 0.0034007482396672764,
      "앞": 0.003336505033906133,
      "교회": 0.003208629190814374,
      "능력": 0.002976543768935435,
      "중요": 0.002732795349370721,
      "곳": 0.0027168171647721263,
      "성경": 0.002614136045174078
    },
    "NNP": {
      "에돔": 0.02864891617247845,
      "세일산": 0.01925063770130751,
      "가나안": 0.012657000195186655,
      "이스라엘": 0.012385068610279718,
      "멘": 0.0031167905965970764
    },
    "VA": {
      "없": 0.014749066630235633,
      "그렇": 0.004474548444585316,
      "좋": 0.0037051116799474877,
      "크": 0.0033518991537063074,
      "많": 0.0031502162751513977,
      "같": 0.002740794236461952,
      "이렇": 0.002718851457226448
    },
    "VV": {
      "있": 0.032589285714285716,
      "되": 0.02544642857142857,
      "보": 0.014285714285714285,
      "돌아보": 0.012336434220121399,
      "주": 0.011315547487368835,
      "바꾸": 0.011280064421043163,
      "꿈꾸": 0.009246840705311229,
      "지나가": 0.009009922139983063,
      "살": 0.007864322073775644,
      "갖": 0.007291676007688636,
      "들어가": 0.006714904825765386,
      "빼앗": 0.006694101233006334,
      "향하": 0.00647944951848327,
      "나아가": 0.005983031420781487,
      "기뻐하": 0.005580330300516602,
      "믿": 0.005506828297502402,
      "싸우": 0.005463059447889986,
      "먹": 0.0038529699351912434,
      "쓰": 0.003737380655912054,
      "돌아가": 0.0036523302094996746,
      "알": 0.003620975195958027,
      "가지": 0.003340346460327163,
      "맞": 0.0031590891429802504,
      "나오": 0.0027470967603780948
    }
  }
}