{
  "scope": "sermon",
  "idf_scope": "church",
  "church": "O-Sg",
  "sermon": "O-Sg-0435",
  "document_unit": "sermon_json",
  "document_count": 819,
  "min_count": 5,
  "freq": {
    "MAG": {
      "이제": 12,
      "아직": 6,
      "안": 6,
      "다": 6
    },
    "NNB": {
      "수": 29,
      "분": 15,
      "거": 10,
      "번": 10,
      "명": 5,
      "절": 6
    },
    "NNG": {
      "복음": 56,
      "핍박": 30,
      "하나님": 56,
      "사람": 52,
      "사울": 11,
      "인종": 8,
      "선교": 15,
      "고난": 17,
      "무명": 6,
      "미움": 8,
      "말씀": 27,
      "교인": 8,
      "머릿돌": 5,
      "지역": 13,
      "집사": 7,
      "외국인": 5,
      "교회": 18,
      "사명": 9,
      "땅끝": 7,
      "출신": 6,
      "초월": 5,
      "옥": 5,
      "감당": 10,
      "순교": 6,
      "마음": 18,
      "주": 18,
      "전도": 7,
      "십자가": 12,
      "영혼": 10,
      "유대인": 8,
      "한계": 5,
      "사건": 10,
      "선물": 6,
      "이름": 13,
      "말": 13,
      "가운데": 11,
      "제자": 6,
      "성도": 8,
      "가정": 5,
      "성경": 7,
      "믿음": 6,
      "구원": 5,
      "역사": 5,
      "시작": 6,
      "절": 6,
      "기도": 5
    },
    "NNP": {
      "예루살렘": 18,
      "안디옥": 9,
      "스데반": 6,
      "예수": 25,
      "안디": 5,
      "바": 7,
      "베드로": 8,
      "한국": 5,
      "그리스도": 5
    },
    "VA": {
      "없": 17,
      "이렇": 16,
      "많": 14,
      "엄청나": 6,
      "크": 10,
      "그렇": 6,
      "어떻": 5
    },
    "VV": {
      "되": 65,
      "있": 56,
      "흩어지": 14,
      "전하": 24,
      "잃어버리": 9,
      "뛰어넘": 7,
      "이기": 10,
      "보": 17,
      "먹": 10,
      "믿": 14,
      "통하": 14,
      "가지": 13,
      "의하": 7,
      "데리": 5,
      "나오": 10,
      "알": 10,
      "받": 10,
      "일어나": 9,
      "듣": 8,
      "생기": 5,
      "이루어지": 5,
      "읽": 7,
      "그러": 6,
      "향하": 5,
      "보이": 5
    }
  },
  "tfidf": {
    "MAG": {
      "이제": 0.006516251167367814,
      "아직": 0.005194563845419114,
      "안": 0.0035026141566702374,
      "다": 0.0031795044671960116
    },
    "NNB": {
      "수": 0.014743263853584139,
      "분": 0.007852352473924115,
      "거": 0.005325112352379195,
      "번": 0.005127469398629833,
      "명": 0.003956714909898816,
      "절": 0.003210710165978364
    },
    "NNG": {
      "복음": 0.0402048404362808,
      "핍박": 0.03444228601971426,
      "하나님": 0.028469750889679714,
      "사람": 0.026436197254702594,
      "사울": 0.01889388967955854,
      "인종": 0.017133896405864033,
      "선교": 0.01699541497394235,
      "고난": 0.016379234744974554,
      "무명": 0.015465928858087567,
      "미움": 0.015130941713041279,
      "말씀": 0.013760007167615608,
      "교인": 0.0134319678413586,
      "머릿돌": 0.013280116142527448,
      "지역": 0.012807433565158963,
      "집사": 0.012419205107054064,
      "외국인": 0.011626360255030882,
      "교회": 0.010904623900472003,
      "사명": 0.010830061410595521,
      "땅끝": 0.010310035533401712,
      "출신": 0.010149296509154297,
      "초월": 0.009920289401342092,
      "옥": 0.009809752767026537,
      "감당": 0.00980457968716812,
      "순교": 0.009530259872662105,
      "마음": 0.009515258010781675,
      "주": 0.009376953241803095,
      "전도": 0.008633810005410355,
      "십자가": 0.008470987570967257,
      "영혼": 0.008401221794761942,
      "유대인": 0.008336846464661629,
      "한계": 0.00776650734646867,
      "사건": 0.00753821896782325,
      "선물": 0.006995029805959976,
      "이름": 0.006649471759647518,
      "말": 0.006633273101259709,
      "가운데": 0.0057233743391404855,
      "제자": 0.005673552293781717,
      "성도": 0.005567646310241166,
      "가정": 0.004224535234397612,
      "성경": 0.003928848467295719,
      "믿음": 0.0034428018392679708,
      "구원": 0.0033743983804072203,
      "역사": 0.0031560895123384477,
      "시작": 0.0031218405486220834,
      "절": 0.003110437430846972,
      "기도": 0.0025762720467712437
    },
    "NNP": {
      "예루살렘": 0.01832206068081831,
      "안디옥": 0.01702230942717144,
      "스데반": 0.015691982662318544,
      "예수": 0.012756294425499439,
      "안디": 0.011518176181775173,
      "바": 0.009978752889038682,
      "베드로": 0.009685523829054268,
      "한국": 0.005795522906212145,
      "그리스도": 0.002999200564301153
    },
    "VA": {
      "없": 0.008663708216646865,
      "이렇": 0.008144140367302323,
      "많": 0.007311001728174307,
      "엄청나": 0.006027340305116076,
      "크": 0.005667976006652365,
      "그렇": 0.003080235892516383,
      "어떻": 0.002611072045776538
    },
    "VV": {
      "되": 0.03304524656837824,
      "있": 0.028469750889679714,
      "흩어지": 0.020976017120715607,
      "전하": 0.017007987864597424,
      "잃어버리": 0.009919861289221583,
      "뛰어넘": 0.009675700190318727,
      "이기": 0.009574500421341375,
      "보": 0.008653149140258717,
      "먹": 0.007956882085066867,
      "믿": 0.007519155237757663,
      "통하": 0.007187217082538226,
      "가지": 0.006797074529275592,
      "의하": 0.006478385700802198,
      "데리": 0.006141330746145922,
      "나오": 0.005443500513938883,
      "알": 0.005171431610328778,
      "받": 0.0051212200013002465,
      "일어나": 0.004977675748066841,
      "듣": 0.0043654612488933505,
      "생기": 0.00424262742496412,
      "이루어지": 0.0036609254106559157,
      "읽": 0.0036332726915001322,
      "그러": 0.0032700955027163453,
      "향하": 0.003195870324913759,
      "보이": 0.0027184252832530833
    }
  }
}