{
  "scope": "sermon",
  "idf_scope": "church",
  "church": "O-Sg",
  "sermon": "O-Sg-0338",
  "document_unit": "sermon_json",
  "document_count": 819,
  "min_count": 5,
  "freq": {
    "MAG": {
      "다시": 14,
      "더": 8,
      "먼저": 6
    },
    "NNB": {
      "수": 21,
      "때문": 19,
      "번": 9,
      "절": 5
    },
    "NNG": {
      "앉은뱅이": 24,
      "하나님": 58,
      "기적": 23,
      "사람": 44,
      "회개": 22,
      "정상": 12,
      "말": 38,
      "능력": 28,
      "새날": 6,
      "온전": 6,
      "십자가": 18,
      "믿음": 22,
      "본래": 7,
      "위기": 8,
      "복음": 13,
      "이름": 18,
      "예언자": 6,
      "말씀": 17,
      "주목": 7,
      "주": 15,
      "단계": 5,
      "축원": 9,
      "회복": 8,
      "성도": 10,
      "죽음": 8,
      "고백": 10,
      "사건": 9,
      "창조": 7,
      "멸망": 5,
      "가운데": 12,
      "구원": 9,
      "변화": 8,
      "날": 9,
      "영광": 7,
      "반응": 5,
      "순간": 7,
      "죄": 8,
      "시작": 10,
      "생각": 10,
      "삶": 9,
      "땅": 8,
      "사랑": 8,
      "모습": 6,
      "의미": 6,
      "은혜": 6,
      "사실": 5,
      "자리": 5,
      "경험": 5,
      "축복": 5,
      "전": 5,
      "안": 5,
      "앞": 5
    },
    "NNP": {
      "베드로": 22,
      "예수": 49,
      "요한": 7,
      "그리스도": 15
    },
    "VA": {
      "새롭": 34,
      "없": 10,
      "그렇": 9,
      "같": 8,
      "어떻": 5
    },
    "VV": {
      "되": 48,
      "걷": 13,
      "있": 25,
      "일어나": 19,
      "인하": 12,
      "통하": 15,
      "열리": 6,
      "대하": 10,
      "위하": 10,
      "세우": 6,
      "죽": 7,
      "행하": 6,
      "믿": 7,
      "알": 7,
      "읽": 5,
      "받": 5
    }
  },
  "tfidf": {
    "MAG": {
      "다시": 0.009208915579746754,
      "더": 0.005110308876860044,
      "먼저": 0.004581092341608618
    },
    "NNB": {
      "수": 0.013043478260869565,
      "때문": 0.011902417008384644,
      "번": 0.005637987003971673,
      "절": 0.0032688752052171025
    },
    "NNG": {
      "앉은뱅이": 0.07455285673276157,
      "하나님": 0.03602484472049689,
      "기적": 0.029789811915299433,
      "사람": 0.02732919254658385,
      "회개": 0.026227063183815524,
      "정상": 0.026010906596885906,
      "말": 0.023688993369649223,
      "능력": 0.022911082206359942,
      "새날": 0.01917150925265874,
      "온전": 0.01593285889108007,
      "십자가": 0.015524005483316084,
      "믿음": 0.015422754326343909,
      "본래": 0.013202067416506055,
      "위기": 0.011857363285067781,
      "복음": 0.0114028169342961,
      "이름": 0.011248504401437173,
      "예언자": 0.010648226371448502,
      "말씀": 0.010584791342946822,
      "주목": 0.010168114400567982,
      "주": 0.009546825583140107,
      "단계": 0.009316068754490573,
      "축원": 0.00866576432664428,
      "회복": 0.00851106708889082,
      "성도": 0.008502764202053084,
      "죽음": 0.008486407266072788,
      "고백": 0.008383419078173424,
      "사건": 0.008288763378097827,
      "창조": 0.0078789150983546,
      "멸망": 0.007696260010570535,
      "가운데": 0.007628149514459177,
      "구원": 0.007420742177434662,
      "변화": 0.0074171341076940825,
      "날": 0.007081290412491243,
      "영광": 0.0067125499392473,
      "반응": 0.006672741333052083,
      "순간": 0.0064986793123309,
      "죄": 0.006471673809634705,
      "시작": 0.006356791262049314,
      "생각": 0.006325851321985934,
      "삶": 0.005798411523711233,
      "땅": 0.005733900364957187,
      "사랑": 0.005326938181236481,
      "모습": 0.004507517886717185,
      "의미": 0.004496326562767733,
      "은혜": 0.004435367896836907,
      "사실": 0.004345919447303671,
      "자리": 0.004029459852634787,
      "경험": 0.003822343782763135,
      "축복": 0.003793851930974187,
      "전": 0.0035881084976164216,
      "안": 0.0034454467113213105,
      "앞": 0.003300974613076302
    },
    "NNP": {
      "베드로": 0.032541254516963845,
      "예수": 0.03054633355560031,
      "요한": 0.01167575573657401,
      "그리스도": 0.0109927220682864
    },
    "VA": {
      "새롭": 0.03013619762379996,
      "없": 0.0062263478487922476,
      "그렇": 0.005644867081285459,
      "같": 0.005129047846018202,
      "어떻": 0.0031900488907095964
    },
    "VV": {
      "되": 0.02981366459627329,
      "걷": 0.017569498801180198,
      "있": 0.015527950310559006,
      "일어나": 0.012838555951173364,
      "인하": 0.009695221484711556,
      "통하": 0.00940811180214243,
      "열리": 0.0063740414098569535,
      "대하": 0.006372319220447355,
      "위하": 0.006279728485359539,
      "세우": 0.0054529102165592645,
      "죽": 0.005298177416329529,
      "행하": 0.005201576250861628,
      "믿": 0.004593223090891095,
      "알": 0.00442269825109422,
      "읽": 0.003170651013389867,
      "받": 0.00312839743557689
    }
  }
}