{
  "scope": "sermon",
  "idf_scope": "church",
  "church": "O-Sg",
  "sermon": "O-Sg-0113",
  "document_unit": "sermon_json",
  "document_count": 819,
  "min_count": 5,
  "freq": {
    "MAG": {
      "안": 19,
      "정말": 14,
      "대충": 5,
      "그냥": 16,
      "다시": 12,
      "이제": 11,
      "잘": 10,
      "가장": 8,
      "많이": 6,
      "더": 6
    },
    "NNB": {
      "수": 39,
      "번": 21,
      "거": 19,
      "씨": 5,
      "분": 16
    },
    "NNG": {
      "하나님": 102,
      "요나": 16,
      "팀장": 12,
      "사람": 73,
      "말씀": 68,
      "성읍": 15,
      "자매": 17,
      "언니": 7,
      "베옷": 6,
      "니느웨": 6,
      "모습": 26,
      "순종": 19,
      "웨": 5,
      "조언": 7,
      "물고기": 8,
      "목욕탕": 5,
      "업무": 5,
      "변화": 16,
      "생각": 23,
      "선포": 14,
      "전화": 6,
      "회개": 11,
      "말": 20,
      "완벽": 7,
      "절": 19,
      "직장": 7,
      "처음": 12,
      "왕": 9,
      "신실": 6,
      "마음": 14,
      "삶": 14,
      "시작": 14,
      "기도": 13,
      "오늘": 13,
      "자리": 10,
      "기회": 6,
      "모세": 5,
      "축복": 10,
      "교회": 10,
      "요": 5,
      "명령": 6,
      "메시지": 5,
      "완전": 5,
      "앞": 10,
      "역사": 8,
      "뒤": 5,
      "순간": 6,
      "성경": 8,
      "길": 7,
      "가운데": 8,
      "기억": 6,
      "중요": 6,
      "사실": 5,
      "기록": 5,
      "예배": 5,
      "장": 5,
      "믿음": 5,
      "이름": 5
    },
    "NNP": {
      "요나": 22,
      "새롬": 7,
      "왕세롬": 6,
      "웨": 5,
      "아브라함": 5,
      "여호": 5
    },
    "VA": {
      "굵": 6,
      "그렇": 30,
      "새롭": 12,
      "싫": 6,
      "좋": 13,
      "어떻": 14,
      "없": 14,
      "크": 9,
      "같": 9,
      "놀랍": 7,
      "이렇": 9,
      "작": 5
    },
    "VV": {
      "있": 78,
      "닐": 9,
      "되": 43,
      "보": 32,
      "전하": 15,
      "변하": 9,
      "일어나": 15,
      "주": 16,
      "걸리": 7,
      "받": 15,
      "바라": 9,
      "원하": 11,
      "나아가": 9,
      "입": 6,
      "살": 9,
      "찾": 6,
      "드리": 8,
      "듣": 8,
      "통하": 8,
      "나오": 7,
      "가지": 7,
      "읽": 7,
      "보내": 5,
      "알": 6,
      "죽": 5,
      "모르": 5,
      "위하": 6,
      "믿": 5
    }
  },
  "tfidf": {
    "MAG": {
      "안": 0.00966217883652471,
      "정말": 0.009430718795597842,
      "대충": 0.009198308854669806,
      "그냥": 0.008931195366600116,
      "다시": 0.005628123782130434,
      "이제": 0.005203429528651365,
      "잘": 0.004877341518876049,
      "가장": 0.0041958358987239566,
      "많이": 0.0031821762903814993,
      "더": 0.0027328157523509753
    },
    "NNB": {
      "수": 0.017271922054915855,
      "번": 0.00937999904558027,
      "거": 0.008813792025928595,
      "씨": 0.00766343910143698,
      "분": 0.007296404991418358
    },
    "NNG": {
      "하나님": 0.045172719220549155,
      "요나": 0.03543847042803252,
      "팀장": 0.03360324169604114,
      "사람": 0.032329495128432244,
      "말씀": 0.03018868744401131,
      "성읍": 0.028844166365844717,
      "자매": 0.021395078886911504,
      "언니": 0.017087935491786783,
      "베옷": 0.01680162084802057,
      "니느웨": 0.014959777144141177,
      "모습": 0.013927125681870486,
      "순종": 0.013826717782522794,
      "웨": 0.013103509457551472,
      "조언": 0.013060043158344876,
      "물고기": 0.012312481260092257,
      "목욕탕": 0.011972363257892502,
      "업무": 0.011391397216113291,
      "변화": 0.010577135441441517,
      "생각": 0.01037405998463858,
      "선포": 0.01023141542314926,
      "전화": 0.00998598925157716,
      "회개": 0.009350215174035207,
      "말": 0.008889860455255057,
      "완벽": 0.008692740005641757,
      "절": 0.00858033496479509,
      "직장": 0.00801478411248241,
      "처음": 0.007265808263262077,
      "왕": 0.007222920395745804,
      "신실": 0.00696645174054716,
      "마음": 0.006446982951995515,
      "삶": 0.006431266398211356,
      "시작": 0.0063455303386444435,
      "기도": 0.005835062223913859,
      "오늘": 0.0058208466429838426,
      "자리": 0.005746173926255101,
      "기회": 0.005638766205114391,
      "모세": 0.0056344516526456705,
      "축복": 0.005410187430352916,
      "교회": 0.005277382937759184,
      "요": 0.005019678099505104,
      "명령": 0.004988720627922361,
      "메시지": 0.004844648853844226,
      "완전": 0.004844648853844226,
      "앞": 0.004707324293226614,
      "역사": 0.004398957003202641,
      "뒤": 0.0040006001037576015,
      "순간": 0.003971734920733676,
      "성경": 0.003911448784092461,
      "길": 0.003666814156250027,
      "가운데": 0.0036260173363682536,
      "기억": 0.003586529153904131,
      "중요": 0.003100528909879967,
      "사실": 0.0030987291010446906,
      "기록": 0.0029849465515617885,
      "예배": 0.0028370218502517773,
      "장": 0.0026950055474708316,
      "믿음": 0.0024992586425450617,
      "이름": 0.002227892442465536
    },
    "NNP": {
      "요나": 0.04695151320281973,
      "새롬": 0.021750708643883294,
      "왕세롬": 0.018643464551899965,
      "웨": 0.012466480953450982,
      "아브라함": 0.005147939055511979,
      "여호": 0.004792132187286838
    },
    "VA": {
      "굵": 0.01347275556415334,
      "그렇": 0.013416350754162368,
      "새롭": 0.007583902179073297,
      "싫": 0.007571723478910433,
      "좋": 0.00660282692884833,
      "어떻": 0.0063687955710003815,
      "없": 0.006215318003178798,
      "크": 0.004443763474126078,
      "같": 0.0041142550536317395,
      "놀랍": 0.004063315252463082,
      "이렇": 0.003990691898869382,
      "작": 0.003988532776991515
    },
    "VV": {
      "있": 0.03454384410983171,
      "닐": 0.02117036386498643,
      "되": 0.01904340124003543,
      "보": 0.014189126751535578,
      "전하": 0.0092600509659165,
      "변하": 0.008006973827195975,
      "일어나": 0.007226962058198609,
      "주": 0.007216737380618143,
      "걸리": 0.0072071146777167696,
      "받": 0.006691833309936395,
      "바라": 0.005428359687963064,
      "원하": 0.005325788621071877,
      "나아가": 0.005113083678124655,
      "입": 0.004881806600840256,
      "살": 0.004089234079020469,
      "찾": 0.004085749538124137,
      "드리": 0.0038543797643725915,
      "듣": 0.003802861947109487,
      "통하": 0.003577693534443298,
      "나오": 0.003319378147760163,
      "가지": 0.0031882850444094717,
      "읽": 0.0031650342711163687,
      "보내": 0.0029849465515617885,
      "알": 0.0027029776733879644,
      "죽": 0.002698363165978281,
      "모르": 0.002688305545441299,
      "위하": 0.002686544604454081,
      "믿": 0.002339329740710699
    }
  }
}