{
  "scope": "sermon",
  "idf_scope": "church",
  "church": "O-Sg",
  "sermon": "O-Sg-0542",
  "document_unit": "sermon_json",
  "document_count": 819,
  "min_count": 5,
  "freq": {
    "MAG": {
      "굉장히": 6,
      "너무나": 6,
      "너무": 5,
      "가장": 5,
      "다시": 5
    },
    "NNB": {
      "수": 35,
      "때문": 9,
      "명": 5,
      "분": 7,
      "중": 5
    },
    "NNG": {
      "하나님": 56,
      "대회": 13,
      "한국교회": 8,
      "교회": 31,
      "신부": 10,
      "창녀": 7,
      "봉사자": 5,
      "소망": 15,
      "성인": 5,
      "옷": 7,
      "모습": 13,
      "누리": 6,
      "감사": 11,
      "세계": 7,
      "계획": 7,
      "가운데": 11,
      "기도": 11,
      "성도": 8,
      "은혜": 9,
      "안": 8,
      "사랑": 8,
      "백성": 5,
      "한": 5,
      "이야기": 6,
      "이유": 5,
      "앞": 6,
      "축복": 5,
      "마음": 5,
      "오늘": 5,
      "말씀": 5,
      "사람": 5
    },
    "NNP": {
      "한국": 10,
      "그리스도": 16,
      "예수": 10
    },
    "VA": {
      "아름답": 30,
      "곱": 5,
      "밝": 6,
      "크": 9,
      "많": 9,
      "없": 6,
      "이렇": 6
    },
    "VV": {
      "있": 58,
      "보": 23,
      "되": 19,
      "향하": 12,
      "드러내": 6,
      "통하": 11,
      "도와주": 5,
      "입": 5,
      "알": 9,
      "구하": 5,
      "섬기": 5,
      "위하": 8,
      "드리": 7,
      "모르": 6,
      "읽": 7,
      "믿": 6,
      "보이": 5
    }
  },
  "tfidf": {
    "MAG": {
      "굉장히": 0.008026321823631506,
      "너무나": 0.007156651243927331,
      "너무": 0.005417771413098286,
      "가장": 0.0045374508904783015,
      "다시": 0.004057568167321366
    },
    "NNB": {
      "수": 0.02681992337164751,
      "때문": 0.00695567745317578,
      "명": 0.005963876036606109,
      "분": 0.005523322667354337,
      "중": 0.004853502581571264
    },
    "NNG": {
      "하나님": 0.04291187739463601,
      "대회": 0.035684451661127735,
      "한국교회": 0.029209902596731698,
      "교회": 0.028306992404388304,
      "신부": 0.027700841211005345,
      "창녀": 0.02719672726015424,
      "봉사자": 0.020350226312107006,
      "소망": 0.01664152478088801,
      "성인": 0.013787089946685776,
      "옷": 0.012136374544171585,
      "모습": 0.012048831337035847,
      "누리": 0.011886622348758804,
      "감사": 0.01102012151635421,
      "세계": 0.009869771639748406,
      "계획": 0.009560649961697483,
      "가운데": 0.008626725919608686,
      "기도": 0.008542957590189946,
      "성도": 0.008392000223942049,
      "은혜": 0.008207979671157953,
      "안": 0.00680112699491471,
      "사랑": 0.006571931396008227,
      "백성": 0.006413114589017404,
      "한": 0.006139009396613197,
      "이야기": 0.005701397809023109,
      "이유": 0.005066762532167255,
      "앞": 0.004886960116830204,
      "축복": 0.004680537631316813,
      "마음": 0.003983931993871339,
      "오늘": 0.003873702245758183,
      "말씀": 0.003840773960366099,
      "사람": 0.0038314176245210726
    },
    "NNP": {
      "한국": 0.01747094797933991,
      "그리스도": 0.014466029143246881,
      "예수": 0.007690921420676597
    },
    "VA": {
      "아름답": 0.04289103271786067,
      "곱": 0.01825618912295731,
      "밝": 0.014411923502321452,
      "크": 0.007688902624196691,
      "많": 0.007084108571093035,
      "없": 0.004608928752439319,
      "이렇": 0.004603311523702204
    },
    "VV": {
      "있": 0.044444444444444446,
      "보": 0.017646027507525114,
      "되": 0.014559386973180077,
      "향하": 0.011560969065021359,
      "드러내": 0.010605181417866753,
      "통하": 0.008511757855220558,
      "도와주": 0.0080313265665526,
      "입": 0.0070390289302026164,
      "알": 0.0070153144672529,
      "구하": 0.006620268693501219,
      "섬기": 0.006440711954128737,
      "위하": 0.006197923593213093,
      "드리": 0.0058354718923058595,
      "모르": 0.005581787514120876,
      "읽": 0.0054763581487975175,
      "믿": 0.004857201429448054,
      "보이": 0.0040974272277079045
    }
  }
}