{
  "scope": "sermon",
  "idf_scope": "church",
  "church": "O-Sg",
  "sermon": "O-Sg-0066",
  "document_unit": "sermon_json",
  "document_count": 819,
  "min_count": 5,
  "freq": {
    "MAG": {
      "없이": 7,
      "너무나": 6,
      "다시": 5
    },
    "NNB": {
      "수": 27,
      "때문": 16,
      "절": 13,
      "번": 8,
      "장": 6,
      "분": 6
    },
    "NNG": {
      "알림판": 11,
      "말씀": 56,
      "속건": 8,
      "사람": 43,
      "희생제물": 7,
      "하나님": 38,
      "사실": 26,
      "제물": 11,
      "사랑": 29,
      "어머님": 7,
      "양": 14,
      "도": 20,
      "흉터": 5,
      "주": 26,
      "땅": 23,
      "집사": 7,
      "죄": 18,
      "아들": 15,
      "대신": 11,
      "구원": 16,
      "죄악": 9,
      "기억": 15,
      "죽음": 11,
      "값": 6,
      "병": 7,
      "절": 17,
      "가운데": 16,
      "조롱": 5,
      "생명": 11,
      "불안": 6,
      "인생": 10,
      "민족": 7,
      "세상": 11,
      "모습": 10,
      "은혜": 10,
      "믿음": 10,
      "입": 5,
      "존재": 8,
      "축원": 7,
      "십자가": 7,
      "앞": 9,
      "오늘": 9,
      "고통": 5,
      "성경": 8,
      "이름": 8,
      "길": 6,
      "삶": 6,
      "안": 5,
      "말": 5
    },
    "NNP": {
      "예수": 62,
      "그리스": 30,
      "그리스도": 24,
      "유대": 11
    },
    "VA": {
      "보잘것없": 5,
      "어리": 12,
      "없": 16,
      "이렇": 16,
      "엄청나": 7,
      "많": 9,
      "그렇": 7,
      "크": 6,
      "좋": 5
    },
    "VV": {
      "되": 57,
      "있": 39,
      "당하": 18,
      "받": 23,
      "짊어지": 6,
      "보": 21,
      "바라보": 13,
      "알아보": 6,
      "살": 13,
      "만나": 10,
      "위하": 12,
      "내려오": 5,
      "인하": 8,
      "통하": 10,
      "살리": 5,
      "살아가": 7,
      "지": 5,
      "깨닫": 5,
      "짓": 5,
      "향하": 6,
      "내": 5,
      "읽": 6,
      "주": 6,
      "나오": 5
    }
  },
  "tfidf": {
    "MAG": {
      "없이": 0.005353185845362354,
      "너무나": 0.00457590880613678,
      "다시": 0.0025943784705313
    },
    "NNB": {
      "수": 0.013228809407153356,
      "때문": 0.007906502543541308,
      "절": 0.00670431729987202,
      "번": 0.003953251271770654,
      "장": 0.0031825181509336814,
      "분": 0.003027060718512246
    },
    "NNG": {
      "알림판": 0.0378136838592268,
      "말씀": 0.027504533172322834,
      "속건": 0.024783968561052066,
      "사람": 0.021068103870651642,
      "희생제물": 0.01976666307614939,
      "하나님": 0.018618324350808426,
      "사실": 0.01782657403862143,
      "제물": 0.01657046980515203,
      "사랑": 0.015232407133876245,
      "어머님": 0.01501210132806549,
      "양": 0.013989185615820137,
      "도": 0.01382023609409462,
      "흉터": 0.013503380114948749,
      "주": 0.01305340907758435,
      "땅": 0.013003817400438792,
      "집사": 0.011968925255058964,
      "죄": 0.011486349032533913,
      "아들": 0.011088646493500309,
      "대신": 0.010444142767472374,
      "구원": 0.01040657185969388,
      "죄악": 0.009939171496376962,
      "기억": 0.00991962619979854,
      "죽음": 0.009204695779161508,
      "값": 0.009125333133572389,
      "병": 0.008649402126860757,
      "절": 0.008493378837995419,
      "가운데": 0.008023074125937791,
      "조롱": 0.007945605638421643,
      "생명": 0.007493237869490695,
      "불안": 0.007316850118118493,
      "인생": 0.006838590367374833,
      "민족": 0.006510114370882503,
      "세상": 0.00618863812737824,
      "모습": 0.005926101418924275,
      "은혜": 0.005831244744330736,
      "믿음": 0.005529961798007593,
      "입": 0.005449552686838911,
      "존재": 0.005351980033834269,
      "축원": 0.005316738198120803,
      "십자가": 0.00476225003530329,
      "앞": 0.004687028137528233,
      "오늘": 0.004458268777700134,
      "고통": 0.004353403118104576,
      "성경": 0.004327315705282105,
      "이름": 0.003943620684046785,
      "길": 0.003477146929997576,
      "삶": 0.0030493034633921555,
      "안": 0.002717868302414165,
      "말": 0.002458758562955159
    },
    "NNP": {
      "예수": 0.03048860618064397,
      "그리스": 0.021113581583225842,
      "그리스도": 0.013874204825039572,
      "유대": 0.012011425568877698
    },
    "VA": {
      "보잘것없": 0.009974811809240357,
      "어리": 0.009940486775671126,
      "없": 0.007858438049235096,
      "이렇": 0.007848860412779848,
      "엄청나": 0.00677694338242228,
      "많": 0.004529525568484278,
      "그렇": 0.0034633160218894396,
      "크": 0.003277484215115689,
      "좋": 0.002809554744156245
    },
    "VV": {
      "되": 0.02792748652621264,
      "있": 0.01910828025477707,
      "당하": 0.014698719803217304,
      "받": 0.011351744932818444,
      "짊어지": 0.010483595141205584,
      "보": 0.01030162929177355,
      "바라보": 0.009887422641227665,
      "알아보": 0.008714470000671382,
      "살": 0.00653467130249697,
      "만나": 0.006230047479284161,
      "위하": 0.005944358370266845,
      "내려오": 0.005845895054188855,
      "인하": 0.0050985812805440485,
      "통하": 0.004947594316984914,
      "살리": 0.004880638507721894,
      "살아가": 0.004046643073969875,
      "지": 0.00398041383435357,
      "깨닫": 0.0037514949196660917,
      "짓": 0.0037413508905969305,
      "향하": 0.0036959981944764513,
      "내": 0.0036813532913605373,
      "읽": 0.003001321782395504,
      "주": 0.0029940090039384673,
      "나오": 0.002623068474012196
    }
  }
}