{
  "scope": "sermon",
  "idf_scope": "church",
  "church": "O-Sg",
  "sermon": "O-Sg-0173",
  "document_unit": "sermon_json",
  "document_count": 819,
  "min_count": 5,
  "freq": {
    "MAG": {
      "못": 18,
      "막": 15,
      "너무나": 7,
      "그냥": 7,
      "잘": 8,
      "안": 5,
      "이제": 5
    },
    "NNB": {
      "수": 47,
      "거": 37,
      "분": 12,
      "때문": 6
    },
    "NNG": {
      "욕망": 16,
      "육체": 20,
      "삶": 35,
      "열매": 17,
      "성령": 19,
      "문화": 11,
      "이야기": 19,
      "귀신": 7,
      "사람": 22,
      "가운데": 21,
      "정욕": 5,
      "쾌락": 5,
      "선택": 11,
      "하나님": 20,
      "얘기": 13,
      "수고": 8,
      "관계": 11,
      "죄": 14,
      "말씀": 18,
      "갈망": 6,
      "생각": 16,
      "인도": 10,
      "노래": 6,
      "안": 14,
      "행위": 6,
      "기쁨": 9,
      "주": 13,
      "의지": 7,
      "만족": 5,
      "건강": 6,
      "예배": 10,
      "십자가": 9,
      "계획": 6,
      "인생": 7,
      "지역": 5,
      "악": 5,
      "교회": 7,
      "마음": 8,
      "기도": 8,
      "이유": 6,
      "경험": 6,
      "사랑": 6,
      "절": 6,
      "오늘": 6,
      "땅": 5
    },
    "NNP": {
      "주님": 18,
      "바울": 11,
      "예수": 7
    },
    "VA": {
      "없": 24,
      "같": 19,
      "선하": 7,
      "그렇": 16,
      "많": 11,
      "좋": 7,
      "이렇": 8,
      "어떻": 6,
      "크": 5
    },
    "VV": {
      "있": 63,
      "되": 42,
      "맺": 12,
      "보": 20,
      "박히": 7,
      "박": 6,
      "채우": 10,
      "알": 18,
      "살": 17,
      "대하": 15,
      "따르": 11,
      "위하": 13,
      "받": 12,
      "배우": 5,
      "얻": 7,
      "내": 6,
      "원하": 8,
      "드리": 8,
      "나오": 8,
      "행하": 6,
      "살아가": 7,
      "나아가": 6,
      "계시": 6,
      "믿": 7,
      "쓰": 5,
      "읽": 5
    }
  },
  "tfidf": {
    "MAG": {
      "못": 0.011129500956265853,
      "막": 0.010897951587026843,
      "너무나": 0.004776852923664779,
      "그냥": 0.0038679985194125773,
      "잘": 0.0038625294693983756,
      "안": 0.002517040057785458,
      "이제": 0.002341346274699052
    },
    "NNB": {
      "수": 0.020604997807978958,
      "거": 0.016990633577106774,
      "분": 0.005417124880739583,
      "때문": 0.002652976494635217
    },
    "NNG": {
      "욕망": 0.022996843780201566,
      "육체": 0.022063546596826727,
      "삶": 0.01591604507580145,
      "열매": 0.01575978971116169,
      "성령": 0.013036937929206665,
      "문화": 0.010361617624581534,
      "이야기": 0.010329253154663744,
      "귀신": 0.009748765422944016,
      "사람": 0.009644892590968873,
      "가운데": 0.00942231970933307,
      "정욕": 0.008983749293323266,
      "쾌락": 0.008925291934528526,
      "선택": 0.008778908461718367,
      "하나님": 0.008768084173608066,
      "얘기": 0.008575934024535253,
      "수고": 0.008386442249589066,
      "관계": 0.008272149076049552,
      "죄": 0.007993836457100298,
      "말씀": 0.007910546280490986,
      "갈망": 0.007707621693503121,
      "생각": 0.007143968875684247,
      "인도": 0.00696627321923432,
      "노래": 0.006863931378607893,
      "안": 0.006809326512335146,
      "행위": 0.0063288016629528,
      "기쁨": 0.0062609836811465215,
      "주": 0.00583998420152338,
      "의지": 0.005788605485939044,
      "만족": 0.00573334971383502,
      "건강": 0.005641693817454465,
      "예배": 0.005616830633817196,
      "십자가": 0.0054786604182680615,
      "계획": 0.004688412926666957,
      "인생": 0.004283338035014653,
      "지역": 0.004247836951179928,
      "악": 0.004213956507872843,
      "교회": 0.0036569186634906473,
      "마음": 0.003646843491101866,
      "기도": 0.0035546003444096707,
      "이유": 0.0034785401689495497,
      "경험": 0.003237513453879166,
      "사랑": 0.002819937682526546,
      "절": 0.0026822579686435746,
      "오늘": 0.0026594553778418743,
      "땅": 0.002529477089977277
    },
    "NNP": {
      "주님": 0.010886673312249384,
      "바울": 0.009785378800374198,
      "예수": 0.003080077473822039
    },
    "VA": {
      "없": 0.010547395040654646,
      "같": 0.008598069575279307,
      "선하": 0.007249179161238847,
      "그렇": 0.0070832371773546406,
      "많": 0.004953596304644188,
      "좋": 0.003519518512035096,
      "이렇": 0.0035115133937930008,
      "어떻": 0.002701961620715011,
      "크": 0.0024438642711716793
    },
    "VV": {
      "있": 0.02761946514686541,
      "되": 0.01841297676457694,
      "맺": 0.01093253428375414,
      "보": 0.008778783484482501,
      "박히": 0.008720907158535298,
      "박": 0.008191629522464819,
      "채우": 0.008103981222237759,
      "알": 0.008027168241793106,
      "살": 0.007646224334223766,
      "대하": 0.0067466685301974414,
      "따르": 0.005891198395226028,
      "위하": 0.005762153318657395,
      "받": 0.005299486054830821,
      "배우": 0.00449325323213213,
      "얻": 0.00420647603436467,
      "내": 0.003952814765979934,
      "원하": 0.003834245173609756,
      "드리": 0.0038155149092298606,
      "나오": 0.003755323283092603,
      "행하": 0.0036714326014411314,
      "살아가": 0.003620867388852484,
      "나아가": 0.0033743512918911213,
      "계시": 0.0033573807475294677,
      "믿": 0.003242038218472013,
      "쓰": 0.0029738600261699525,
      "읽": 0.0022379430651283147
    }
  }
}