{
  "scope": "sermon",
  "idf_scope": "church",
  "church": "O-Sg",
  "sermon": "O-Sg-0437",
  "document_unit": "sermon_json",
  "document_count": 819,
  "min_count": 5,
  "freq": {
    "MAG": {
      "더": 5
    },
    "NNB": {
      "명": 26,
      "수": 34,
      "거": 20,
      "번": 11,
      "분": 5
    },
    "NNG": {
      "병": 35,
      "순종": 41,
      "기적": 32,
      "감사": 45,
      "환자": 15,
      "기도": 40,
      "하나님": 40,
      "말씀": 39,
      "주": 38,
      "사람": 32,
      "치유": 10,
      "구원": 17,
      "은혜": 17,
      "제사장": 7,
      "조건": 7,
      "믿음": 17,
      "절망": 8,
      "축복": 15,
      "문제": 11,
      "낙심": 5,
      "몸": 9,
      "중요": 12,
      "뜻": 10,
      "저주": 5,
      "소망": 9,
      "부정": 6,
      "복": 7,
      "체험": 6,
      "생활": 7,
      "필요": 10,
      "명령": 6,
      "생각": 11,
      "본문": 9,
      "경험": 9,
      "말": 11,
      "선택": 6,
      "해": 6,
      "소리": 6,
      "의미": 8,
      "신앙": 6,
      "절": 9,
      "상황": 7,
      "표현": 6,
      "삶": 8,
      "영혼": 5,
      "시작": 8,
      "사랑": 7,
      "오늘": 7,
      "성도": 5
    },
    "NNP": {
      "예수": 44,
      "사마리아": 12
    },
    "VA": {
      "낫": 5,
      "없": 10,
      "이렇": 8,
      "크": 5,
      "어떻": 5,
      "그렇": 5
    },
    "VV": {
      "있": 62,
      "되": 42,
      "외치": 18,
      "받": 22,
      "통하": 20,
      "보": 19,
      "걸리": 8,
      "주": 15,
      "돌아오": 8,
      "고치": 5,
      "누리": 6,
      "나아가": 7,
      "보이": 7,
      "가지": 7,
      "만나": 5,
      "따르": 5,
      "드리": 5,
      "나오": 5,
      "읽": 5
    }
  },
  "tfidf": {
    "MAG": {
      "더": 0.003010684020691112
    },
    "NNB": {
      "명": 0.02369488453419734,
      "수": 0.01990632318501171,
      "거": 0.01226521779523405,
      "번": 0.00649549504555935,
      "분": 0.003014359351328793
    },
    "NNG": {
      "병": 0.05167865849216277,
      "순종": 0.03944440647326498,
      "기적": 0.03906860579055663,
      "감사": 0.03444521162699069,
      "환자": 0.031602141183416164,
      "기도": 0.02373549000467933,
      "하나님": 0.0234192037470726,
      "말씀": 0.02288948369002724,
      "주": 0.022797610818755337,
      "사람": 0.01873536299765808,
      "치유": 0.015313548825828669,
      "구원": 0.013212705789512535,
      "은혜": 0.011845825462180536,
      "제사장": 0.011522395656997489,
      "조건": 0.011401846947135632,
      "믿음": 0.01123378714903217,
      "절망": 0.01113154822947508,
      "축복": 0.010728515706443398,
      "문제": 0.009094932800683839,
      "낙심": 0.009029073556715539,
      "몸": 0.008361419073006566,
      "중요": 0.008197885572024551,
      "뜻": 0.00784194003179199,
      "저주": 0.007747978065665492,
      "소망": 0.0076289894048216095,
      "부정": 0.007561392079246233,
      "복": 0.007552607718545091,
      "체험": 0.007534369787829996,
      "생활": 0.007426846199268681,
      "필요": 0.007379478607209844,
      "명령": 0.006595158769232255,
      "생각": 0.006559181903534596,
      "본문": 0.006501665463693138,
      "경험": 0.006485452155999745,
      "말": 0.006463886240855536,
      "선택": 0.006394940451728634,
      "해": 0.006365868170801727,
      "소리": 0.006337034515938157,
      "의미": 0.005651120816593326,
      "신앙": 0.005551244017088127,
      "절": 0.0053731531848442565,
      "상황": 0.0052974264661720194,
      "표현": 0.004903125154500715,
      "삶": 0.00485841402715331,
      "영혼": 0.004837588779360873,
      "시작": 0.004793645869742106,
      "사랑": 0.004393632413827221,
      "오늘": 0.004143591336651172,
      "성도": 0.004007450341131577
    },
    "NNP": {
      "예수": 0.025855544963422145,
      "사마리아": 0.02364519146420104
    },
    "VA": {
      "낫": 0.007162219412627088,
      "없": 0.005869098382058267,
      "이렇": 0.004689556236090067,
      "크": 0.003263732085797776,
      "어떻": 0.003007013298619702,
      "그렇": 0.0029561007028589604
    },
    "VV": {
      "있": 0.03629976580796253,
      "되": 0.02459016393442623,
      "외치": 0.024548785574309784,
      "받": 0.012975156577064807,
      "통하": 0.011824402811435842,
      "보": 0.011137696060713909,
      "걸리": 0.010889036428427212,
      "주": 0.008944338959365358,
      "돌아오": 0.008500709629945893,
      "고치": 0.006971393944580556,
      "누리": 0.005871545973077849,
      "나아가": 0.005257442142625443,
      "보이": 0.004382903714884275,
      "가지": 0.004214957628967557,
      "만나": 0.003722343941808833,
      "따르": 0.0035761719021477996,
      "드리": 0.0031847151302522364,
      "나오": 0.0031344746811820213,
      "읽": 0.0029887284142609406
    }
  }
}