{
  "scope": "sermon",
  "idf_scope": "church",
  "church": "O-Sg",
  "sermon": "O-Sg-0032",
  "document_unit": "sermon_json",
  "document_count": 819,
  "min_count": 5,
  "freq": {
    "MAG": {
      "지금": 8,
      "더": 9,
      "서로": 5,
      "이제": 6,
      "다": 5
    },
    "NNB": {
      "수": 14,
      "거": 13,
      "절": 10,
      "때문": 7
    },
    "NNG": {
      "이삭": 23,
      "야곱": 19,
      "거래": 14,
      "리브가": 12,
      "하나님": 53,
      "계시": 17,
      "사냥": 8,
      "가정": 21,
      "중독": 8,
      "사람": 27,
      "자녀": 19,
      "사랑": 24,
      "형": 8,
      "선택": 12,
      "고기": 6,
      "충격": 7,
      "인생": 13,
      "단절": 5,
      "동생": 5,
      "부부": 5,
      "인간": 9,
      "뜻": 9,
      "방법": 6,
      "의미": 9,
      "기도": 10,
      "안": 9,
      "시대": 6,
      "아들": 6,
      "말": 9,
      "영원": 5,
      "속": 7,
      "문제": 6,
      "오늘": 8,
      "말씀": 8,
      "본문": 6,
      "축복": 6,
      "아버지": 5,
      "시작": 5
    },
    "NNP": {
      "리브": 8,
      "곱": 5,
      "아브라함": 6,
      "예수": 6
    },
    "VA": {
      "없": 18,
      "헛되": 5,
      "이렇": 10,
      "같": 5
    },
    "VV": {
      "되": 32,
      "있": 30,
      "잃어버리": 9,
      "얻": 13,
      "섬기": 8,
      "죽": 11,
      "주": 13,
      "자라": 5,
      "이루어지": 8,
      "가지": 11,
      "위하": 10,
      "받": 10,
      "통하": 9,
      "원하": 6,
      "나오": 6,
      "부르": 5,
      "보이": 5,
      "보": 5
    }
  },
  "tfidf": {
    "MAG": {
      "지금": 0.006094447891163211,
      "더": 0.005888070580924144,
      "서로": 0.005669142221017455,
      "이제": 0.004076802177548502,
      "다": 0.00331535479589406
    },
    "NNB": {
      "수": 0.008905852417302799,
      "거": 0.008662115010349134,
      "절": 0.0066957876340961,
      "때문": 0.004491102172374947
    },
    "NNG": {
      "이삭": 0.046478506032707374,
      "야곱": 0.03865804824496662,
      "거래": 0.0380753434483614,
      "리브가": 0.03397868551325814,
      "하나님": 0.03371501272264631,
      "계시": 0.031155750795325673,
      "사냥": 0.023059799032622664,
      "가정": 0.02220138383298501,
      "중독": 0.020721212114666227,
      "사람": 0.01717557251908397,
      "자녀": 0.016782560352510568,
      "사랑": 0.016367119220974686,
      "형": 0.015452801556215739,
      "선택": 0.013896384594850517,
      "고기": 0.013797556404718312,
      "충격": 0.012453273652452752,
      "인생": 0.011542513881523945,
      "단절": 0.01129268847614067,
      "동생": 0.010582944356184532,
      "부부": 0.009599098148947693,
      "인간": 0.008863150869636769,
      "뜻": 0.007668339832614914,
      "방법": 0.007012162407568256,
      "의미": 0.006907524585931345,
      "기도": 0.006447235516538214,
      "안": 0.006351720464000737,
      "시대": 0.006307329492479672,
      "아들": 0.005758760176395453,
      "말": 0.005746175069074213,
      "영원": 0.005729075706391119,
      "속": 0.005480637968414826,
      "문제": 0.005390057329482302,
      "오늘": 0.005145222830243695,
      "말씀": 0.005101486023692377,
      "본문": 0.00470943367768782,
      "축복": 0.004662672983869039,
      "아버지": 0.003909859345838568,
      "시작": 0.0032552270775761437
    },
    "NNP": {
      "리브": 0.02481471244886556,
      "곱": 0.012142124815991324,
      "아브라함": 0.008873317852935913,
      "예수": 0.003830783379382809
    },
    "VA": {
      "없": 0.011478343553307846,
      "헛되": 0.00805710753080302,
      "이렇": 0.006369085600542171,
      "같": 0.0032831452894757094
    },
    "VV": {
      "되": 0.020356234096692113,
      "있": 0.019083969465648856,
      "잃어버리": 0.01241244730019011,
      "얻": 0.011335390207834927,
      "섬기": 0.008554838778766415,
      "죽": 0.008526964925772079,
      "주": 0.008422396193967277,
      "자라": 0.0076211779936911925,
      "이루어지": 0.007329303086778817,
      "가지": 0.007196530710018398,
      "위하": 0.006431528537804617,
      "받": 0.006408040548700754,
      "통하": 0.005781320611240196,
      "원하": 0.004172668531013289,
      "나오": 0.0040867807293579325,
      "부르": 0.004075060647499054,
      "보이": 0.0034014901604063705,
      "보": 0.0031845428002710854
    }
  }
}