{
  "scope": "sermon",
  "idf_scope": "church",
  "church": "O-Sg",
  "sermon": "O-Sg-0463",
  "document_unit": "sermon_json",
  "document_count": 819,
  "min_count": 5,
  "freq": {
    "MAG": {
      "안": 10,
      "지금": 9,
      "더": 9,
      "다시": 7,
      "잘": 5
    },
    "NNB": {
      "거": 22,
      "때문": 15,
      "수": 15,
      "장": 12,
      "절": 12,
      "분": 9,
      "줄": 5
    },
    "NNG": {
      "복음": 51,
      "사람": 51,
      "하나님": 40,
      "선동": 9,
      "능력": 28,
      "이고니온": 6,
      "고니온": 5,
      "도시": 12,
      "말": 28,
      "분위기": 9,
      "심정": 6,
      "회당": 7,
      "사도": 13,
      "절": 23,
      "내용": 16,
      "임무": 6,
      "이방": 8,
      "믿음": 18,
      "증거": 12,
      "돌": 8,
      "제자": 10,
      "주": 17,
      "시작": 17,
      "기사": 5,
      "영광": 11,
      "사모": 6,
      "표적": 5,
      "말씀": 16,
      "교회": 12,
      "은혜": 12,
      "생각": 14,
      "통치": 6,
      "방식": 5,
      "선교": 6,
      "고난": 7,
      "발생": 5,
      "감정": 5,
      "의지": 6,
      "핍박": 5,
      "기도": 11,
      "형제": 5,
      "필요": 8,
      "기록": 7,
      "마음": 9,
      "사역": 5,
      "곳": 7,
      "신": 5,
      "안": 6,
      "축복": 5
    },
    "NNP": {
      "바울": 47,
      "바나바": 11,
      "바": 14,
      "안디옥": 8,
      "루스드라": 5,
      "유대": 8,
      "예수": 13
    },
    "VA": {
      "이렇": 25,
      "많": 14,
      "같": 9,
      "어떻": 8,
      "그렇": 7,
      "없": 6
    },
    "VV": {
      "되": 58,
      "있": 44,
      "전하": 31,
      "구하": 23,
      "보": 34,
      "머무르": 13,
      "말리": 5,
      "믿": 18,
      "읽": 17,
      "던지": 7,
      "들어가": 11,
      "위하": 14,
      "그러": 12,
      "배우": 6,
      "주": 12,
      "살리": 6,
      "겪": 6,
      "대하": 11,
      "알": 11,
      "받": 11,
      "보이": 10,
      "받아들이": 6,
      "가지": 9,
      "세우": 6,
      "행하": 6,
      "원하": 7,
      "계시": 5,
      "죽": 5,
      "듣": 5,
      "나오": 5,
      "살": 5,
      "통하": 5
    }
  },
  "tfidf": {
    "MAG": {
      "안": 0.00533832484594015,
      "지금": 0.005010707157378958,
      "더": 0.004303136658862275,
      "다시": 0.003446386351323169,
      "잘": 0.0025599807414277355
    },
    "NNB": {
      "거": 0.010713106087255106,
      "때문": 0.007033286127688203,
      "수": 0.00697350069735007,
      "장": 0.006039534677876005,
      "절": 0.0058721217075587565,
      "분": 0.004308389767422241,
      "줄": 0.0035213829594459008
    },
    "NNG": {
      "복음": 0.03348300606068922,
      "사람": 0.023709902370990237,
      "하나님": 0.018596001859600187,
      "선동": 0.017626764764819322,
      "능력": 0.01714869472442562,
      "이고니온": 0.016076413364582945,
      "고니온": 0.014179140929391444,
      "도시": 0.013072961368125227,
      "말": 0.013064912538889951,
      "분위기": 0.012783866067367259,
      "심정": 0.011667904646142641,
      "회당": 0.011356846325232612,
      "사도": 0.011346575647918255,
      "절": 0.010903401503870128,
      "내용": 0.010812119375211022,
      "임무": 0.010130451593731044,
      "이방": 0.009843642239818992,
      "믿음": 0.009444897096011293,
      "증거": 0.009271588068128429,
      "돌": 0.009042081565886682,
      "제자": 0.008647045840592466,
      "주": 0.008098453934930876,
      "시작": 0.008088580978256148,
      "기사": 0.007915479421325266,
      "영광": 0.007895281890421045,
      "사모": 0.007800974768541832,
      "표적": 0.00759333585255226,
      "말씀": 0.007456565345647992,
      "교회": 0.00664788322089832,
      "은혜": 0.006639648827436001,
      "생각": 0.006628762845074986,
      "통치": 0.0064593494948561704,
      "방식": 0.006384146234305885,
      "선교": 0.0062166399356103404,
      "고난": 0.006167464741530742,
      "발생": 0.006137610734630561,
      "감정": 0.005773030373187117,
      "의지": 0.005261529832009149,
      "핍박": 0.005249339578550903,
      "기도": 0.005182965901998085,
      "형제": 0.004830526635139314,
      "필요": 0.004687735736351246,
      "기록": 0.004386802900417074,
      "마음": 0.004350653767365772,
      "사역": 0.004193264742454041,
      "곳": 0.004045614742977571,
      "신": 0.00394708778673672,
      "안": 0.0030946550656777184,
      "축복": 0.002839656721928611
    },
    "NNP": {
      "바울": 0.04433714150085443,
      "바나바": 0.02154382360144584,
      "바": 0.01825030863109167,
      "안디옥": 0.013836616619968477,
      "루스드라": 0.013086617383957376,
      "유대": 0.008288853247480453,
      "예수": 0.006065852250198906
    },
    "VA": {
      "이렇": 0.011636683593738137,
      "많": 0.006685606880204027,
      "같": 0.004318915811762188,
      "어떻": 0.003820346788688015,
      "그렇": 0.003286205486134982,
      "없": 0.0027962120046179967
    },
    "VV": {
      "되": 0.02696420269642027,
      "있": 0.020455602045560205,
      "전하": 0.020089417248170562,
      "구하": 0.018475812629980392,
      "보": 0.015825889687483868,
      "머무르": 0.014571283430141052,
      "말리": 0.009464709857117419,
      "믿": 0.008840513061966123,
      "읽": 0.00806887198851517,
      "던지": 0.007813694328219274,
      "들어가": 0.007221824836619244,
      "위하": 0.00658043143003273,
      "그러": 0.0059807325465765235,
      "배우": 0.005717774405854053,
      "주": 0.005681796724349988,
      "살리": 0.0055572570121396846,
      "겪": 0.005261529832009149,
      "대하": 0.005246572449750008,
      "알": 0.005201964935038762,
      "받": 0.00515145686509221,
      "보이": 0.0049717736235786285,
      "받아들이": 0.004702529281163922,
      "가지": 0.004303136658862275,
      "세우": 0.0040814437232266,
      "행하": 0.003893322995763468,
      "원하": 0.003557728538297709,
      "계시": 0.002966908990049092,
      "죽": 0.0028325913662384746,
      "듣": 0.002495020419738849,
      "나오": 0.002488927361905575,
      "살": 0.002384805658977276,
      "통하": 0.0023472896329535587
    }
  }
}