{
  "scope": "sermon",
  "idf_scope": "church",
  "church": "O-Sg",
  "sermon": "O-Sg-0241",
  "document_unit": "sermon_json",
  "document_count": 819,
  "min_count": 5,
  "freq": {
    "MAG": {
      "굉장히": 17,
      "이제": 23,
      "때로": 9,
      "끊임없이": 5,
      "지금": 8,
      "가장": 7,
      "계속": 6,
      "그냥": 6,
      "더": 7
    },
    "NNB": {
      "수": 29,
      "분": 25,
      "때문": 9,
      "번": 8,
      "거": 7
    },
    "NNG": {
      "여인": 52,
      "삶": 63,
      "사람": 54,
      "바람": 19,
      "이야기": 36,
      "타이": 7,
      "선": 21,
      "타이어": 6,
      "불편": 15,
      "문제": 25,
      "정비소": 5,
      "우물가": 7,
      "목마름": 7,
      "근본": 10,
      "물": 16,
      "공간": 10,
      "만족": 12,
      "남자": 12,
      "낮": 7,
      "생각": 23,
      "상황": 18,
      "남성": 6,
      "등록": 6,
      "구멍": 5,
      "우물": 5,
      "계속": 14,
      "해결": 11,
      "남편": 8,
      "가운데": 19,
      "자리": 14,
      "말씀": 17,
      "이성": 5,
      "시대": 10,
      "대화": 6,
      "자체": 8,
      "사랑": 13,
      "순간": 9,
      "환경": 6,
      "유대인": 6,
      "말": 12,
      "장면": 6,
      "하나님": 11,
      "모습": 8,
      "마음": 9,
      "가족": 5,
      "부분": 5,
      "시작": 8,
      "오늘": 7,
      "세상": 6,
      "이유": 5,
      "주": 5
    },
    "NNP": {
      "예수": 66,
      "사마리아": 8
    },
    "VA": {
      "그렇": 31,
      "길": 11,
      "좋": 17,
      "없": 13,
      "새롭": 9,
      "이렇": 9,
      "어떻": 5
    },
    "VV": {
      "있": 90,
      "건네": 9,
      "되": 36,
      "채우": 19,
      "넘": 14,
      "만나": 23,
      "긋": 6,
      "빠지": 12,
      "찾아오": 12,
      "살아가": 18,
      "얻": 15,
      "보": 19,
      "원하": 17,
      "비": 6,
      "넣": 6,
      "뜨": 5,
      "가지": 11,
      "계시": 8,
      "나오": 9,
      "바라": 7,
      "대하": 9,
      "나아가": 7,
      "주": 8,
      "인하": 6,
      "듣": 7,
      "모르": 6,
      "보이": 5
    }
  },
  "tfidf": {
    "MAG": {
      "굉장히": 0.014199677006161478,
      "이제": 0.011754454508089604,
      "때로": 0.007187295053027734,
      "끊임없이": 0.005628512118627478,
      "지금": 0.004583957935362951,
      "가장": 0.0039664702281836635,
      "계속": 0.003950310178330934,
      "그냥": 0.0036184161132385875,
      "더": 0.003444568244151477
    },
    "NNB": {
      "수": 0.013875598086124402,
      "분": 0.012317047301601863,
      "때문": 0.004343138314064303,
      "번": 0.003860567390279381,
      "거": 0.0035082044009525906
    },
    "NNG": {
      "여인": 0.05998627877173858,
      "삶": 0.03126703247474909,
      "사람": 0.02583732057416268,
      "바람": 0.025834271725479238,
      "이야기": 0.021359782222321027,
      "타이": 0.021177545384674097,
      "선": 0.021098795907435464,
      "타이어": 0.020142077970425897,
      "불편": 0.019863602279777473,
      "문제": 0.01689228493210961,
      "정비소": 0.016785064975354914,
      "우물가": 0.016750611949326612,
      "목마름": 0.015787083477000075,
      "근본": 0.015743845609864596,
      "물": 0.015226737329384782,
      "공간": 0.0150977389887931,
      "만족": 0.015017535728908344,
      "남자": 0.013900692686490506,
      "낮": 0.011688314088792031,
      "생각": 0.011207955715461203,
      "상황": 0.011132199540395937,
      "남성": 0.011018478457465284,
      "등록": 0.010959284331524419,
      "구멍": 0.010648822493389514,
      "우물": 0.010306475977502736,
      "계속": 0.010216352292101157,
      "해결": 0.010069718892068036,
      "남편": 0.009610745680353965,
      "가운데": 0.00930403084718127,
      "자리": 0.00869129426587446,
      "말씀": 0.00815383447949492,
      "이성": 0.007930275563602537,
      "시대": 0.007906795823108489,
      "대화": 0.007321289113044315,
      "자체": 0.007108523867880668,
      "사랑": 0.006668230629980835,
      "순간": 0.006436490993552613,
      "환경": 0.006102798176487846,
      "유대인": 0.005884656816742616,
      "말": 0.005762671265444761,
      "장면": 0.005483861298940975,
      "하나님": 0.005263157894736842,
      "모습": 0.004629731290344286,
      "마음": 0.004477634571102285,
      "가족": 0.004097732659424109,
      "부분": 0.003920015818793801,
      "시작": 0.003917486672497377,
      "오늘": 0.003386245934449857,
      "세상": 0.0032964794479284003,
      "이유": 0.003163696222238406,
      "주": 0.002451417733469788
    },
    "NNP": {
      "예수": 0.03169469195994619,
      "사마리아": 0.012882292510639675
    },
    "VA": {
      "그렇": 0.01497795406841878,
      "길": 0.012585180770600432,
      "좋": 0.009328528321338682,
      "없": 0.0062352851902019975,
      "새롭": 0.006145137961847191,
      "이렇": 0.004311474788347877,
      "어떻": 0.0024574060832738996
    },
    "VV": {
      "있": 0.0430622009569378,
      "건네": 0.02075138432596134,
      "되": 0.01722488038277512,
      "채우": 0.01680471015265848,
      "넘": 0.015603683164617107,
      "만나": 0.013993163579906046,
      "긋": 0.013391718380482897,
      "빠지": 0.010762642697774317,
      "찾아오": 0.01023375108682041,
      "살아가": 0.010161693318626472,
      "얻": 0.009837633459725713,
      "보": 0.00910200233095663,
      "원하": 0.008892375902934539,
      "비": 0.008586044408506806,
      "넣": 0.007785910238739284,
      "뜨": 0.006537250234061541,
      "가지": 0.005412892955095178,
      "계시": 0.004885604775192801,
      "나오": 0.004610827253505265,
      "바라": 0.004561438236466995,
      "대하": 0.004417938062405846,
      "나아가": 0.004296512526126438,
      "주": 0.0038984193792908533,
      "인하": 0.0037342838732979918,
      "듣": 0.0035949782258380713,
      "모르": 0.0034852788066639918,
      "보이": 0.002558441402946801
    }
  }
}