{
  "scope": "sermon",
  "idf_scope": "church",
  "church": "O-Sg",
  "sermon": "O-Sg-0325",
  "document_unit": "sermon_json",
  "document_count": 819,
  "min_count": 5,
  "freq": {
    "MAG": {
      "분명": 16,
      "더": 18,
      "막": 10,
      "우연히": 5,
      "이제": 13,
      "다": 13,
      "갑자기": 6,
      "끊임없이": 5,
      "그냥": 7,
      "가장": 6
    },
    "NNB": {
      "수": 39,
      "번": 15,
      "거": 13,
      "때문": 13,
      "분": 10,
      "절": 6
    },
    "NNG": {
      "하나님": 107,
      "창조": 51,
      "세상": 59,
      "삶": 56,
      "핸드폰": 13,
      "사람": 44,
      "말씀": 40,
      "말": 39,
      "소리": 21,
      "공간": 12,
      "기준": 15,
      "형상": 13,
      "계획": 19,
      "양명": 5,
      "입신": 5,
      "시작": 30,
      "새": 9,
      "가운데": 26,
      "의미": 21,
      "존재": 18,
      "생각": 24,
      "악기": 5,
      "자유": 11,
      "단어": 11,
      "땅": 17,
      "뜻": 14,
      "기억": 13,
      "물고기": 5,
      "이야기": 14,
      "사랑": 16,
      "순간": 11,
      "사용": 10,
      "자리": 12,
      "시": 8,
      "위": 9,
      "성공": 6,
      "마음": 14,
      "목소리": 6,
      "학교": 5,
      "불안": 5,
      "오늘": 12,
      "가치": 5,
      "책": 5,
      "안": 9,
      "성경": 9,
      "사실": 7,
      "장": 8,
      "계속": 6,
      "발견": 5,
      "모습": 7,
      "지금": 6,
      "절": 8,
      "인생": 5,
      "상황": 5,
      "앞": 6,
      "이름": 5
    },
    "NNP": {
      "창세기": 6,
      "예수": 5
    },
    "VA": {
      "그렇": 45,
      "없": 13,
      "이렇": 11,
      "아름답": 5,
      "어리": 5,
      "같": 8,
      "어떻": 7,
      "좋": 6
    },
    "VV": {
      "있": 95,
      "되": 79,
      "살아가": 38,
      "채우": 14,
      "만들": 18,
      "보": 23,
      "생겨나": 9,
      "맞추": 8,
      "가지": 15,
      "살": 15,
      "배우": 7,
      "알": 14,
      "살펴보": 7,
      "따르": 10,
      "나오": 10,
      "내": 7,
      "사라지": 5,
      "바라": 7,
      "위하": 9,
      "통하": 9,
      "주어지": 5,
      "모르": 7,
      "읽": 8,
      "주": 7,
      "원하": 6,
      "계시": 5,
      "나누": 5,
      "받": 6,
      "대하": 5
    }
  },
  "tfidf": {
    "MAG": {
      "분명": 0.01096012298734596,
      "더": 0.007242603249775238,
      "막": 0.006483627430883733,
      "우연히": 0.00639016643929574,
      "이제": 0.005432546250676916,
      "다": 0.0053014546642324726,
      "갑자기": 0.004608218661310201,
      "끊임없이": 0.00460234363377599,
      "그냥": 0.0034518406192410368,
      "가장": 0.00277998751740572
    },
    "NNB": {
      "수": 0.015258215962441314,
      "번": 0.005918856987737606,
      "거": 0.005327404067397825,
      "때문": 0.005129676056039259,
      "분": 0.004028580416329874,
      "절": 0.002470839943849547
    },
    "NNG": {
      "하나님": 0.0418622848200313,
      "창조": 0.036157931965453624,
      "세상": 0.026505534736831707,
      "삶": 0.022725820856277376,
      "핸드폰": 0.021911342121185392,
      "사람": 0.017214397496087636,
      "말씀": 0.01568766828881928,
      "말": 0.015314141068283858,
      "소리": 0.014821123762237208,
      "공간": 0.014814213373980084,
      "기준": 0.014670294527094353,
      "형상": 0.014040327796729929,
      "계획": 0.013249291068650184,
      "양명": 0.01293171371594325,
      "입신": 0.01293171371594325,
      "시작": 0.012012246398942952,
      "새": 0.010468682717830295,
      "가운데": 0.010410613545750558,
      "의미": 0.009912676127228551,
      "존재": 0.009615661310788507,
      "생각": 0.009563024064222868,
      "악기": 0.008947202903617273,
      "자유": 0.008079671554273318,
      "단어": 0.007846323707703275,
      "땅": 0.007674924344135279,
      "뜻": 0.007336325118944055,
      "기억": 0.006864826342181916,
      "물고기": 0.006798117831887792,
      "이야기": 0.006792158187979409,
      "사랑": 0.006710775017050654,
      "순간": 0.0064325738107187695,
      "사용": 0.006216771992595261,
      "자리": 0.006091483908677942,
      "시": 0.00583962417285427,
      "위": 0.005785902289276588,
      "성공": 0.005707018030581647,
      "마음": 0.005695339399689309,
      "목소리": 0.005117078058091257,
      "학교": 0.0050573950720951485,
      "불안": 0.004868835123591498,
      "오늘": 0.004746649230717774,
      "가치": 0.00474589321502408,
      "책": 0.0042106343477284055,
      "안": 0.003906457186779796,
      "성경": 0.0038873465468665393,
      "사실": 0.003832434442184067,
      "장": 0.0038092785766442178,
      "계속": 0.0035801771110817266,
      "발견": 0.0033702119228753154,
      "모습": 0.0033124495685512957,
      "지금": 0.0032010985432622137,
      "절": 0.0031915651676974405,
      "인생": 0.0027303526877566577,
      "상황": 0.0025285055902698997,
      "앞": 0.002495102876550632,
      "이름": 0.0019681459839934194
    },
    "NNP": {
      "창세기": 0.005070958345922721,
      "예수": 0.001963351419010751
    },
    "VA": {
      "그렇": 0.01777823943832079,
      "없": 0.0050984921938662655,
      "이렇": 0.0043088508687235995,
      "아름답": 0.0036497651080339183,
      "어리": 0.003307337882946135,
      "같": 0.0032307382754652994,
      "어떻": 0.00281313388093092,
      "좋": 0.0026921602032032375
    },
    "VV": {
      "있": 0.03716744913928013,
      "되": 0.030907668231611892,
      "살아가": 0.017541333754245225,
      "채우": 0.010124903613104093,
      "만들": 0.009091122565648502,
      "보": 0.00900941545278571,
      "생겨나": 0.008542607787043344,
      "맞추": 0.008129316281382647,
      "가지": 0.006035502708146031,
      "살": 0.006020794568615165,
      "배우": 0.005613753862085581,
      "알": 0.005571630817106177,
      "살펴보": 0.0048306674966987736,
      "따르": 0.0047794222291615346,
      "나오": 0.004189110137291778,
      "내": 0.0041154534016954614,
      "사라지": 0.003772615071334056,
      "바라": 0.0037298145204288026,
      "위하": 0.0035599869230383305,
      "통하": 0.003555647887664158,
      "주어지": 0.003404923279094157,
      "모르": 0.0033248323514276346,
      "읽": 0.003195460489237988,
      "주": 0.0027892153520650033,
      "원하": 0.002566289096538689,
      "계시": 0.002496800171203285,
      "나누": 0.0024936577102324838,
      "받": 0.0023646572165628137,
      "대하": 0.002006931522871722
    }
  }
}