{
  "scope": "sermon",
  "idf_scope": "church",
  "church": "O-Sg",
  "sermon": "O-Sg-0217",
  "document_unit": "sermon_json",
  "document_count": 819,
  "min_count": 5,
  "freq": {
    "MAG": {
      "이제": 19,
      "더": 16,
      "때로": 7,
      "분명히": 6,
      "가장": 8,
      "다시": 5,
      "다": 5
    },
    "NNB": {
      "분": 22,
      "수": 15,
      "절": 10,
      "번": 7,
      "장": 5
    },
    "NNG": {
      "나사": 17,
      "주": 69,
      "무덤": 21,
      "슬픔": 24,
      "죽음": 32,
      "절망": 22,
      "말씀": 51,
      "분노": 19,
      "르": 9,
      "생명": 28,
      "가운데": 38,
      "오빠": 8,
      "선포": 20,
      "하나님": 33,
      "고통": 17,
      "아픔": 12,
      "사랑": 27,
      "자리": 21,
      "기적": 13,
      "병": 10,
      "눈물": 10,
      "앞": 23,
      "냄새": 6,
      "이틀": 5,
      "진리": 11,
      "사람": 20,
      "돌": 8,
      "말": 17,
      "십자가": 12,
      "오늘": 16,
      "소망": 11,
      "삶": 15,
      "기록": 11,
      "아버지": 12,
      "반응": 6,
      "인생": 9,
      "인간": 8,
      "은혜": 10,
      "능력": 9,
      "믿음": 10,
      "심": 5,
      "감사": 8,
      "생각": 10,
      "역사": 8,
      "영광": 6,
      "기도": 9,
      "순간": 6,
      "회복": 5,
      "마지막": 6,
      "죄": 6,
      "필요": 6,
      "본문": 6,
      "경험": 6,
      "이름": 7,
      "마음": 6,
      "곳": 5,
      "시작": 5
    },
    "NNP": {
      "예수": 108,
      "마리아": 23,
      "나사로": 9,
      "다": 8
    },
    "VA": {
      "없": 11,
      "이렇": 11,
      "놀랍": 7,
      "그렇": 7,
      "크": 6
    },
    "VV": {
      "마": 12,
      "있": 43,
      "슬퍼하": 10,
      "되": 36,
      "죽": 25,
      "보": 26,
      "알": 25,
      "살리": 12,
      "썩": 6,
      "나오": 20,
      "깨뜨리": 7,
      "위하": 18,
      "마르": 6,
      "옮기": 7,
      "향하": 14,
      "대하": 14,
      "고치": 6,
      "믿": 13,
      "흘리": 5,
      "살아나": 5,
      "계시": 9,
      "나아가": 8,
      "보이": 9,
      "주": 7,
      "부르": 5,
      "일어나": 5,
      "가지": 5,
      "살": 5,
      "통하": 5
    }
  },
  "tfidf": {
    "MAG": {
      "이제": 0.009047847186730469,
      "더": 0.007336243684123647,
      "때로": 0.005208804013761121,
      "분명히": 0.004656076986909317,
      "가장": 0.004223895434381941,
      "다시": 0.002360734042957817,
      "다": 0.0023235567272159884
    },
    "NNB": {
      "분": 0.01009964930767104,
      "수": 0.006687472135532769,
      "절": 0.004692723210342876,
      "번": 0.0031475758426096376,
      "장": 0.00241325588722531
    },
    "NNG": {
      "나사": 0.03345026618917409,
      "주": 0.031521975153248165,
      "무덤": 0.03138854471018406,
      "슬픔": 0.02984563617758546,
      "죽음": 0.024365788137988748,
      "절망": 0.02331024611406351,
      "말씀": 0.02279293008757608,
      "분노": 0.022747682821590915,
      "르": 0.01756303988887555,
      "생명": 0.017355958244463756,
      "가운데": 0.017338764574773832,
      "오빠": 0.017187454596030792,
      "선포": 0.014714053898140901,
      "하나님": 0.014712438698172091,
      "고통": 0.013468571376627238,
      "아픔": 0.01320137668407663,
      "사랑": 0.012904703674673976,
      "자리": 0.012147662738973,
      "기적": 0.012085924584450507,
      "병": 0.01124350661800064,
      "눈물": 0.01107248179467275,
      "앞": 0.010899250104522109,
      "냄새": 0.010561134795982353,
      "이틀": 0.009757244382708639,
      "진리": 0.009338325048934422,
      "사람": 0.008916629514043692,
      "돌": 0.008671207065636314,
      "말": 0.007606914476937597,
      "십자가": 0.00742863689348756,
      "오늘": 0.007212028791032623,
      "소망": 0.0071002849823048695,
      "삶": 0.006936723549691696,
      "기록": 0.006610798256593107,
      "아버지": 0.006576512411939256,
      "반응": 0.005747541799133582,
      "인생": 0.0056004487943962684,
      "인간": 0.005521523026529549,
      "은혜": 0.005306094749522529,
      "능력": 0.005285994222822679,
      "믿음": 0.005031944730153142,
      "심": 0.004672706718391059,
      "감사": 0.00466299471611632,
      "생각": 0.004540624444225303,
      "역사": 0.004428374905586965,
      "영광": 0.004129879142292141,
      "기도": 0.004066673566116034,
      "순간": 0.0039982957873458055,
      "회복": 0.003818217235040744,
      "마지막": 0.0035646296719384894,
      "죄": 0.003483970630911237,
      "필요": 0.00337159593253172,
      "본문": 0.00330059284053734,
      "경험": 0.0032923620991076137,
      "이름": 0.0031399079755336833,
      "마음": 0.0027814701303622456,
      "곳": 0.0027711984307193034,
      "시작": 0.0022814163914176093
    },
    "NNP": {
      "예수": 0.04832628020642709,
      "마리아": 0.029624397600100324,
      "나사로": 0.018913129112946396,
      "다": 0.009116407474848043
    },
    "VA": {
      "없": 0.004916122175751703,
      "이렇": 0.004910130548576692,
      "놀랍": 0.004090488559991814,
      "그렇": 0.003151416852731318,
      "크": 0.002982320679024129
    },
    "VV": {
      "마": 0.019709064553846543,
      "있": 0.019170753455193937,
      "슬퍼하": 0.01675461712740469,
      "되": 0.016049933125278644,
      "죽": 0.013582041972311543,
      "보": 0.011605763114817638,
      "알": 0.01133772400525714,
      "살리": 0.010658635606876916,
      "썩": 0.01015768524698213,
      "나오": 0.009547361133230303,
      "깨뜨리": 0.009476294489779201,
      "위하": 0.008113532389911702,
      "마르": 0.007929662626558311,
      "옮기": 0.007870454632600447,
      "향하": 0.007847336335931796,
      "대하": 0.006403570005746027,
      "고치": 0.0063702938157879216,
      "믿": 0.006122932252235566,
      "흘리": 0.005548257947347245,
      "살아나": 0.005182365754501136,
      "계시": 0.005121390204044615,
      "나아가": 0.0045753575846655655,
      "보이": 0.004291064002624105,
      "주": 0.003178437110957712,
      "부르": 0.002855994354823234,
      "일어나": 0.002425097388529122,
      "가지": 0.0022925761512886398,
      "살": 0.0022869892877664384,
      "통하": 0.002251012037665227
    }
  }
}