{
  "scope": "sermon",
  "idf_scope": "church",
  "church": "O-Sg",
  "sermon": "O-Sg-0788",
  "document_unit": "sermon_json",
  "document_count": 819,
  "min_count": 5,
  "freq": {
    "MAG": {
      "이제": 25,
      "안": 6,
      "다": 6
    },
    "NNB": {
      "수": 27,
      "거": 13,
      "절": 12,
      "번": 9,
      "장": 7,
      "가지": 6,
      "때문": 6
    },
    "NNG": {
      "할례": 39,
      "구원": 73,
      "율법": 40,
      "전통": 13,
      "이방인": 16,
      "형식": 11,
      "믿음": 36,
      "하나님": 39,
      "강대상": 7,
      "유대인": 18,
      "총회": 6,
      "결론": 10,
      "주장": 11,
      "사람": 26,
      "완성": 10,
      "회의": 7,
      "행위": 10,
      "은혜": 20,
      "선교": 10,
      "십자가": 16,
      "교회": 18,
      "이방": 8,
      "말": 21,
      "얘기": 14,
      "자손": 8,
      "신자": 5,
      "복음": 14,
      "기독교": 8,
      "야고보": 5,
      "유대교": 5,
      "모세": 7,
      "차별": 5,
      "언약": 7,
      "문제": 12,
      "짐": 5,
      "성령": 9,
      "조건": 5,
      "설교": 7,
      "종교": 6,
      "부활": 7,
      "결정": 6,
      "내용": 8,
      "의미": 9,
      "말씀": 10,
      "부분": 6,
      "신앙": 6,
      "사도": 5,
      "사랑": 8,
      "도": 6,
      "백성": 5,
      "선포": 5,
      "처음": 6,
      "가운데": 8,
      "절": 8,
      "몸": 5,
      "생각": 7,
      "본문": 5,
      "모습": 5
    },
    "NNP": {
      "예수": 46,
      "베드로": 13,
      "예루살렘": 14,
      "아브라함": 11,
      "바나바": 6,
      "바울": 12,
      "안디옥": 6,
      "한국": 5,
      "그리스": 5,
      "그리스도": 5
    },
    "VA": {
      "없": 19,
      "이렇": 14,
      "어떻": 9,
      "같": 5
    },
    "VV": {
      "되": 70,
      "받": 55,
      "믿": 33,
      "지키": 22,
      "얻": 22,
      "있": 29,
      "내리": 9,
      "통하": 14,
      "따르": 10,
      "보": 11,
      "가지": 9,
      "갖": 6,
      "모이": 5,
      "알": 8,
      "그러": 7,
      "일어나": 6,
      "듣": 6,
      "읽": 6,
      "주": 6,
      "모르": 5
    }
  },
  "tfidf": {
    "MAG": {
      "이제": 0.013278495406734305,
      "안": 0.0034259781432970445,
      "다": 0.0031099379845721305
    },
    "NNB": {
      "수": 0.013426156141223273,
      "거": 0.006771180903167002,
      "절": 0.006280921826434055,
      "번": 0.004513753891792339,
      "장": 0.003768327268555404,
      "가지": 0.0034985959502744713,
      "때문": 0.003009169261194893
    },
    "NNG": {
      "할례": 0.078964201412603,
      "구원": 0.04818828819901076,
      "율법": 0.04615082268407356,
      "전통": 0.02285127892327926,
      "이방인": 0.02219252840919084,
      "형식": 0.020662489200832277,
      "믿음": 0.020204846995047532,
      "하나님": 0.019393336648433616,
      "강대상": 0.019186752034040057,
      "유대인": 0.018347487936835508,
      "총회": 0.01719560673655789,
      "결론": 0.013657184037784143,
      "주장": 0.013270565254462163,
      "사람": 0.012928891098955743,
      "완성": 0.012710157860569468,
      "회의": 0.012641655034544036,
      "행위": 0.011964194093481963,
      "은혜": 0.011836469938517188,
      "선교": 0.011082374027430666,
      "십자가": 0.011047526969728225,
      "교회": 0.010666034416821695,
      "이방": 0.010528928124241995,
      "말": 0.010480840454184095,
      "얘기": 0.010475610187794391,
      "자손": 0.01040498911765902,
      "신자": 0.010059032058997145,
      "복음": 0.00983129303060223,
      "기독교": 0.009591196315107953,
      "야고보": 0.009392040545832852,
      "유대교": 0.009249926140462517,
      "모세": 0.008857100230901787,
      "차별": 0.008750993531158312,
      "언약": 0.008720578603814283,
      "문제": 0.008426822597659055,
      "짐": 0.007065564121836688,
      "성령": 0.007004509376028779,
      "조건": 0.006917082682996256,
      "설교": 0.006638638366070935,
      "종교": 0.006539586605052982,
      "부활": 0.006424521209657589,
      "결정": 0.0059737267295159316,
      "내용": 0.005782413917473622,
      "의미": 0.0053996164341541895,
      "말씀": 0.004984793653185241,
      "부분": 0.004888811374209275,
      "신앙": 0.004714830821077335,
      "사도": 0.004667881310230686,
      "사랑": 0.004264729225157003,
      "도": 0.004207921710797681,
      "백성": 0.004161668094812388,
      "선포": 0.004102886983283197,
      "처음": 0.004079113639593677,
      "가운데": 0.004071380977384145,
      "절": 0.004056509482165419,
      "몸": 0.0039453295145298675,
      "생각": 0.0035451190650811278,
      "본문": 0.003067806125196939,
      "모습": 0.003007253355550583
    },
    "NNP": {
      "예수": 0.022958031471069923,
      "베드로": 0.015394612744452179,
      "예루살렘": 0.01393869570220384,
      "아브라함": 0.012716510219871361,
      "바나바": 0.012569259409622531,
      "바울": 0.012108195313224653,
      "안디옥": 0.01109991136855502,
      "한국": 0.005668718824723665,
      "그리스": 0.003571425494062982,
      "그리스도": 0.0029335790701046087
    },
    "VA": {
      "없": 0.009471107941051958,
      "이렇": 0.00697020566368633,
      "어떻": 0.004597096810182204,
      "같": 0.0025664367951545577
    },
    "VV": {
      "되": 0.034808552958727,
      "받": 0.027550431916492653,
      "믿": 0.017335933992970367,
      "지키": 0.01585972316074305,
      "얻": 0.014995338520742195,
      "있": 0.014420686225758329,
      "내리": 0.008272830955311734,
      "통하": 0.007029963203059519,
      "따르": 0.00607469080941665,
      "보": 0.005476590164324974,
      "가지": 0.00460270857941957,
      "갖": 0.004525932921283222,
      "모이": 0.0045055954068164055,
      "알": 0.004046625948291081,
      "그러": 0.0037316380720123785,
      "일어나": 0.003245843923901036,
      "듣": 0.003202459824679222,
      "읽": 0.0030460953544849444,
      "주": 0.003038673484355252,
      "모르": 0.0030184952369997275
    }
  }
}