{
  "scope": "sermon",
  "idf_scope": "church",
  "church": "O-Sg",
  "sermon": "O-Sg-0518",
  "document_unit": "sermon_json",
  "document_count": 819,
  "min_count": 5,
  "freq": {
    "MAG": {
      "지금": 18,
      "다시": 14,
      "이제": 9,
      "안": 8,
      "그냥": 7,
      "다": 6,
      "가장": 5
    },
    "NNB": {
      "분": 35,
      "거": 29,
      "수": 25,
      "때문": 13,
      "장": 11,
      "절": 11,
      "번": 8,
      "중": 6
    },
    "NNG": {
      "하나님": 64,
      "사람": 41,
      "왕": 19,
      "어둠": 13,
      "마태": 8,
      "탄생": 9,
      "말씀": 29,
      "말": 28,
      "징계": 7,
      "예언": 11,
      "왕실": 5,
      "장": 19,
      "시작": 21,
      "통치": 9,
      "절": 18,
      "빛": 9,
      "설명": 11,
      "경험": 14,
      "표적": 5,
      "구원": 12,
      "활동": 6,
      "주": 15,
      "고통": 8,
      "백성": 8,
      "다양": 5,
      "중요": 11,
      "신앙": 8,
      "삶": 12,
      "내용": 8,
      "자유": 6,
      "가운데": 11,
      "전쟁": 5,
      "반응": 5,
      "기도": 10,
      "기쁨": 6,
      "땅": 8,
      "능력": 7,
      "아들": 6,
      "신": 5,
      "인생": 6,
      "은혜": 7,
      "오늘": 8,
      "기록": 6,
      "이름": 8,
      "길": 6,
      "도": 5,
      "사실": 5,
      "생명": 5,
      "감사": 5,
      "사랑": 6
    },
    "NNP": {
      "아하스": 10,
      "예수": 51,
      "이사야": 9,
      "임마누엘": 5,
      "다윗": 6,
      "그리스도": 11,
      "그리스": 6,
      "주님": 6
    },
    "VA": {
      "그렇": 15,
      "없": 14,
      "이렇": 14,
      "어떻": 12,
      "좋": 5,
      "크": 5
    },
    "VV": {
      "되": 62,
      "있": 49,
      "보": 31,
      "사라지": 10,
      "읽": 15,
      "겪": 8,
      "알": 14,
      "위하": 14,
      "나오": 12,
      "주": 11,
      "열": 6,
      "다스리": 5,
      "누리": 6,
      "드리": 9,
      "일어나": 9,
      "통하": 9,
      "얻": 5,
      "그러": 6,
      "대하": 6,
      "따르": 5,
      "받": 6,
      "보이": 5
    }
  },
  "tfidf": {
    "MAG": {
      "지금": 0.010030740898578071,
      "다시": 0.006899187567888447,
      "이제": 0.004473289685741911,
      "안": 0.004274634432244676,
      "그냥": 0.004105586143685477,
      "다": 0.002910230473231529,
      "가장": 0.002755408753873515
    },
    "NNB": {
      "분": 0.0167704422542983,
      "거": 0.014134964351641063,
      "수": 0.011633317822242903,
      "때문": 0.006101187528727942,
      "장": 0.005541392508656125,
      "절": 0.005387787797523954,
      "번": 0.0037545769407556565,
      "중": 0.003536800857487483
    },
    "NNG": {
      "하나님": 0.029781293624941835,
      "사람": 0.01907864122847836,
      "왕": 0.01602180501619805,
      "어둠": 0.01440603361055995,
      "마태": 0.014211201645966207,
      "탄생": 0.014204907417635129,
      "말씀": 0.01352760265519358,
      "말": 0.01307707160128073,
      "징계": 0.012936920918485115,
      "예언": 0.0126035751275365,
      "왕실": 0.012579616675812595,
      "장": 0.01076045863169787,
      "시작": 0.01000107550348475,
      "통치": 0.009698041482156089,
      "절": 0.008541038287309437,
      "빛": 0.008399114374322418,
      "설명": 0.008247338594235758,
      "경험": 0.008018206501952636,
      "표적": 0.007600402707696562,
      "구원": 0.007412684911226807,
      "활동": 0.007185218901464971,
      "주": 0.007152344899420927,
      "고통": 0.006615390052341696,
      "백성": 0.006231076436420819,
      "다양": 0.006043081786649036,
      "중요": 0.005972618044330589,
      "신앙": 0.005882751531680795,
      "삶": 0.005792115745726747,
      "내용": 0.005411090920446466,
      "자유": 0.005241754852419122,
      "가운데": 0.005238658597063441,
      "전쟁": 0.005214621217131614,
      "반응": 0.004999122171341952,
      "기도": 0.004716172281060062,
      "기쁨": 0.004430371886674489,
      "땅": 0.004295755973746426,
      "능력": 0.004291163605425722,
      "아들": 0.004212550487339996,
      "신": 0.003950761204872352,
      "인생": 0.0038969463768670177,
      "은혜": 0.0038767330694394245,
      "오늘": 0.0037637460628864995,
      "기록": 0.003763616182462458,
      "이름": 0.0037454303472031123,
      "길": 0.0033023996668799685,
      "도": 0.003281421808753737,
      "사실": 0.0032559005631265293,
      "생명": 0.0032348446405580837,
      "감사": 0.0030418500314823484,
      "사랑": 0.0029931493037892282
    },
    "NNP": {
      "아하스": 0.02753627208483129,
      "예수": 0.0238189518451899,
      "이사야": 0.013171058789722738,
      "임마누엘": 0.010356463011253645,
      "다윗": 0.007461196103800846,
      "그리스도": 0.0060394325369738525,
      "그리스": 0.004010499768391246,
      "주님": 0.0038517918140593835
    },
    "VA": {
      "그렇": 0.0070484225227777164,
      "없": 0.006530566799058971,
      "이렇": 0.006522607533584556,
      "어떻": 0.0057358533800381025,
      "좋": 0.002668357949196322,
      "크": 0.0025939759900151706
    },
    "VV": {
      "되": 0.0288506281991624,
      "있": 0.02280130293159609,
      "보": 0.014442916681508659,
      "사라지": 0.008974224404215771,
      "읽": 0.007126218890029343,
      "겪": 0.007021902074547343,
      "알": 0.00662684428502717,
      "위하": 0.006586555610051374,
      "나오": 0.005978984929316585,
      "주": 0.005213160861441177,
      "열": 0.005153112604914477,
      "다스리": 0.004851760898257237,
      "누리": 0.004666635887397378,
      "드리": 0.004556113632595381,
      "일어나": 0.004556113632595381,
      "통하": 0.00422905351366663,
      "얻": 0.0031891816241394044,
      "그러": 0.0029931493037892282,
      "대하": 0.0028644301381815476,
      "따르": 0.002842299492260792,
      "받": 0.0028125006261212433,
      "보이": 0.002488200340697448
    }
  }
}