{
  "scope": "sermon",
  "idf_scope": "church",
  "church": "O-Sg",
  "sermon": "O-Sg-0446",
  "document_unit": "sermon_json",
  "document_count": 819,
  "min_count": 5,
  "freq": {
    "MAG": {
      "미리": 10,
      "잘못": 8,
      "먼저": 10,
      "더": 8,
      "이제": 6
    },
    "NNB": {
      "수": 30,
      "때문": 15,
      "명": 8,
      "거": 6
    },
    "NNG": {
      "선택": 46,
      "사람": 61,
      "결정": 27,
      "정결": 11,
      "예식": 7,
      "이름": 28,
      "십자가": 19,
      "농부": 6,
      "말": 25,
      "말씀": 25,
      "하나님": 25,
      "주": 23,
      "고백": 17,
      "누명": 5,
      "설득": 6,
      "제안": 6,
      "가운데": 21,
      "할례": 5,
      "마음": 19,
      "보고": 5,
      "야고보": 5,
      "이방": 7,
      "축원": 11,
      "교회": 14,
      "오해": 6,
      "배": 7,
      "장로": 6,
      "해석": 6,
      "율법": 6,
      "이야기": 11,
      "본문": 11,
      "삶": 12,
      "핍박": 5,
      "제자": 6,
      "믿음": 9,
      "성도": 7,
      "성령": 6,
      "생각": 9,
      "상황": 7,
      "오늘": 8,
      "인간": 5,
      "사랑": 7,
      "안": 6,
      "절": 6,
      "길": 5
    },
    "NNP": {
      "바울": 65,
      "예루살렘": 39,
      "울": 8,
      "예수": 24,
      "유대": 10,
      "베드로": 8,
      "성": 8,
      "그리스도": 5
    },
    "VA": {
      "괜찮": 7,
      "없": 12,
      "그렇": 10,
      "이렇": 8,
      "같": 7,
      "어떻": 7,
      "많": 5
    },
    "VV": {
      "있": 45,
      "되": 44,
      "지": 18,
      "위하": 19,
      "전하": 13,
      "바": 6,
      "기": 8,
      "당하": 9,
      "올라가": 7,
      "보": 13,
      "머무르": 5,
      "대하": 11,
      "의하": 6,
      "알": 10,
      "그러": 9,
      "받": 9,
      "행하": 6,
      "향하": 6,
      "통하": 7,
      "듣": 6,
      "만나": 5,
      "가지": 6,
      "살아가": 5
    }
  },
  "tfidf": {
    "MAG": {
      "미리": 0.01300437979001596,
      "잘못": 0.007260200541480163,
      "먼저": 0.006352763712308248,
      "더": 0.004251988264467529,
      "이제": 0.003312006730287465
    },
    "NNB": {
      "수": 0.015503875968992248,
      "때문": 0.007818397137290605,
      "명": 0.006435438327872638,
      "거": 0.0032479057355441483
    },
    "NNG": {
      "선택": 0.04327628608194792,
      "사람": 0.03152454780361757,
      "결정": 0.027937591751294275,
      "정결": 0.018637396876260898,
      "예식": 0.015132096490695067,
      "이름": 0.014558787781130856,
      "십자가": 0.013634204069326411,
      "농부": 0.013358471189445406,
      "말": 0.012967251232536123,
      "말씀": 0.012951447075653124,
      "하나님": 0.012919896640826873,
      "주": 0.012179808831823537,
      "고백": 0.01185809716638794,
      "누명": 0.011708657648347167,
      "설득": 0.011535876879671393,
      "제안": 0.011209177606313792,
      "가운데": 0.011107137600510972,
      "할례": 0.010521235608609597,
      "마음": 0.010209983854060967,
      "보고": 0.009917579662404155,
      "야고보": 0.009760926892852644,
      "이방": 0.009574658992568125,
      "축원": 0.008812557348542647,
      "교회": 0.008621634595785185,
      "오해": 0.008347362801374804,
      "배": 0.00807746021616926,
      "장로": 0.007907748964476805,
      "해석": 0.007280657905577903,
      "율법": 0.007194519722300149,
      "이야기": 0.00704940271735803,
      "본문": 0.007014257291522634,
      "삶": 0.006432690820447948,
      "핍박": 0.005835312368714724,
      "제자": 0.005767378481585859,
      "믿음": 0.0052496055952248825,
      "성도": 0.0049522559461053365,
      "성령": 0.004853081259326055,
      "생각": 0.004737032850417374,
      "상황": 0.004675971268331684,
      "오늘": 0.004179994981469295,
      "인간": 0.004000250693961815,
      "사랑": 0.0038782037017141566,
      "안": 0.0034401049334743007,
      "절": 0.0031618761893932785,
      "길": 0.0030563552472545447
    },
    "NNP": {
      "바울": 0.0681620478194729,
      "예루살렘": 0.04035429919631395,
      "울": 0.012477339361360846,
      "예수": 0.012448561183234678,
      "유대": 0.011517650733417609,
      "베드로": 0.009845697866537334,
      "성": 0.009028843002073446,
      "그리스도": 0.0030487997467598805
    },
    "VA": {
      "괜찮": 0.008477156732121514,
      "없": 0.0062166945963135,
      "그렇": 0.005218625323496749,
      "이렇": 0.0041394119127864774,
      "같": 0.0037341323788517527,
      "어떻": 0.003715953591555261,
      "많": 0.0026542525653966156
    },
    "VV": {
      "있": 0.023255813953488372,
      "되": 0.022739018087855296,
      "지": 0.015114464438912812,
      "위하": 0.009927488080989576,
      "전하": 0.009365014162050404,
      "바": 0.009191851819829608,
      "기": 0.00787253486859663,
      "당하": 0.007751960495701942,
      "올라가": 0.007543673301548693,
      "보": 0.006726544358278026,
      "머무르": 0.006229940500543313,
      "대하": 0.0058322363511174495,
      "의하": 0.005644732967210598,
      "알": 0.005256953993548686,
      "그러": 0.004986261902203915,
      "받": 0.004685320810491901,
      "행하": 0.004327926492964972,
      "향하": 0.0038984663126234815,
      "통하": 0.0036530377264477236,
      "듣": 0.0033282411924702407,
      "만나": 0.0032856658669816467,
      "가지": 0.0031889911983506475,
      "살아가": 0.0030487997467598805
    }
  }
}