{
  "scope": "sermon",
  "idf_scope": "church",
  "church": "O-Sg",
  "sermon": "O-Sg-0801",
  "document_unit": "sermon_json",
  "document_count": 819,
  "min_count": 5,
  "freq": {
    "MAG": {
      "영원히": 8,
      "이제": 16,
      "다시": 16,
      "사실": 7,
      "잘": 10,
      "분명": 6,
      "굉장히": 6,
      "그대로": 6,
      "많이": 6,
      "더": 5
    },
    "NNB": {
      "수": 25,
      "절": 21,
      "거": 20,
      "번": 18,
      "분": 14,
      "때문": 13,
      "명": 6,
      "가지": 5,
      "장": 5
    },
    "NNG": {
      "생명": 69,
      "사람": 85,
      "말씀": 69,
      "죽음": 35,
      "나사": 12,
      "믿음": 42,
      "가운데": 40,
      "하나님": 40,
      "조에": 6,
      "부활": 20,
      "측면": 9,
      "이야기": 26,
      "삶": 31,
      "르": 7,
      "연구": 10,
      "말": 29,
      "신비": 9,
      "순간": 18,
      "뇌": 6,
      "마르": 5,
      "마음": 24,
      "의지": 13,
      "차원": 8,
      "오빠": 5,
      "끝": 13,
      "감정": 8,
      "자리": 15,
      "영역": 8,
      "의식": 7,
      "생명력": 5,
      "영원": 10,
      "병": 7,
      "고백": 13,
      "사랑": 13,
      "주": 12,
      "특별": 6,
      "이후": 8,
      "성경": 10,
      "존재": 8,
      "지": 5,
      "두려움": 5,
      "세상": 8,
      "생각": 9,
      "단어": 5,
      "오늘": 9,
      "모습": 7,
      "은혜": 7,
      "지금": 6,
      "기쁨": 5,
      "집": 5,
      "변화": 5,
      "장": 6,
      "사실": 5,
      "마지막": 5,
      "감사": 5,
      "경험": 5,
      "의미": 5,
      "시작": 5
    },
    "NNP": {
      "예수": 77,
      "비오스": 6,
      "요한복음": 10,
      "다": 7
    },
    "VA": {
      "그렇": 26,
      "많": 10,
      "이렇": 8,
      "어떻": 7,
      "없": 7,
      "놀랍": 5
    },
    "VV": {
      "있": 97,
      "죽": 45,
      "되": 51,
      "믿": 40,
      "마": 8,
      "살": 21,
      "보": 20,
      "생겨나": 8,
      "대하": 18,
      "이어지": 9,
      "알": 18,
      "나아가": 13,
      "넘어서": 5,
      "마르": 5,
      "임하": 9,
      "살아나": 6,
      "가지": 13,
      "태어나": 6,
      "사라지": 6,
      "계시": 9,
      "살아가": 9,
      "인하": 7,
      "나누": 7,
      "바라": 6,
      "읽": 8,
      "일어나": 7,
      "듣": 6,
      "나오": 5,
      "보이": 5
    }
  },
  "tfidf": {
    "MAG": {
      "영원히": 0.007379269839332174,
      "이제": 0.006927423886616668,
      "다시": 0.006868425077719508,
      "사실": 0.0046428125833422205,
      "잘": 0.0044641415280186935,
      "분명": 0.004258320990422011,
      "굉장히": 0.004245784345293521,
      "그대로": 0.0041597919213091595,
      "많이": 0.0029125877842243316,
      "더": 0.0020844135822214913
    },
    "NNB": {
      "수": 0.010133765707336847,
      "절": 0.008959924660591022,
      "거": 0.008491687066988145,
      "번": 0.0073588642694725525,
      "분": 0.00584348283818193,
      "때문": 0.0053147353057301765,
      "명": 0.0037857437670551957,
      "가지": 0.0023765965599249973,
      "장": 0.002194135774238496
    },
    "NNG": {
      "생명": 0.038886582743947566,
      "사람": 0.03445480340494528,
      "말씀": 0.028037494224658725,
      "죽음": 0.024230292330928337,
      "나사": 0.021468021763699895,
      "믿음": 0.019215216264645597,
      "가운데": 0.016594136898093872,
      "하나님": 0.016214025131738953,
      "조에": 0.01607788905940054,
      "부활": 0.014962895538388338,
      "측면": 0.014759499086809026,
      "이야기": 0.013069073615738015,
      "삶": 0.01303421695934908,
      "르": 0.012419821163592082,
      "연구": 0.012051503412500216,
      "말": 0.011798253796737164,
      "신비": 0.011589113751092577,
      "순간": 0.010905769093250882,
      "뇌": 0.010645560997364642,
      "마르": 0.010588564431435545,
      "마음": 0.010115666805678991,
      "의지": 0.009939748594275898,
      "차원": 0.009816532186896081,
      "오빠": 0.009766786749821916,
      "끝": 0.008490470512848302,
      "감정": 0.008053693284297033,
      "자리": 0.007889051920642896,
      "영역": 0.007834615372626854,
      "의식": 0.007657350353925538,
      "생명력": 0.007656016837320577,
      "영원": 0.0073012622703257715,
      "병": 0.007155828837017756,
      "고백": 0.0071124832308946,
      "사랑": 0.005649210383729203,
      "주": 0.00498431753185426,
      "특별": 0.004976920616430531,
      "이후": 0.004905910701139127,
      "성경": 0.004475096957073762,
      "존재": 0.0044278035059001795,
      "지": 0.0044020471691118,
      "두려움": 0.003978721422209455,
      "세상": 0.003723627642843052,
      "생각": 0.0037155081335863874,
      "단어": 0.0036951769534011815,
      "오늘": 0.0036884177443396726,
      "모습": 0.0034319501812797373,
      "은혜": 0.0033770163624747963,
      "지금": 0.003316582033473133,
      "기쁨": 0.00321607525485187,
      "집": 0.003198374241538626,
      "변화": 0.0030253308455075677,
      "장": 0.002960027171231036,
      "사실": 0.002836210097348565,
      "마지막": 0.0027008054162133604,
      "감사": 0.002649751000265734,
      "경험": 0.0024945170207736713,
      "의미": 0.0024453066362843025,
      "시작": 0.002074267112261734
    },
    "NNP": {
      "예수": 0.03132639801202626,
      "비오스": 0.014835508134148842,
      "요한복음": 0.009712599761720758,
      "다": 0.0072525696069410785
    },
    "VA": {
      "그렇": 0.010642441833203137,
      "많": 0.00416374439727803,
      "이렇": 0.003246762079952101,
      "어떻": 0.0029146210780946215,
      "없": 0.0028443834720668277,
      "놀랍": 0.0026564844056001036
    },
    "VV": {
      "있": 0.039319010944466964,
      "죽": 0.0222278622857765,
      "되": 0.020672882042967168,
      "믿": 0.01712916596522013,
      "마": 0.011946340168700931,
      "살": 0.008733202790568509,
      "보": 0.008116905199880254,
      "생겨나": 0.00786737125746351,
      "대하": 0.0074856023919158635,
      "이어지": 0.0074653809246457955,
      "알": 0.007421958151410649,
      "나아가": 0.006759872913014959,
      "넘어서": 0.006573563481158725,
      "마르": 0.006008050692936863,
      "임하": 0.005829158089501655,
      "살아나": 0.0056541774077078465,
      "가지": 0.005419475313775877,
      "태어나": 0.00486147707227425,
      "사라지": 0.004690460051396764,
      "계시": 0.004656375446968818,
      "살아가": 0.004304405965936223,
      "인하": 0.003690891302955656,
      "나누": 0.003617067186986591,
      "바라": 0.0033123189232321573,
      "읽": 0.0033107405798509515,
      "일어나": 0.0030868629183052887,
      "듣": 0.0026105175141588636,
      "나오": 0.002170118668609198,
      "보이": 0.002167467584985332
    }
  }
}