{
  "scope": "sermon",
  "idf_scope": "church",
  "church": "O-Sg",
  "sermon": "O-Sg-0562",
  "document_unit": "sermon_json",
  "document_count": 819,
  "min_count": 5,
  "freq": {
    "MAG": {
      "매일": 8,
      "잘못": 7,
      "서로": 5,
      "그냥": 6,
      "다": 7,
      "더": 6,
      "이제": 5
    },
    "NNB": {
      "수": 30,
      "거": 22,
      "때문": 17,
      "분": 10,
      "번": 8,
      "절": 7,
      "장": 5
    },
    "NNG": {
      "하나님": 80,
      "삽비라": 12,
      "회개": 30,
      "삽비": 10,
      "교회": 41,
      "질투": 11,
      "동기": 12,
      "거짓말": 14,
      "죄": 30,
      "사단": 15,
      "니아": 8,
      "사람": 35,
      "징계": 8,
      "공동체": 16,
      "헌신": 14,
      "시기": 13,
      "거룩": 7,
      "말씀": 26,
      "사울": 7,
      "경외": 9,
      "관계": 12,
      "용납": 6,
      "기회": 9,
      "한쪽": 5,
      "사도": 10,
      "성경": 17,
      "값": 6,
      "부부": 6,
      "시작": 17,
      "발": 7,
      "재산": 5,
      "마음": 15,
      "안": 14,
      "초대교회": 5,
      "성도": 11,
      "앞": 14,
      "돈": 7,
      "날": 11,
      "본질": 5,
      "언급": 5,
      "이름": 13,
      "말": 13,
      "죽음": 7,
      "두려움": 6,
      "땅": 10,
      "죄인": 5,
      "문제": 8,
      "통로": 5,
      "축원": 7,
      "가운데": 10,
      "절": 10,
      "생각": 10,
      "아내": 5,
      "사랑": 9,
      "사건": 6,
      "본문": 7,
      "표현": 6,
      "오늘": 8,
      "성령": 5,
      "목사": 5,
      "주": 7,
      "중요": 6,
      "전": 6,
      "기록": 5,
      "이야기": 5,
      "모습": 5
    },
    "NNP": {
      "나니": 14,
      "베드로": 14,
      "바": 9,
      "라": 5,
      "한국": 5,
      "성령": 5,
      "예수": 5
    },
    "VA": {
      "없": 22,
      "그렇": 14,
      "다르": 5,
      "이렇": 8,
      "좋": 6,
      "크": 5
    },
    "VV": {
      "되": 54,
      "있": 45,
      "바치": 13,
      "속이": 10,
      "대하": 27,
      "놓치": 9,
      "생겨나": 6,
      "알": 14,
      "주": 12,
      "이르": 7,
      "보": 11,
      "읽": 10,
      "기": 5,
      "살": 9,
      "들어오": 5,
      "죽이": 5,
      "일어나": 8,
      "받": 8,
      "그러": 7,
      "통하": 7,
      "드리": 6,
      "죽": 5,
      "위하": 6,
      "듣": 5,
      "가지": 5
    }
  },
  "tfidf": {
    "MAG": {
      "매일": 0.009203196272128405,
      "잘못": 0.005656892334005339,
      "서로": 0.004101192623764123,
      "그냥": 0.0034802069381816144,
      "다": 0.0033577693671438783,
      "더": 0.0028397137454249897,
      "이제": 0.002457713231748061
    },
    "NNB": {
      "수": 0.013805798435342844,
      "거": 0.01060464389953324,
      "때문": 0.00789035661393387,
      "분": 0.004738633936557366,
      "번": 0.0037131089947924096,
      "절": 0.0033907246721395995,
      "장": 0.0024909953773798294
    },
    "NNG": {
      "하나님": 0.03681546249424758,
      "삽비라": 0.03108990040632377,
      "회개": 0.02649807873024913,
      "삽비": 0.025366220722144863,
      "교회": 0.022483642780113656,
      "질투": 0.019222316927350058,
      "동기": 0.018730692462339556,
      "거짓말": 0.018259318103451477,
      "죄": 0.017981008111214693,
      "사단": 0.01752522097482844,
      "니아": 0.016531720259144404,
      "사람": 0.016106764841233318,
      "징계": 0.014621756914771949,
      "공동체": 0.014407596513079914,
      "헌신": 0.014331847075355274,
      "시기": 0.014047012549072875,
      "거룩": 0.012168592247003136,
      "말씀": 0.011994243946177796,
      "사울": 0.010883569719191797,
      "경외": 0.010445129686957152,
      "관계": 0.00947267140148217,
      "용납": 0.009292679940371694,
      "기회": 0.008789001903691874,
      "한쪽": 0.008647171241778351,
      "사도": 0.008639769272778564,
      "성경": 0.008636957721247883,
      "값": 0.008571010090023583,
      "부부": 0.008333059709238347,
      "시작": 0.008006690144606062,
      "발": 0.007594166335699783,
      "재산": 0.007309491134618137,
      "마음": 0.0071776777524189105,
      "안": 0.007147755993850193,
      "초대교회": 0.007142508408352985,
      "성도": 0.00692977238924805,
      "앞": 0.006848041212953506,
      "돈": 0.006694269631412117,
      "날": 0.006412519977768569,
      "본질": 0.006194257946257189,
      "언급": 0.006075472015734162,
      "이름": 0.006019103060849824,
      "말": 0.006004440032295374,
      "죽음": 0.005501714788808118,
      "두려움": 0.005420435756239702,
      "땅": 0.005310388626082069,
      "죄인": 0.005266381364440895,
      "문제": 0.00519906128053148,
      "통로": 0.005128084254294309,
      "축원": 0.0049937702081751315,
      "가운데": 0.0047098177321212124,
      "절": 0.0046926142249394025,
      "생각": 0.004686893984536288,
      "아내": 0.004668963946712451,
      "사랑": 0.004440136576513842,
      "사건": 0.004094158318373216,
      "본문": 0.0039747360169716806,
      "표현": 0.003853906011913125,
      "오늘": 0.0037221768472816786,
      "성령": 0.003601285564041999,
      "목사": 0.003596353158282101,
      "주": 0.0033008965891084215,
      "중요": 0.0032218105285361093,
      "전": 0.0031901636527358153,
      "기록": 0.003101707001116667,
      "이야기": 0.0028533226494765907,
      "모습": 0.0027830586737285883
    },
    "NNP": {
      "나니": 0.030053818055908083,
      "베드로": 0.01534284141765396,
      "바": 0.011613560081168352,
      "라": 0.006075472015734162,
      "한국": 0.0052461084015275146,
      "성령": 0.004692644770542519,
      "예수": 0.0023094000124212976
    },
    "VA": {
      "없": 0.010148975646765826,
      "그렇": 0.006505870226117208,
      "다르": 0.003824050071817811,
      "이렇": 0.003686038679816767,
      "좋": 0.003166664279515635,
      "크": 0.0025653264622837557
    },
    "VV": {
      "되": 0.024850437183617118,
      "있": 0.020708697653014266,
      "바치": 0.016600458026994426,
      "속이": 0.01497909362174317,
      "대하": 0.012747570939385482,
      "놓치": 0.012654438983390234,
      "생겨나": 0.006698851205302282,
      "알": 0.00655365318385798,
      "주": 0.005624272781443546,
      "이르": 0.005361294608171196,
      "보": 0.005068303184748054,
      "읽": 0.00469834158449856,
      "기": 0.004381429754583088,
      "살": 0.004249190313128494,
      "들어오": 0.004233795276402495,
      "죽이": 0.004214377723144637,
      "일어나": 0.004005149336379803,
      "받": 0.0037085834303019188,
      "그러": 0.0034534395595107654,
      "통하": 0.003252935113058604,
      "드리": 0.003003862002284852,
      "죽": 0.0028039134969070215,
      "위하": 0.0027916326354612588,
      "듣": 0.0024697602038003972,
      "가지": 0.0023664281211874913
    }
  }
}