{
  "scope": "sermon",
  "idf_scope": "church",
  "church": "O-Sg",
  "sermon": "O-Sg-0369",
  "document_unit": "sermon_json",
  "document_count": 819,
  "min_count": 5,
  "freq": {
    "MAG": {
      "소중히": 6,
      "속히": 5,
      "지금": 12,
      "다": 10,
      "다시": 9,
      "안": 7,
      "이제": 5,
      "더": 5
    },
    "NNB": {
      "거": 56,
      "수": 18,
      "때문": 13,
      "대로": 5,
      "장": 7,
      "절": 7,
      "번": 7,
      "분": 5
    },
    "NNG": {
      "하나님": 109,
      "말씀": 58,
      "완성": 21,
      "동역": 10,
      "기능": 10,
      "지속": 10,
      "사람": 33,
      "부분": 20,
      "동산": 9,
      "말": 30,
      "통치": 13,
      "삶": 29,
      "경작": 6,
      "예배": 22,
      "옷": 12,
      "동역자": 6,
      "생각": 21,
      "번역": 8,
      "도성": 5,
      "오늘": 20,
      "땅": 17,
      "주": 19,
      "그날": 9,
      "왕": 10,
      "최종": 5,
      "재림": 5,
      "장면": 9,
      "제사장": 6,
      "절": 16,
      "하늘": 10,
      "장": 12,
      "단어": 8,
      "권세": 6,
      "회개": 7,
      "모습": 11,
      "책": 6,
      "설명": 8,
      "보좌": 5,
      "교회": 10,
      "내용": 8,
      "순종": 7,
      "마지막": 8,
      "열매": 5,
      "가정": 6,
      "날": 7,
      "축복": 7,
      "기도": 8,
      "중요": 6,
      "구원": 5,
      "믿음": 5,
      "성경": 5,
      "마음": 5,
      "가운데": 5,
      "시작": 5
    },
    "NNP": {
      "에덴": 7,
      "예수여": 5,
      "예수": 22,
      "누가": 5
    },
    "VA": {
      "어떻": 20,
      "이렇": 20,
      "그렇": 18,
      "없": 15,
      "같": 14,
      "어리": 5,
      "크": 5,
      "많": 5
    },
    "VV": {
      "되": 75,
      "다스리": 30,
      "빨": 10,
      "있": 52,
      "보": 31,
      "지키": 21,
      "살아가": 19,
      "보이": 19,
      "알": 19,
      "이기": 10,
      "맛보": 6,
      "나오": 14,
      "섬기": 8,
      "주": 13,
      "따라가": 5,
      "통하": 12,
      "원하": 11,
      "맡기": 5,
      "위하": 10,
      "행하": 7,
      "살": 9,
      "읽": 9,
      "받": 9,
      "주어지": 5,
      "이루어지": 6,
      "드리": 7,
      "그러": 7,
      "대하": 7,
      "바라": 5
    }
  },
  "tfidf": {
    "MAG": {
      "소중히": 0.009598056983021165,
      "속히": 0.007555073352075807,
      "지금": 0.0063001789247535515,
      "다": 0.004569695518759721,
      "다시": 0.004178530304707537,
      "안": 0.0035238560808996417,
      "이제": 0.002341346274699052,
      "더": 0.00225438330001772
    },
    "NNB": {
      "거": 0.025715553522107547,
      "수": 0.00789127575624726,
      "때문": 0.0057481157383763035,
      "대로": 0.0038493226785850823,
      "장": 0.0033222736243160534,
      "절": 0.003230181811731411,
      "번": 0.003095139243741086,
      "분": 0.002257135366974826
    },
    "NNG": {
      "하나님": 0.04778605874616396,
      "말씀": 0.025489538014915394,
      "완성": 0.02353190164882548,
      "동역": 0.018338201734511776,
      "기능": 0.01570438384573962,
      "지속": 0.015110146704151613,
      "사람": 0.01446733888645331,
      "부분": 0.014367089980322743,
      "동산": 0.013599132033736454,
      "말": 0.013200332030665882,
      "통치": 0.013197631881094777,
      "삶": 0.01318758020566406,
      "경작": 0.012675841952728103,
      "예배": 0.012357027394397833,
      "옷": 0.011903026577423877,
      "동역자": 0.010710350321434232,
      "생각": 0.009376459149335574,
      "번역": 0.009151908504810524,
      "도성": 0.008983749293323266,
      "오늘": 0.008864851259472914,
      "땅": 0.00860022210592274,
      "주": 0.008535361525303401,
      "그날": 0.008199400712815606,
      "왕": 0.00794454393959473,
      "최종": 0.007887835326797429,
      "재림": 0.007649707661293714,
      "장면": 0.007537003582718088,
      "제사장": 0.007395347322158845,
      "절": 0.007152687916382866,
      "하늘": 0.006588024609966555,
      "장": 0.006402794415981556,
      "단어": 0.006394389509191208,
      "권세": 0.006079285327682278,
      "회개": 0.005890139932278526,
      "모습": 0.005832832220792148,
      "책": 0.005661927957629358,
      "설명": 0.0056509603089594344,
      "보좌": 0.0054322571753698205,
      "교회": 0.005224169519272353,
      "내용": 0.005097954576080427,
      "순종": 0.0050426890622892835,
      "마지막": 0.004673660297622699,
      "열매": 0.004635232267988732,
      "가정": 0.004371588324100011,
      "날": 0.003887483216365936,
      "축복": 0.0037489444333256546,
      "기도": 0.0035546003444096707,
      "중요": 0.0030692653566457544,
      "구원": 0.0029098823385624735,
      "믿음": 0.002474057875873191,
      "성경": 0.0024200053031786435,
      "마음": 0.002279277181938666,
      "가운데": 0.0022434094546031117,
      "시작": 0.0022434094546031117
    },
    "NNP": {
      "에덴": 0.012577249010652573,
      "예수여": 0.01002588804105469,
      "예수": 0.00968024348915498,
      "누가": 0.0040395359125931654
    },
    "VA": {
      "어떻": 0.009006538735716704,
      "이렇": 0.008778783484482501,
      "그렇": 0.00796864182452397,
      "없": 0.006592121900409154,
      "같": 0.00633541968704791,
      "어리": 0.003706074365984358,
      "크": 0.0024438642711716793,
      "많": 0.002251634683929176
    },
    "VV": {
      "되": 0.03288031565103025,
      "다스리": 0.027425955730876285,
      "빨": 0.023703284731539907,
      "있": 0.022797018851380975,
      "보": 0.013607114400947876,
      "지키": 0.013346856817212142,
      "살아가": 0.009828068626885313,
      "보이": 0.00890799720394717,
      "알": 0.008473122033003832,
      "이기": 0.008256485019192671,
      "맛보": 0.008245313533770055,
      "나오": 0.006571815745412054,
      "섬기": 0.005895750355204211,
      "주": 0.0058044747114934505,
      "따라가": 0.0054322571753698205,
      "통하": 0.00531242788301598,
      "원하": 0.0052720871137134145,
      "맡기": 0.004922123049611329,
      "위하": 0.004432425629736457,
      "행하": 0.004283338035014653,
      "살": 0.004048001118118465,
      "읽": 0.0040282975172309665,
      "받": 0.003974614541123116,
      "주어지": 0.003815424770436065,
      "이루어지": 0.0037883596402070252,
      "드리": 0.0033385755455761276,
      "그러": 0.00328992729628097,
      "대하": 0.003148445314092139,
      "바라": 0.002985346625607822
    }
  }
}