{
  "scope": "sermon",
  "idf_scope": "church",
  "church": "O-Sg",
  "sermon": "O-Sg-0086",
  "document_unit": "sermon_json",
  "document_count": 819,
  "min_count": 5,
  "freq": {
    "MAG": {
      "지금": 36,
      "안": 25,
      "점점": 10,
      "스스로": 9,
      "그냥": 11,
      "다": 13,
      "더": 12,
      "다시": 10,
      "많이": 7,
      "이제": 7,
      "계속": 5
    },
    "NNB": {
      "거": 58,
      "수": 34,
      "분": 15,
      "때문": 14,
      "절": 11,
      "중": 9,
      "번": 11,
      "장": 10
    },
    "NNG": {
      "가인": 76,
      "하나님": 103,
      "예배": 75,
      "제물": 21,
      "동생": 18,
      "죄": 39,
      "사람": 48,
      "절": 41,
      "말": 34,
      "말씀": 34,
      "반응": 15,
      "시작": 31,
      "화": 11,
      "지배": 11,
      "설명": 19,
      "탓": 8,
      "땅": 25,
      "장": 22,
      "삶": 24,
      "최선": 8,
      "현장": 8,
      "양떼": 5,
      "징계": 5,
      "장면": 10,
      "욕심": 6,
      "오늘": 18,
      "생각": 17,
      "인정": 9,
      "앞": 16,
      "주": 16,
      "예물": 5,
      "등장": 7,
      "남편": 6,
      "제사": 5,
      "내용": 10,
      "사탄": 5,
      "거절": 5,
      "저주": 5,
      "피": 6,
      "상태": 7,
      "중심": 7,
      "무시": 5,
      "판단": 5,
      "메시지": 5,
      "은혜": 9,
      "순간": 7,
      "경우": 5,
      "회개": 5,
      "인도": 6,
      "복": 5,
      "가운데": 9,
      "기도": 9,
      "믿음": 8,
      "가정": 5,
      "감사": 6,
      "자리": 6,
      "이야기": 6,
      "마음": 7,
      "문제": 5,
      "본문": 5,
      "아버지": 5,
      "축복": 5,
      "사랑": 5
    },
    "NNP": {
      "아벨": 30,
      "가인": 5,
      "창세기": 8,
      "아담": 5,
      "주님": 7
    },
    "VA": {
      "이렇": 33,
      "없": 27,
      "그렇": 17,
      "어떻": 14,
      "좋": 11,
      "같": 9,
      "많": 5
    },
    "VV": {
      "되": 73,
      "있": 73,
      "겁": 22,
      "보": 34,
      "드리": 31,
      "받": 30,
      "쫓아내": 8,
      "알": 18,
      "대하": 16,
      "주": 16,
      "읽": 15,
      "나오": 14,
      "다스리": 7,
      "위하": 14,
      "돌이키": 6,
      "짓": 9,
      "나가": 9,
      "가져오": 5,
      "치": 6,
      "가지": 9,
      "깨닫": 6,
      "죽이": 5,
      "그러": 8,
      "보이": 8,
      "살": 8,
      "떠나": 5,
      "통하": 7,
      "만들": 5,
      "계시": 5,
      "믿": 5
    }
  },
  "tfidf": {
    "MAG": {
      "지금": 0.014639091470997812,
      "안": 0.009747654281508712,
      "점점": 0.007388505438135071,
      "스스로": 0.005666584639219982,
      "그냥": 0.004707831717224399,
      "다": 0.0046011946084136505,
      "더": 0.004190626803944653,
      "다시": 0.003596011177150685,
      "많이": 0.0028464900082495743,
      "이제": 0.002538830286459746,
      "계속": 0.0023362049441742077
    },
    "NNB": {
      "거": 0.02062888855122353,
      "수": 0.011544991511035654,
      "분": 0.0052446782058433745,
      "때문": 0.0047945756298631015,
      "절": 0.0039315300430828445,
      "중": 0.003871265726353447,
      "번": 0.0037671665663210085,
      "장": 0.0036760155891656164
    },
    "NNG": {
      "가인": 0.10719887171016476,
      "하나님": 0.03497453310696095,
      "예배": 0.0326281596156291,
      "제물": 0.02192396685657111,
      "동생": 0.020336502105439563,
      "죄": 0.017247724894183494,
      "사람": 0.01629881154499151,
      "절": 0.014196233587182555,
      "말": 0.011587306738044843,
      "말씀": 0.011573184422508919,
      "반응": 0.010943748943511567,
      "시작": 0.010773088349367785,
      "화": 0.01073115340114602,
      "지배": 0.01044588930381824,
      "설명": 0.010395032632851992,
      "탓": 0.010208653641227496,
      "땅": 0.009795818747433224,
      "장": 0.009091823129111104,
      "삶": 0.008453145492405282,
      "최선": 0.007914468712153639,
      "현장": 0.007678105039516272,
      "양떼": 0.007431408879597784,
      "징계": 0.006743013110313973,
      "장면": 0.006486287557887174,
      "욕심": 0.006303939877929452,
      "오늘": 0.006179508709871629,
      "생각": 0.005879067934898303,
      "인정": 0.005846933550233054,
      "앞": 0.005774744042977626,
      "주": 0.005567090594718487,
      "예물": 0.005506614977255883,
      "등장": 0.005143934896587828,
      "남편": 0.005115396894381948,
      "제사": 0.005047717982790838,
      "내용": 0.004935668246196713,
      "사탄": 0.0049049622659647915,
      "거절": 0.00481172668430755,
      "저주": 0.004493564188847762,
      "피": 0.004409087054218138,
      "상태": 0.0043937612283691104,
      "중심": 0.004386999033148186,
      "무시": 0.0043200651380896175,
      "판단": 0.003893385293809641,
      "메시지": 0.0037145049616231786,
      "은혜": 0.0036371522821260203,
      "순간": 0.0035527584695595068,
      "경우": 0.003382473071056158,
      "회개": 0.003258648844416036,
      "인도": 0.0032373655442594538,
      "복": 0.003128754301061124,
      "가운데": 0.0031276708111067763,
      "기도": 0.003097300104855099,
      "믿음": 0.003065983573442037,
      "가정": 0.002821616572516164,
      "감사": 0.002663607083594798,
      "자리": 0.002643435122339698,
      "이야기": 0.0025264258542530248,
      "마음": 0.0024715258922930173,
      "문제": 0.0023976146355252346,
      "본문": 0.0020948584440648706,
      "아버지": 0.0020870284861318265,
      "축복": 0.002074058271262629,
      "사랑": 0.0018201125789029573
    },
    "NNP": {
      "아벨": 0.04574290508037452,
      "가인": 0.009558340914394675,
      "창세기": 0.005868192204721438,
      "아담": 0.0046629197113724815,
      "주님": 0.0032791456852798695
    },
    "VA": {
      "이렇": 0.011219106438496626,
      "없": 0.009190469982580612,
      "그렇": 0.005829089304462667,
      "어떻": 0.004883103700957168,
      "좋": 0.00428368852706634,
      "같": 0.003154495046214081,
      "많": 0.001743965607484703
    },
    "VV": {
      "되": 0.024787775891341256,
      "있": 0.024787775891341256,
      "겁": 0.02476292498570082,
      "보": 0.011559079360875312,
      "드리": 0.01145156514204383,
      "받": 0.010261568498360869,
      "쫓아내": 0.009479922947591694,
      "알": 0.006217307558414285,
      "대하": 0.0055738860142181285,
      "주": 0.00553324040931605,
      "읽": 0.005200082986306641,
      "나오": 0.005090088867668895,
      "다스리": 0.004956539164175457,
      "위하": 0.004806284552122377,
      "돌이키": 0.0047178474578728775,
      "짓": 0.00466722407533956,
      "나가": 0.004604726454204885,
      "가져오": 0.004451117156240942,
      "치": 0.00347453434258423,
      "가지": 0.0031429701029584904,
      "깨닫": 0.003119918966806856,
      "죽이": 0.003109624038164108,
      "그러": 0.002912180126244732,
      "보이": 0.002905068947862175,
      "살": 0.0027869430071090643,
      "떠나": 0.0026247700105664815,
      "통하": 0.002400213243014039,
      "만들": 0.0021917477153176354,
      "계시": 0.0021670021180290647,
      "믿": 0.0017936185244566243
    }
  }
}