{
  "scope": "sermon",
  "idf_scope": "church",
  "church": "O-Sg",
  "sermon": "O-Sg-0204",
  "document_unit": "sermon_json",
  "document_count": 819,
  "min_count": 5,
  "freq": {
    "MAG": {
      "어쩌면": 8,
      "더": 13,
      "영원히": 5,
      "다시": 10,
      "너무나": 5,
      "지금": 6,
      "가장": 6
    },
    "NNB": {
      "수": 33,
      "번": 14,
      "절": 13,
      "장": 10,
      "때문": 9
    },
    "NNG": {
      "여인": 67,
      "생수": 16,
      "갈망": 20,
      "주": 52,
      "물": 26,
      "우물가": 10,
      "마리아인": 8,
      "삶": 38,
      "갈증": 9,
      "수치": 13,
      "사람": 36,
      "남편": 14,
      "심령": 11,
      "남자": 13,
      "목마": 6,
      "예배": 21,
      "문제": 18,
      "유대인": 12,
      "결혼": 10,
      "내면": 7,
      "영혼": 14,
      "말": 19,
      "동네": 5,
      "만족": 7,
      "지방": 6,
      "인생": 13,
      "하나님": 18,
      "해결": 9,
      "오늘": 17,
      "마음": 16,
      "기쁨": 9,
      "말씀": 14,
      "의지": 7,
      "불안": 5,
      "안": 11,
      "은혜": 9,
      "상처": 5,
      "당시": 7,
      "소망": 7,
      "과거": 5,
      "사랑": 9,
      "지금": 7,
      "가운데": 9,
      "절": 9,
      "대답": 5,
      "질문": 5,
      "앞": 8,
      "존재": 6,
      "곳": 6,
      "아버지": 6,
      "세상": 6,
      "이유": 5,
      "감사": 5,
      "시작": 5
    },
    "NNP": {
      "예수": 50,
      "사마리아": 10,
      "요한복음": 7,
      "주님": 12
    },
    "VA": {
      "메마르": 10,
      "마르": 6,
      "없": 23,
      "르": 6,
      "상관없": 5,
      "새롭": 9,
      "깊": 7,
      "같": 9,
      "이렇": 6,
      "어떻": 5,
      "그렇": 5
    },
    "VV": {
      "있": 48,
      "목": 7,
      "되": 34,
      "보": 33,
      "마시": 13,
      "마르": 9,
      "채우": 13,
      "달": 8,
      "주": 23,
      "알": 17,
      "대하": 15,
      "다루": 5,
      "르": 5,
      "붙잡": 6,
      "원": 5,
      "받": 12,
      "붓": 6,
      "찾아가": 5,
      "살": 11,
      "놀라": 5,
      "나아가": 8,
      "만나": 8,
      "위하": 9,
      "나오": 8,
      "모르": 7,
      "읽": 8,
      "통하": 8,
      "원하": 5,
      "드리": 5
    }
  },
  "tfidf": {
    "MAG": {
      "어쩌면": 0.008363947728491104,
      "더": 0.006189743332909763,
      "영원히": 0.00526755170533347,
      "다시": 0.004902894868846651,
      "너무나": 0.0036031751054495242,
      "지금": 0.0033265528072599195,
      "가장": 0.003289651895596769
    },
    "NNB": {
      "수": 0.015277777777777777,
      "번": 0.006537048717567979,
      "절": 0.0063349590782587,
      "장": 0.005011974958376268,
      "때문": 0.004202388461293701
    },
    "NNG": {
      "여인": 0.07478524409193868,
      "생수": 0.03455394001877686,
      "갈망": 0.027131304140247864,
      "주": 0.02466852585865709,
      "물": 0.023941577155056976,
      "우물가": 0.023153954347944854,
      "마리아인": 0.02041511023304474,
      "삶": 0.018248293056617966,
      "갈증": 0.018237915958679563,
      "수치": 0.017686137178381595,
      "사람": 0.016666666666666666,
      "남편": 0.016273751076803067,
      "심령": 0.015707243887367734,
      "남자": 0.01457105788163376,
      "목마": 0.012586806971973204,
      "예배": 0.012456102045855443,
      "문제": 0.01176829183603636,
      "유대인": 0.011387900691659321,
      "결혼": 0.0112085060627952,
      "내면": 0.01103549755989764,
      "영혼": 0.010710779897414554,
      "말": 0.008828536880818345,
      "동네": 0.008486696926906824,
      "만족": 0.008476332859333682,
      "지방": 0.00840881420315022,
      "인생": 0.00840038510266465,
      "하나님": 0.008333333333333333,
      "해결": 0.007971860789553862,
      "오늘": 0.007957230029828267,
      "마음": 0.007702268521484589,
      "기쁨": 0.00661171471143297,
      "말씀": 0.0064973092829526515,
      "의지": 0.0061128745895495185,
      "불안": 0.00576145489624994,
      "안": 0.005649894560879668,
      "은혜": 0.0049589877179912634,
      "상처": 0.004938322308129589,
      "당시": 0.004798867294754542,
      "소망": 0.004691985459055924,
      "과거": 0.0045739885725938735,
      "사랑": 0.004466859620724341,
      "지금": 0.004419294377781445,
      "가운데": 0.004264347471624748,
      "절": 0.004248771129497218,
      "대답": 0.0042139499581606895,
      "질문": 0.003953447829391548,
      "앞": 0.003936717871890997,
      "존재": 0.0037928441836999113,
      "곳": 0.003453221155612999,
      "아버지": 0.003414610495365683,
      "세상": 0.0031896490954492394,
      "이유": 0.0030611690298510503,
      "감사": 0.0030263591285442436,
      "시작": 0.0023690819286804154
    },
    "NNP": {
      "예수": 0.02323299179162722,
      "사마리아": 0.015581013511132476,
      "요한복음": 0.007765133578016471,
      "주님": 0.007664352415197791
    },
    "VA": {
      "메마르": 0.019793134887838668,
      "마르": 0.012061134750755069,
      "없": 0.010674150964850785,
      "르": 0.009242438071067826,
      "상관없": 0.008329700176122655,
      "새롭": 0.005945989972342884,
      "깊": 0.005819726547379722,
      "같": 0.00430092032921318,
      "이렇": 0.002781167378903415,
      "어떻": 0.002377767923167801,
      "그렇": 0.0023375092594829184
    },
    "VV": {
      "있": 0.022222222222222223,
      "목": 0.01580214674695119,
      "되": 0.01574074074074074,
      "보": 0.01529642058396878,
      "마시": 0.014188333651930103,
      "마르": 0.012351550882896035,
      "채우": 0.011125340517732235,
      "달": 0.011110274588688757,
      "주": 0.010844734928386071,
      "알": 0.008005902852675184,
      "대하": 0.007124606906194612,
      "다루": 0.006614060361895095,
      "르": 0.006201079673300609,
      "붙잡": 0.00576254093635847,
      "원": 0.005663458683688456,
      "받": 0.005596355412531993,
      "붓": 0.005552437008009526,
      "찾아가": 0.005479097426605296,
      "살": 0.005224711731209383,
      "놀라": 0.005000528368896016,
      "나아가": 0.004751169936298549,
      "만나": 0.00470945440934036,
      "위하": 0.004212651192262024,
      "나오": 0.003965690929969549,
      "모르": 0.003934384949189368,
      "읽": 0.0037812949122649525,
      "통하": 0.00374001481517267,
      "원하": 0.0025306461924200965,
      "드리": 0.002518284001143898
    }
  }
}