{
  "scope": "sermon",
  "idf_scope": "church",
  "church": "O-Sg",
  "sermon": "O-Sg-0510",
  "document_unit": "sermon_json",
  "document_count": 819,
  "min_count": 5,
  "freq": {
    "MAG": {
      "이제": 43,
      "굉장히": 9,
      "안": 12,
      "너무": 6,
      "아주": 5,
      "많이": 6
    },
    "NNB": {
      "거": 52,
      "분": 36,
      "살": 6,
      "번": 12,
      "수": 12,
      "절": 11,
      "데": 5,
      "중": 6,
      "때문": 6
    },
    "NNG": {
      "스데반": 17,
      "사울": 20,
      "사람": 66,
      "선교": 20,
      "교회": 37,
      "선교사": 18,
      "산맥": 7,
      "하나님": 35,
      "책": 15,
      "무명": 6,
      "외국인": 6,
      "복음": 19,
      "수련회": 6,
      "예정": 5,
      "아버님": 5,
      "출신": 6,
      "옥": 5,
      "순교": 6,
      "학년": 5,
      "유대인": 8,
      "짐": 5,
      "이름": 14,
      "배경": 5,
      "핍박": 6,
      "말": 13,
      "마음": 12,
      "역할": 5,
      "영혼": 7,
      "주": 11,
      "기도": 11,
      "사도": 5,
      "삶": 9,
      "시작": 8,
      "집": 5,
      "얘기": 5,
      "곳": 5,
      "본문": 5,
      "생각": 6,
      "사랑": 5,
      "말씀": 5
    },
    "NNP": {
      "바": 25,
      "중국": 18,
      "안디옥": 18,
      "허드슨": 9,
      "테일러": 8,
      "데이비드": 7,
      "엘리엇": 6,
      "키프로스": 5,
      "안디": 5,
      "예루살렘": 11,
      "바나바": 5,
      "베드로": 8,
      "한국": 8,
      "예수": 17,
      "미국": 5
    },
    "VA": {
      "없": 16,
      "많": 14,
      "그렇": 14,
      "짧": 5,
      "어떻": 11,
      "이렇": 10,
      "놀랍": 6,
      "같": 6,
      "크": 5
    },
    "VV": {
      "되": 61,
      "있": 60,
      "흩어지": 19,
      "전하": 19,
      "보": 26,
      "쓰": 18,
      "믿": 21,
      "죽이": 11,
      "나오": 18,
      "잃어버리": 8,
      "알": 16,
      "그러": 13,
      "데리": 5,
      "갖": 7,
      "읽": 10,
      "받": 10,
      "가지": 9,
      "통하": 9,
      "세우": 6,
      "모르": 7,
      "나누": 6,
      "들어가": 5,
      "듣": 6,
      "위하": 6,
      "주": 5
    }
  },
  "tfidf": {
    "MAG": {
      "이제": 0.020467581698868725,
      "굉장히": 0.007001570842138446,
      "안": 0.006140500932415647,
      "너무": 0.003780851173311905,
      "아주": 0.0037030574002050376,
      "많이": 0.0032020294401432377
    },
    "NNB": {
      "거": 0.024272450617235014,
      "분": 0.016519334028030734,
      "살": 0.008246875740572266,
      "번": 0.005393439736419723,
      "수": 0.0053475935828877,
      "절": 0.005159695176862289,
      "데": 0.0037617669137895997,
      "중": 0.003387069983395989,
      "때문": 0.0026967198682098614
    },
    "NNG": {
      "스데반": 0.03027069904207569,
      "사울": 0.03011204099796763,
      "사람": 0.029411764705882353,
      "선교": 0.019863328136508977,
      "교회": 0.01964813881096385,
      "선교사": 0.01761397535368971,
      "산맥": 0.01560106014888263,
      "하나님": 0.015597147950089126,
      "책": 0.014388210418173536,
      "무명": 0.013556810188885134,
      "외국인": 0.012229438835104677,
      "복음": 0.011957087961748172,
      "수련회": 0.01118434175305384,
      "예정": 0.009674707019322248,
      "아버님": 0.009320284794211535,
      "출신": 0.00889646445343427,
      "옥": 0.008598834087674333,
      "순교": 0.008353841875903012,
      "학년": 0.007946010726084595,
      "유대인": 0.007307743759353575,
      "짐": 0.006331929344480206,
      "이름": 0.006277017459110563,
      "배경": 0.006135198936401601,
      "핍박": 0.0060381440820657705,
      "말": 0.005814459977797615,
      "마음": 0.005560461232087805,
      "역할": 0.005231756182149897,
      "영혼": 0.005154920806242299,
      "주": 0.0050230030028939774,
      "기도": 0.004968163839214741,
      "사도": 0.00418320379450709,
      "삶": 0.004160179390897988,
      "시작": 0.003648639547914223,
      "집": 0.0035162162450426875,
      "얘기": 0.003352822142802158,
      "곳": 0.002769963493807218,
      "본문": 0.0027492683234273817,
      "생각": 0.0027231605958281694,
      "사랑": 0.0023886949843445675,
      "말씀": 0.0022336051774856326
    },
    "NNP": {
      "바": 0.031239188522948637,
      "중국": 0.029992078289086982,
      "안디옥": 0.029842141393267577,
      "허드슨": 0.024464704924428607,
      "테일러": 0.02174640437726987,
      "데이비드": 0.016865880004835014,
      "엘리엇": 0.015410144896264667,
      "키프로스": 0.011297341824070946,
      "안디": 0.01009636922885551,
      "예루살렘": 0.009814676840732466,
      "바나바": 0.009386802091782127,
      "베드로": 0.008489940005236072,
      "한국": 0.008128195049211615,
      "예수": 0.007603524586350727,
      "미국": 0.005606834869358486
    },
    "VA": {
      "없": 0.0071475365679540236,
      "많": 0.006408529589714288,
      "그렇": 0.006300024956039524,
      "짧": 0.0054170893071029,
      "어떻": 0.005035273249061226,
      "이렇": 0.004461765848508152,
      "놀랍": 0.003504570603537677,
      "같": 0.0027599488743613983,
      "크": 0.0024841597159280756
    },
    "VV": {
      "되": 0.027183600713012478,
      "있": 0.026737967914438502,
      "흩어지": 0.024953421436608874,
      "전하": 0.011802575951864222,
      "보": 0.011600591206121195,
      "쓰": 0.010882419336406947,
      "믿": 0.009886482856062383,
      "죽이": 0.00897827724744441,
      "나오": 0.008588795864372554,
      "잃어버리": 0.007729200695543217,
      "알": 0.007252909787890699,
      "그러": 0.006210606959295876,
      "데리": 0.00538324312730349,
      "갖": 0.004731993295670226,
      "읽": 0.004549686391762644,
      "받": 0.00448905514374224,
      "가지": 0.004124798107492315,
      "통하": 0.004050016043168266,
      "세우": 0.0039122929806864595,
      "모르": 0.0037871085072411024,
      "나누": 0.0034084433729166994,
      "들어가": 0.0031466020951968878,
      "듣": 0.0028699406004589643,
      "위하": 0.0027033055779221546,
      "주": 0.002269300496523475
    }
  }
}