{
  "scope": "sermon",
  "idf_scope": "church",
  "church": "O-Sg",
  "sermon": "O-Sg-0656",
  "document_unit": "sermon_json",
  "document_count": 819,
  "min_count": 5,
  "freq": {
    "MAG": {
      "항상": 14,
      "너무": 17,
      "꼭": 8,
      "정말": 9,
      "이제": 10,
      "다시": 6
    },
    "NNB": {
      "수": 29,
      "명": 13,
      "년도": 5,
      "번": 13,
      "개": 6,
      "거": 12,
      "가지": 6
    },
    "NNG": {
      "비전": 87,
      "코치": 10,
      "얘기": 34,
      "고무줄": 6,
      "하나님": 37,
      "시선": 9,
      "미션": 6,
      "사람": 20,
      "필요": 12,
      "성경": 13,
      "나라": 9,
      "소망": 8,
      "선포": 7,
      "선교사": 5,
      "포기": 5,
      "주변": 5,
      "질문": 5,
      "복음": 6,
      "교회": 7,
      "가정": 5,
      "인도": 5,
      "마음": 7,
      "전": 6,
      "감사": 5,
      "모습": 5,
      "말씀": 6,
      "생각": 5
    },
    "NNP": {
      "한국": 10,
      "우크라이나": 5,
      "미국": 5
    },
    "VA": {
      "넓": 9,
      "크": 16,
      "없": 12,
      "이렇": 12,
      "많": 10,
      "좋": 5
    },
    "VV": {
      "있": 76,
      "되": 49,
      "주": 17,
      "보": 14,
      "좋아하": 6,
      "위하": 11,
      "원하": 10,
      "일어나": 7,
      "믿": 7,
      "가지": 6,
      "드리": 5,
      "받": 5
    }
  },
  "tfidf": {
    "MAG": {
      "항상": 0.02017388710989604,
      "너무": 0.018364134270372114,
      "꼭": 0.011843319890776367,
      "정말": 0.010457877734592348,
      "이제": 0.008159833235429393,
      "다시": 0.004854203017589962
    },
    "NNB": {
      "수": 0.02215431627196333,
      "명": 0.015458694722845324,
      "년도": 0.012661784513314974,
      "번": 0.010016388081922343,
      "개": 0.009795952519849662,
      "거": 0.009602288156268797,
      "가지": 0.005374848323912882
    },
    "NNG": {
      "비전": 0.17936150268609452,
      "코치": 0.04659943795129258,
      "얘기": 0.03908432669323659,
      "고무줄": 0.02898247507626467,
      "하나님": 0.02826585179526356,
      "시선": 0.020563215600205378,
      "미션": 0.019309992874523233,
      "사람": 0.015278838808250574,
      "필요": 0.011554606075887928,
      "성경": 0.010964158480543364,
      "나라": 0.009954403287574722,
      "소망": 0.008848358477844195,
      "선포": 0.008824498099874342,
      "선교사": 0.008387607311280814,
      "포기": 0.007856436821961988,
      "주변": 0.00749847650770873,
      "질문": 0.0065236419491869705,
      "복음": 0.006473010024405026,
      "교회": 0.0063723693440963835,
      "가정": 0.006348098400351493,
      "인도": 0.006069545153962371,
      "마음": 0.005560461232087805,
      "전": 0.00529581788953012,
      "감사": 0.004993839356497759,
      "모습": 0.004620004964104067,
      "말씀": 0.004594844936541873,
      "생각": 0.0038902294226116707
    },
    "NNP": {
      "한국": 0.017417560819739178,
      "우크라이나": 0.01715213336665431,
      "미국": 0.00961171691890026
    },
    "VA": {
      "넓": 0.02081326051811055,
      "크": 0.013627390441662585,
      "없": 0.009189689873083747,
      "이렇": 0.009178489745502484,
      "많": 0.007847179089446068,
      "좋": 0.004380673210712679
    },
    "VV": {
      "있": 0.058059587471352175,
      "되": 0.0374331550802139,
      "주": 0.013226780036879682,
      "보": 0.010708238036419564,
      "좋아하": 0.010196367028728696,
      "위하": 0.0084961032448982,
      "원하": 0.00835171241501514,
      "일어나": 0.005817640045423336,
      "믿": 0.0056494187748927895,
      "가지": 0.004714054979991217,
      "드리": 0.004155457175302383,
      "받": 0.003847761551779063
    }
  }
}