{
  "scope": "sermon",
  "idf_scope": "church",
  "church": "O-Sg",
  "sermon": "O-Sg-0810",
  "document_unit": "sermon_json",
  "document_count": 819,
  "min_count": 5,
  "freq": {
    "MAG": {
      "안": 5,
      "잘": 5
    },
    "NNB": {
      "수": 19,
      "분": 18,
      "거": 15,
      "명": 7,
      "번": 8
    },
    "NNG": {
      "보좌": 81,
      "하나님": 92,
      "천상": 19,
      "면류관": 18,
      "생물": 17,
      "예배": 39,
      "중심": 24,
      "예배자": 10,
      "장로": 14,
      "하늘": 22,
      "주": 32,
      "문": 15,
      "경배": 12,
      "가운데": 25,
      "황제": 8,
      "말씀": 25,
      "무지개": 5,
      "우두머리": 5,
      "영광": 16,
      "요": 9,
      "마음": 19,
      "축원": 12,
      "통치": 8,
      "성도": 13,
      "모습": 14,
      "사람": 16,
      "앞": 14,
      "경험": 12,
      "의미": 12,
      "아무것": 7,
      "음성": 7,
      "고백": 9,
      "이름": 12,
      "절망": 5,
      "천국": 5,
      "옷": 5,
      "확신": 5,
      "소리": 6,
      "땅": 9,
      "교회": 8,
      "세상": 8,
      "절": 9,
      "믿음": 8,
      "소망": 6,
      "사랑": 8,
      "눈": 6,
      "찬양": 5,
      "상황": 6,
      "시작": 7,
      "오늘": 7,
      "말": 7,
      "곳": 5,
      "기도": 6
    },
    "NNP": {
      "한": 9,
      "에스겔": 5,
      "요한": 7,
      "로마": 6,
      "예수": 10,
      "주님": 5
    },
    "VA": {
      "같": 11,
      "참되": 5,
      "없": 8,
      "이렇": 7
    },
    "VV": {
      "되": 45,
      "있": 41,
      "드리": 24,
      "보": 26,
      "열리": 15,
      "앉": 14,
      "붙들": 9,
      "두": 10,
      "받": 14,
      "나타내": 6,
      "보이": 12,
      "열": 6,
      "나아가": 8,
      "버리": 5,
      "주": 7,
      "계시": 5,
      "향하": 5,
      "읽": 6,
      "듣": 5
    }
  },
  "tfidf": {
    "MAG": {
      "안": 0.0030106808452064135,
      "잘": 0.002887529404725254
    },
    "NNB": {
      "수": 0.009963293130571578,
      "분": 0.009719293539302823,
      "거": 0.00823898479061081,
      "명": 0.005713687214934117,
      "번": 0.004231036101564712
    },
    "NNG": {
      "보좌": 0.10526159076858979,
      "하나님": 0.048243314105925535,
      "천상": 0.04647658948514034,
      "면류관": 0.0356552788335666,
      "생물": 0.029886797970984803,
      "예배": 0.026201763836064186,
      "중심": 0.023228188752933844,
      "예배자": 0.019044399036982587,
      "장로": 0.018722331711910213,
      "하늘": 0.017336143208040992,
      "주": 0.017194632198684785,
      "문": 0.01643080866183389,
      "경배": 0.015298519230379328,
      "가운데": 0.013416929643287095,
      "황제": 0.013326501718322153,
      "말씀": 0.013141609906339169,
      "무지개": 0.013112884476025403,
      "우두머리": 0.013112884476025403,
      "영광": 0.012953426206832755,
      "요": 0.010698468624870764,
      "마음": 0.01035989447173989,
      "축원": 0.009754854442158569,
      "통치": 0.009714428081409281,
      "성도": 0.009332084674828059,
      "모습": 0.008879518717584805,
      "사람": 0.008390141583639224,
      "앞": 0.007803247800601976,
      "경험": 0.007744906332772288,
      "의미": 0.007592119314164709,
      "아무것": 0.007313023844763785,
      "음성": 0.007090489837047455,
      "고백": 0.006369991737951385,
      "이름": 0.006331093195704894,
      "절망": 0.006231215382781672,
      "천국": 0.0059778676227159365,
      "옷": 0.0059322678777975575,
      "확신": 0.005778638710870309,
      "소리": 0.005675749844374605,
      "땅": 0.005446002640812115,
      "교회": 0.004998985075389717,
      "세상": 0.004817089352330261,
      "절": 0.004812451829949654,
      "믿음": 0.004734830426736654,
      "소망": 0.004555257438711872,
      "사랑": 0.0044973101582541876,
      "눈": 0.004472299255678598,
      "찬양": 0.004201052576077726,
      "상황": 0.004066823464329228,
      "시작": 0.0037567403001203866,
      "오늘": 0.0037111976942843217,
      "말": 0.0036841409112679975,
      "곳": 0.003259464121711273,
      "기도": 0.003188795248662215
    },
    "NNP": {
      "한": 0.012551145777178216,
      "에스겔": 0.011670707399677023,
      "요한": 0.009857350149913034,
      "로마": 0.006257973456688685,
      "예수": 0.005263058444668568,
      "주님": 0.0036171563574609396
    },
    "VA": {
      "같": 0.005954079532838382,
      "참되": 0.0059322678777975575,
      "없": 0.004205315170028535,
      "이렇": 0.003675166122095755
    },
    "VV": {
      "되": 0.023597273203985317,
      "있": 0.02149973780807551,
      "드리": 0.013691436037682189,
      "보": 0.01365061702492709,
      "열리": 0.013453338581370862,
      "앉": 0.013323870521189446,
      "붙들": 0.010518085344649588,
      "두": 0.008592378669406445,
      "받": 0.007395288746502685,
      "나타내": 0.0069471823693138075,
      "보이": 0.006729492436906742,
      "열": 0.005807047188233461,
      "나아가": 0.005381503441219121,
      "버리": 0.004968992680737369,
      "주": 0.0037384553958459085,
      "계시": 0.003346523984056422,
      "향하": 0.003296422091822425,
      "읽": 0.003212216967944008,
      "듣": 0.002814257432017967
    }
  }
}