{
  "scope": "sermon",
  "idf_scope": "church",
  "church": "O-Sg",
  "sermon": "O-Sg-0593",
  "document_unit": "sermon_json",
  "document_count": 819,
  "min_count": 5,
  "freq": {
    "MAG": {
      "더": 13
    },
    "NNB": {
      "수": 32,
      "때문": 19,
      "장": 9,
      "명": 5,
      "거": 7,
      "절": 5
    },
    "NNG": {
      "감동": 35,
      "천부장": 14,
      "시민": 15,
      "사람": 51,
      "선동": 12,
      "군중": 13,
      "부르심": 20,
      "고난": 21,
      "말": 31,
      "적개심": 5,
      "통로": 13,
      "스데반": 7,
      "말씀": 25,
      "순교": 8,
      "성문": 5,
      "어려움": 10,
      "하나님": 19,
      "분노": 7,
      "성전": 7,
      "바": 7,
      "삶": 17,
      "순간": 11,
      "주": 16,
      "가운데": 16,
      "구원": 12,
      "설교": 8,
      "기회": 7,
      "절": 14,
      "복음": 10,
      "입술": 5,
      "축원": 9,
      "자리": 10,
      "돌": 5,
      "위기": 5,
      "이유": 9,
      "핍박": 5,
      "시작": 10,
      "밖": 5,
      "증거": 6,
      "성도": 7,
      "생각": 9,
      "이름": 9,
      "상황": 7,
      "믿음": 8,
      "이야기": 7,
      "죽음": 5,
      "의미": 7,
      "고백": 6,
      "성령": 5,
      "사랑": 7,
      "도": 5,
      "세상": 6,
      "안": 6,
      "마음": 6
    },
    "NNP": {
      "바울": 75,
      "로마": 25,
      "울": 9,
      "예루살렘": 13,
      "예수": 18,
      "유대": 6,
      "그리스도": 10,
      "그리스": 7
    },
    "VA": {
      "길": 7,
      "그렇": 10,
      "없": 6,
      "좋": 5
    },
    "VV": {
      "있": 49,
      "성나": 8,
      "되": 30,
      "당하": 16,
      "전하": 18,
      "위하": 20,
      "일으키": 9,
      "받": 16,
      "밝히": 5,
      "죽이": 7,
      "기": 6,
      "대하": 11,
      "보": 11,
      "나아가": 8,
      "묻": 5,
      "향하": 7,
      "듣": 8,
      "읽": 8,
      "부르": 6,
      "원하": 7,
      "죽": 6,
      "얻": 5,
      "통하": 6,
      "일어나": 5,
      "가지": 5,
      "알": 5
    }
  },
  "tfidf": {
    "MAG": {
      "더": 0.006810924910384661
    },
    "NNB": {
      "수": 0.0163015792154865,
      "때문": 0.009762043496433661,
      "장": 0.004963463738707828,
      "명": 0.003964777497590918,
      "거": 0.0037351743239892586,
      "절": 0.002681043851451623
    },
    "NNG": {
      "감동": 0.04120731398671376,
      "천부장": 0.036160702062660505,
      "시민": 0.027882282193417315,
      "사람": 0.02598064187468161,
      "선동": 0.025753215153082945,
      "군중": 0.02569975459449804,
      "부르심": 0.025358619614671157,
      "고난": 0.020274401414721286,
      "말": 0.015850036987950674,
      "적개심": 0.01507270726192115,
      "통로": 0.014759373621962299,
      "스데반": 0.014248663227141078,
      "말씀": 0.012766709165251553,
      "순교": 0.012732906211259203,
      "성문": 0.0117632753104941,
      "어려움": 0.00970030245207239,
      "하나님": 0.00967906265919511,
      "분노": 0.009576141994846743,
      "성전": 0.00930517849568961,
      "바": 0.009073677312452112,
      "삶": 0.008982992211692787,
      "순간": 0.00837578128384981,
      "주": 0.00835205389783288,
      "가운데": 0.008341871773326048,
      "구원": 0.008115058519728175,
      "설교": 0.007772535771293881,
      "기회": 0.007567187861949233,
      "절": 0.0072724763092769495,
      "복음": 0.007194065309854117,
      "입술": 0.007161142486773783,
      "축원": 0.007107427695311916,
      "자리": 0.006609709997699448,
      "돌": 0.006192536120804334,
      "위기": 0.006078182274885101,
      "이유": 0.0060630795660014695,
      "핍박": 0.005752078162742227,
      "시작": 0.00521366985832878,
      "밖": 0.005133907797900151,
      "증거": 0.0050797722706429575,
      "성도": 0.004881617552579637,
      "생각": 0.004669464373692114,
      "이름": 0.0046128609491375054,
      "상황": 0.004609273766796642,
      "믿음": 0.004599756303508303,
      "이야기": 0.004421996008271872,
      "죽음": 0.004350202400145565,
      "의미": 0.004302394325215856,
      "고백": 0.004125513412896346,
      "성령": 0.003986547901509559,
      "사랑": 0.0038228854624640313,
      "도": 0.0035923461370411516,
      "세상": 0.0035097514244372676,
      "안": 0.003391035683277011,
      "마음": 0.0031782157424363306
    },
    "NNP": {
      "바울": 0.07752668356754579,
      "로마": 0.02533103112138165,
      "울": 0.013836784575783186,
      "예루살렘": 0.013259563413969689,
      "예수": 0.009203247283326199,
      "유대": 0.006812018594751831,
      "그리스도": 0.006010624054997828,
      "그리스": 0.005122257430455894
    },
    "VA": {
      "길": 0.008526892727915729,
      "그렇": 0.005144187468653188,
      "없": 0.0030640101996603727,
      "좋": 0.0029211926810101354
    },
    "VV": {
      "있": 0.024961793173713703,
      "성나": 0.02485936394426571,
      "되": 0.015282730514518594,
      "당하": 0.013584688795320774,
      "전하": 0.012781983747960952,
      "위하": 0.010300930067680956,
      "일으키": 0.009318876638772365,
      "받": 0.008210648796786622,
      "밝히": 0.007142204691339454,
      "죽이": 0.00653131936288875,
      "기": 0.005820181471243434,
      "대하": 0.005749046021096417,
      "보": 0.00561050576691672,
      "나아가": 0.005227981183089589,
      "묻": 0.004904429846990732,
      "향하": 0.004483335558200464,
      "듣": 0.004374356737938473,
      "읽": 0.004160772802084716,
      "부르": 0.003916044017036279,
      "원하": 0.003898458525663969,
      "죽": 0.0037246484129061386,
      "얻": 0.0034913659247455832,
      "통하": 0.003086512481191913,
      "일어나": 0.0027710104138924194,
      "가지": 0.0026195865039941005,
      "알": 0.002590984711542717
    }
  }
}