{
  "scope": "sermon",
  "idf_scope": "church",
  "church": "O-Sg",
  "sermon": "O-Sg-0409",
  "document_unit": "sermon_json",
  "document_count": 819,
  "min_count": 5,
  "freq": {
    "MAG": {
      "이제": 9,
      "아직": 5,
      "안": 5
    },
    "NNB": {
      "수": 26,
      "거": 18,
      "때문": 15,
      "번": 12
    },
    "NNG": {
      "관점": 23,
      "재판": 16,
      "부활": 30,
      "사람": 49,
      "변호": 11,
      "복음": 29,
      "왕": 21,
      "말": 37,
      "소망": 22,
      "하나님": 30,
      "기회": 13,
      "총독": 7,
      "성공": 11,
      "고백": 16,
      "생각": 20,
      "앞": 19,
      "마음": 18,
      "증인": 8,
      "말씀": 18,
      "변화": 12,
      "바": 7,
      "감옥": 6,
      "확신": 8,
      "짐승": 6,
      "주": 15,
      "세상": 13,
      "절": 13,
      "문": 6,
      "축원": 8,
      "유대인": 6,
      "고난": 6,
      "가운데": 11,
      "이름": 11,
      "사실": 7,
      "인생": 7,
      "성도": 7,
      "이야기": 7,
      "사랑": 8,
      "증거": 5,
      "기도": 8,
      "안": 7,
      "본문": 6,
      "시작": 7,
      "오늘": 7,
      "도": 5,
      "자녀": 5
    },
    "NNP": {
      "바울": 67,
      "아그립바": 13,
      "예수": 37,
      "베스도": 5,
      "그리스도": 14,
      "유대": 5
    },
    "VA": {
      "똑같": 9,
      "이렇": 14,
      "그렇": 12,
      "없": 11,
      "높": 5,
      "다르": 5,
      "같": 5
    },
    "VV": {
      "있": 45,
      "되": 44,
      "전하": 31,
      "미치": 9,
      "대하": 19,
      "만나": 14,
      "열": 9,
      "받": 16,
      "갇히": 5,
      "변하": 7,
      "당하": 8,
      "보": 13,
      "믿": 12,
      "읽": 12,
      "살": 11,
      "서": 7,
      "바뀌": 5,
      "가지": 9,
      "죽": 7,
      "바라보": 5,
      "떠나": 5,
      "살아가": 6,
      "나아가": 5,
      "위하": 6,
      "원하": 5,
      "일어나": 5
    }
  },
  "tfidf": {
    "MAG": {
      "이제": 0.004811361128458142,
      "아직": 0.004261639591232648,
      "안": 0.002873557743647963
    },
    "NNB": {
      "수": 0.013013013013013013,
      "거": 0.009436482880297187,
      "때문": 0.007571871101430092,
      "번": 0.006057496881144073
    },
    "NNG": {
      "관점": 0.03210932859454155,
      "재판": 0.02771418697264416,
      "부활": 0.027712810280183207,
      "사람": 0.024524524524524523,
      "변호": 0.023193575859214215,
      "복음": 0.02049732511982309,
      "왕": 0.01904662658911548,
      "말": 0.018586393433301776,
      "소망": 0.015941881096406228,
      "하나님": 0.015015015015015015,
      "기회": 0.013807169101178497,
      "총독": 0.013595916219411624,
      "성공": 0.013384928173826626,
      "고백": 0.010808652425112484,
      "생각": 0.010194815443841196,
      "앞": 0.01010778913053094,
      "마음": 0.009367623877481256,
      "증인": 0.009146563854962549,
      "말씀": 0.00903100904194191,
      "변화": 0.008965154589630235,
      "바": 0.00891472901118293,
      "감옥": 0.008876018465921722,
      "확신": 0.008824715933236981,
      "짐승": 0.008799341883323632,
      "주": 0.007692887481909696,
      "세상": 0.007471250133484705,
      "절": 0.006634717679695355,
      "문": 0.006272983407030476,
      "축원": 0.006207042849915378,
      "유대인": 0.006155621995491525,
      "고난": 0.005691212637937634,
      "가운데": 0.0056345732357804485,
      "이름": 0.005539178427022921,
      "사실": 0.00490275397108232,
      "인생": 0.004890037066000212,
      "성도": 0.004796103731588502,
      "이야기": 0.004344533615734576,
      "사랑": 0.004292477713608977,
      "증거": 0.004158989392422475,
      "기도": 0.004058079772571801,
      "안": 0.0038869053490081253,
      "본문": 0.00370532019085348,
      "시작": 0.003585637513678467,
      "오늘": 0.0035421691706707713,
      "도": 0.0035294171506565467,
      "자녀": 0.00347481492994924
    },
    "NNP": {
      "바울": 0.0680439569535348,
      "아그립바": 0.03455871765614568,
      "예수": 0.018586393433301776,
      "베스도": 0.01353032844660724,
      "그리스도": 0.008267465979952468,
      "유대": 0.005577240783073842
    },
    "VA": {
      "똑같": 0.009946153737448522,
      "이렇": 0.007015557352188793,
      "그렇": 0.0060648888894691945,
      "없": 0.005518949970075611,
      "높": 0.004904683068944057,
      "다르": 0.004158989392422475,
      "같": 0.0025831353328607683
    },
    "VV": {
      "있": 0.02252252252252252,
      "되": 0.022022022022022022,
      "전하": 0.021627796046453894,
      "미치": 0.011781775402934848,
      "대하": 0.009756218466140372,
      "만나": 0.008909778612265546,
      "열": 0.008313843084054962,
      "받": 0.008066818612658727,
      "갇히": 0.007092359902545413,
      "변하": 0.007038050734771414,
      "당하": 0.006673359385689359,
      "보": 0.0065144461127467366,
      "믿": 0.006344992858287999,
      "읽": 0.00613182958745668,
      "살": 0.005648337006712846,
      "서": 0.005052415686695973,
      "바뀌": 0.004977458867995213,
      "가지": 0.004632656132739116,
      "죽": 0.004269302122267538,
      "바라보": 0.003884698084766625,
      "떠나": 0.0038688426832423862,
      "살아가": 0.003543199705693915,
      "나아가": 0.0032102499569584783,
      "위하": 0.0030361450034320898,
      "원하": 0.002735833721535239,
      "일어나": 0.0027224691904258356
    }
  }
}