{
  "scope": "sermon",
  "idf_scope": "church",
  "church": "O-Sg",
  "sermon": "O-Sg-0619",
  "document_unit": "sermon_json",
  "document_count": 819,
  "min_count": 5,
  "freq": {
    "MAG": {
      "이제": 34,
      "다": 27,
      "그냥": 17,
      "정말": 12,
      "온전히": 8,
      "굉장히": 7,
      "먼저": 7,
      "사실": 5,
      "너무": 5,
      "더": 6
    },
    "NNB": {
      "수": 40,
      "달": 5,
      "거": 11,
      "번": 11,
      "때문": 9,
      "분": 7,
      "절": 5
    },
    "NNG": {
      "쉼": 53,
      "쉼의": 30,
      "안식": 23,
      "말씀": 78,
      "하나님": 56,
      "세상": 43,
      "안식일": 11,
      "모습": 32,
      "시작": 37,
      "완성": 12,
      "창조": 16,
      "금요일": 7,
      "말": 28,
      "날": 22,
      "저녁": 11,
      "자리": 19,
      "최선": 8,
      "축복": 19,
      "선언": 8,
      "설교": 11,
      "토요일": 5,
      "유대인": 10,
      "가운데": 20,
      "절": 20,
      "이야기": 16,
      "생각": 17,
      "질서": 7,
      "마음": 16,
      "삶": 16,
      "순간": 11,
      "사회": 9,
      "본질": 6,
      "사람": 16,
      "장": 13,
      "준비": 10,
      "이후": 10,
      "필요": 12,
      "의미": 12,
      "노력": 7,
      "스스로": 6,
      "오늘": 14,
      "계속": 9,
      "기억": 10,
      "성경": 12,
      "사랑": 12,
      "안": 11,
      "아무것": 6,
      "존재": 7,
      "기쁨": 6,
      "복": 5,
      "방법": 5,
      "사역": 5,
      "중요": 7,
      "땅": 7,
      "목사": 5,
      "곳": 6,
      "본문": 6,
      "길": 6,
      "힘": 5,
      "사실": 5
    },
    "NNP": {
      "창세기": 16,
      "예수": 22
    },
    "VA": {
      "그렇": 52,
      "이렇": 25,
      "어떻": 8,
      "없": 8,
      "좋": 6
    },
    "VV": {
      "쉬": 50,
      "있": 81,
      "되": 53,
      "누리": 22,
      "보": 34,
      "위하": 24,
      "살펴보": 11,
      "살아가": 14,
      "보내": 11,
      "주": 14,
      "끝나": 8,
      "전하": 9,
      "나누": 9,
      "살": 11,
      "대하": 10,
      "돌아가": 6,
      "바라": 7,
      "나아가": 7,
      "가지": 8,
      "알": 8,
      "먹": 5,
      "모르": 6,
      "지키": 5,
      "이루": 5,
      "만들": 5,
      "나오": 6,
      "드리": 5,
      "보이": 5
    }
  },
  "tfidf": {
    "MAG": {
      "이제": 0.014578945723645948,
      "다": 0.011298026411636087,
      "그냥": 0.008601788070612005,
      "정말": 0.007327371580131879,
      "온전히": 0.005793472475965407,
      "굉장히": 0.004905690476306289,
      "먼저": 0.0034543630864397917,
      "사실": 0.0032843432480086187,
      "너무": 0.0028382945379740116,
      "더": 0.0024771970970728636
    },
    "NNB": {
      "수": 0.016057808109193095,
      "달": 0.005028698621400047,
      "거": 0.004625429785966626,
      "번": 0.004453755735774938,
      "때문": 0.00364398196563404,
      "분": 0.002893591361259498,
      "절": 0.0021127615738255863
    },
    "NNG": {
      "쉼": 0.09238315979301755,
      "쉼의": 0.0734628634422826,
      "안식": 0.032497768269503444,
      "말씀": 0.031389191603827,
      "하나님": 0.022480931352870333,
      "세상": 0.019821665193719078,
      "안식일": 0.01603750937771111,
      "모습": 0.015537757361412375,
      "시작": 0.015201688297080596,
      "완성": 0.012313188658822256,
      "창조": 0.011639665821736223,
      "금요일": 0.011593937299323693,
      "말": 0.011281664741530424,
      "날": 0.011187800812277078,
      "저녁": 0.01118615041530677,
      "자리": 0.009896521629233093,
      "최선": 0.009356929087632462,
      "축복": 0.00931785873693299,
      "선언": 0.009252478853331185,
      "설교": 0.008421937219467521,
      "토요일": 0.00828138378523121,
      "유대인": 0.008228912583294572,
      "가운데": 0.008217128809232754,
      "절": 0.008187114179681512,
      "이야기": 0.007965019821517632,
      "생각": 0.006950564057918708,
      "질서": 0.006860748000146444,
      "마음": 0.006678803695867809,
      "삶": 0.006662522005923608,
      "순간": 0.0066004249940574775,
      "사회": 0.00657721294152098,
      "본질": 0.006484201935230931,
      "사람": 0.006423123243677238,
      "장": 0.006351601191526198,
      "준비": 0.006214761214625541,
      "이후": 0.0060733047469441115,
      "필요": 0.0060718504027849445,
      "의미": 0.0058121925058659575,
      "노력": 0.005809627011337333,
      "스스로": 0.005795261578962399,
      "오늘": 0.005682259336009796,
      "계속": 0.005510397046923862,
      "기억": 0.005418428227964357,
      "성경": 0.005318376969779674,
      "사랑": 0.005164414174101206,
      "안": 0.004899145825572092,
      "아무것": 0.004798739395067227,
      "존재": 0.0038370001376651047,
      "기쁨": 0.003822107259921107,
      "복": 0.003698988926786435,
      "방법": 0.003687648636657734,
      "사역": 0.0036209202974783793,
      "중요": 0.0032789348286874588,
      "땅": 0.0032427266716713913,
      "목사": 0.0031372442444588546,
      "곳": 0.0029943627844737364,
      "본문": 0.002971991064361804,
      "길": 0.002848999150592153,
      "힘": 0.002823535456670802,
      "사실": 0.002808884106848218
    },
    "NNP": {
      "창세기": 0.013875412318670923,
      "예수": 0.008864165154059618
    },
    "VA": {
      "그렇": 0.021079810519881288,
      "이렇": 0.010048376720245175,
      "어떻": 0.0032989024257197596,
      "없": 0.0032194042670591794,
      "좋": 0.002762409265109384
    },
    "VV": {
      "쉬": 0.049529452533092266,
      "있": 0.03251706142111602,
      "되": 0.02127659574468085,
      "누리": 0.014761756422077695,
      "보": 0.013665792339533439,
      "위하": 0.009741016004588222,
      "살펴보": 0.007789129284692476,
      "살아가": 0.006631231243655171,
      "보내": 0.005952637691504753,
      "주": 0.005723993930050701,
      "끝나": 0.00563136722856192,
      "전하": 0.0050363376349352364,
      "나누": 0.00460570870864617,
      "살": 0.004530460593902957,
      "대하": 0.004118600539911779,
      "돌아가": 0.003997360622303512,
      "바라": 0.003827140069938185,
      "나아가": 0.003604861974951528,
      "가지": 0.003302929462763818,
      "알": 0.0032668666326830047,
      "먹": 0.0031415469813983396,
      "모르": 0.002924220275362402,
      "지키": 0.0029099214696775913,
      "이루": 0.0026679682925703206,
      "만들": 0.0025912071544000144,
      "나오": 0.002579052310939651,
      "드리": 0.002183658547760265,
      "보이": 0.002146584717847778
    }
  }
}