{
  "scope": "sermon",
  "idf_scope": "church",
  "church": "O-Sg",
  "sermon": "O-Sg-0629",
  "document_unit": "sermon_json",
  "document_count": 819,
  "min_count": 5,
  "freq": {
    "MAG": {
      "막": 21,
      "이제": 27,
      "너무나": 18,
      "그냥": 11,
      "빨리": 5,
      "잘": 9,
      "다": 9,
      "안": 8,
      "더": 8,
      "정말": 5,
      "지금": 6,
      "다시": 5
    },
    "NNB": {
      "거": 42,
      "수": 28,
      "분": 14,
      "중": 6,
      "번": 5
    },
    "NNG": {
      "옷자락": 19,
      "병": 19,
      "혈루병": 7,
      "사람": 40,
      "추석": 8,
      "수술": 8,
      "주": 30,
      "기도": 29,
      "암": 7,
      "병원": 8,
      "고립": 6,
      "상황": 20,
      "딸": 9,
      "손": 18,
      "생각": 25,
      "치료": 8,
      "요청": 9,
      "어머니": 8,
      "아버지": 16,
      "여인": 8,
      "말씀": 19,
      "자리": 14,
      "의사": 5,
      "가운데": 15,
      "부정": 7,
      "얘기": 10,
      "옷": 6,
      "속": 11,
      "팀": 5,
      "길": 11,
      "하나님": 13,
      "용기": 5,
      "행동": 7,
      "필요": 10,
      "실패": 5,
      "문제": 8,
      "감사": 8,
      "가족": 6,
      "장면": 5,
      "몸": 6,
      "집": 6,
      "마음": 9,
      "예배": 7,
      "처음": 6,
      "앞": 7,
      "오늘": 7,
      "표현": 5,
      "믿음": 6,
      "구원": 5,
      "성경": 6,
      "교회": 5,
      "은혜": 5,
      "시작": 5,
      "절": 5,
      "말": 5
    },
    "NNP": {
      "예수": 54,
      "주님": 25,
      "누가": 9
    },
    "VA": {
      "낫": 9,
      "이렇": 17,
      "없": 16,
      "어떻": 14,
      "그렇": 11,
      "같": 10,
      "힘들": 6,
      "많": 9,
      "놀랍": 7,
      "어렵": 6,
      "좋": 7
    },
    "VV": {
      "되": 50,
      "있": 49,
      "대": 12,
      "만지": 11,
      "앓": 6,
      "숨": 7,
      "돌아보": 8,
      "풀": 7,
      "찾": 11,
      "보": 15,
      "쓰": 11,
      "모르": 12,
      "알": 12,
      "받": 12,
      "섬기": 7,
      "걸리": 5,
      "계시": 9,
      "임하": 7,
      "그러": 10,
      "돌아가": 6,
      "겪": 5,
      "부르": 7,
      "드리": 8,
      "나아가": 6,
      "나누": 6,
      "듣": 6,
      "대하": 6,
      "위하": 6,
      "원하": 5,
      "일어나": 5,
      "읽": 5
    }
  },
  "tfidf": {
    "MAG": {
      "막": 0.015170670705323243,
      "이제": 0.012571621013068048,
      "너무나": 0.012213726948550784,
      "그냥": 0.0060438380153556475,
      "빨리": 0.005424909579729673,
      "잘": 0.004320720764890979,
      "다": 0.004089419324525646,
      "안": 0.0040044417588900654,
      "더": 0.0035865724898625417,
      "정말": 0.003315257666032496,
      "지금": 0.003132238039965748,
      "다시": 0.002308250417765642
    },
    "NNB": {
      "거": 0.019177368434152346,
      "수": 0.012205754141238012,
      "분": 0.006284163976370889,
      "중": 0.003313245441473671,
      "번": 0.002198285158479704
    },
    "NNG": {
      "옷자락": 0.044781022536190415,
      "병": 0.020887729796832313,
      "혈루병": 0.018613367478103483,
      "사람": 0.017436791630340016,
      "추석": 0.016616792889596717,
      "수술": 0.01479884372261054,
      "주": 0.013400513678165275,
      "기도": 0.012812405088402097,
      "암": 0.0121927314363025,
      "병원": 0.012069081423570846,
      "고립": 0.011851570644926817,
      "상황": 0.011269154819058175,
      "딸": 0.011149053621719461,
      "손": 0.011124338976721717,
      "생각": 0.011099194233214205,
      "치료": 0.01100410618538015,
      "요청": 0.010096579393579918,
      "어머니": 0.008623757201145074,
      "아버지": 0.008573738645730748,
      "여인": 0.008407975496809982,
      "말씀": 0.008302701861140143,
      "자리": 0.007918398001603148,
      "의사": 0.007392799099219678,
      "가운데": 0.006692088447187922,
      "부정": 0.006568149062733795,
      "얘기": 0.006559488132910237,
      "옷": 0.005917786317154286,
      "속": 0.0059018054396456085,
      "팀": 0.00575501337846135,
      "길": 0.005671710674613163,
      "하나님": 0.005666957279860506,
      "용기": 0.005661108439193015,
      "행동": 0.005631958218230781,
      "필요": 0.005494398195777861,
      "실패": 0.0054367231531153295,
      "문제": 0.004924830062159941,
      "감사": 0.004559327440387492,
      "가족": 0.004479997170808922,
      "장면": 0.004163495391887037,
      "몸": 0.0041503353027303735,
      "집": 0.004127492199063186,
      "마음": 0.004079449107935386,
      "예배": 0.003909500206197,
      "처음": 0.003575892558510412,
      "앞": 0.0032434162065710483,
      "오늘": 0.0030851150841326074,
      "표현": 0.003042188958110731,
      "믿음": 0.0029520449946992583,
      "구원": 0.0028933921596604193,
      "성경": 0.002887549483810193,
      "교회": 0.0025972821868919436,
      "은혜": 0.00259406506608087,
      "시작": 0.0022306961490626406,
      "절": 0.0022225481061014215,
      "말": 0.0021875877188280205
    },
    "NNP": {
      "예수": 0.023625947363342625,
      "주님": 0.01503469305509593,
      "누가": 0.0072299592632628674
    },
    "VA": {
      "낫": 0.009598747760322894,
      "이렇": 0.007419679319480775,
      "없": 0.0069917489356969625,
      "어떻": 0.0062688493458233924,
      "그렇": 0.004842129032721373,
      "같": 0.004499655095951016,
      "힘들": 0.004173379669815347,
      "많": 0.004029974579457895,
      "놀랍": 0.003999549189216058,
      "어렵": 0.00363645046167009,
      "좋": 0.003499573550981715
    },
    "VV": {
      "되": 0.021795989537925022,
      "있": 0.021360069747166522,
      "대": 0.015787043372428013,
      "만지": 0.01397064156114958,
      "앓": 0.010940567957215703,
      "숨": 0.008579011238950178,
      "돌아보": 0.008012757762522263,
      "풀": 0.007529599510196424,
      "찾": 0.007372990920366705,
      "보": 0.006546775870130095,
      "쓰": 0.006505416034579799,
      "모르": 0.006350682394008495,
      "알": 0.00532111908152574,
      "받": 0.0052694540937528785,
      "섬기": 0.0051295469660824775,
      "걸리": 0.005067151868938992,
      "계시": 0.005007531921391488,
      "임하": 0.00487570139724906,
      "그러": 0.004673262026912999,
      "돌아가": 0.004340638757697492,
      "겪": 0.004111286932814472,
      "부르": 0.003909500206197,
      "드리": 0.003793892549238584,
      "나아가": 0.0033552289872727323,
      "나누": 0.0033341529768199977,
      "듣": 0.0028073874051568947,
      "대하": 0.0026833741791421734,
      "위하": 0.002644384357827949,
      "원하": 0.0023828229187564985,
      "일어나": 0.002371182843274115,
      "읽": 0.002225260737383472
    }
  }
}