{
  "scope": "sermon",
  "idf_scope": "church",
  "church": "O-Sg",
  "sermon": "O-Sg-0206",
  "document_unit": "sermon_json",
  "document_count": 819,
  "min_count": 5,
  "freq": {
    "MAG": {
      "오래": 7,
      "더": 12,
      "다시": 10,
      "다": 7,
      "가장": 6
    },
    "NNB": {
      "세": 12,
      "거": 20,
      "장": 18,
      "수": 18,
      "절": 14,
      "번": 7,
      "때문": 6
    },
    "NNG": {
      "에녹": 42,
      "하나님": 121,
      "족보": 26,
      "심판": 54,
      "가인": 22,
      "후손": 26,
      "동행": 27,
      "사람": 41,
      "가문": 11,
      "대손": 6,
      "수명": 6,
      "폭력": 10,
      "인물": 11,
      "지진": 8,
      "홍수": 8,
      "구원": 19,
      "기록": 18,
      "죽음": 14,
      "생략": 5,
      "언급": 8,
      "잔인": 5,
      "예언": 8,
      "복수": 5,
      "말씀": 18,
      "삶": 17,
      "계시": 6,
      "살인": 5,
      "인생": 12,
      "시대": 10,
      "영원": 9,
      "지구": 5,
      "인내": 5,
      "문화": 7,
      "자녀": 10,
      "세상": 12,
      "장": 11,
      "대표": 5,
      "강조": 5,
      "자손": 5,
      "세대": 5,
      "해": 7,
      "길": 10,
      "믿음": 10,
      "역사": 9,
      "이름": 11,
      "하루": 5,
      "인간": 7,
      "땅": 9,
      "아내": 5,
      "중요": 8,
      "당시": 6,
      "오늘": 8,
      "뜻": 6,
      "이후": 5,
      "아들": 5,
      "주": 7,
      "시작": 7,
      "생각": 7,
      "도": 5,
      "말": 7,
      "사랑": 6,
      "모습": 5,
      "성경": 5,
      "앞": 5
    },
    "NNP": {
      "므두셀라": 11,
      "노아": 17,
      "두셀라": 8,
      "라멕": 8,
      "예수": 25,
      "아담": 8,
      "창세기": 10,
      "그리스": 5,
      "그리스도": 6
    },
    "VA": {
      "없": 9,
      "그렇": 7,
      "이렇": 7,
      "많": 5
    },
    "VV": {
      "낳": 25,
      "살": 42,
      "있": 29,
      "되": 26,
      "데려가": 6,
      "죽": 16,
      "나타나": 12,
      "받": 16,
      "나오": 15,
      "믿": 15,
      "일어나": 13,
      "보": 13,
      "맞추": 5,
      "옮기": 5,
      "알리": 7,
      "통하": 11,
      "알": 9,
      "보이": 8,
      "받아들이": 5,
      "가지": 8,
      "떠나": 5,
      "대하": 7,
      "위하": 6,
      "살아가": 5
    }
  },
  "tfidf": {
    "MAG": {
      "오래": 0.007791764813227431,
      "더": 0.005614829816932214,
      "다시": 0.004818131445272414,
      "다": 0.0033195781777996575,
      "가장": 0.0032327789328885446
    },
    "NNB": {
      "세": 0.015599312518682521,
      "거": 0.009530933573366585,
      "장": 0.00886558627760097,
      "수": 0.00818926296633303,
      "절": 0.00670431729987202,
      "번": 0.003212016658313657,
      "때문": 0.0027531571356974203
    },
    "NNG": {
      "에녹": 0.09208151431265224,
      "하나님": 0.05505004549590537,
      "족보": 0.04880364897491215,
      "심판": 0.04830767162522115,
      "가인": 0.041577360388041606,
      "후손": 0.03436640840930442,
      "동행": 0.027224093820190743,
      "사람": 0.0186533212010919,
      "가문": 0.01724880304612685,
      "대손": 0.016651136745652956,
      "수명": 0.014759015233660383,
      "폭력": 0.014704128870701057,
      "인물": 0.013675285066521822,
      "지진": 0.0125445840335468,
      "홍수": 0.011932620714886207,
      "구원": 0.01147510379171602,
      "기록": 0.0110391417326367,
      "죽음": 0.010878276829918146,
      "생략": 0.010611423800124831,
      "언급": 0.009610191585215895,
      "잔인": 0.009034655873464354,
      "예언": 0.008961893605451547,
      "복수": 0.008300412487970607,
      "말씀": 0.008209261176433091,
      "삶": 0.008022572207257933,
      "계시": 0.00786439655038034,
      "살인": 0.007685557324776996,
      "인생": 0.007620143552217671,
      "시대": 0.007518290841809255,
      "영원": 0.007375337861148459,
      "지구": 0.0072020235623027635,
      "인내": 0.006886199074463327,
      "문화": 0.006842747481664875,
      "자녀": 0.006317270454994159,
      "세상": 0.006269010051110425,
      "장": 0.0060908596713449056,
      "대표": 0.005977934429649308,
      "강조": 0.005963848965027103,
      "자손": 0.005949850180735979,
      "세대": 0.00578825834016102,
      "해": 0.005771179849113243,
      "길": 0.005381298820234343,
      "믿음": 0.0051349645267213355,
      "역사": 0.005083917437391041,
      "이름": 0.005035158551952591,
      "하루": 0.005022852888338425,
      "인간": 0.004930245282048479,
      "땅": 0.004724989552333351,
      "아내": 0.00461585926124029,
      "중요": 0.004246887642407623,
      "당시": 0.004042202010920244,
      "오늘": 0.0036798408958794754,
      "뜻": 0.0036562421039947365,
      "이후": 0.003441447253102316,
      "아들": 0.003432200105131048,
      "주": 0.0032633522693960876,
      "시작": 0.003259373863662228,
      "생각": 0.0032435097542666733,
      "도": 0.0032082690932719654,
      "말": 0.003196386131841707,
      "사랑": 0.0029264230454245006,
      "모습": 0.002751404230214842,
      "성경": 0.0025113885789583646,
      "앞": 0.0024179113407883737
    },
    "NNP": {
      "므두셀라": 0.02758547652053816,
      "노아": 0.025638097431737773,
      "두셀라": 0.02049085640974873,
      "라멕": 0.020062164742209572,
      "예수": 0.011415664756577524,
      "아담": 0.009996213685162481,
      "창세기": 0.009828154028039486,
      "그리스": 0.0032675781021659035,
      "그리스도": 0.0032207975486699012
    },
    "VA": {
      "없": 0.0041046305882165455,
      "그렇": 0.003215936306040194,
      "이렇": 0.0031885995426918132,
      "많": 0.002336660015487921
    },
    "VV": {
      "낳": 0.02697641333663536,
      "살": 0.01960401390749091,
      "있": 0.013193812556869881,
      "되": 0.011828935395814377,
      "데려가": 0.00948643631208655,
      "죽": 0.008870469923609039,
      "나타나": 0.00771995453404178,
      "받": 0.007332804180205705,
      "나오": 0.007307119320462545,
      "믿": 0.007209563086248533,
      "일어나": 0.0064343416516943275,
      "보": 0.005921684864999081,
      "맞추": 0.005908363402870235,
      "옮기": 0.005736848349448461,
      "알리": 0.005300315370134672,
      "통하": 0.0050536141952060186,
      "알": 0.004165143484879452,
      "보이": 0.003892369450161103,
      "받아들이": 0.0038349789519956006,
      "가지": 0.0037432198779548094,
      "떠나": 0.003516809682037437,
      "대하": 0.003267335651248485,
      "위하": 0.0027598806719096067,
      "살아가": 0.002683997957224917
    }
  }
}