{
  "scope": "sermon",
  "idf_scope": "church",
  "church": "O-Sg",
  "sermon": "O-Sg-0741",
  "document_unit": "sermon_json",
  "document_count": 819,
  "min_count": 5,
  "freq": {
    "MAG": {
      "굳건히": 5,
      "지금": 15,
      "주로": 6,
      "다시": 14,
      "안": 9,
      "다": 7,
      "더": 7,
      "많이": 6,
      "너무": 5
    },
    "NNB": {
      "거": 46,
      "수": 34,
      "때문": 18,
      "분": 11,
      "번": 9,
      "가지": 5
    },
    "NNG": {
      "말씀": 77,
      "번역": 17,
      "교회": 37,
      "새번역": 7,
      "사람": 38,
      "삶": 33,
      "행위": 12,
      "하나님": 27,
      "우리말": 8,
      "말": 23,
      "옷": 10,
      "복음": 13,
      "개인": 8,
      "생명": 12,
      "장": 13,
      "생각": 15,
      "앞": 14,
      "시작": 14,
      "증거": 8,
      "활동": 5,
      "설명": 7,
      "절": 11,
      "기도": 11,
      "기억": 8,
      "제목": 5,
      "발견": 6,
      "순종": 6,
      "부분": 6,
      "주변": 5,
      "회개": 5,
      "이해": 6,
      "상태": 5,
      "감사": 7,
      "축복": 7,
      "기": 5,
      "주": 8,
      "내용": 5,
      "가운데": 7,
      "은혜": 6,
      "도": 5,
      "이름": 7,
      "성경": 6,
      "아버지": 5,
      "전": 5
    },
    "NNP": {
      "사데": 19,
      "예수": 40,
      "주님": 6,
      "그리스": 5,
      "그리스도": 5
    },
    "VA": {
      "이렇": 46,
      "없": 31,
      "그렇": 21,
      "어떻": 16,
      "굳": 5,
      "같": 15
    },
    "VV": {
      "되": 69,
      "있": 61,
      "보": 38,
      "죽": 31,
      "깨": 12,
      "바꾸": 11,
      "남": 11,
      "이루": 15,
      "듣": 18,
      "세우": 11,
      "지키": 11,
      "입": 8,
      "살": 14,
      "잊어버리": 5,
      "주": 12,
      "알": 12,
      "받": 11,
      "쓰이": 5,
      "통하": 9,
      "이루어지": 6,
      "나오": 8,
      "읽": 7,
      "그러": 6,
      "위하": 6,
      "원하": 5,
      "믿": 5
    }
  },
  "tfidf": {
    "MAG": {
      "굳건히": 0.009678442191007133,
      "지금": 0.008648716976024826,
      "주로": 0.007627540119512953,
      "다시": 0.00713835054568718,
      "안": 0.0049756683048895215,
      "다": 0.0035129671809357955,
      "더": 0.0034661278913223816,
      "많이": 0.0034594867904099305,
      "너무": 0.0034040402956635836
    },
    "NNB": {
      "거": 0.023198209719209165,
      "수": 0.01636976408281175,
      "때문": 0.008740644271925271,
      "분": 0.00545342161702122,
      "번": 0.0043703221359626355,
      "가지": 0.002822852052640813
    },
    "NNG": {
      "말씀": 0.03716323268246389,
      "번역": 0.021357941507645504,
      "교회": 0.021227936202119827,
      "새번역": 0.019424053605402454,
      "사람": 0.0182956186807896,
      "삶": 0.01648047955142448,
      "행위": 0.013900815207698928,
      "하나님": 0.012999518536350506,
      "우리말": 0.011695620628970217,
      "말": 0.011114251634165049,
      "옷": 0.010893437499239232,
      "복음": 0.008838967387682582,
      "개인": 0.008275869847829641,
      "생명": 0.008032756243689154,
      "장": 0.0076176401387057086,
      "생각": 0.007355286924697174,
      "앞": 0.0071645611727241066,
      "시작": 0.006898511075907152,
      "증거": 0.00640127938839488,
      "활동": 0.006195247720770431,
      "설명": 0.005430240927609249,
      "절": 0.005400460174228529,
      "기도": 0.005367626218198305,
      "기억": 0.005198769269469124,
      "제목": 0.005054965202391283,
      "발견": 0.004976944636419435,
      "순종": 0.004746835580610162,
      "부분": 0.004733461566458764,
      "주변": 0.004725809219350375,
      "회개": 0.00462047224208244,
      "이해": 0.004533711472408407,
      "상태": 0.004449971393337585,
      "감사": 0.004406215697986419,
      "축복": 0.004117160448924323,
      "기": 0.004017933627782583,
      "주": 0.00394681795894221,
      "내용": 0.0034991677864827445,
      "가운데": 0.003449255537953576,
      "은혜": 0.0034381041472833027,
      "도": 0.003395173551763014,
      "이름": 0.0033908587333279015,
      "성경": 0.003189233758238124,
      "아버지": 0.0029592194952615452,
      "전": 0.0027813455373916413
    },
    "NNP": {
      "사데": 0.04858775747796757,
      "예수": 0.019329133276808783,
      "주님": 0.003985315651619458,
      "그리스": 0.0034579377316132196,
      "그리스도": 0.0028403598988831816
    },
    "VA": {
      "이렇": 0.022174353295445617,
      "없": 0.014961820950082864,
      "그렇": 0.010209862302373153,
      "어떻": 0.007912918577244027,
      "굳": 0.007570910324483541,
      "같": 0.00745465247239646
    },
    "VV": {
      "되": 0.03322099181511796,
      "있": 0.029369282619162253,
      "보": 0.018317944026672466,
      "죽": 0.018187773220235695,
      "깨": 0.015291531866526714,
      "바꾸": 0.010021244575467521,
      "남": 0.009715026337731802,
      "이루": 0.009599290828299472,
      "듣": 0.009302089611116875,
      "세우": 0.007749240887118005,
      "지키": 0.007677877534004399,
      "입": 0.007076308332336574,
      "살": 0.006915362312416148,
      "잊어버리": 0.006402138500261824,
      "주": 0.00588422953975774,
      "알": 0.005877056896013504,
      "받": 0.005334994567555775,
      "쓰이": 0.005019949046872798,
      "통하": 0.004375655272445637,
      "이루어지": 0.004160446961633233,
      "나오": 0.0041241658202860985,
      "읽": 0.0034408509312377276,
      "그러": 0.003096907970073689,
      "위하": 0.0029206633205860933,
      "원하": 0.0026317745669847898,
      "믿": 0.0025431904451250647
    }
  }
}