{
  "scope": "sermon",
  "idf_scope": "church",
  "church": "O-Sg",
  "sermon": "O-Sg-0316",
  "document_unit": "sermon_json",
  "document_count": 819,
  "min_count": 5,
  "freq": {
    "MAG": {
      "어쨌든": 8,
      "다": 11,
      "더": 11,
      "너무": 7,
      "아마": 5,
      "계속": 7,
      "이제": 6,
      "다시": 6,
      "잘": 5
    },
    "NNB": {
      "거": 33,
      "절": 25,
      "수": 13,
      "때문": 12,
      "뿐": 5,
      "장": 6,
      "가지": 5
    },
    "NNG": {
      "이삭": 43,
      "우물": 18,
      "하나님": 54,
      "순종": 25,
      "말씀": 39,
      "복": 21,
      "땅": 33,
      "샘물": 7,
      "시작": 30,
      "사람": 30,
      "렉": 5,
      "곡식": 6,
      "양보": 5,
      "흉년": 5,
      "그날": 11,
      "물": 11,
      "종": 10,
      "적극": 6,
      "주목": 8,
      "모습": 15,
      "사역": 9,
      "생각": 15,
      "예배": 11,
      "싸움": 5,
      "결과": 7,
      "절": 13,
      "아버지": 10,
      "태도": 5,
      "삶": 11,
      "후": 7,
      "부족": 6,
      "교회": 9,
      "장면": 5,
      "중심": 5,
      "행동": 5,
      "기도": 9,
      "말": 9,
      "믿음": 8,
      "곳": 7,
      "발견": 5,
      "부분": 5,
      "사건": 5,
      "기록": 5,
      "안": 6,
      "경험": 5,
      "주": 6,
      "축복": 5,
      "가운데": 5
    },
    "NNP": {
      "아브라함": 15,
      "이삭": 5,
      "여호와": 6
    },
    "VA": {
      "같": 21,
      "많": 14,
      "그렇": 14,
      "이렇": 14,
      "없": 12,
      "기쁘": 5
    },
    "VV": {
      "파": 22,
      "되": 60,
      "있": 44,
      "그라": 5,
      "주": 28,
      "보": 25,
      "거하": 9,
      "심": 6,
      "머물": 8,
      "거두": 6,
      "위하": 15,
      "그러": 13,
      "막": 5,
      "받": 12,
      "나오": 11,
      "보이": 10,
      "보내": 7,
      "읽": 9,
      "통하": 9,
      "기뻐하": 5,
      "살": 8,
      "쓰": 6,
      "알": 8,
      "드리": 5
    }
  },
  "tfidf": {
    "MAG": {
      "어쨌든": 0.01131870858273523,
      "다": 0.005520376998613393,
      "더": 0.005446772400649457,
      "너무": 0.004765656413929017,
      "아마": 0.004650101148376606,
      "계속": 0.004637541157838353,
      "이제": 0.0030855719899404166,
      "다시": 0.0030592930910087915,
      "잘": 0.0026511885290375825
    },
    "NNB": {
      "거": 0.01664219392899788,
      "절": 0.012669448917668597,
      "수": 0.006259027443428021,
      "때문": 0.005827096181283514,
      "뿐": 0.003944551305382304,
      "장": 0.0031273565460065694,
      "가지": 0.002822852052640813
    },
    "NNG": {
      "이삭": 0.06576712008931962,
      "우물": 0.037335544176567446,
      "하나님": 0.02599903707270101,
      "순종": 0.019778481585875675,
      "말씀": 0.018822936033975217,
      "복": 0.01863243233019983,
      "땅": 0.018334263745195915,
      "샘물": 0.0152714268509256,
      "시작": 0.014782523734086754,
      "사람": 0.014443909484833895,
      "렉": 0.013552871445783495,
      "곡식": 0.011405212011260674,
      "양보": 0.011347068046953077,
      "흉년": 0.011347068046953077,
      "그날": 0.01100578629889565,
      "물": 0.01053390380363975,
      "종": 0.010216926730178379,
      "적극": 0.010081261343521018,
      "주목": 0.009007862540705387,
      "모습": 0.008735079197899214,
      "사역": 0.0078167946219709,
      "생각": 0.007355286924697174,
      "예배": 0.00678535856683232,
      "싸움": 0.006662643037190647,
      "결과": 0.006562720607774123,
      "절": 0.006382362024088262,
      "아버지": 0.0059184389905230905,
      "태도": 0.005914855349570701,
      "삶": 0.00549349318380816,
      "후": 0.005491380845517073,
      "부족": 0.0054150031868917484,
      "교회": 0.005163552049164283,
      "장면": 0.0045984874477558325,
      "중심": 0.00444312268815648,
      "행동": 0.00444312268815648,
      "기도": 0.004391694178525887,
      "말": 0.0043490549872819756,
      "믿음": 0.004347290141447664,
      "곳": 0.004189753159434163,
      "발견": 0.004147453863682863,
      "부분": 0.003944551305382304,
      "사건": 0.003569493671090114,
      "기록": 0.0032450694816690026,
      "안": 0.00320491239589445,
      "경험": 0.002962914535507293,
      "주": 0.0029601134692066582,
      "축복": 0.002940828892088802,
      "가운데": 0.0024637539556811258
    },
    "NNP": {
      "아브라함": 0.016789667386633674,
      "이삭": 0.011117626111940258,
      "여호와": 0.006474465669108814
    },
    "VA": {
      "같": 0.010436513461355044,
      "많": 0.006923803755088523,
      "그렇": 0.006806574868248768,
      "이렇": 0.006748716220353014,
      "없": 0.005791672625838528,
      "기쁘": 0.004429483454801456
    },
    "VV": {
      "파": 0.042068350449421504,
      "되": 0.02888781896966779,
      "있": 0.02118440057775638,
      "그라": 0.014684319758844966,
      "주": 0.013729868926101391,
      "보": 0.012051278964916097,
      "거하": 0.011387144813415757,
      "심": 0.009956546354984063,
      "머물": 0.00856815563511851,
      "거두": 0.008254041626399658,
      "위하": 0.007301658301465233,
      "그러": 0.0067099672684929924,
      "막": 0.005828207293124129,
      "받": 0.005819994073697209,
      "나오": 0.005670728002893386,
      "보이": 0.005148909515800496,
      "보내": 0.004543097274336603,
      "읽": 0.00442395119730565,
      "통하": 0.004375655272445637,
      "기뻐하": 0.004153510013411431,
      "살": 0.003951635607094941,
      "쓰": 0.00391913801811863,
      "알": 0.003918037930675669,
      "드리": 0.0026189183642132017
    }
  }
}