{
  "scope": "sermon",
  "idf_scope": "church",
  "church": "O-Sg",
  "sermon": "O-Sg-0786",
  "document_unit": "sermon_json",
  "document_count": 819,
  "min_count": 5,
  "freq": {
    "MAG": {
      "오래": 5,
      "특별히": 5,
      "다시": 7,
      "안": 6,
      "다": 5
    },
    "NNB": {
      "거": 25,
      "수": 25,
      "번": 20,
      "세": 6,
      "부": 6,
      "대": 6,
      "대로": 8,
      "외": 5,
      "때문": 9,
      "분": 8,
      "장": 7
    },
    "NNG": {
      "방주": 56,
      "하나님": 121,
      "구원": 55,
      "심판": 32,
      "말씀": 54,
      "사람": 43,
      "순종": 26,
      "믿음": 32,
      "홍수": 11,
      "에녹": 7,
      "은혜": 27,
      "동행": 14,
      "상자": 5,
      "삶": 23,
      "설계": 5,
      "기회": 10,
      "짐승": 7,
      "문": 9,
      "세상": 16,
      "유일": 7,
      "안": 15,
      "비": 5,
      "단어": 8,
      "이해": 9,
      "이름": 14,
      "말": 14,
      "배": 6,
      "뜻": 10,
      "완전": 6,
      "예비": 5,
      "마찬가지": 7,
      "십자가": 9,
      "약속": 7,
      "의미": 9,
      "길": 9,
      "절": 10,
      "나님": 5,
      "시대": 5,
      "위": 5,
      "앞": 7,
      "장": 6,
      "소망": 5,
      "주": 6,
      "모습": 5,
      "땅": 5,
      "시작": 5,
      "생각": 5
    },
    "NNP": {
      "노아": 66,
      "므두셀라": 11,
      "아크라": 5,
      "예수": 24,
      "창세기": 6,
      "그리스도": 9
    },
    "VA": {
      "없": 28,
      "의롭": 5,
      "그렇": 12,
      "이렇": 11,
      "좋": 5
    },
    "VV": {
      "있": 50,
      "받": 38,
      "되": 37,
      "닫": 5,
      "살": 18,
      "죽": 15,
      "보": 17,
      "믿": 16,
      "임하": 9,
      "짓": 9,
      "통하": 13,
      "입": 7,
      "들어가": 9,
      "만들": 9,
      "나누": 8,
      "내리": 5,
      "읽": 9,
      "주": 9,
      "보이": 8,
      "살아가": 7,
      "알": 8,
      "지키": 5,
      "서": 5,
      "따르": 5,
      "원하": 5,
      "나오": 5,
      "대하": 5
    }
  },
  "tfidf": {
    "MAG": {
      "오래": 0.005853143902759361,
      "특별히": 0.0036734886037233542,
      "다시": 0.00354697466109863,
      "안": 0.0032964794479284003,
      "다": 0.0024936544206437617
    },
    "NNB": {
      "거": 0.012529301431973538,
      "수": 0.011961722488038277,
      "번": 0.009651418475698451,
      "세": 0.008202700697623008,
      "부": 0.008028658721116497,
      "대": 0.007884573330138922,
      "대로": 0.00672176461615508,
      "외": 0.005853143902759361,
      "때문": 0.004343138314064303,
      "분": 0.003941455136512596,
      "장": 0.0036258881038588125
    },
    "NNG": {
      "방주": 0.10340324275535955,
      "하나님": 0.05789473684210526,
      "구원": 0.034933903232952646,
      "심판": 0.030106046353283313,
      "말씀": 0.02590041540545445,
      "사람": 0.02057416267942584,
      "순종": 0.020441675839243216,
      "믿음": 0.017280998323036933,
      "홍수": 0.01725519758639466,
      "에녹": 0.01613996558685882,
      "은혜": 0.015375234647169085,
      "동행": 0.014845646199449045,
      "상자": 0.012129777537423541,
      "삶": 0.011414948363797285,
      "설계": 0.011048473413636323,
      "기회": 0.010153376468220331,
      "짐승": 0.009814002837333679,
      "문": 0.008995278120033654,
      "세상": 0.0087906118611424,
      "유일": 0.007992373458296285,
      "안": 0.007962443835254513,
      "비": 0.007155037007089005,
      "단어": 0.006978757162901983,
      "이해": 0.006758267029803058,
      "이름": 0.006739534535045026,
      "말": 0.006723116476352222,
      "배": 0.006410069248785038,
      "뜻": 0.006408628504450104,
      "완전": 0.006280890207835557,
      "예비": 0.00617082685486896,
      "마찬가지": 0.006143835055427693,
      "십자가": 0.0059793418249136105,
      "약속": 0.0052781550625988286,
      "의미": 0.005195516100040227,
      "길": 0.005093437955113673,
      "절": 0.004878971631958527,
      "나님": 0.0040917889433292245,
      "시대": 0.003953397911554244,
      "위": 0.003931091507546772,
      "앞": 0.0035599984583129115,
      "장": 0.0034939650868071603,
      "소망": 0.0034636666409982213,
      "주": 0.0029417012801637456,
      "모습": 0.0028935820564651785,
      "땅": 0.00276063982882209,
      "시작": 0.0024484291703108603,
      "생각": 0.002436512112056783
    },
    "NNP": {
      "노아": 0.10467963743955348,
      "므두셀라": 0.029010946120642523,
      "아크라": 0.016785064975354914,
      "예수": 0.011525342530889522,
      "창세기": 0.006201612216353338,
      "그리스도": 0.005080846659313236
    },
    "VA": {
      "없": 0.013429845025050456,
      "의롭": 0.007155037007089005,
      "그렇": 0.005797917703904043,
      "이렇": 0.005269580296869627,
      "좋": 0.00274368480039373
    },
    "VV": {
      "있": 0.023923444976076555,
      "받": 0.01831534498646834,
      "되": 0.01770334928229665,
      "닫": 0.008856390323028296,
      "살": 0.008835876124811692,
      "죽": 0.008745795256620514,
      "보": 0.008143896822434878,
      "믿": 0.008087588983004415,
      "임하": 0.00688063780229693,
      "짓": 0.006576543015251198,
      "통하": 0.006281077512562713,
      "입": 0.006153256390181905,
      "들어가": 0.0060812225755594584,
      "만들": 0.00555906920521473,
      "나누": 0.004879455775964959,
      "내리": 0.004422292145436442,
      "읽": 0.004396433797513796,
      "주": 0.004385721801702209,
      "보이": 0.004093506244714882,
      "살아가": 0.003951769623910295,
      "알": 0.003893667359815007,
      "지키": 0.0034682365459171673,
      "서": 0.003450009071093149,
      "따르": 0.002922536654960977,
      "원하": 0.002615404677333688,
      "나오": 0.002561570696391814,
      "대하": 0.0024544100346699143
    }
  }
}