{
  "scope": "sermon",
  "idf_scope": "church",
  "church": "O-Sg",
  "sermon": "O-Sg-0723",
  "document_unit": "sermon_json",
  "document_count": 819,
  "min_count": 5,
  "freq": {
    "MAG": {
      "다시": 12,
      "지금": 10,
      "더": 8,
      "이제": 7
    },
    "NNB": {
      "거": 29,
      "장": 24,
      "분": 24,
      "때문": 23,
      "명": 8,
      "수": 12,
      "절": 10,
      "번": 8
    },
    "NNG": {
      "예배": 82,
      "하나님": 72,
      "보좌": 22,
      "환상": 14,
      "소리": 21,
      "창조": 19,
      "경배": 14,
      "말": 29,
      "대상": 13,
      "반응": 13,
      "생물": 8,
      "열광": 5,
      "창조주": 9,
      "설명": 16,
      "만물": 9,
      "이유": 18,
      "심판": 12,
      "주": 22,
      "장면": 11,
      "린양": 5,
      "장": 16,
      "장로": 7,
      "찬양": 11,
      "사람": 17,
      "내용": 11,
      "말씀": 15,
      "중심": 8,
      "오늘": 14,
      "피조물": 5,
      "존귀": 5,
      "아버지": 10,
      "절": 12,
      "앞": 11,
      "천사": 5,
      "시작": 11,
      "존재": 8,
      "고백": 8,
      "부분": 6,
      "중요": 8,
      "시": 5,
      "가능": 5,
      "기도": 8,
      "이해": 5,
      "영광": 5,
      "속": 6,
      "삶": 7,
      "나라": 5,
      "도": 5,
      "자녀": 5,
      "전": 6,
      "기억": 5,
      "구원": 5,
      "능력": 5,
      "날": 5,
      "모습": 5,
      "가운데": 5,
      "생각": 5
    },
    "NNP": {
      "예수": 31,
      "계시록": 5,
      "그리스도": 15,
      "그리스": 7
    },
    "VA": {
      "이렇": 19,
      "바르": 7,
      "없": 13,
      "엄청나": 5,
      "같": 9,
      "그렇": 8,
      "많": 5
    },
    "VV": {
      "되": 52,
      "있": 44,
      "보": 42,
      "보이": 19,
      "앉": 11,
      "대하": 15,
      "알": 15,
      "통하": 13,
      "드리": 12,
      "계시": 9,
      "나오": 10,
      "모르": 8,
      "죽이": 5,
      "당하": 5,
      "읽": 8,
      "위하": 7,
      "원하": 6,
      "만들": 5,
      "그러": 5,
      "가지": 5,
      "받": 5
    }
  },
  "tfidf": {
    "MAG": {
      "다시": 0.006254086368135099,
      "지금": 0.005893499067980172,
      "더": 0.004049014415228676,
      "이제": 0.0036795547212716303
    },
    "NNB": {
      "거": 0.014948837791179453,
      "장": 0.012786455799322133,
      "분": 0.012161871902526563,
      "때문": 0.011415937158632495,
      "명": 0.006128234825016513,
      "수": 0.005905511811023622,
      "절": 0.0051800089374011175,
      "번": 0.003970760750828694
    },
    "NNG": {
      "예배": 0.05170193087649784,
      "하나님": 0.03543307086614173,
      "보좌": 0.026830859210079563,
      "환상": 0.02036417228746411,
      "소리": 0.01864310646470389,
      "창조": 0.016944320364079533,
      "경배": 0.01675032260550637,
      "말": 0.014323962655782767,
      "대상": 0.014126279373167535,
      "반응": 0.013746109852438987,
      "생물": 0.01319919493530987,
      "열광": 0.013069412075442738,
      "창조주": 0.012795868588523307,
      "설명": 0.012686850851118573,
      "만물": 0.011952766444615346,
      "이유": 0.011714394870138665,
      "심판": 0.011612014679815845,
      "주": 0.011094112931588667,
      "장면": 0.01034071286603125,
      "린양": 0.010152031008371526,
      "장": 0.009583185080612814,
      "장로": 0.008785306735879128,
      "찬양": 0.008673767705549453,
      "사람": 0.008366141732283465,
      "내용": 0.007868650237969612,
      "말씀": 0.007399916365567558,
      "중심": 0.007266429782126778,
      "오늘": 0.006965801184055316,
      "피조물": 0.006845597084402299,
      "존귀": 0.006481620386379113,
      "아버지": 0.006049506783128178,
      "절": 0.006021880341019679,
      "앞": 0.005753962637557215,
      "천사": 0.005556756610956197,
      "시작": 0.005540293959197508,
      "존재": 0.005375684669810897,
      "고백": 0.005313899494432761,
      "부분": 0.004838287240912821,
      "중요": 0.004593828266738167,
      "시": 0.004590944692979673,
      "가능": 0.004264157064370977,
      "기도": 0.0039901788314953045,
      "이해": 0.0038617612894489258,
      "영광": 0.0037989332825464537,
      "속": 0.003634236313138965,
      "삶": 0.003573277442706999,
      "나라": 0.003562531141577895,
      "도": 0.0034703619424270573,
      "자녀": 0.00341667334155442,
      "전": 0.0034115283550171884,
      "기억": 0.0033211871840204757,
      "구원": 0.0032664574873331707,
      "능력": 0.0032416024283112616,
      "날": 0.0031170378292079233,
      "모습": 0.0029761744576831807,
      "가운데": 0.002518315435998867,
      "생각": 0.0025060582254914747
    },
    "NNP": {
      "예수": 0.015311822149285028,
      "계시록": 0.008978497366417025,
      "그리스도": 0.008709784709616685,
      "그리스": 0.004948322507866594
    },
    "VA": {
      "이렇": 0.009361803578592204,
      "바르": 0.00861157840153452,
      "없": 0.006413260850158551,
      "엄청나": 0.004862113837009236,
      "같": 0.004571844444439206,
      "그렇": 0.003975606299592996,
      "많": 0.0025275485797453005
    },
    "VV": {
      "되": 0.025590551181102362,
      "있": 0.021653543307086614,
      "보": 0.020694513173730136,
      "보이": 0.009999577569982036,
      "앉": 0.009824762089531461,
      "대하": 0.007573401042017895,
      "알": 0.00750901031804875,
      "통하": 0.006460360236838617,
      "드리": 0.006424598554099393,
      "계시": 0.005653188104169328,
      "나오": 0.005269372790805996,
      "모르": 0.004779680253233427,
      "죽이": 0.0045068123978313475,
      "당하": 0.004101061777991923,
      "읽": 0.004019486717761958,
      "위하": 0.003482900592027658,
      "원하": 0.0032280683714335087,
      "만들": 0.0031765241248082852,
      "그러": 0.0026379092248372095,
      "가지": 0.002530634009517923,
      "받": 0.002478700724054524
    }
  }
}