{
  "scope": "sermon",
  "idf_scope": "church",
  "church": "O-Sg",
  "sermon": "O-Sg-0311",
  "document_unit": "sermon_json",
  "document_count": 819,
  "min_count": 5,
  "freq": {
    "MAG": {
      "이제": 19,
      "다시": 8,
      "이미": 5,
      "더": 7
    },
    "NNB": {
      "달러": 5,
      "수": 28,
      "번": 18,
      "때문": 17,
      "거": 13,
      "가지": 5,
      "분": 5
    },
    "NNG": {
      "액자": 16,
      "의자": 14,
      "복음": 42,
      "하나님": 46,
      "그림": 14,
      "거지": 7,
      "구속": 12,
      "왕": 20,
      "칭의": 6,
      "단어": 19,
      "말씀": 33,
      "선언": 11,
      "왕자": 6,
      "값": 9,
      "말": 27,
      "대가": 8,
      "삶": 24,
      "믿음": 21,
      "사람": 23,
      "속죄": 5,
      "옷": 10,
      "지불": 5,
      "사형": 5,
      "의미": 15,
      "자녀": 13,
      "원래": 8,
      "잔치": 5,
      "회복": 10,
      "계속": 11,
      "신분": 5,
      "대신": 8,
      "이야기": 12,
      "돈": 7,
      "은혜": 12,
      "인생": 10,
      "선물": 6,
      "인정": 7,
      "시작": 13,
      "죄": 10,
      "길": 11,
      "진짜": 6,
      "가치": 5,
      "질문": 7,
      "사랑": 11,
      "자리": 9,
      "가운데": 11,
      "생각": 11,
      "존재": 8,
      "기억": 8,
      "오늘": 10,
      "사건": 6,
      "성경": 8,
      "손": 6,
      "힘": 6,
      "사실": 6,
      "백성": 5,
      "십자가": 6,
      "절": 8,
      "중요": 5
    },
    "NNP": {
      "윌슨": 7,
      "조지": 6,
      "리처드": 5,
      "예수": 27,
      "영국": 6,
      "그리스도": 9
    },
    "VA": {
      "그렇": 38,
      "의롭": 8,
      "롭": 7,
      "없": 13,
      "엄청나": 6,
      "같": 6,
      "좋": 5,
      "어떻": 5,
      "이렇": 5
    },
    "VV": {
      "있": 65,
      "되": 55,
      "치르": 11,
      "받": 21,
      "살아가": 16,
      "담": 8,
      "받아들이": 9,
      "믿": 14,
      "입": 8,
      "앉": 8,
      "주어지": 8,
      "쌓": 5,
      "살": 13,
      "보": 13,
      "살펴보": 7,
      "위하": 12,
      "바라": 8,
      "인하": 7,
      "돌아오": 5,
      "향하": 7,
      "돌아가": 5,
      "나아가": 6,
      "가지": 7,
      "주": 7,
      "얻": 5,
      "나누": 5,
      "읽": 5
    }
  },
  "tfidf": {
    "MAG": {
      "이제": 0.00941731844075937,
      "다시": 0.003931416395993974,
      "이미": 0.00364635101200015,
      "더": 0.0033406717541886715
    },
    "NNB": {
      "달러": 0.014670556796144799,
      "수": 0.012993039443155453,
      "번": 0.008424277565099206,
      "때문": 0.007956262144815917,
      "거": 0.0063187214831873974,
      "가지": 0.002720679217324811,
      "분": 0.002389107086807229
    },
    "NNG": {
      "액자": 0.04694578174766336,
      "의자": 0.032071470372278074,
      "복음": 0.02752305840075325,
      "하나님": 0.02134570765661253,
      "그림": 0.019666089830105385,
      "거지": 0.017904667443366384,
      "구속": 0.016908448292137685,
      "왕": 0.016818101834074787,
      "칭의": 0.016475762981986757,
      "단어": 0.01607461989204395,
      "말씀": 0.015350620009574578,
      "선언": 0.014705752497687227,
      "왕자": 0.01312363452446675,
      "값": 0.012963901340339614,
      "말": 0.012574924188284915,
      "대가": 0.012445830212784064,
      "삶": 0.011551978410734829,
      "믿음": 0.010998593625262341,
      "사람": 0.010672853828306265,
      "속죄": 0.010513342250372048,
      "옷": 0.010499150666320132,
      "지불": 0.008905112133063591,
      "사형": 0.008764451757619427,
      "의미": 0.00839801132953138,
      "자녀": 0.008376319535081351,
      "원래": 0.008304533333036934,
      "잔치": 0.008166240367127316,
      "회복": 0.007948270309230987,
      "계속": 0.007785016214630613,
      "신분": 0.007321177375076004,
      "대신": 0.007193923775882257,
      "이야기": 0.006905173216496666,
      "돈": 0.0067501846445747245,
      "은혜": 0.006627324653278347,
      "인생": 0.006476827350260804,
      "선물": 0.00638479054678574,
      "인정": 0.006214722100441062,
      "시작": 0.006173904460078522,
      "죄": 0.0060437325020370495,
      "길": 0.006037542592836472,
      "진짜": 0.005630614340376276,
      "가치": 0.005629003739026241,
      "질문": 0.005547668787044103,
      "사랑": 0.005472162133973207,
      "자리": 0.005418735337789149,
      "가운데": 0.005224073004681826,
      "생각": 0.005198646260434844,
      "존재": 0.005068859048285728,
      "기억": 0.005010600358555624,
      "오늘": 0.004691583694398542,
      "사건": 0.004128355464419953,
      "성경": 0.004098399700455117,
      "손": 0.0039472905819953,
      "힘": 0.003916525376835434,
      "사실": 0.003896202492895913,
      "백성": 0.003883579832328405,
      "십자가": 0.003865993631576008,
      "절": 0.0037854480596912566,
      "중요": 0.0027072677024396617
    },
    "NNP": {
      "윌슨": 0.021473245643216392,
      "조지": 0.01357612342330046,
      "리처드": 0.013372144295134537,
      "예수": 0.012574924188284915,
      "영국": 0.010517342109143311,
      "그리스도": 0.004927596064020726
    },
    "VA": {
      "그렇": 0.01780628863279424,
      "의롭": 0.011102758121441129,
      "롭": 0.009893761820428594,
      "없": 0.006047213943165743,
      "엄청나": 0.005501521290098988,
      "같": 0.0028739328417944215,
      "좋": 0.002660928646321529,
      "어떻": 0.002383284786098585,
      "이렇": 0.0023230168362070283
    },
    "VV": {
      "있": 0.030162412993039442,
      "되": 0.025522041763341066,
      "치르": 0.015743687608684134,
      "받": 0.009816344992747531,
      "살아가": 0.00876017078048129,
      "담": 0.008367455127241198,
      "받아들이": 0.007040701032796007,
      "믿": 0.006863191810983446,
      "입": 0.006820182091073348,
      "앉": 0.006737453386518601,
      "주어지": 0.006461612177347315,
      "쌓": 0.006421489368095115,
      "살": 0.006188985674429845,
      "보": 0.006039843774138274,
      "살펴보": 0.005729552724622768,
      "위하": 0.00562990043327825,
      "바라": 0.005055833431470213,
      "인하": 0.004225257004358053,
      "돌아오": 0.004210908366574125,
      "향하": 0.004083892204523207,
      "돌아가": 0.003850512494260652,
      "나아가": 0.003571645149328839,
      "가지": 0.0033406717541886715,
      "주": 0.0033082294384585375,
      "얻": 0.0031803022321464404,
      "나누": 0.0029576747597931455,
      "읽": 0.0023687926364536825
    }
  }
}