{
  "scope": "sermon",
  "idf_scope": "church",
  "church": "O-Sg",
  "sermon": "O-Sg-0344",
  "document_unit": "sermon_json",
  "document_count": 819,
  "min_count": 5,
  "freq": {
    "MAG": {
      "스스로": 7,
      "정말": 6,
      "전혀": 5,
      "가장": 7,
      "더": 8,
      "다": 6
    },
    "NNB": {
      "수": 26,
      "번": 15,
      "대로": 8,
      "절": 12,
      "장": 9,
      "거": 8,
      "때문": 7,
      "분": 5
    },
    "NNG": {
      "하나님": 174,
      "사탄": 51,
      "죄": 82,
      "말씀": 59,
      "뱀": 15,
      "인간": 32,
      "전략": 14,
      "말": 45,
      "열매": 21,
      "나무": 17,
      "동산": 12,
      "의심": 14,
      "여자": 15,
      "마음": 34,
      "가운데": 33,
      "욕망": 10,
      "냉소": 5,
      "거짓말": 10,
      "관계": 16,
      "소외": 7,
      "순종": 15,
      "성품": 8,
      "장": 18,
      "세상": 19,
      "권위": 7,
      "시작": 21,
      "유혹": 8,
      "문제": 14,
      "하와": 5,
      "본질": 7,
      "타락": 7,
      "상태": 10,
      "해결": 9,
      "절": 16,
      "눈": 11,
      "절대": 5,
      "사랑": 14,
      "수치": 5,
      "구원": 11,
      "오늘": 14,
      "주": 13,
      "사람": 13,
      "거부": 5,
      "아내": 6,
      "성경": 11,
      "천사": 5,
      "고통": 6,
      "결과": 5,
      "십자가": 7,
      "악": 5,
      "지혜": 5,
      "존재": 7,
      "지금": 7,
      "자유": 5,
      "죽음": 5,
      "생명": 6,
      "땅": 7,
      "본문": 6,
      "모습": 6,
      "처음": 5,
      "자리": 5,
      "날": 5,
      "아버지": 5,
      "은혜": 5,
      "생각": 5,
      "기도": 5
    },
    "NNP": {
      "아담": 30,
      "하와": 6,
      "창세기": 8,
      "여호와": 5,
      "예수": 10
    },
    "VA": {
      "없": 17,
      "좋": 9,
      "그렇": 7,
      "어떻": 6,
      "같": 5,
      "이렇": 5
    },
    "VV": {
      "먹": 41,
      "있": 56,
      "되": 53,
      "죄": 7,
      "대하": 29,
      "보": 24,
      "벗어나": 8,
      "가져오": 7,
      "만들": 14,
      "뿌리": 5,
      "보이": 15,
      "주": 15,
      "짓": 10,
      "말미암": 6,
      "가리": 5,
      "죽": 11,
      "들어오": 7,
      "살": 12,
      "듣": 11,
      "알": 11,
      "따르": 9,
      "가르치": 6,
      "읽": 10,
      "떠나": 6,
      "위하": 9,
      "받": 8,
      "부르": 5,
      "통하": 6,
      "나오": 5,
      "믿": 5,
      "가지": 5
    }
  },
  "tfidf": {
    "MAG": {
      "스스로": 0.00479483817007429,
      "정말": 0.003371348837478484,
      "전혀": 0.0033522377281002,
      "가장": 0.0030624022079437964,
      "더": 0.003039378386311293,
      "다": 0.0023103381185720557
    },
    "NNB": {
      "수": 0.009604728481714075,
      "번": 0.005588695404749658,
      "대로": 0.005189688972206914,
      "절": 0.004666026521226038,
      "장": 0.0035992904762037186,
      "거": 0.003095528924161028,
      "때문": 0.00260805785554984,
      "분": 0.0019019304662244473
    },
    "NNG": {
      "하나님": 0.06427779830070188,
      "사탄": 0.05442931714344898,
      "죄": 0.03945282491447975,
      "말씀": 0.021848569713955508,
      "뱀": 0.02031540306108468,
      "인간": 0.01830037110972409,
      "전략": 0.01812506985302647,
      "말": 0.01668449798408693,
      "열매": 0.01640430446020896,
      "나무": 0.015943829282874952,
      "동산": 0.015278719452753529,
      "의심": 0.013956914165596083,
      "여자": 0.013169110899480585,
      "마음": 0.013059997234434526,
      "가운데": 0.012476406344760993,
      "욕망": 0.012111147179220487,
      "냉소": 0.011266838618072034,
      "거짓말": 0.010469549379597884,
      "관계": 0.010138709496574685,
      "소외": 0.010034961435679507,
      "순종": 0.009105261822060682,
      "성품": 0.008760612373535422,
      "장": 0.008092782081374546,
      "세상": 0.008059549247459474,
      "권위": 0.008052933664893224,
      "시작": 0.00793953131030245,
      "유혹": 0.007711674658098561,
      "문제": 0.0073035575487776444,
      "하와": 0.007292397902779343,
      "본질": 0.006961275036610129,
      "타락": 0.006844094994687596,
      "상태": 0.006828659463584902,
      "해결": 0.006360997157530973,
      "절": 0.00602707097793473,
      "눈": 0.0057761003254753075,
      "절대": 0.005661088734977699,
      "사랑": 0.005544384309432503,
      "수치": 0.005427816246384622,
      "구원": 0.005394300536155968,
      "오늘": 0.005228854084226229,
      "주": 0.004920947160574373,
      "사람": 0.004802364240857037,
      "거부": 0.00452864604401647,
      "아내": 0.004497521384354411,
      "성경": 0.004486173111345057,
      "천사": 0.0041711597463845555,
      "고통": 0.003938808613543306,
      "결과": 0.003596699219575401,
      "십자가": 0.003590599306263027,
      "악": 0.00355080709067527,
      "지혜": 0.003539510033014694,
      "존재": 0.0035308338909951146,
      "지금": 0.003526293260438833,
      "자유": 0.0034677167768281903,
      "죽음": 0.003154579723489377,
      "생명": 0.003081646604754779,
      "땅": 0.00298397936429015,
      "본문": 0.002734846598199207,
      "모습": 0.0026808658284501914,
      "처음": 0.00252527322042325,
      "자리": 0.0023965387376217247,
      "날": 0.0023397934499263025,
      "아버지": 0.0022705204623783633,
      "은혜": 0.002198295257328968,
      "생각": 0.001881163765865784,
      "기도": 0.0018720085393420897
    },
    "NNP": {
      "아담": 0.03043730746211738,
      "하와": 0.009405766762006442,
      "창세기": 0.0063841248773197756,
      "여호와": 0.004139719614191296,
      "예수": 0.0037076662186859843
    },
    "VA": {
      "없": 0.006295350595546503,
      "좋": 0.003812981979712306,
      "그렇": 0.0026112404878745276,
      "어떻": 0.002276754509364958,
      "같": 0.0019065771684727802,
      "이렇": 0.0018493170602239181
    },
    "VV": {
      "먹": 0.023705159568318715,
      "있": 0.020687107499076467,
      "되": 0.019578869597340228,
      "죄": 0.01131869183988979,
      "대하": 0.01099089709651596,
      "보": 0.008876721889074807,
      "벗어나": 0.00705221828184674,
      "가져오": 0.00677944441639505,
      "만들": 0.006676450558001189,
      "뿌리": 0.006264898830295509,
      "보이": 0.0059259060201242875,
      "주": 0.005643491297597352,
      "짓": 0.005641741535063418,
      "말미암": 0.0051630742224998295,
      "가리": 0.0051520565467864324,
      "죽": 0.004951750595978466,
      "들어오": 0.004758053930503018,
      "살": 0.004547957419247984,
      "듣": 0.004361631189615138,
      "알": 0.004133515543135713,
      "따르": 0.004061537826362466,
      "가르치": 0.0038466820725283437,
      "읽": 0.0037715169054729856,
      "떠나": 0.0034266483994613763,
      "위하": 0.003361406197002576,
      "받": 0.0029770047262822567,
      "부르": 0.002366455610590511,
      "통하": 0.002238206132463881,
      "나오": 0.0019777180478237504,
      "믿": 0.001951313836174643,
      "가지": 0.0018996114914445583
    }
  }
}