{
  "scope": "sermon",
  "idf_scope": "church",
  "church": "O-Sg",
  "sermon": "O-Sg-0087",
  "document_unit": "sermon_json",
  "document_count": 819,
  "min_count": 5,
  "freq": {
    "MAG": {
      "더": 14,
      "가장": 7,
      "다": 7
    },
    "NNB": {
      "수": 15,
      "분": 13,
      "때문": 13,
      "번": 7
    },
    "NNG": {
      "질투": 75,
      "하나님": 177,
      "관계": 59,
      "사랑": 77,
      "요구": 20,
      "친밀": 15,
      "감정": 18,
      "사람": 29,
      "측면": 7,
      "언약": 10,
      "신": 14,
      "백성": 14,
      "우상": 10,
      "보호": 10,
      "경계": 6,
      "삶": 18,
      "선언": 6,
      "열심": 5,
      "표현": 12,
      "마음": 16,
      "긍정": 5,
      "영광": 10,
      "파괴": 5,
      "남편": 6,
      "열정": 5,
      "가운데": 13,
      "자리": 10,
      "십자가": 9,
      "오늘": 12,
      "주": 11,
      "축복": 9,
      "인간": 7,
      "절": 10,
      "사이": 5,
      "말": 10,
      "교회": 8,
      "마찬가지": 5,
      "선포": 5,
      "존재": 6,
      "생각": 8,
      "고백": 6,
      "죄": 6,
      "변화": 5,
      "말씀": 7,
      "뜻": 5,
      "땅": 5
    },
    "NNP": {
      "이스라엘": 8,
      "예수": 5
    },
    "VA": {
      "없": 9,
      "같": 5,
      "이렇": 5
    },
    "VV": {
      "있": 32,
      "원하": 27,
      "되": 28,
      "맺": 13,
      "섬기": 14,
      "위하": 22,
      "보": 17,
      "느끼": 10,
      "지키": 10,
      "향하": 10,
      "깨닫": 8,
      "받": 9,
      "내": 6,
      "나아가": 7,
      "드리": 7,
      "주": 7,
      "알": 7,
      "나타나": 5,
      "만들": 5,
      "나오": 5,
      "믿": 5
    }
  },
  "tfidf": {
    "MAG": {
      "더": 0.007941696227552772,
      "가장": 0.0045724891212928056,
      "다": 0.004024507906676033
    },
    "NNB": {
      "수": 0.00827357970215113,
      "분": 0.007383434642791453,
      "때문": 0.0072319095417740465,
      "번": 0.003894105137878333
    },
    "NNG": {
      "질투": 0.1570855488760405,
      "하나님": 0.09762824048538334,
      "관계": 0.055821970140183155,
      "사랑": 0.04553092431935236,
      "요구": 0.028132918268546827,
      "친밀": 0.02655400995527882,
      "감정": 0.024657494758859214,
      "사람": 0.015995587424158852,
      "측면": 0.015620628162658889,
      "언약": 0.013818519874139566,
      "신": 0.013112256106981754,
      "백성": 0.012925273418791834,
      "우상": 0.012385397326159342,
      "보호": 0.01138365936356901,
      "경계": 0.010849931190562555,
      "삶": 0.010298337069139641,
      "선언": 0.009534442149881956,
      "열심": 0.009281574512974669,
      "표현": 0.009238320754426056,
      "마음": 0.00917644787998164,
      "긍정": 0.009141906193011197,
      "영광": 0.008515645262144947,
      "파괴": 0.008479248075092838,
      "남편": 0.00830934575507713,
      "열정": 0.008151445529928114,
      "가운데": 0.007338535086304034,
      "자리": 0.007156569622440163,
      "십자가": 0.006892898187572777,
      "오늘": 0.0066919114361360344,
      "주": 0.006217109067012734,
      "축복": 0.006064303858777272,
      "인간": 0.005977208565881168,
      "절": 0.005624407452175026,
      "사이": 0.005567967142675781,
      "말": 0.005535936268054583,
      "교회": 0.005258171284483282,
      "마찬가지": 0.0050589454203151365,
      "선포": 0.004550968407822675,
      "존재": 0.0045187774058421445,
      "생각": 0.00449404109361163,
      "고백": 0.004466841053235261,
      "죄": 0.00431028468016211,
      "변화": 0.004116652617687353,
      "말씀": 0.0038704324465465324,
      "뜻": 0.0036938868103421722,
      "땅": 0.003182425395608477
    },
    "NNP": {
      "이스라엘": 0.007525283058584709,
      "예수": 0.0027679681340272914
    },
    "VA": {
      "없": 0.0049762702884169705,
      "같": 0.0028467205709077855,
      "이렇": 0.0027612251969256186
    },
    "VV": {
      "있": 0.01765030336458908,
      "원하": 0.016281002310197464,
      "되": 0.015444015444015444,
      "맺": 0.014900829155918439,
      "섬기": 0.012980894363147494,
      "위하": 0.01226850429958273,
      "보": 0.009388165669547102,
      "느끼": 0.008378317343657758,
      "지키": 0.007996265174811782,
      "향하": 0.006934668427032944,
      "깨닫": 0.00675724313825791,
      "받": 0.005000604395092017,
      "내": 0.004973177320022189,
      "나아가": 0.004952957076450224,
      "드리": 0.004200381036657003,
      "주": 0.003932285956910175,
      "알": 0.003927492655411856,
      "나타나": 0.0038997196327045023,
      "만들": 0.003560230017435431,
      "나오": 0.0029529413984880817,
      "믿": 0.0029135171288057135
    }
  }
}