{
  "scope": "sermon",
  "idf_scope": "church",
  "church": "O-Sg",
  "sermon": "O-Sg-0704",
  "document_unit": "sermon_json",
  "document_count": 819,
  "min_count": 5,
  "freq": {
    "MAG": {
      "너무나": 6,
      "많이": 6,
      "다": 5,
      "더": 5
    },
    "NNB": {
      "대로": 18,
      "거": 18,
      "수": 16,
      "분": 7
    },
    "NNG": {
      "걸작품": 14,
      "하나님": 46,
      "이야기": 26,
      "생각": 27,
      "선생": 10,
      "말": 23,
      "여성": 6,
      "진실": 7,
      "감사": 14,
      "그림": 6,
      "말씀": 18,
      "사람": 18,
      "느낌": 6,
      "피조물": 6,
      "주": 14,
      "얘기": 8,
      "단어": 6,
      "자유": 5,
      "목사": 6,
      "마음": 9,
      "대답": 5,
      "사랑": 8,
      "삶": 7,
      "눈": 5,
      "기도": 7,
      "사실": 5,
      "가운데": 6,
      "이름": 6
    },
    "NNP": {
      "토머스": 16,
      "주님": 17
    },
    "VA": {
      "좋": 16,
      "없": 13,
      "그렇": 12,
      "이렇": 9,
      "많": 8,
      "같": 5,
      "어떻": 5
    },
    "VV": {
      "그리": 10,
      "있": 26,
      "되": 21,
      "대하": 19,
      "원하": 14,
      "관하": 5,
      "살": 13,
      "모르": 10,
      "그러": 10,
      "보": 10,
      "알": 9,
      "만들": 6,
      "나아가": 6,
      "짓": 5,
      "따르": 6,
      "위하": 7,
      "드리": 6,
      "믿": 6
    }
  },
  "tfidf": {
    "MAG": {
      "너무나": 0.007086062119366591,
      "많이": 0.0054517102152362865,
      "다": 0.003954277495558014,
      "더": 0.0039015541026862057
    },
    "NNB": {
      "대로": 0.023982623753770308,
      "거": 0.014305077993045357,
      "수": 0.012139605462822459,
      "분": 0.005468843763958581
    },
    "NNG": {
      "걸작품": 0.051794593282874925,
      "하나님": 0.03490136570561457,
      "이야기": 0.024462370720808563,
      "생각": 0.020863790361663775,
      "선생": 0.02047548593446163,
      "말": 0.01751464388783066,
      "여성": 0.015204202524087758,
      "진실": 0.014814312519735372,
      "감사": 0.013887268595929883,
      "그림": 0.0137807577229169,
      "말씀": 0.013690406726707082,
      "사람": 0.013657056145675266,
      "느낌": 0.012901852884933902,
      "피조물": 0.012664873998942765,
      "주": 0.010884443532826405,
      "얘기": 0.009133514887342086,
      "단어": 0.008299849660735097,
      "자유": 0.007122237719934682,
      "목사": 0.00711521281907163,
      "마음": 0.0071003461711713015,
      "대답": 0.006906018140839977,
      "사랑": 0.006507109614408753,
      "삶": 0.005509028652185601,
      "눈": 0.0053924346741142425,
      "기도": 0.005382805737783498,
      "사실": 0.005308748338512072,
      "가운데": 0.0046590746275718044,
      "이름": 0.004580195267150695
    },
    "NNP": {
      "토머스": 0.08517337978389504,
      "주님": 0.017794323513281668
    },
    "VA": {
      "좋": 0.013922430914289277,
      "없": 0.009887515969288448,
      "그렇": 0.009193966616964682,
      "이렇": 0.006836860627956801,
      "많": 0.00623487552539296,
      "같": 0.003915860694276036,
      "어떻": 0.0038967972033706
    },
    "VV": {
      "그리": 0.02410246469730685,
      "있": 0.019726858877086494,
      "되": 0.015933232169954476,
      "대하": 0.014789775793132367,
      "원하": 0.011612555517266117,
      "관하": 0.01034027966065995,
      "살": 0.01011932027951162,
      "모르": 0.009211219911390673,
      "그러": 0.008133887018010941,
      "보": 0.00759651180884089,
      "알": 0.00694611940801596,
      "만들": 0.005876810641830443,
      "나아가": 0.005839829511990628,
      "짓": 0.005793700430734701,
      "따르": 0.005561245774387049,
      "위하": 0.00536969195978771,
      "드리": 0.004952497823190427,
      "믿": 0.004809292765879902
    }
  }
}