{
  "scope": "sermon",
  "idf_scope": "church",
  "church": "O-Sg",
  "sermon": "O-Sg-0515",
  "document_unit": "sermon_json",
  "document_count": 819,
  "min_count": 5,
  "freq": {
    "MAG": {
      "이제": 48,
      "너무": 24,
      "다": 21,
      "정말": 13,
      "때로": 11,
      "막": 10,
      "먼저": 12,
      "계속": 10,
      "잘": 12,
      "늘": 7,
      "아마": 6,
      "못": 7,
      "너무나": 6,
      "서로": 5,
      "그냥": 6,
      "더": 7,
      "많이": 5,
      "안": 5
    },
    "NNB": {
      "거": 47,
      "수": 37,
      "번": 28,
      "분": 21,
      "시": 6,
      "줄": 6,
      "장": 5
    },
    "NNG": {
      "하나님": 74,
      "기적": 34,
      "은혜": 41,
      "환자": 12,
      "오늘": 39,
      "연못": 7,
      "목사": 23,
      "청년": 13,
      "얘기": 23,
      "병자": 8,
      "안식일": 8,
      "사람": 28,
      "병": 11,
      "말씀": 26,
      "음악": 6,
      "가운데": 25,
      "아침": 11,
      "기도": 24,
      "담배": 5,
      "마음": 22,
      "사건": 15,
      "감사": 17,
      "잠": 8,
      "문": 10,
      "주": 18,
      "자리": 14,
      "메시지": 8,
      "병원": 5,
      "주인": 7,
      "자녀": 11,
      "영접": 5,
      "찬양": 9,
      "초청": 5,
      "복음": 10,
      "내일": 5,
      "진리": 7,
      "생각": 13,
      "부인": 5,
      "번": 6,
      "아버지": 10,
      "돌": 5,
      "입": 5,
      "순간": 7,
      "물": 5,
      "고백": 7,
      "경험": 7,
      "교회": 7,
      "성경": 7,
      "소망": 5,
      "절": 7,
      "손": 5,
      "안": 6,
      "날": 5,
      "삶": 6,
      "모습": 5,
      "이름": 5
    },
    "NNP": {
      "예수": 48,
      "베데스다": 5
    },
    "VA": {
      "이렇": 31,
      "없": 23,
      "좋": 20,
      "같": 17,
      "아프": 7,
      "힘들": 10,
      "크": 14,
      "귀하": 7,
      "어떻": 8,
      "어렵": 5,
      "그렇": 5
    },
    "VV": {
      "있": 105,
      "되": 73,
      "도와주": 12,
      "찾아오": 14,
      "찾": 16,
      "고치": 10,
      "일어나": 19,
      "보": 18,
      "믿": 15,
      "깨": 5,
      "원하": 12,
      "그러": 12,
      "찾아가": 5,
      "듣": 11,
      "앉": 6,
      "위하": 10,
      "살리": 5,
      "나오": 9,
      "열": 5,
      "주": 9,
      "알": 9,
      "받": 9,
      "따르": 7,
      "살": 8,
      "들어가": 5,
      "드리": 6,
      "계시": 5,
      "만나": 5,
      "통하": 6
    }
  },
  "tfidf": {
    "MAG": {
      "이제": 0.01880772714044386,
      "너무": 0.0124493470769067,
      "다": 0.008029823369189634,
      "정말": 0.007253676751021358,
      "때로": 0.006734976492586109,
      "막": 0.006079292631452245,
      "먼저": 0.005411268283191398,
      "계속": 0.0050477795749031855,
      "잘": 0.004847998745248181,
      "늘": 0.004476193399832079,
      "아마": 0.004251618526123937,
      "못": 0.0036216014870933573,
      "너무나": 0.0034260564465609564,
      "서로": 0.003269219211826647,
      "그냥": 0.002774207511617259,
      "더": 0.0026409198937184836,
      "많이": 0.002196549909415941,
      "안": 0.00210615127359084
    },
    "NNB": {
      "거": 0.018059475857120477,
      "수": 0.013573000733675716,
      "번": 0.010359519611112864,
      "분": 0.007932431490349313,
      "시": 0.0056258534389446516,
      "줄": 0.0033343337105362285,
      "장": 0.0019856687289238335
    },
    "NNG": {
      "하나님": 0.02714600146735143,
      "기적": 0.026008713264274633,
      "은혜": 0.01790038119773809,
      "환자": 0.015840486321724082,
      "오늘": 0.014464569024054493,
      "연못": 0.013638981464497248,
      "목사": 0.01318724391032877,
      "청년": 0.013097570150395851,
      "얘기": 0.012695954250499264,
      "병자": 0.011028791259506595,
      "안식일": 0.0106581567024287,
      "사람": 0.010271460014673514,
      "병": 0.01017648711613829,
      "말씀": 0.009561075603464546,
      "음악": 0.00941008907360195,
      "가운데": 0.009385944545028793,
      "아침": 0.008976368846091005,
      "기도": 0.008923011796329925,
      "담배": 0.008838834523775006,
      "마음": 0.008391686540282182,
      "사건": 0.00815902973755044,
      "감사": 0.008153184680861675,
      "잠": 0.007979080714540168,
      "문": 0.007662888754736422,
      "주": 0.006766128769855718,
      "자리": 0.006663538156888343,
      "메시지": 0.006420670351859288,
      "병원": 0.006347778976905612,
      "주인": 0.005733633719107673,
      "자녀": 0.005603043472518297,
      "영접": 0.005299014627023591,
      "찬양": 0.005289997458783713,
      "초청": 0.005212343891787814,
      "복음": 0.005180465958636696,
      "내일": 0.004974490217340762,
      "진리": 0.004889649889725851,
      "생각": 0.004856935736212971,
      "부인": 0.00474200359657931,
      "번": 0.004703925843170656,
      "아버지": 0.0045093902359928315,
      "돌": 0.004459262070850663,
      "입": 0.004080167657314093,
      "순간": 0.003838178170525586,
      "물": 0.003648188854825545,
      "고백": 0.003465925642370304,
      "경험": 0.0031605146318224894,
      "교회": 0.0030599528508518585,
      "성경": 0.0028349394479716358,
      "소망": 0.0026555624650353203,
      "절": 0.0026184649660877936,
      "손": 0.002600394718818743,
      "안": 0.002441894000833739,
      "날": 0.0023234852784117755,
      "삶": 0.002283062497719512,
      "모습": 0.002218483674986142,
      "이름": 0.0018454076064149596
    },
    "NNP": {
      "예수": 0.01767275560495899,
      "베데스다": 0.011188309662186717
    },
    "VA": {
      "이렇": 0.011385850311284706,
      "없": 0.008457874572295559,
      "좋": 0.008414235117861915,
      "같": 0.006437180830223687,
      "아프": 0.005854626184566033,
      "힘들": 0.0058533461497654714,
      "크": 0.005725778549933706,
      "귀하": 0.004316647373511813,
      "어떻": 0.0030145142855715046,
      "어렵": 0.0025501398138515485,
      "그렇": 0.001852171680294609
    },
    "VV": {
      "있": 0.03851797505502568,
      "되": 0.02677916360968452,
      "도와주": 0.009227481587102989,
      "찾아오": 0.00915381379311461,
      "찾": 0.009024820207468136,
      "고치": 0.008735980086092141,
      "일어나": 0.007582566060670989,
      "보": 0.006611138890423377,
      "믿": 0.005813140008647937,
      "깨": 0.004854565860659083,
      "원하": 0.004812498115005789,
      "그러": 0.004719206055644205,
      "찾아가": 0.004341471181756214,
      "듣": 0.004331230972226038,
      "앉": 0.003994647482010524,
      "위하": 0.003708863852321665,
      "살리": 0.0036542124703816525,
      "나오": 0.003535080322753487,
      "열": 0.003385313948386283,
      "주": 0.0033624939712243646,
      "알": 0.0033583952236848993,
      "받": 0.0033257871490468918,
      "따르": 0.0031369560720527576,
      "살": 0.0030108390153837836,
      "들어가": 0.002590232979318348,
      "드리": 0.002394494545475049,
      "계시": 0.0023410936308127647,
      "만나": 0.0023322683245082486,
      "통하": 0.0022226060163535307
    }
  }
}