{
  "scope": "sermon",
  "idf_scope": "church",
  "church": "O-Sg",
  "sermon": "O-Sg-0393",
  "document_unit": "sermon_json",
  "document_count": 819,
  "min_count": 5,
  "freq": {
    "MAG": {
      "너무": 14,
      "너무나": 12,
      "잘": 14,
      "너무너무": 5,
      "지금": 12,
      "정말": 8,
      "아주": 7,
      "안": 10,
      "다": 10,
      "막": 6,
      "아마": 5,
      "굉장히": 5,
      "이제": 7,
      "그냥": 5,
      "더": 6,
      "많이": 5,
      "가장": 5
    },
    "NNB": {
      "거": 24,
      "분": 24,
      "때문": 23,
      "수": 22,
      "번": 18,
      "만": 6,
      "장": 8,
      "절": 8
    },
    "NNG": {
      "사람": 71,
      "영화": 23,
      "히어로물": 5,
      "이해": 20,
      "하나님": 31,
      "약속": 18,
      "말씀": 27,
      "모습": 22,
      "십자가": 18,
      "자리": 19,
      "예언": 10,
      "구원자": 7,
      "멸시": 5,
      "축복": 15,
      "승리": 9,
      "조롱": 5,
      "삶": 15,
      "소식": 6,
      "말": 13,
      "땅": 11,
      "구원": 9,
      "기대": 6,
      "죄악": 5,
      "생각": 11,
      "오늘": 11,
      "진짜": 5,
      "속": 8,
      "생명": 7,
      "절": 9,
      "역사": 7,
      "사실": 6,
      "존재": 6,
      "찬양": 5,
      "곳": 6,
      "주": 7,
      "가운데": 7,
      "교회": 6,
      "인생": 5,
      "지금": 5,
      "능력": 5,
      "이야기": 5,
      "이름": 6,
      "길": 5,
      "성경": 5,
      "사랑": 5,
      "마음": 5
    },
    "NNP": {
      "서울": 9,
      "이사야": 6,
      "예수": 15
    },
    "VA": {
      "많": 29,
      "약하": 10,
      "없": 21,
      "좋": 18,
      "같": 18,
      "그렇": 18,
      "멋지": 6,
      "아름답": 8,
      "놀랍": 8,
      "이렇": 8
    },
    "VV": {
      "있": 49,
      "되": 42,
      "보": 34,
      "위하": 24,
      "내려오": 10,
      "당하": 11,
      "알": 17,
      "읽": 15,
      "받": 15,
      "맞": 9,
      "태어나": 6,
      "나오": 11,
      "믿": 11,
      "이루어지": 8,
      "좋아하": 5,
      "죽": 8,
      "쓰": 7,
      "원하": 8,
      "모르": 7,
      "누리": 5,
      "이루": 6,
      "먹": 5,
      "만나": 6,
      "주": 7,
      "드리": 6,
      "통하": 6,
      "가지": 5,
      "살": 5
    }
  },
  "tfidf": {
    "MAG": {
      "너무": 0.00892137753197888,
      "너무나": 0.008417692540175905,
      "잘": 0.006948288422474522,
      "너무너무": 0.006679522784801822,
      "지금": 0.006476209160596148,
      "정말": 0.005483696141237347,
      "아주": 0.005242688205716154,
      "안": 0.005174734900233105,
      "다": 0.004697375159211773,
      "막": 0.004480978381254301,
      "아마": 0.004352528204226324,
      "굉장히": 0.003933584940603543,
      "이제": 0.0033694705694564905,
      "그냥": 0.0028400517037211388,
      "더": 0.002780846313117847,
      "많이": 0.002698420483581728,
      "가장": 0.0026684873420793976
    },
    "NNB": {
      "거": 0.011328882556607349,
      "분": 0.011136964265855781,
      "때문": 0.010453891079919437,
      "수": 0.009914375844975214,
      "번": 0.008181306062545645,
      "만": 0.0050843408453756424,
      "장": 0.0039029710356350573,
      "절": 0.0037947825726179617
    },
    "NNG": {
      "사람": 0.03199639477242001,
      "영화": 0.029697024262006884,
      "히어로물": 0.014895655817012594,
      "이해": 0.01414528876099183,
      "하나님": 0.013970256872465074,
      "약속": 0.012783376904330646,
      "말씀": 0.012197356511356422,
      "모습": 0.011991609099258126,
      "십자가": 0.011263474009976968,
      "자리": 0.0111096148618385,
      "예언": 0.011096350915267294,
      "구원자": 0.010055254773530782,
      "멸시": 0.008896133899424823,
      "축복": 0.008257911143129935,
      "승리": 0.0077230844263525425,
      "조롱": 0.00730823844435267,
      "삶": 0.007011748950860061,
      "소식": 0.005981440599274711,
      "말": 0.005879967638656082,
      "땅": 0.00572033435463,
      "구원": 0.005384134702870574,
      "기대": 0.005124399662280034,
      "죄악": 0.005078826554530414,
      "생각": 0.005048707837420951,
      "오늘": 0.0050118968668642384,
      "진짜": 0.004556847642898781,
      "속": 0.004437294990715564,
      "생명": 0.004385918695621023,
      "절": 0.004135802451425863,
      "역사": 0.00391673695316702,
      "사실": 0.0037838289194189697,
      "존재": 0.0036919979435744966,
      "찬양": 0.003610368302199289,
      "곳": 0.003361405000506569,
      "주": 0.0032324688094333485,
      "가운데": 0.0032285280542269385,
      "교회": 0.003222081299718857,
      "인생": 0.0031450119287544016,
      "지금": 0.0030727083808690923,
      "능력": 0.002968425477390033,
      "이야기": 0.0027941731037911814,
      "이름": 0.0027204584777398,
      "길": 0.0026651858510308895,
      "성경": 0.00248762149461491,
      "사랑": 0.002415606825087521,
      "마음": 0.0023429613573691293
    },
    "NNP": {
      "서울": 0.014400086215451843,
      "이사야": 0.008503711984111212,
      "예수": 0.006784578044603172
    },
    "VA": {
      "많": 0.013424369779831552,
      "약하": 0.011492785223270706,
      "없": 0.009486832842166107,
      "좋": 0.00930305743044724,
      "같": 0.008373130158720566,
      "그렇": 0.008191289770950507,
      "멋지": 0.007877910215398534,
      "아름답": 0.006726489132859627,
      "놀랍": 0.004725405698866485,
      "이렇": 0.0036096268820377804
    },
    "VV": {
      "있": 0.022082018927444796,
      "되": 0.01892744479495268,
      "보": 0.015340914248660567,
      "위하": 0.010935047709521976,
      "내려오": 0.010753917805858002,
      "당하": 0.008262003863152362,
      "알": 0.007793037477142137,
      "읽": 0.006901417032299711,
      "받": 0.0068094455222336096,
      "맞": 0.006627140505870451,
      "태어나": 0.005404805740108416,
      "나오": 0.005307842299238199,
      "믿": 0.005236978107235002,
      "이루어지": 0.005192277806406624,
      "좋아하": 0.005012409659233086,
      "죽": 0.00439326112935842,
      "쓰": 0.0042797316843493135,
      "원하": 0.0039413759535844315,
      "모르": 0.003829775344862115,
      "누리": 0.003766186165696622,
      "이루": 0.0035940021722177568,
      "먹": 0.00352663070331828,
      "만나": 0.003438177621960966,
      "주": 0.0032128140783587865,
      "드리": 0.0029415917669963878,
      "통하": 0.0027304299236501693,
      "가지": 0.002317371927598206,
      "살": 0.002311724638332637
    }
  }
}