{
  "scope": "sermon",
  "idf_scope": "church",
  "church": "O-Sg",
  "sermon": "O-Sg-0105",
  "document_unit": "sermon_json",
  "document_count": 819,
  "min_count": 5,
  "freq": {
    "MAG": {
      "다": 7,
      "잘": 6,
      "가장": 5
    },
    "NNB": {
      "때문": 18,
      "수": 13,
      "거": 12,
      "절": 7,
      "번": 6
    },
    "NNG": {
      "산": 28,
      "초막": 7,
      "변화산": 6,
      "교회": 30,
      "모세": 14,
      "사람": 26,
      "하나님": 25,
      "체험": 11,
      "영광": 15,
      "주": 22,
      "가운데": 22,
      "제자": 12,
      "귀신": 7,
      "마음": 21,
      "위": 13,
      "말씀": 20,
      "고통": 11,
      "본능": 5,
      "구름": 5,
      "되심": 5,
      "변화": 11,
      "비참": 5,
      "선생": 6,
      "밑": 5,
      "잠": 5,
      "순간": 9,
      "말": 13,
      "대화": 5,
      "현실": 5,
      "모습": 10,
      "아래": 5,
      "물": 6,
      "가정": 7,
      "복음": 8,
      "성도": 8,
      "고백": 8,
      "은혜": 9,
      "얼굴": 5,
      "사건": 7,
      "음성": 5,
      "사랑": 9,
      "찬양": 6,
      "축원": 6,
      "세계": 5,
      "필요": 7,
      "시작": 8,
      "땅": 7,
      "이름": 8,
      "경험": 6,
      "도": 5,
      "자녀": 5,
      "예배": 5,
      "이야기": 5,
      "본문": 5,
      "아버지": 5,
      "기도": 6,
      "절": 5,
      "오늘": 5
    },
    "NNP": {
      "예수": 56,
      "엘리야": 11,
      "베드로": 19,
      "변화산": 5,
      "산": 6,
      "예루살렘": 6,
      "그리스도": 5
    },
    "VA": {
      "이렇": 16,
      "좋": 13,
      "없": 10,
      "어떻": 7,
      "그렇": 7,
      "같": 6
    },
    "VV": {
      "있": 38,
      "되": 29,
      "흩어지": 9,
      "위하": 15,
      "보": 15,
      "받": 14,
      "머물": 6,
      "변하": 6,
      "전하": 7,
      "나오": 9,
      "읽": 9,
      "모르": 6,
      "나타나": 5,
      "듣": 6,
      "향하": 5,
      "대하": 6,
      "통하": 6,
      "일어나": 5,
      "믿": 5,
      "살": 5
    }
  },
  "tfidf": {
    "MAG": {
      "다": 0.004229816136118057,
      "잘": 0.003830621617259867,
      "가장": 0.003432680238883585
    },
    "NNB": {
      "때문": 0.010524242407413792,
      "수": 0.007536231884057971,
      "거": 0.0072866059110468714,
      "절": 0.004271330268150348,
      "번": 0.0035080808024712633
    },
    "NNG": {
      "산": 0.039216224020258886,
      "초막": 0.022367859907509887,
      "변화산": 0.021216926705475474,
      "교회": 0.02072405334514824,
      "모세": 0.020651163552862024,
      "사람": 0.015072463768115942,
      "하나님": 0.014492753623188406,
      "체험": 0.01367688305060386,
      "영광": 0.0134250998784946,
      "주": 0.013068543464920679,
      "가운데": 0.013052611391407926,
      "제자": 0.012938988245644796,
      "귀신": 0.012890976191150899,
      "마음": 0.01265851087443989,
      "위": 0.012383507972179224,
      "말씀": 0.011622515984412196,
      "고통": 0.011331971409225023,
      "본능": 0.011312005363733273,
      "구름": 0.009990215835411546,
      "되심": 0.009831351381802864,
      "변화": 0.009518655438207405,
      "비참": 0.009401148468416566,
      "선생": 0.009386674943172323,
      "밑": 0.008669001359313635,
      "잠": 0.007880787691245108,
      "순간": 0.00779841517479708,
      "말": 0.007563854023291506,
      "대화": 0.00739202620592397,
      "현실": 0.007214343522260794,
      "모습": 0.007011694490448955,
      "아래": 0.0069739113976789065,
      "물": 0.006918235004003086,
      "가정": 0.006744072538251679,
      "복음": 0.006549310239185452,
      "성도": 0.006348730604199637,
      "고백": 0.00625961957836949,
      "은혜": 0.006209515055571669,
      "얼굴": 0.006194638574146477,
      "사건": 0.0060170282300265705,
      "음성": 0.0055989913537265,
      "사랑": 0.005593285090298306,
      "찬양": 0.005573152878316677,
      "축원": 0.0053920311365786636,
      "세계": 0.005333354861230506,
      "필요": 0.0051147273175536755,
      "시작": 0.004746404142330155,
      "땅": 0.004682685298048369,
      "이름": 0.00466604627022579,
      "경험": 0.0042810250366947114,
      "도": 0.004087985777977844,
      "자녀": 0.004024742162341207,
      "예배": 0.003713620485720877,
      "이야기": 0.003594359488297178,
      "본문": 0.0035764394885629243,
      "아버지": 0.0035630718212511475,
      "기도": 0.0035252362546080254,
      "절": 0.002955666872693717,
      "오늘": 0.0029305399598344517
    },
    "NNP": {
      "예수": 0.03258275579264033,
      "엘리야": 0.027911940945457417,
      "베드로": 0.026230223337916317,
      "변화산": 0.017680772254562896,
      "산": 0.014255257139527217,
      "예루살렘": 0.006964153306119733,
      "그리스도": 0.0034199579768002136
    },
    "VA": {
      "이렇": 0.009286680639120967,
      "좋": 0.008643004756718567,
      "없": 0.005811257992206098,
      "어떻": 0.004168330550527207,
      "그렇": 0.004097755362710925,
      "같": 0.0035903334922127413
    },
    "VV": {
      "있": 0.022028985507246378,
      "되": 0.01681159420289855,
      "흩어지": 0.015376332550228921,
      "위하": 0.008791619879503356,
      "보": 0.008706263099175908,
      "받": 0.008175545298307607,
      "머물": 0.007737417067017891,
      "변하": 0.006987341797800391,
      "전하": 0.005656593838348839,
      "나오": 0.005586451570913626,
      "읽": 0.005326693702494977,
      "모르": 0.0042227435976392716,
      "나타나": 0.004098661851648268,
      "듣": 0.003733418381118792,
      "향하": 0.003644218509626298,
      "대하": 0.003568498763450519,
      "통하": 0.0035123617394665074,
      "일어나": 0.0031533295318671418,
      "믿": 0.0030621487272607297,
      "살": 0.0029737489695420994
    }
  }
}