{
  "scope": "sermon",
  "idf_scope": "church",
  "church": "O-Sg",
  "sermon": "O-Sg-0060",
  "document_unit": "sermon_json",
  "document_count": 819,
  "min_count": 5,
  "freq": {
    "MAG": {
      "가장": 8,
      "사실": 5,
      "다": 6,
      "지금": 5,
      "더": 5
    },
    "NNB": {
      "때문": 15,
      "수": 15,
      "번": 12,
      "줄": 5,
      "거": 7,
      "장": 6,
      "절": 6,
      "가지": 5
    },
    "NNG": {
      "방주": 47,
      "홍수": 23,
      "삶": 46,
      "질문": 27,
      "심판": 23,
      "하나님": 45,
      "안": 40,
      "거래": 9,
      "사람": 34,
      "축복": 27,
      "이름": 27,
      "체크": 6,
      "문제": 17,
      "딸": 8,
      "사건": 15,
      "사랑": 19,
      "말씀": 20,
      "부흥": 7,
      "비극": 5,
      "길": 16,
      "발전": 6,
      "구원": 13,
      "목적": 9,
      "중요": 14,
      "기술": 5,
      "말": 16,
      "믿음": 14,
      "과학": 5,
      "오늘": 14,
      "배": 6,
      "용서": 6,
      "약속": 8,
      "십자가": 9,
      "자녀": 9,
      "의미": 10,
      "가운데": 11,
      "성경": 10,
      "준비": 7,
      "은혜": 9,
      "기도": 10,
      "땅": 8,
      "대답": 5,
      "세상": 7,
      "죄": 6,
      "아버지": 6,
      "시작": 7,
      "이유": 5,
      "감사": 5,
      "이야기": 5,
      "속": 5,
      "주": 5,
      "생각": 5
    },
    "NNP": {
      "노아": 21,
      "예수": 41,
      "그리스도": 8
    },
    "VA": {
      "놀랍": 15,
      "많": 15,
      "없": 14,
      "같": 10,
      "어떻": 10,
      "그렇": 10,
      "귀하": 5,
      "이렇": 7,
      "크": 5
    },
    "VV": {
      "있": 88,
      "되": 63,
      "기다리": 16,
      "부르": 20,
      "받": 17,
      "위하": 16,
      "주": 14,
      "통하": 14,
      "믿": 13,
      "이루어지": 9,
      "살": 11,
      "걷": 5,
      "따르": 8,
      "모르": 8,
      "이루": 7,
      "보": 9,
      "나오": 8,
      "살아가": 7,
      "알": 8,
      "들어가": 5,
      "드리": 6,
      "일어나": 6,
      "만나": 5,
      "읽": 6,
      "원하": 5
    }
  },
  "tfidf": {
    "MAG": {
      "가장": 0.004290850298604481,
      "사실": 0.0037052984740894336,
      "다": 0.0028324661625790553,
      "지금": 0.0027118637015705865,
      "더": 0.002328916805860697
    },
    "NNB": {
      "때문": 0.006851720317326686,
      "수": 0.006793478260869565,
      "번": 0.005481376253861349,
      "줄": 0.00343047769282977,
      "거": 0.0033207188396697984,
      "장": 0.0029418113886121575,
      "절": 0.002860265804564965,
      "가지": 0.00265537305857562
    },
    "NNG": {
      "방주": 0.08214690521366273,
      "홍수": 0.03415091188973943,
      "삶": 0.021609820724942323,
      "질문": 0.020884517881351004,
      "심판": 0.020482303671341837,
      "하나님": 0.020380434782608696,
      "안": 0.020098439149374314,
      "거래": 0.017426564412118827,
      "사람": 0.015398550724637682,
      "축복": 0.014938291978210862,
      "이름": 0.012303051689071908,
      "체크": 0.01170681238748952,
      "문제": 0.010872878326772724,
      "딸": 0.010296267716676508,
      "사건": 0.010073149938660552,
      "사랑": 0.009225036173235052,
      "말씀": 0.009080090612822028,
      "부흥": 0.008842963723284067,
      "비극": 0.008644664950515562,
      "길": 0.008571083193387743,
      "발전": 0.008176152104526855,
      "구원": 0.00781582798780734,
      "목적": 0.007408940740893455,
      "중요": 0.007398393712192446,
      "기술": 0.007344647240950442,
      "말": 0.007272936560857217,
      "믿음": 0.007156391685519428,
      "과학": 0.0070067568465059776,
      "오늘": 0.0064105561621378634,
      "배": 0.006067502142192359,
      "용서": 0.00581782564265544,
      "약속": 0.005709805424861052,
      "십자가": 0.005659793665792322,
      "자녀": 0.005659793665792322,
      "의미": 0.005464285753363564,
      "가운데": 0.0050986763247687205,
      "성경": 0.005000029072962397,
      "준비": 0.004907916272618912,
      "은혜": 0.004851183637165367,
      "기도": 0.004590151373187534,
      "땅": 0.004180969016114615,
      "대답": 0.004122342350374588,
      "세상": 0.0036403603806757622,
      "죄": 0.0035391966146439786,
      "아버지": 0.0033403798324229505,
      "시작": 0.0032446122066710045,
      "이유": 0.0029946218770282016,
      "감사": 0.0029605687127063256,
      "이야기": 0.0028080933502321703,
      "속": 0.002787125674931453,
      "주": 0.0023204089959021094,
      "생각": 0.002306299961140705
    },
    "NNP": {
      "노아": 0.03152715529769161,
      "예수": 0.018636899937196617,
      "그리스도": 0.004274947471000267
    },
    "VA": {
      "놀랍": 0.008904275854097088,
      "많": 0.006978231948427243,
      "없": 0.00635606342897542,
      "같": 0.004674913401318674,
      "어떻": 0.004652154632284829,
      "그렇": 0.004573387681597015,
      "귀하": 0.0038066707881059796,
      "이렇": 0.0031741584215745494,
      "크": 0.00252466231999212
    },
    "VV": {
      "있": 0.03985507246376811,
      "되": 0.028532608695652172,
      "기다리": 0.01341573323025246,
      "부르": 0.011605064017877741,
      "받": 0.007755818642367707,
      "위하": 0.00732634989958613,
      "주": 0.006457639891193975,
      "통하": 0.006402742754235821,
      "믿": 0.0062199896022483575,
      "이루어지": 0.005870413273989283,
      "살": 0.0051111310414004825,
      "걷": 0.0049273434137925235,
      "따르": 0.004426160586136552,
      "모르": 0.004398691247540908,
      "이루": 0.004213891586734482,
      "보": 0.004081060827738706,
      "나오": 0.0038794802575789072,
      "살아가": 0.003740579037125234,
      "알": 0.0036855818759118503,
      "들어가": 0.003197905390227272,
      "드리": 0.0029562464361254453,
      "일어나": 0.0029562464361254453,
      "만나": 0.0028794218535369053,
      "읽": 0.0027743196367161337,
      "원하": 0.00247563214475879
    }
  }
}