{
  "scope": "sermon",
  "idf_scope": "church",
  "church": "O-Sg",
  "sermon": "O-Sg-0071",
  "document_unit": "sermon_json",
  "document_count": 819,
  "min_count": 5,
  "freq": {
    "MAG": {
      "소중히": 7,
      "지금": 10,
      "열심히": 5,
      "다시": 8,
      "더": 6,
      "잘": 5
    },
    "NNB": {
      "때문": 21,
      "절": 19,
      "거": 14,
      "번": 12,
      "분": 11,
      "가지": 9,
      "장": 8,
      "수": 8
    },
    "NNG": {
      "방주": 31,
      "보존": 24,
      "하나님": 90,
      "가운데": 43,
      "예배": 29,
      "사람": 35,
      "역사": 28,
      "의인": 9,
      "말씀": 29,
      "인생": 17,
      "세대": 9,
      "위기": 9,
      "성도": 14,
      "기업": 5,
      "가족": 10,
      "의미": 14,
      "여인": 7,
      "중요": 14,
      "아내": 8,
      "기도": 15,
      "남편": 6,
      "가정": 9,
      "멸망": 6,
      "구원": 11,
      "선택": 8,
      "안": 13,
      "경우": 7,
      "아버지": 11,
      "민족": 7,
      "앞": 12,
      "표현": 9,
      "아들": 8,
      "마음": 11,
      "믿음": 10,
      "시작": 11,
      "절": 11,
      "교회": 8,
      "길": 8,
      "세상": 8,
      "창조": 5,
      "삶": 8,
      "처음": 6,
      "주": 8,
      "죄": 6,
      "이름": 7,
      "장": 5,
      "말": 6,
      "은혜": 5,
      "사랑": 5,
      "오늘": 5
    },
    "NNP": {
      "노아": 35,
      "예수": 13,
      "요한복음": 5,
      "창세기": 5,
      "이스라엘": 6,
      "주님": 6
    },
    "VA": {
      "그렇": 21,
      "의롭": 6,
      "새롭": 8,
      "많": 9,
      "같": 8,
      "어떻": 8,
      "없": 8,
      "이렇": 7,
      "놀랍": 5
    },
    "VV": {
      "있": 56,
      "통하": 28,
      "보": 27,
      "되": 25,
      "읽": 15,
      "말미암": 6,
      "드리": 12,
      "들어가": 9,
      "주": 12,
      "위하": 11,
      "살": 10,
      "나오": 9,
      "믿": 8,
      "살아가": 7,
      "찾": 5,
      "가지": 6,
      "보이": 5
    }
  },
  "tfidf": {
    "MAG": {
      "소중히": 0.012906533253149648,
      "지금": 0.0060513340607052605,
      "열심히": 0.004864778064498639,
      "다시": 0.004281052214940381,
      "더": 0.0031180889180437103,
      "잘": 0.0027824752778226676
    },
    "NNB": {
      "때문": 0.010702394060091082,
      "절": 0.010105598032096126,
      "거": 0.007409951690743723,
      "번": 0.006115653748623476,
      "분": 0.005723474835044504,
      "가지": 0.005332751229915586,
      "장": 0.0043762974876575,
      "수": 0.00404244567963618
    },
    "NNG": {
      "방주": 0.060451672003534844,
      "보존": 0.04706210745349211,
      "하나님": 0.045477513895907026,
      "가운데": 0.02223752698694664,
      "예배": 0.01877451892856866,
      "사람": 0.017685699848408287,
      "역사": 0.01756693137762025,
      "의인": 0.015486181517679214,
      "말씀": 0.014689650382016679,
      "인생": 0.011989821625912308,
      "세대": 0.011571836936338082,
      "위기": 0.010852273496755441,
      "성도": 0.009684300410019026,
      "기업": 0.009494847452442829,
      "가족": 0.008655140230617876,
      "의미": 0.008535219869023471,
      "여인": 0.008527998391092388,
      "중요": 0.008254498896675554,
      "아내": 0.0082026548003688,
      "기도": 0.007681951161191061,
      "남편": 0.0076123516189766744,
      "가정": 0.007558054295557447,
      "멸망": 0.007513478696524646,
      "구원": 0.007378661723786865,
      "선택": 0.0073589747627101285,
      "안": 0.0072878423110616505,
      "경우": 0.00704696132994671,
      "아버지": 0.006832671835092524,
      "민족": 0.0067140694446544665,
      "앞": 0.006445157102034781,
      "표현": 0.006347552625482987,
      "아들": 0.00609922250112424,
      "마음": 0.005779620391311074,
      "믿음": 0.005703209716894137,
      "시작": 0.005688669694335188,
      "절": 0.005667890743745657,
      "교회": 0.004817111944804543,
      "길": 0.004781443075037933,
      "세상": 0.004641833953963522,
      "창조": 0.0045784499055623,
      "삶": 0.004193113268508263,
      "처음": 0.004145072020830159,
      "주": 0.004142264224721057,
      "죄": 0.00394873477773315,
      "이름": 0.0035587739207286768,
      "장": 0.0030749482193982505,
      "말": 0.0030429466762959957,
      "은혜": 0.0030069657713943996,
      "사랑": 0.0027085556063007627,
      "오늘": 0.0025544120417960734
    },
    "NNP": {
      "노아": 0.05862553385321127,
      "예수": 0.006593051131974658,
      "요한복음": 0.006053810917676886,
      "창세기": 0.005457878361200302,
      "이스라엘": 0.005170542515871934,
      "주님": 0.004182668321583433
    },
    "VA": {
      "그렇": 0.010715454270858533,
      "의롭": 0.009067626484981923,
      "새롭": 0.00576872195396581,
      "많": 0.004671430866738965,
      "같": 0.004172696832788937,
      "어떻": 0.004152382992656858,
      "없": 0.004052317346763222,
      "이렇": 0.003541456187385854,
      "놀랍": 0.0033115447340148845
    },
    "VV": {
      "있": 0.02829711975745326,
      "통하": 0.014287272361144712,
      "보": 0.013659902437059723,
      "되": 0.012632642748863061,
      "읽": 0.0077383751362673356,
      "말미암": 0.007062375907178897,
      "드리": 0.006596657029777649,
      "들어가": 0.0064223118660531936,
      "주": 0.00617561634869976,
      "위하": 0.005619706491951362,
      "살": 0.0051841505532694504,
      "나오": 0.004869443638113191,
      "믿": 0.004270606613056904,
      "살아가": 0.004173420168758219,
      "찾": 0.0038847997545411414,
      "가지": 0.0031180889180437103,
      "보이": 0.0027019416534405333
    }
  }
}