{
  "scope": "sermon",
  "idf_scope": "church",
  "church": "O-Sg",
  "sermon": "O-Sg-0602",
  "document_unit": "sermon_json",
  "document_count": 819,
  "min_count": 5,
  "freq": {
    "MAG": {
      "항상": 9,
      "더": 12,
      "끊임없이": 5,
      "가장": 6
    },
    "NNB": {
      "수": 26,
      "거": 11,
      "때문": 11
    },
    "NNG": {
      "바벨탑": 28,
      "하나님": 103,
      "죄성": 19,
      "탑": 16,
      "벽돌": 14,
      "인간": 47,
      "사람": 51,
      "다락방": 13,
      "안": 34,
      "문명": 10,
      "발명": 6,
      "물두멍": 5,
      "인공": 6,
      "동기": 9,
      "인류": 11,
      "지능": 6,
      "심판": 15,
      "언어": 11,
      "하늘": 18,
      "이름": 26,
      "본성": 6,
      "생각": 22,
      "꿈": 8,
      "말씀": 19,
      "대신": 9,
      "연합": 6,
      "시작": 16,
      "바": 6,
      "경외": 6,
      "문제": 9,
      "힘": 9,
      "보좌": 5,
      "공동체": 6,
      "죄": 9,
      "자리": 9,
      "소망": 8,
      "통치": 5,
      "제자": 6,
      "사회": 6,
      "성": 5,
      "기도": 10,
      "오늘날": 5,
      "땅": 8,
      "주": 9,
      "가운데": 9,
      "본문": 7,
      "고백": 6,
      "끝": 5,
      "사용": 5,
      "이유": 6,
      "성령": 5,
      "축원": 5,
      "곳": 6,
      "역사": 6,
      "당시": 5,
      "삶": 7,
      "말": 7,
      "성도": 5,
      "사랑": 6,
      "마음": 6,
      "오늘": 6,
      "세상": 5,
      "성경": 5,
      "절": 5
    },
    "NNP": {
      "벨": 6,
      "바벨": 6
    },
    "VA": {
      "높": 8,
      "없": 15,
      "그렇": 6,
      "크": 5
    },
    "VV": {
      "쌓": 40,
      "있": 55,
      "되": 49,
      "흩": 7,
      "닿": 10,
      "만들": 22,
      "흩어지": 8,
      "떠나": 15,
      "위하": 21,
      "두": 12,
      "보": 18,
      "막": 7,
      "생겨나": 6,
      "대하": 14,
      "나타내": 6,
      "일으키": 6,
      "인하": 8,
      "나타나": 7,
      "통하": 8,
      "살": 7,
      "읽": 6,
      "살아가": 5,
      "받": 5
    }
  },
  "tfidf": {
    "MAG": {
      "항상": 0.008782372479553812,
      "더": 0.006384581447292812,
      "끊임없이": 0.00608566493943685,
      "가장": 0.0036759690090476045
    },
    "NNB": {
      "수": 0.013450594930160372,
      "거": 0.005960654731941472,
      "때문": 0.00573942345463806
    },
    "NNG": {
      "바벨탑": 0.06504500694822697,
      "하나님": 0.05328504914640455,
      "죄성": 0.042345593488529086,
      "탑": 0.03901559910360524,
      "벽돌": 0.037838369201543806,
      "인간": 0.03764126222062672,
      "사람": 0.02638385928608381,
      "다락방": 0.02465664249431388,
      "안": 0.01951409756624196,
      "문명": 0.01944159659429318,
      "발명": 0.01788948015893322,
      "물두멍": 0.017099565575763552,
      "인공": 0.016486525817257926,
      "동기": 0.015792212126486235,
      "인류": 0.015790550687223837,
      "지능": 0.015737962785234476,
      "심판": 0.015258415564786468,
      "언어": 0.015133953265957775,
      "하늘": 0.013993332355716856,
      "이름": 0.013532861822272806,
      "본성": 0.01307645146029535,
      "생각": 0.011591394403763155,
      "꿈": 0.010437324508712027,
      "말씀": 0.009853284050416702,
      "대신": 0.009022643018186522,
      "연합": 0.008820806693645265,
      "시작": 0.008471336932767219,
      "바": 0.007898142885674447,
      "경외": 0.00782799338153402,
      "문제": 0.006575144947190517,
      "힘": 0.006549492126549685,
      "보좌": 0.006410232083299825,
      "공동체": 0.006073662808378683,
      "죄": 0.0060640554514748354,
      "자리": 0.006041062934783039,
      "소망": 0.005991982021468212,
      "통치": 0.005989852027692543,
      "제자": 0.0057733457640293,
      "사회": 0.00565057335310528,
      "성": 0.005347639082566439,
      "기도": 0.005243173425762066,
      "오늘날": 0.005020650140880824,
      "땅": 0.004775778369157304,
      "주": 0.004770943359189521,
      "가운데": 0.004765127024681561,
      "본문": 0.004468236608835728,
      "고백": 0.004189541039583822,
      "끝": 0.0041676928559028934,
      "사용": 0.004110209315331993,
      "이유": 0.004104785372671455,
      "성령": 0.004048418794962889,
      "축원": 0.004009852436022674,
      "곳": 0.003858746868144892,
      "역사": 0.0038539232720763953,
      "당시": 0.003830298335921148,
      "삶": 0.0037562854441700057,
      "말": 0.0036345870242048997,
      "성도": 0.0035409856092357647,
      "사랑": 0.003327613995780161,
      "마음": 0.0032275413876888346,
      "오늘": 0.0031382398949080783,
      "세상": 0.0029701853966935493,
      "성경": 0.002855681374314788,
      "절": 0.00263762304986894
    },
    "NNP": {
      "벨": 0.014790063200492058,
      "바벨": 0.011490857180628538
    },
    "VA": {
      "높": 0.008111376531195221,
      "없": 0.007778908460855292,
      "그렇": 0.0031344148994204473,
      "크": 0.0028838356971249875
    },
    "VV": {
      "쌓": 0.05727184516604231,
      "있": 0.028453181583031558,
      "되": 0.025349198137609934,
      "흩": 0.016119221218653758,
      "닿": 0.01611062850555462,
      "만들": 0.014692533313546776,
      "흩어지": 0.012197125320064327,
      "떠나": 0.011996814818083219,
      "위하": 0.010983839632178274,
      "두": 0.010172167277325249,
      "보": 0.009323313303307877,
      "막": 0.008767336351239701,
      "생겨나": 0.007530576135086321,
      "대하": 0.0074305263957001235,
      "나타내": 0.0068537386333582155,
      "일으키": 0.006309003221903829,
      "인하": 0.005383447694563065,
      "나타나": 0.00512067686069869,
      "통하": 0.00417921986589393,
      "살": 0.0037152631978500618,
      "읽": 0.003169010738680405,
      "살아가": 0.0030519542214073295,
      "받": 0.0026056491832792514
    }
  }
}