{
  "scope": "sermon",
  "idf_scope": "church",
  "church": "O-Sg",
  "sermon": "O-Sg-0491",
  "document_unit": "sermon_json",
  "document_count": 819,
  "min_count": 5,
  "freq": {
    "MAG": {
      "잘": 10,
      "아직": 6,
      "다시": 5
    },
    "NNB": {
      "때문": 20,
      "수": 15,
      "장": 5,
      "번": 5
    },
    "NNG": {
      "하나님": 80,
      "선악과": 13,
      "흙": 14,
      "인간": 26,
      "창조": 21,
      "생기": 8,
      "생명": 24,
      "생명나무": 6,
      "나무": 11,
      "땅": 21,
      "청지기": 5,
      "선악": 5,
      "사랑": 19,
      "말씀": 20,
      "가운데": 17,
      "사람": 15,
      "은혜": 12,
      "형상": 5,
      "존재": 10,
      "설명": 8,
      "기쁨": 8,
      "교제": 5,
      "의미": 10,
      "관계": 7,
      "날": 9,
      "충만": 6,
      "죄": 8,
      "증거": 6,
      "주": 9,
      "능력": 7,
      "장": 7,
      "축원": 5,
      "순간": 5,
      "절": 7,
      "세상": 6,
      "곳": 5,
      "이름": 6,
      "안": 5,
      "말": 5
    },
    "NNP": {
      "에덴": 23,
      "에덴동산": 20,
      "아담": 13,
      "여호와": 5,
      "창세기": 5
    },
    "VA": {
      "그렇": 13,
      "없": 9,
      "이렇": 7,
      "같": 6
    },
    "VV": {
      "불어넣": 9,
      "있": 34,
      "되": 29,
      "먹": 18,
      "빚": 5,
      "지키": 11,
      "주": 13,
      "대하": 10,
      "누리": 6,
      "기": 5,
      "섬기": 5,
      "살": 8,
      "위하": 8,
      "짓": 5,
      "살아가": 6,
      "원하": 6,
      "만들": 5,
      "가지": 5,
      "읽": 5,
      "보": 5
    }
  },
  "tfidf": {
    "MAG": {
      "잘": 0.007957396784409045,
      "아직": 0.0073827363323261536,
      "다시": 0.0038259584236664617
    },
    "NNB": {
      "때문": 0.014574757669226708,
      "수": 0.01083815028901734,
      "장": 0.003911078724744487,
      "번": 0.003643689417306677
    },
    "NNG": {
      "하나님": 0.057803468208092484,
      "선악과": 0.0390183754508638,
      "흙": 0.03591466589348322,
      "인간": 0.029082747458557646,
      "창조": 0.02749650283602075,
      "생기": 0.024529297326350126,
      "생명": 0.024109876760321346,
      "생명나무": 0.020223042930064487,
      "나무": 0.020178485402761282,
      "땅": 0.01750931822066496,
      "청지기": 0.01637012467453162,
      "선악": 0.015111791241481707,
      "사랑": 0.014717398750363436,
      "말씀": 0.014486156122190057,
      "가운데": 0.012571197748720358,
      "사람": 0.01083815028901734,
      "은혜": 0.010319280800444247,
      "형상": 0.009973065209104518,
      "존재": 0.009865779668583582,
      "설명": 0.009313468543884732,
      "기쁨": 0.009172320986959033,
      "교제": 0.008895521199775335,
      "의미": 0.008717588831955744,
      "관계": 0.00867586733429343,
      "날": 0.008237628297767993,
      "충만": 0.007976910811233487,
      "죄": 0.007528464475080833,
      "증거": 0.00720490821334691,
      "주": 0.006663463521180161,
      "능력": 0.006663085685014362,
      "장": 0.0061556730756248505,
      "축원": 0.005600465866207969,
      "순간": 0.005399914168483045,
      "절": 0.005157467845054426,
      "세상": 0.0049780650622618175,
      "곳": 0.004491183583889738,
      "이름": 0.004361775550653623,
      "안": 0.004008070234990831,
      "말": 0.003625958256496734
    },
    "NNP": {
      "에덴": 0.06810902300225702,
      "에덴동산": 0.051765461780537675,
      "아담": 0.025797670686401077,
      "여호와": 0.008096980488161733,
      "창세기": 0.007804292830068928
    },
    "VA": {
      "그렇": 0.009485153180098318,
      "없": 0.006518770254985526,
      "이렇": 0.005063975285286564,
      "같": 0.004474946007273828
    },
    "VV": {
      "불어넣": 0.02894571547697352,
      "있": 0.024566473988439308,
      "되": 0.020953757225433526,
      "먹": 0.02035559010866167,
      "빚": 0.01426338231417896,
      "지키": 0.011522363900380878,
      "주": 0.009566478913957052,
      "대하": 0.0074128857983527755,
      "누리": 0.007246098643075841,
      "기": 0.006879224607448736,
      "섬기": 0.00607307015905925,
      "살": 0.00593030863868222,
      "위하": 0.00584414038232882,
      "짓": 0.005517411248344173,
      "살아가": 0.005115110557786446,
      "원하": 0.004739476106035325,
      "만들": 0.004663798426019101,
      "가지": 0.0037154973318933664,
      "읽": 0.0036884018291601776,
      "보": 0.003617125203776117
    }
  }
}