{
  "scope": "sermon",
  "idf_scope": "church",
  "church": "O-Sg",
  "sermon": "O-Sg-0770",
  "document_unit": "sermon_json",
  "document_count": 819,
  "min_count": 5,
  "freq": {
    "MAG": {
      "다": 17,
      "너무": 9,
      "안": 11,
      "더": 10,
      "그냥": 8,
      "다시": 6,
      "지금": 5
    },
    "NNB": {
      "거": 27,
      "번": 23,
      "대로": 11,
      "명": 12,
      "분": 14,
      "수": 9,
      "중": 7,
      "장": 8,
      "절": 8,
      "가지": 7
    },
    "NNG": {
      "기도": 105,
      "하나님": 74,
      "응답": 20,
      "교회": 37,
      "오늘": 39,
      "총무": 5,
      "찬양": 20,
      "고아원": 5,
      "남편": 11,
      "얼굴": 12,
      "제사장": 9,
      "수련회": 6,
      "설교": 13,
      "장비": 5,
      "팀": 9,
      "괴로움": 5,
      "음식": 8,
      "믿음": 18,
      "술": 6,
      "개척": 5,
      "성도": 14,
      "주": 18,
      "회당": 5,
      "예배": 13,
      "사람": 16,
      "남": 6,
      "눈물": 6,
      "소개": 6,
      "그날": 7,
      "말": 14,
      "준비": 9,
      "아들": 9,
      "온누리": 6,
      "아침": 6,
      "생각": 13,
      "행동": 7,
      "사랑": 12,
      "삶": 12,
      "인사": 5,
      "말씀": 11,
      "고백": 8,
      "능력": 8,
      "진짜": 5,
      "이름": 10,
      "인생": 7,
      "얘기": 6,
      "고통": 5,
      "앞": 8,
      "마음": 8,
      "목사": 5,
      "은혜": 6,
      "전": 6,
      "마지막": 5,
      "자리": 5,
      "시작": 6,
      "축복": 5
    },
    "NNP": {
      "한나": 40,
      "사무엘상": 8,
      "뉴저지": 6,
      "괴": 5,
      "조지": 6,
      "미국": 9,
      "엘": 5,
      "영어": 5
    },
    "VA": {
      "괴롭": 25,
      "롭": 8,
      "없": 20,
      "괜찮": 7,
      "좋": 10,
      "이렇": 11,
      "작": 6,
      "놀랍": 8,
      "같": 7,
      "많": 5
    },
    "VV": {
      "있": 38,
      "먹": 21,
      "되": 29,
      "주": 17,
      "받": 17,
      "보": 17,
      "태어나": 7,
      "드리": 12,
      "울": 5,
      "섬기": 7,
      "살": 11,
      "듣": 10,
      "갖": 7,
      "끝나": 6,
      "통하": 10,
      "알": 9,
      "믿": 7,
      "살아가": 6,
      "보이": 6,
      "읽": 6,
      "따르": 5,
      "모르": 5,
      "그러": 5,
      "위하": 5
    }
  },
  "tfidf": {
    "MAG": {
      "다": 0.008303612142968403,
      "너무": 0.005963610613574449,
      "안": 0.005918936465782093,
      "더": 0.0048193517407126695,
      "그냥": 0.004725079460586472,
      "다시": 0.0029775781396556983,
      "지금": 0.0028059020867234555
    },
    "NNB": {
      "거": 0.01325264254557201,
      "번": 0.01087028318010367,
      "대로": 0.009051860855518117,
      "명": 0.008752980199929867,
      "분": 0.0067553290355177225,
      "수": 0.004217432052483599,
      "중": 0.0041552714229291,
      "장": 0.004058431456454636,
      "절": 0.003945933706016522,
      "가지": 0.003846433551391263
    },
    "NNG": {
      "기도": 0.04986788633363626,
      "하나님": 0.03467666354264293,
      "응답": 0.021831368197917894,
      "교회": 0.020660929471322812,
      "오늘": 0.01847723297074627,
      "총무": 0.01548896919304168,
      "찬양": 0.015016695899869207,
      "고아원": 0.013190868787672125,
      "남편": 0.012942305716456047,
      "얼굴": 0.01201771494703206,
      "제사장": 0.011857160666713443,
      "수련회": 0.011760854214551463,
      "설교": 0.011618283759820089,
      "장비": 0.011164164388687576,
      "팀": 0.011135708173543864,
      "괴로움": 0.00994275641391418,
      "음식": 0.009874903561478807,
      "믿음": 0.009520137607085425,
      "술": 0.00946250867405234,
      "개척": 0.00899274444552579,
      "성도": 0.008980895272459068,
      "주": 0.008643142936563583,
      "회당": 0.00817665565858058,
      "예배": 0.007804867796840738,
      "사람": 0.007497656982193065,
      "남": 0.0073367513939103105,
      "눈물": 0.0069828238047191125,
      "소개": 0.0069378369030890065,
      "그날": 0.006816611016428552,
      "말": 0.006584495518076917,
      "준비": 0.006528993986442831,
      "아들": 0.006363241094630028,
      "온누리": 0.006266163309043038,
      "아침": 0.006254472558859354,
      "생각": 0.006204314347196139,
      "행동": 0.0060542231268141565,
      "사랑": 0.006028376620284022,
      "삶": 0.005832828836722952,
      "인사": 0.005221802757535865,
      "말씀": 0.005167226822966762,
      "고백": 0.00505990804718246,
      "능력": 0.004938658769880775,
      "진짜": 0.004738352820802434,
      "이름": 0.004714696471496888,
      "인생": 0.004578394591316037,
      "얘기": 0.004230777631742105,
      "고통": 0.004163681239011921,
      "앞": 0.003984681632279548,
      "마음": 0.0038980552967213477,
      "목사": 0.0036620784503031893,
      "은혜": 0.0033462709999566164,
      "전": 0.003248465612649919,
      "마지막": 0.0031222525594181627,
      "자리": 0.003040032972231494,
      "시작": 0.0028775353135612174,
      "축복": 0.0028622781672298222
    },
    "NNP": {
      "한나": 0.10331920830219454,
      "사무엘상": 0.018065351761432556,
      "뉴저지": 0.016637895607395252,
      "괴": 0.014814924974551096,
      "조지": 0.01370972163880623,
      "미국": 0.01061252455684761,
      "엘": 0.009419927099682198,
      "영어": 0.006370364933176107
    },
    "VA": {
      "괴롭": 0.03786278732169743,
      "롭": 0.011418426414793745,
      "없": 0.009394957859939568,
      "괜찮": 0.007686643990934925,
      "좋": 0.00537422795953411,
      "이렇": 0.0051609291567279855,
      "작": 0.005064352583194099,
      "놀랍": 0.004913624763722929,
      "같": 0.003385916660299035,
      "많": 0.0024067379166084583
    },
    "VV": {
      "있": 0.01780693533270853,
      "먹": 0.015401824193432853,
      "되": 0.01358950328022493,
      "주": 0.008113334146333412,
      "받": 0.00802476455592685,
      "보": 0.00797598142403416,
      "태어나": 0.006556767225953141,
      "드리": 0.00611751839828021,
      "울": 0.006071486710031733,
      "섬기": 0.005514142802339832,
      "살": 0.005288368012845486,
      "듣": 0.005029792804928082,
      "갖": 0.004975910475859413,
      "끝나": 0.004930085203730463,
      "통하": 0.004731977507481822,
      "알": 0.0042900587534044216,
      "믿": 0.003465365124805371,
      "살아가": 0.003317391289585962,
      "보이": 0.003006828040576653,
      "읽": 0.0028705237853182864,
      "따르": 0.0028622781672298222,
      "모르": 0.0028445144899749072,
      "그러": 0.002511823591785009,
      "위하": 0.0023688760218905478
    }
  }
}