{
  "scope": "sermon",
  "idf_scope": "church",
  "church": "O-Sg",
  "sermon": "O-Sg-0351",
  "document_unit": "sermon_json",
  "document_count": 819,
  "min_count": 5,
  "freq": {
    "MAG": {
      "달리": 7,
      "다시": 15,
      "아까": 5,
      "아직": 6,
      "잘": 8,
      "분명": 5,
      "그대로": 5,
      "많이": 7,
      "정말": 5,
      "다": 7,
      "더": 6
    },
    "NNB": {
      "번": 24,
      "수": 18,
      "장": 16,
      "절": 14,
      "명": 7,
      "때문": 10,
      "분": 8
    },
    "NNG": {
      "심판": 38,
      "방주": 15,
      "구원": 42,
      "하나님": 45,
      "얘기": 25,
      "역회전": 5,
      "회심": 9,
      "굼": 5,
      "사람": 32,
      "홍수": 8,
      "믿음": 23,
      "경고": 8,
      "멸망": 8,
      "주": 18,
      "천국": 8,
      "말씀": 16,
      "이후": 10,
      "영접": 5,
      "영생": 5,
      "중간": 5,
      "이야기": 11,
      "절": 13,
      "생각": 13,
      "세례": 5,
      "선교": 5,
      "이름": 11,
      "장": 9,
      "하늘": 7,
      "중요": 9,
      "세상": 9,
      "아내": 5,
      "물": 5,
      "교회": 8,
      "기억": 7,
      "땅": 8,
      "죄": 7,
      "단어": 5,
      "뒤": 5,
      "날": 7,
      "가족": 5,
      "복음": 6,
      "도": 6,
      "기도": 7,
      "오늘": 7,
      "이유": 5,
      "사랑": 6,
      "시작": 6,
      "의미": 5,
      "은혜": 5
    },
    "NNP": {
      "노아": 23,
      "예수": 40,
      "베드로후서": 6,
      "베드로": 10,
      "일본": 5,
      "다": 6,
      "대한민국": 5,
      "요한복음": 5,
      "그리스도": 8,
      "그리스": 5
    },
    "VA": {
      "없": 34,
      "이렇": 28,
      "같": 10,
      "많": 6,
      "그렇": 6,
      "좋": 5
    },
    "VV": {
      "있": 52,
      "되": 37,
      "믿": 31,
      "들어가": 19,
      "받": 21,
      "보": 20,
      "알": 15,
      "읽": 14,
      "일어나": 13,
      "잊": 5,
      "바라": 7,
      "다니": 5,
      "죽": 7,
      "인하": 6,
      "드리": 7,
      "살": 7,
      "가지": 6,
      "대하": 6,
      "위하": 6,
      "통하": 6,
      "나오": 5,
      "주": 5
    }
  },
  "tfidf": {
    "MAG": {
      "달리": 0.011662446061736753,
      "다시": 0.0071139182154335645,
      "아까": 0.005278652500631958,
      "아직": 0.004575775675745364,
      "잘": 0.003945557420375143,
      "분명": 0.003920464951250597,
      "그대로": 0.003829753198189914,
      "많이": 0.0037541034815472443,
      "정말": 0.003405822250729308,
      "다": 0.0032675471718780326,
      "더": 0.0027634115399948513
    },
    "NNB": {
      "번": 0.010840016810144073,
      "수": 0.00806090461262875,
      "장": 0.00775700199558817,
      "절": 0.006599233956613837,
      "명": 0.004879534939041362,
      "때문": 0.004516673670893364,
      "분": 0.003689046679494548
    },
    "NNG": {
      "심판": 0.03346146161802732,
      "방주": 0.025923578628850696,
      "구원": 0.024968432404743585,
      "하나님": 0.020152261531571878,
      "얘기": 0.016846692540188186,
      "역회전": 0.01571015933653908,
      "회심": 0.015554147177310417,
      "굼": 0.01480226612536988,
      "사람": 0.014330497089117778,
      "홍수": 0.011745589042239088,
      "믿음": 0.011625302135417395,
      "경고": 0.011193325075101575,
      "멸망": 0.008878444150125257,
      "주": 0.00825994940735633,
      "천국": 0.008168235418912165,
      "말씀": 0.00718274610769764,
      "이후": 0.0067750121471732115,
      "영접": 0.006468926947275553,
      "영생": 0.006245686104859324,
      "중간": 0.006245686104859324,
      "이야기": 0.006108640509667617,
      "절": 0.005936482724599785,
      "생각": 0.005929246223428822,
      "세례": 0.005926353128596802,
      "선교": 0.004990294260896344,
      "이름": 0.004956237571514463,
      "장": 0.0049053204420691655,
      "하늘": 0.004710747377847559,
      "중요": 0.004702862256051701,
      "세상": 0.0046280622791113005,
      "아내": 0.004543510369998279,
      "물": 0.004453633147449366,
      "교회": 0.004269173550724671,
      "기억": 0.00423113000497154,
      "땅": 0.004134160137743426,
      "죄": 0.004082834966109668,
      "단어": 0.0040824010497271445,
      "뒤": 0.004045389625743243,
      "날": 0.0039710475667401254,
      "가족": 0.0038353162822196093,
      "복음": 0.0037945231177546703,
      "도": 0.003789579292617168,
      "기도": 0.0031771329880871703,
      "오늘": 0.0031693927465294225,
      "이유": 0.002961094986331513,
      "사랑": 0.002880554345652956,
      "시작": 0.0027499598563097347,
      "의미": 0.0027015546223526084,
      "은혜": 0.002664928464661673
    },
    "NNP": {
      "노아": 0.03414315686004245,
      "예수": 0.0179787773470362,
      "베드로후서": 0.014271587283815302,
      "베드로": 0.010664702962242355,
      "일본": 0.007847316885058962,
      "다": 0.006867924977412951,
      "대한민국": 0.0060278202047545325,
      "요한복음": 0.0053652000922895455,
      "그리스도": 0.004227086437961751,
      "그리스": 0.0032163621444517045
    },
    "VA": {
      "없": 0.015263335478857486,
      "이렇": 0.012554485973733282,
      "같": 0.004622574469373771,
      "많": 0.0027600423004258577,
      "그렇": 0.002713311240743271,
      "좋": 0.002567980847659156
    },
    "VV": {
      "있": 0.02328705776981639,
      "되": 0.016569637259292433,
      "믿": 0.014666225095411331,
      "들어가": 0.01201598987288979,
      "받": 0.009473454303345693,
      "보": 0.008967489981238058,
      "알": 0.006833098507064514,
      "읽": 0.006400938095997098,
      "일어나": 0.00633348990166777,
      "잊": 0.005940569939341671,
      "바라": 0.00426932642822034,
      "다니": 0.003914686521798086,
      "죽": 0.0038200025258802246,
      "인하": 0.0034951425415104356,
      "드리": 0.0034103407162826456,
      "살": 0.003216123493705405,
      "가지": 0.0027634115399948513,
      "대하": 0.0027566772803189186,
      "위하": 0.0027166223541680765,
      "통하": 0.002713311240743271,
      "나오": 0.0023975292232238654,
      "주": 0.002280479316703393
    }
  }
}