{
  "scope": "sermon",
  "idf_scope": "church",
  "church": "O-Sg",
  "sermon": "O-Sg-0498",
  "document_unit": "sermon_json",
  "document_count": 819,
  "min_count": 5,
  "freq": {
    "MAG": {
      "잘": 15,
      "이제": 10,
      "늘": 5,
      "너무": 6
    },
    "NNB": {
      "수": 20,
      "거": 17,
      "분": 9
    },
    "NNG": {
      "은사": 23,
      "성령": 41,
      "사람": 50,
      "방언": 9,
      "교회": 24,
      "빵": 7,
      "추수": 6,
      "축복": 17,
      "충만": 11,
      "감당": 10,
      "말씀": 19,
      "주": 16,
      "해": 9,
      "말": 16,
      "능력": 10,
      "하나님": 12,
      "증인": 5,
      "제자": 6,
      "절": 10,
      "기도": 10,
      "진짜": 5,
      "역사": 8,
      "복음": 7,
      "성도": 7,
      "사용": 6,
      "진리": 5,
      "안": 8,
      "증거": 5,
      "오늘": 8,
      "세상": 7,
      "곳": 6,
      "예배": 5,
      "본문": 5,
      "마음": 5,
      "시작": 5
    },
    "NNP": {
      "성령": 19,
      "오순절": 5,
      "그리스도": 7,
      "예수": 5
    },
    "VA": {
      "그렇": 17,
      "없": 9,
      "크": 7,
      "많": 6,
      "이렇": 5
    },
    "VV": {
      "되": 35,
      "있": 31,
      "살": 25,
      "겁": 7,
      "주": 18,
      "통하": 18,
      "보": 14,
      "죽": 9,
      "사라지": 5,
      "살아가": 8,
      "받": 9,
      "모르": 7,
      "섬기": 5,
      "알": 8,
      "드리": 7,
      "보이": 7,
      "위하": 7,
      "이루": 5,
      "듣": 6,
      "가지": 5
    }
  },
  "tfidf": {
    "MAG": {
      "잘": 0.011392797051333226,
      "이제": 0.007366359796673845,
      "늘": 0.0060108882797745055,
      "너무": 0.005851193126146148
    },
    "NNB": {
      "수": 0.013793103448275862,
      "거": 0.012280443582841926,
      "분": 0.006391273372224305
    },
    "NNG": {
      "은사": 0.049721136083009015,
      "성령": 0.044255080656164666,
      "사람": 0.034482758620689655,
      "방언": 0.021752762405383444,
      "교회": 0.01972358180434798,
      "빵": 0.016184943858607553,
      "추수": 0.015394428801492515,
      "축복": 0.01432244515182945,
      "충만": 0.013958677033358463,
      "감당": 0.01330041947907565,
      "말씀": 0.01313544694445206,
      "주": 0.011306952966514443,
      "해": 0.011247830519720016,
      "말": 0.011074926845774298,
      "능력": 0.009085429150797908,
      "하나님": 0.008275862068965517,
      "증인": 0.00787708387164447,
      "제자": 0.007696467146116302,
      "절": 0.0070324487660643606,
      "기도": 0.006989692573791774,
      "진짜": 0.006973548220408549,
      "역사": 0.0068502378711941805,
      "복음": 0.006817493201565892,
      "성도": 0.006608700176354364,
      "사용": 0.00657520105368558,
      "진리": 0.0065661012804890005,
      "안": 0.006121014295423238,
      "증거": 0.00573080055590352,
      "오늘": 0.005578131233891784,
      "세상": 0.005543390152091092,
      "곳": 0.005144108755947639,
      "예배": 0.004417927819219664,
      "본문": 0.004254729736393824,
      "마음": 0.003585538794484205,
      "시작": 0.003529115148930826
    },
    "NNP": {
      "성령": 0.02672347926088124,
      "오순절": 0.01452688544410972,
      "그리스도": 0.00569599897515346,
      "예수": 0.0034609146393044686
    },
    "VA": {
      "그렇": 0.011839081380443142,
      "없": 0.006222053815793081,
      "크": 0.005382231836937684,
      "많": 0.004250465142655821,
      "이렇": 0.0034524836427766528
    },
    "VV": {
      "되": 0.02413793103448276,
      "있": 0.021379310344827585,
      "살": 0.017688679215379727,
      "겁": 0.01600274917179381,
      "주": 0.012642977331803612,
      "통하": 0.012535497932233913,
      "보": 0.009666954199774628,
      "죽": 0.0075636050012428445,
      "사라지": 0.006650209739537825,
      "살아가": 0.006509713114461095,
      "받": 0.0062524798402081565,
      "모르": 0.00586087688982692,
      "섬기": 0.005796640758715864,
      "알": 0.00561225157380232,
      "드리": 0.005251924703075274,
      "보이": 0.005162758306911959,
      "위하": 0.004880864829655311,
      "이루": 0.00458338552882253,
      "듣": 0.004441480487882701,
      "가지": 0.0035463781429933925
    }
  }
}