{
  "scope": "sermon",
  "idf_scope": "church",
  "church": "O-Sg",
  "sermon": "O-Sg-0425",
  "document_unit": "sermon_json",
  "document_count": 819,
  "min_count": 5,
  "freq": {
    "MAG": {
      "지금": 20,
      "계속": 10,
      "더": 13,
      "안": 11,
      "아마": 6,
      "막": 5,
      "잘": 5,
      "다": 5
    },
    "NNB": {
      "거": 51,
      "때문": 26,
      "절": 15,
      "가지": 13,
      "수": 11,
      "분": 6,
      "번": 6,
      "장": 5
    },
    "NNG": {
      "불화살": 14,
      "여신": 18,
      "말": 80,
      "사람": 61,
      "마귀": 16,
      "서기관": 9,
      "선동": 10,
      "설득": 11,
      "인화": 6,
      "복음": 25,
      "불": 14,
      "이익": 10,
      "데": 8,
      "소동": 6,
      "안전": 10,
      "시작": 23,
      "경제": 9,
      "전달": 8,
      "부분": 13,
      "발생": 8,
      "자극": 5,
      "말씀": 19,
      "하나님": 19,
      "사업": 6,
      "사용": 11,
      "위험": 7,
      "목적": 9,
      "귀신": 5,
      "요소": 5,
      "집회": 5,
      "진정": 5,
      "물질": 5,
      "우상": 6,
      "반응": 6,
      "법": 5,
      "영역": 5,
      "도시": 5,
      "문제": 8,
      "생각": 11,
      "관심": 5,
      "돈": 5,
      "절": 10,
      "오늘": 10,
      "도": 7,
      "중심": 5,
      "신": 5,
      "삶": 8,
      "하늘": 5,
      "변화": 5,
      "본문": 6,
      "내용": 5,
      "생명": 5,
      "예배": 5,
      "곳": 5
    },
    "NNP": {
      "에베소": 15,
      "아데미": 9,
      "데미": 7,
      "바울": 14,
      "메": 5,
      "예수": 15,
      "주님": 5
    },
    "VA": {
      "이렇": 21,
      "그렇": 11,
      "없": 11,
      "많": 10,
      "같": 9,
      "좋": 6
    },
    "VV": {
      "되": 55,
      "있": 42,
      "보": 30,
      "모이": 14,
      "붙": 7,
      "알": 16,
      "일어나": 14,
      "움직이": 6,
      "붙이": 5,
      "통하": 13,
      "대하": 12,
      "내려오": 5,
      "외치": 5,
      "믿": 11,
      "전하": 8,
      "다스리": 5,
      "모르": 8,
      "살펴보": 5,
      "드리": 8,
      "그러": 8,
      "읽": 8,
      "만들": 6,
      "듣": 7,
      "이루어지": 5,
      "얻": 5,
      "인하": 5,
      "받": 6,
      "원하": 5,
      "나오": 5,
      "가지": 5
    }
  },
  "tfidf": {
    "MAG": {
      "지금": 0.010906730515606294,
      "계속": 0.006266050601633008,
      "더": 0.006088272130730915,
      "안": 0.005751826237695349,
      "아마": 0.005277737751463504,
      "막": 0.003773258586825779,
      "잘": 0.0025075221196771674,
      "다": 0.0023732867664596827
    },
    "NNB": {
      "거": 0.024326015293880867,
      "때문": 0.011941213114058604,
      "절": 0.007189739180873682,
      "가지": 0.006941696564057795,
      "수": 0.005009107468123861,
      "분": 0.002813402061240207,
      "번": 0.0027556645647827545,
      "장": 0.0024649057172342306
    },
    "NNG": {
      "불화살": 0.04472959937876911,
      "여신": 0.03749024692073074,
      "말": 0.03656339691797071,
      "사람": 0.027777777777777776,
      "마귀": 0.024062550768626928,
      "서기관": 0.021411465944550404,
      "선동": 0.019183956187576588,
      "설득": 0.018635484166955495,
      "인화": 0.017275983549558494,
      "복음": 0.016076901415350217,
      "불": 0.016006968272265314,
      "이익": 0.0155685104695351,
      "데": 0.014930369499504825,
      "소동": 0.012161769951466712,
      "안전": 0.010956281567391726,
      "시작": 0.01071912479206221,
      "경제": 0.010694417673910248,
      "전달": 0.009735343307266556,
      "부분": 0.00970007557346335,
      "발생": 0.009618944036568551,
      "자극": 0.009211618156030629,
      "말씀": 0.008673223164597215,
      "하나님": 0.008652094717668488,
      "사업": 0.008536439512534773,
      "사용": 0.007959506436421144,
      "위험": 0.007544986620243359,
      "목적": 0.007449426755871016,
      "귀신": 0.007232934533481428,
      "요소": 0.007137052280862742,
      "집회": 0.0070677007155514745,
      "진정": 0.006769366784753652,
      "물질": 0.006175073011143406,
      "우상": 0.0061351708612915,
      "반응": 0.0058705538503900844,
      "법": 0.0057293886369947375,
      "영역": 0.005500909643747282,
      "도시": 0.005335447006458213,
      "문제": 0.00514460845291207,
      "생각": 0.005101585924971352,
      "관심": 0.004972339255752539,
      "돈": 0.004731540433599575,
      "절": 0.004643465715297506,
      "오늘": 0.004603990374056858,
      "도": 0.0044956674197707165,
      "중심": 0.004202352378552372,
      "신": 0.0038662048402871977,
      "삶": 0.0037787664655636855,
      "하늘": 0.003421512781269061,
      "변화": 0.003398675407954085,
      "본문": 0.003371233944137183,
      "내용": 0.003309549859983907,
      "생명": 0.003165610716101695,
      "예배": 0.0029171199170621646,
      "곳": 0.0028305091439450813
    },
    "NNP": {
      "에베소": 0.025042712243331613,
      "아데미": 0.021768069948606267,
      "데미": 0.0172345331196948,
      "바울": 0.012936176792976888,
      "메": 0.0076627935300651534,
      "예수": 0.0068556369221195075,
      "주님": 0.0031411280390154883
    },
    "VA": {
      "이렇": 0.009574510648683887,
      "그렇": 0.005058216758225332,
      "없": 0.005021339726872073,
      "많": 0.004677576242297314,
      "같": 0.004230413438570341,
      "좋": 0.0031334979414332767
    },
    "VV": {
      "되": 0.025045537340619307,
      "있": 0.01912568306010929,
      "보": 0.013677872355262695,
      "모이": 0.011552871865529061,
      "붙": 0.009620079784245941,
      "알": 0.007411443335166999,
      "일어나": 0.006935601839215982,
      "움직이": 0.006467131388780021,
      "붙이": 0.00605521022998352,
      "통하": 0.00597789253244812,
      "대하": 0.0056062480573334655,
      "내려오": 0.005433274957012502,
      "외치": 0.0053037499697582875,
      "믿": 0.005291828060088556,
      "전하": 0.005078128738564531,
      "다스리": 0.004747920842602369,
      "모르": 0.0044227278117351205,
      "살펴보": 0.004016128715054016,
      "드리": 0.0039632010509805604,
      "그러": 0.0039054510345130854,
      "읽": 0.003719306471080281,
      "만들": 0.0035271568424100745,
      "듣": 0.0034214501329697493,
      "이루어지": 0.0032791622416940744,
      "얻": 0.003120925004679226,
      "인하": 0.00296169296265665,
      "받": 0.0027523059405895043,
      "원하": 0.002489160189265669,
      "나오": 0.002437924752030461,
      "가지": 0.002341643127204198
    }
  }
}