{
  "scope": "sermon",
  "idf_scope": "church",
  "church": "O-Sg",
  "sermon": "O-Sg-0209",
  "document_unit": "sermon_json",
  "document_count": 819,
  "min_count": 5,
  "freq": {
    "MAG": {
      "이제": 15,
      "다시": 14,
      "다": 13,
      "지금": 11,
      "더": 12
    },
    "NNB": {
      "수": 35,
      "적": 5,
      "절": 7,
      "장": 5,
      "때문": 5
    },
    "NNG": {
      "말씀": 84,
      "하나님": 57,
      "백성": 33,
      "초막": 9,
      "광장": 9,
      "학사": 6,
      "예배": 26,
      "순모임": 6,
      "영혼": 18,
      "초막절": 5,
      "낭독": 5,
      "레위인": 5,
      "사람": 24,
      "목마": 5,
      "성벽": 5,
      "앞": 18,
      "날": 15,
      "눈물": 7,
      "예배당": 5,
      "율법": 7,
      "성경": 14,
      "시작": 15,
      "갈망": 5,
      "찬양": 9,
      "속": 11,
      "음식": 5,
      "은혜": 11,
      "문": 6,
      "물": 6,
      "교회": 10,
      "아침": 5,
      "기쁨": 7,
      "얼굴": 5,
      "말": 10,
      "설명": 6,
      "사랑": 9,
      "고난": 5,
      "전": 8,
      "주": 9,
      "눈": 6,
      "힘": 6,
      "성도": 6,
      "죄": 6,
      "경험": 6,
      "기도": 7,
      "세상": 6,
      "자리": 5,
      "삶": 6,
      "이야기": 5,
      "오늘": 6,
      "의미": 5,
      "안": 5,
      "절": 5
    },
    "NNP": {
      "에스라": 13,
      "이스라엘": 21,
      "느헤미야": 5,
      "레위": 5,
      "모세": 5,
      "멘": 6,
      "예루살렘": 5
    },
    "VA": {
      "르": 6,
      "없": 18,
      "같": 11,
      "이렇": 9,
      "그렇": 8,
      "좋": 7,
      "크": 5
    },
    "VV": {
      "있": 44,
      "되": 30,
      "나누": 17,
      "알아듣": 6,
      "슬퍼하": 5,
      "깨닫": 12,
      "보": 18,
      "읽": 17,
      "서": 12,
      "펼치": 5,
      "먹": 10,
      "모이": 8,
      "받": 13,
      "울": 5,
      "채우": 7,
      "지나": 8,
      "기뻐하": 6,
      "알": 10,
      "짓": 6,
      "나오": 8,
      "일어나": 7,
      "느끼": 5,
      "듣": 7,
      "통하": 7,
      "살": 6,
      "주": 6,
      "원하": 5,
      "위하": 5
    }
  },
  "tfidf": {
    "MAG": {
      "이제": 0.006984233896148916,
      "다시": 0.006463101169743798,
      "다": 0.005906939024314822,
      "지금": 0.005742436406603871,
      "더": 0.005379858734793813
    },
    "NNB": {
      "수": 0.015257192676547515,
      "적": 0.0040352466995964235,
      "절": 0.003211876509398147,
      "장": 0.002359604601153605,
      "때문": 0.002198285158479704
    },
    "NNG": {
      "말씀": 0.03670668191240905,
      "하나님": 0.024847428073234524,
      "백성": 0.02407853354629769,
      "초막": 0.02162542191207442,
      "광장": 0.018118725798648583,
      "학사": 0.016537951122419552,
      "예배": 0.014521000765874571,
      "순모임": 0.014416947941382945,
      "영혼": 0.012966593673292998,
      "초막절": 0.012897874609917707,
      "낭독": 0.012270843065776946,
      "레위인": 0.011051105079867132,
      "사람": 0.010462074978204011,
      "목마": 0.009876308870772347,
      "성벽": 0.00931847675626232,
      "앞": 0.008340213102611266,
      "날": 0.008283113603684175,
      "눈물": 0.007578423568359059,
      "예배당": 0.007145788015289855,
      "율법": 0.007080047198383866,
      "성경": 0.006737615462223783,
      "시작": 0.006692088447187922,
      "갈망": 0.006386619108863926,
      "찬양": 0.006286195759653182,
      "속": 0.0059018054396456085,
      "음식": 0.005741348136496233,
      "은혜": 0.005706943145377915,
      "문": 0.005463566193220093,
      "물": 0.005202247333001449,
      "교회": 0.005194564373783887,
      "아침": 0.004848534016494428,
      "기쁨": 0.004842057853185436,
      "얼굴": 0.004658130575589657,
      "말": 0.004375175437656041,
      "설명": 0.004214202418723781,
      "사랑": 0.004205935824221699,
      "고난": 0.004130718850116025,
      "전": 0.0040291924541673504,
      "주": 0.004020154103449583,
      "눈": 0.0037178180822053557,
      "힘": 0.003679211938570341,
      "성도": 0.003580501403305702,
      "죄": 0.0034065153117410225,
      "경험": 0.003219166603443059,
      "기도": 0.0030926495040970578,
      "세상": 0.003003331319167549,
      "자리": 0.0028279992862868387,
      "삶": 0.0027130027762787227,
      "이야기": 0.002702820452185105,
      "오늘": 0.002644384357827949,
      "의미": 0.002629717293684993,
      "안": 0.002418120839244686,
      "절": 0.0022225481061014215
    },
    "NNP": {
      "에스라": 0.03456768245933504,
      "이스라엘": 0.015611927958233195,
      "느헤미야": 0.011784479614786951,
      "레위": 0.009969071761833368,
      "모세": 0.008276550424651597,
      "멘": 0.005501749626754059,
      "예루살렘": 0.004363980112269884
    },
    "VA": {
      "르": 0.008702557207282696,
      "없": 0.007865717552659081,
      "같": 0.0049496206055461185,
      "이렇": 0.0039280655220780576,
      "그렇": 0.003521548387433726,
      "좋": 0.003499573550981715,
      "크": 0.0024300149967491722
    },
    "VV": {
      "있": 0.01918047079337402,
      "되": 0.013077593722755012,
      "나누": 0.00944676676765666,
      "알아듣": 0.009327383471316739,
      "슬퍼하": 0.00819106499929571,
      "깨닫": 0.008010602752612199,
      "보": 0.007856131044156115,
      "읽": 0.007565886507103807,
      "서": 0.007543698997647444,
      "펼치": 0.007171891308765695,
      "먹": 0.006822662188895609,
      "모이": 0.006319618038784859,
      "받": 0.005708575268232285,
      "울": 0.005648017715434925,
      "채우": 0.005640639414798182,
      "지나": 0.0053549023063866165,
      "기뻐하": 0.004512732501057825,
      "알": 0.00443426590127145,
      "짓": 0.003994471055470795,
      "나오": 0.0037340420264752516,
      "일어나": 0.003319655980583761,
      "느끼": 0.003310786692251856,
      "듣": 0.003275285306016377,
      "통하": 0.00308135483900451,
      "살": 0.0026833741791421734,
      "주": 0.002663806615971409,
      "원하": 0.0023828229187564985,
      "위하": 0.002203653631523291
    }
  }
}