{
  "scope": "sermon",
  "idf_scope": "church",
  "church": "O-Sg",
  "sermon": "O-Sg-0051",
  "document_unit": "sermon_json",
  "document_count": 819,
  "min_count": 5,
  "freq": {
    "NNB": {
      "수": 27,
      "명": 5,
      "절": 6
    },
    "NNG": {
      "고난": 41,
      "기독교인": 11,
      "대처": 7,
      "박해": 10,
      "불교": 6,
      "기독교": 10,
      "고통": 13,
      "방법": 11,
      "공동체": 9,
      "말": 17,
      "사람": 17,
      "긍정": 5,
      "믿음": 9,
      "하나님": 8,
      "인간": 5,
      "삶": 6,
      "가운데": 6,
      "절": 6,
      "장": 5,
      "안": 5,
      "기도": 5
    },
    "NNP": {
      "베드로전서": 8,
      "베드로": 12,
      "팔레스타인": 5,
      "이스라엘": 6,
      "그리스": 7,
      "예수": 9,
      "그리스도": 5
    },
    "VA": {
      "같": 9,
      "없": 9,
      "많": 5
    },
    "VV": {
      "있": 39,
      "받": 20,
      "겪": 10,
      "인하": 8,
      "대하": 9,
      "알": 9,
      "가르치": 5,
      "되": 7,
      "쓰": 5,
      "위하": 6
    }
  },
  "tfidf": {
    "NNB": {
      "수": 0.02423698384201077,
      "명": 0.006986407744857246,
      "절": 0.005669180337952821
    },
    "NNG": {
      "고난": 0.06975056206980479,
      "기독교인": 0.03214050941117837,
      "대처": 0.030280545849672297,
      "박해": 0.028711353983316416,
      "불교": 0.023386042245629218,
      "기독교": 0.021642611972264473,
      "고통": 0.020737674135129034,
      "방법": 0.018140980303960243,
      "공동체": 0.015808424876924587,
      "말": 0.015316255989022469,
      "사람": 0.01526032315978456,
      "긍정": 0.014878165105861133,
      "믿음": 0.009118480095834961,
      "하나님": 0.00718132854578097,
      "인간": 0.00694837081940405,
      "삶": 0.005586740007884551,
      "가운데": 0.005512262440879387,
      "절": 0.005492127851414716,
      "장": 0.005462587545950752,
      "안": 0.004979505570222002,
      "기도": 0.004548947141830374
    },
    "NNP": {
      "베드로전서": 0.029431859444266247,
      "베드로": 0.025652727161242922,
      "팔레스타인": 0.018394912152666403,
      "이스라엘": 0.009185371309614505,
      "그리스": 0.009026024538586103,
      "예수": 0.008108606111835424,
      "그리스도": 0.0052957158976484455
    },
    "VA": {
      "같": 0.008339306921993238,
      "없": 0.008098723548384172,
      "많": 0.004610393818709561
    },
    "VV": {
      "있": 0.03500897666068223,
      "받": 0.018085170094358324,
      "겪": 0.016932302017731417,
      "인하": 0.009341296583115263,
      "대하": 0.008288591158373625,
      "알": 0.008218119730489259,
      "가르치": 0.007789473646270367,
      "되": 0.0062836624775583485,
      "쓰": 0.006089205313908135,
      "위하": 0.005445437806873712
    }
  }
}