{
  "scope": "sermon",
  "idf_scope": "church",
  "church": "O-Sg",
  "sermon": "O-Sg-0124",
  "document_unit": "sermon_json",
  "document_count": 819,
  "min_count": 5,
  "freq": {
    "MAG": {
      "쭉": 9,
      "특별히": 11,
      "이제": 13,
      "그대로": 8,
      "아직": 7,
      "그냥": 9,
      "더": 11,
      "많이": 9,
      "지금": 9,
      "정말": 6,
      "이미": 5,
      "안": 6,
      "다시": 6,
      "다": 5
    },
    "NNB": {
      "거": 41,
      "수": 29,
      "절": 18,
      "분": 13,
      "번": 12,
      "때문": 8
    },
    "NNG": {
      "하나님": 114,
      "사람": 68,
      "동산": 18,
      "등장": 25,
      "땅": 35,
      "설명": 25,
      "경작": 8,
      "훈련": 13,
      "분위기": 12,
      "단어": 20,
      "절": 33,
      "언약": 13,
      "번역": 12,
      "계약": 6,
      "강": 9,
      "준비": 17,
      "말씀": 26,
      "나무": 10,
      "선악": 6,
      "시작": 24,
      "장": 20,
      "풀": 6,
      "곳": 19,
      "말": 23,
      "임무": 6,
      "기쁨": 13,
      "환경": 9,
      "특별": 9,
      "표현": 13,
      "이름": 15,
      "의도": 5,
      "완성": 5,
      "차이": 5,
      "지역": 6,
      "예배": 9,
      "부분": 7,
      "명령": 6,
      "가운데": 11,
      "하늘": 7,
      "생각": 10,
      "이해": 6,
      "뜻": 7,
      "창조": 5,
      "날": 6,
      "기도": 7,
      "기록": 5,
      "성경": 6,
      "마음": 6,
      "경험": 5,
      "사랑": 5,
      "삶": 5,
      "주": 5,
      "오늘": 5
    },
    "NNP": {
      "에덴동산": 18,
      "여호와": 21,
      "에덴": 9,
      "아담": 6,
      "창세기": 6
    },
    "VA": {
      "그렇": 22,
      "같": 21,
      "없": 15,
      "이렇": 12,
      "기쁘": 5,
      "쉽": 5,
      "좋": 7,
      "크": 6,
      "많": 6
    },
    "VV": {
      "있": 83,
      "되": 54,
      "보": 38,
      "지키": 22,
      "빚": 7,
      "알": 26,
      "주": 24,
      "알아차리": 5,
      "먹": 11,
      "나오": 15,
      "만들": 12,
      "잇": 6,
      "맺": 7,
      "읽": 14,
      "두": 7,
      "드리": 10,
      "원하": 9,
      "쓰": 7,
      "통하": 8,
      "짓": 5,
      "위하": 7,
      "일어나": 6,
      "대하": 6,
      "가지": 5,
      "받": 5
    }
  },
  "tfidf": {
    "MAG": {
      "쭉": 0.01019117188161103,
      "특별히": 0.007157076525389825,
      "이제": 0.005883723820648389,
      "그대로": 0.005797856875632596,
      "아직": 0.005051126383303375,
      "그냥": 0.004806667167374141,
      "더": 0.0047936213034529334,
      "많이": 0.004566962328611076,
      "지금": 0.004566962328611076,
      "정말": 0.00386705139959926,
      "이미": 0.0033296128944323403,
      "안": 0.002919339850072185,
      "다시": 0.002692437182214093,
      "다": 0.00220836344879045
    },
    "NNB": {
      "거": 0.018197217622132417,
      "수": 0.01228813559322034,
      "절": 0.008028135885355224,
      "분": 0.005672104664144451,
      "번": 0.00512833846123977,
      "때문": 0.0034188923074931804
    },
    "NNG": {
      "하나님": 0.048305084745762714,
      "사람": 0.0288135593220339,
      "동산": 0.026287813702502418,
      "등장": 0.02292507304850356,
      "땅": 0.0171136274134183,
      "설명": 0.01706811502216164,
      "경작": 0.016335364685973335,
      "훈련": 0.015611606449891065,
      "분위기": 0.015535647407292076,
      "단어": 0.01545085007464528,
      "절": 0.014258587858312697,
      "언약": 0.013800368428542178,
      "번역": 0.013268328368308985,
      "계약": 0.012890458501634847,
      "강": 0.011371715548268485,
      "준비": 0.011151546320158806,
      "말씀": 0.01104385258264591,
      "나무": 0.010757713327204012,
      "선악": 0.010634602921124076,
      "시작": 0.010407898913795996,
      "장": 0.010314105976591758,
      "풀": 0.01015864137344235,
      "곳": 0.010008488434064792,
      "말": 0.009781483323796953,
      "임무": 0.009233305668692997,
      "기쁨": 0.008740910974436808,
      "환경": 0.008106895035292118,
      "특별": 0.007803853703856432,
      "표현": 0.007688488060065951,
      "이름": 0.006394806527653195,
      "의도": 0.005464842426557681,
      "완성": 0.005415281241018051,
      "차이": 0.0053909287422347135,
      "지역": 0.004926770891004109,
      "예배": 0.004885928647526832,
      "부분": 0.004860155205843501,
      "명령": 0.004773106431291818,
      "가운데": 0.004770287002156499,
      "하늘": 0.004457245294378644,
      "생각": 0.004315517215422607,
      "이해": 0.003990050308556043,
      "뜻": 0.003972806568648518,
      "창조": 0.003839301848774488,
      "날": 0.0032205868825172035,
      "기도": 0.0030061601535587507,
      "기록": 0.0028559361497569992,
      "성경": 0.002806795981296857,
      "마음": 0.002643575212882422,
      "경험": 0.0026076158856985793,
      "사랑": 0.002271284552910682,
      "삶": 0.0021976088872822704,
      "주": 0.0021709589249796005,
      "오늘": 0.002142026029963741
    },
    "NNP": {
      "에덴동산": 0.027321635251626158,
      "여호와": 0.01994327465321463,
      "에덴": 0.01562943976632486,
      "아담": 0.006982524686436588,
      "창세기": 0.00549210573397393
    },
    "VA": {
      "그렇": 0.009413427119544772,
      "같": 0.009185016296285774,
      "없": 0.0063714534130649494,
      "이렇": 0.005090950456297776,
      "기쁘": 0.0038983208201790777,
      "쉽": 0.0034862693465480734,
      "좋": 0.0034017041211661246,
      "크": 0.0028344683402758987,
      "많": 0.002611514600360568
    },
    "VV": {
      "있": 0.03516949152542373,
      "되": 0.02288135593220339,
      "보": 0.016121343111609624,
      "지키": 0.013514365795022997,
      "빚": 0.01171047863218354,
      "알": 0.011206667602348914,
      "주": 0.010357241317014258,
      "알아차리": 0.00951361973599597,
      "먹": 0.0072950448167199925,
      "나오": 0.006805528926430795,
      "만들": 0.00656409866604451,
      "잇": 0.006193995207698013,
      "맺": 0.006163833859770564,
      "읽": 0.006056480834051492,
      "두": 0.004860155205843501,
      "드리": 0.004609740205483746,
      "원하": 0.004169132371241243,
      "쓰": 0.004024035850665732,
      "통하": 0.003423064407107189,
      "짓": 0.0032356343930967525,
      "위하": 0.002998836441949238,
      "일어나": 0.002765844123290247,
      "대하": 0.002608330663962773,
      "가지": 0.002178918774296788,
      "받": 0.0021342033352876244
    }
  }
}