{
  "scope": "sermon",
  "idf_scope": "church",
  "church": "O-Sg",
  "sermon": "O-Sg-0485",
  "document_unit": "sermon_json",
  "document_count": 819,
  "min_count": 5,
  "freq": {
    "MAG": {
      "이제": 12,
      "더": 8,
      "다": 6,
      "가장": 5,
      "잘": 5
    },
    "NNB": {
      "세": 8,
      "때문": 18,
      "수": 16,
      "거": 15,
      "번": 7,
      "장": 6
    },
    "NNG": {
      "에녹": 23,
      "가인": 17,
      "하나님": 66,
      "세대": 23,
      "라멕": 10,
      "동행": 21,
      "후손": 13,
      "족보": 9,
      "심판": 18,
      "야발": 5,
      "자녀": 22,
      "라멕을": 5,
      "문화": 13,
      "기도": 26,
      "이름": 25,
      "믿음": 22,
      "하루": 11,
      "성경": 22,
      "세상": 21,
      "전수": 5,
      "성": 11,
      "욕구": 6,
      "멸망": 9,
      "삶": 21,
      "말씀": 20,
      "시작": 18,
      "성공": 7,
      "추구": 6,
      "아내": 8,
      "사람": 14,
      "인간": 9,
      "기록": 10,
      "배": 6,
      "뜻": 10,
      "죄": 10,
      "주": 12,
      "도시": 5,
      "복음": 8,
      "말": 10,
      "이야기": 8,
      "오늘날": 5,
      "성도": 7,
      "신앙": 6,
      "축원": 6,
      "가운데": 8,
      "생각": 8,
      "모습": 6,
      "도": 5,
      "땅": 6,
      "사랑": 6,
      "오늘": 5
    },
    "NNP": {
      "므두셀라": 9,
      "예수": 20
    },
    "VA": {
      "없": 10,
      "이렇": 7,
      "많": 6,
      "그렇": 6
    },
    "VV": {
      "되": 48,
      "낳": 19,
      "있": 31,
      "녹": 5,
      "살": 15,
      "위하": 14,
      "대하": 12,
      "믿": 11,
      "읽": 11,
      "알": 11,
      "짓": 7,
      "전하": 7,
      "떠나": 6,
      "죽이": 5,
      "만들": 7,
      "보": 9,
      "보이": 8,
      "죽": 7,
      "통하": 8,
      "이루": 6,
      "드리": 6,
      "일어나": 6,
      "인하": 5,
      "받": 6,
      "주": 5
    }
  },
  "tfidf": {
    "MAG": {
      "이제": 0.0069735941491906915,
      "더": 0.004476385904104826,
      "다": 0.0034026579363300082,
      "가장": 0.0032216395060251273,
      "잘": 0.0029959295836839276
    },
    "NNB": {
      "세": 0.012436448645652586,
      "때문": 0.009877213358426978,
      "수": 0.008705114254624592,
      "거": 0.008548282913870957,
      "번": 0.0038411385282771586,
      "장": 0.003534014986972603
    },
    "NNG": {
      "에녹": 0.060302203152518545,
      "가인": 0.03842070551636074,
      "하나님": 0.035908596300326445,
      "세대": 0.03184108945903159,
      "라멕": 0.02941631799382075,
      "동행": 0.025321600019190833,
      "후손": 0.020548793711548177,
      "족보": 0.020202431238422032,
      "심판": 0.01925648571495032,
      "야발": 0.017200788844228532,
      "자녀": 0.01662012677484753,
      "라멕을": 0.015678439040269276,
      "문화": 0.015197005016406974,
      "기도": 0.014336855823283454,
      "이름": 0.013684932358779052,
      "믿음": 0.013509594377265339,
      "하루": 0.013214639514063813,
      "성경": 0.013214440274658398,
      "세상": 0.01311955775930155,
      "전수": 0.013109174598373597,
      "성": 0.012372888989402633,
      "욕구": 0.012331268903810576,
      "멸망": 0.01213479951612264,
      "삶": 0.011851305381252375,
      "말씀": 0.010907965219320479,
      "시작": 0.010022840629716492,
      "성공": 0.009259155477254881,
      "추구": 0.009011570565441124,
      "아내": 0.00883191177906956,
      "사람": 0.007616974972796518,
      "인간": 0.007580453300908052,
      "기록": 0.007334068893826462,
      "배": 0.007288925315539026,
      "뜻": 0.007287287037160347,
      "죄": 0.007086095507012972,
      "주": 0.006690049701351718,
      "도시": 0.006374669002275428,
      "복음": 0.00614665950086774,
      "말": 0.005460637896617497,
      "이야기": 0.005397405978074108,
      "오늘날": 0.005280150556214708,
      "성도": 0.005213610041193595,
      "신앙": 0.005158609783017694,
      "축원": 0.005060529766375514,
      "가운데": 0.004454595835429552,
      "생각": 0.004432914310510274,
      "모습": 0.003948369857244107,
      "도": 0.003836656946143515,
      "땅": 0.00376696664346344,
      "사랑": 0.0034996071021997015,
      "오늘": 0.0027503707457641074
    },
    "NNP": {
      "므두셀라": 0.02699059731572291,
      "예수": 0.010921275793234994
    },
    "VA": {
      "없": 0.005453982609660239,
      "이렇": 0.003813134817647772,
      "많": 0.0033531961136294562,
      "그렇": 0.00329642219835676
    },
    "VV": {
      "되": 0.026115342763873776,
      "낳": 0.024517714336552036,
      "있": 0.016866158868335146,
      "녹": 0.01067767874412415,
      "살": 0.008372769813591058,
      "위하": 0.007701038088139501,
      "대하": 0.006698215850872846,
      "믿": 0.006322554091378927,
      "읽": 0.006110144662365021,
      "알": 0.006087827298840248,
      "짓": 0.0058163961016276765,
      "전하": 0.005308827187786587,
      "떠나": 0.0050467558309803835,
      "죽이": 0.004982504239604624,
      "만들": 0.004916526567059092,
      "보": 0.0049026019084042775,
      "보이": 0.0046547486678205135,
      "죽": 0.00464094974988604,
      "통하": 0.004395229597809014,
      "이루": 0.004339004798776498,
      "드리": 0.0035513558927992295,
      "일어나": 0.0035513558927992295,
      "인하": 0.0035385624298117533,
      "받": 0.0032883916461014973,
      "주": 0.0027705714440689213
    }
  }
}