{
  "scope": "sermon",
  "idf_scope": "church",
  "church": "O-Sg",
  "sermon": "O-Sg-0055",
  "document_unit": "sermon_json",
  "document_count": 819,
  "min_count": 5,
  "freq": {
    "MAG": {
      "간절히": 9,
      "다시": 11
    },
    "NNB": {
      "번": 28,
      "줄": 15,
      "수": 19,
      "장": 12,
      "분": 11,
      "때문": 5
    },
    "NNG": {
      "반석": 17,
      "말씀": 57,
      "고백": 42,
      "하나님": 43,
      "열쇠": 9,
      "사랑": 31,
      "아들": 20,
      "바닷가": 7,
      "기도": 27,
      "천국": 12,
      "하늘": 18,
      "주": 23,
      "오늘": 23,
      "계시": 7,
      "대답": 11,
      "밤": 9,
      "마음": 18,
      "제목": 8,
      "자녀": 12,
      "축복": 13,
      "찬양": 9,
      "도시": 6,
      "사람": 14,
      "땅": 12,
      "이름": 13,
      "문": 6,
      "삶": 12,
      "절": 12,
      "계속": 8,
      "발": 5,
      "가운데": 11,
      "제자": 6,
      "신앙": 7,
      "말": 11,
      "앞": 10,
      "감사": 8,
      "특별": 5,
      "주님": 5,
      "백성": 6,
      "자리": 7,
      "왕": 5,
      "질문": 5,
      "모습": 7,
      "위": 5,
      "생각": 8,
      "손": 5,
      "믿음": 6,
      "날": 5,
      "곳": 5,
      "교회": 5,
      "은혜": 5
    },
    "NNP": {
      "베드로": 83,
      "예수": 98,
      "시몬아": 9,
      "시몬": 12,
      "영재": 5,
      "갈릴리": 7,
      "마태복음": 8,
      "요한": 5,
      "주님": 8,
      "그리스": 7
    },
    "VA": {
      "이렇": 25,
      "좋": 14,
      "그렇": 14,
      "없": 8,
      "어떻": 6,
      "같": 5
    },
    "VV": {
      "부르": 22,
      "되": 27,
      "있": 25,
      "보": 23,
      "믿": 21,
      "불리": 9,
      "주": 20,
      "열": 11,
      "드리": 18,
      "넣": 7,
      "바라보": 12,
      "나아가": 14,
      "묻": 9,
      "병들": 5,
      "살": 15,
      "풀": 6,
      "알": 13,
      "받": 13,
      "모으": 5,
      "원": 5,
      "모이": 6,
      "깨닫": 7,
      "읽": 10,
      "통하": 9,
      "위하": 8,
      "계시": 6,
      "세우": 5,
      "죽": 5,
      "살아가": 5,
      "듣": 5
    }
  },
  "tfidf": {
    "MAG": {
      "간절히": 0.008038249371437019,
      "다시": 0.005663236853854955
    },
    "NNB": {
      "번": 0.01372875569270475,
      "줄": 0.011046905317114436,
      "수": 0.009236752552260573,
      "장": 0.006315527025819781,
      "분": 0.005506444676010244,
      "때문": 0.0024515635165544194
    },
    "NNG": {
      "반석": 0.029875700644927256,
      "말씀": 0.027777926207275868,
      "고백": 0.027558910941472385,
      "하나님": 0.020904229460379193,
      "열쇠": 0.01707524387670968,
      "사랑": 0.01615626425774871,
      "아들": 0.014669860634084674,
      "바닷가": 0.014135971779962174,
      "기도": 0.013303182511616333,
      "천국": 0.013300682807800826,
      "하늘": 0.013149786798055755,
      "주": 0.011457428337179653,
      "오늘": 0.011304732416765374,
      "계시": 0.009804051638644621,
      "대답": 0.009734900438103837,
      "밤": 0.009235751789664228,
      "마음": 0.009098936561598226,
      "제목": 0.008166582576853045,
      "자녀": 0.008100356126442682,
      "축복": 0.007720497901340762,
      "찬양": 0.0070104681928266415,
      "도시": 0.006835182280709132,
      "사람": 0.006806028196402528,
      "땅": 0.006731827603972584,
      "이름": 0.006358537166371739,
      "문": 0.006093058263124401,
      "삶": 0.006051170023124346,
      "절": 0.005948692684954782,
      "계속": 0.005931571995413964,
      "발": 0.005730301912450736,
      "가운데": 0.005472959321871335,
      "제자": 0.005425317142376586,
      "신앙": 0.005377627083803732,
      "말": 0.005367193825659336,
      "앞": 0.005167301047207434,
      "감사": 0.005084636435706809,
      "특별": 0.004974097861259973,
      "주님": 0.004907498507375397,
      "백성": 0.004882322531065268,
      "자리": 0.004415363397101999,
      "왕": 0.00440483829028089,
      "질문": 0.004151408513118981,
      "모습": 0.004116004422565441,
      "위": 0.003994157146705277,
      "생각": 0.003960960866659155,
      "손": 0.0034461234824987334,
      "믿음": 0.0032921687981721432,
      "날": 0.0030791545303599905,
      "곳": 0.0030217783568806016,
      "교회": 0.002896531520043811,
      "은혜": 0.0028929437343653457
    },
    "NNP": {
      "베드로": 0.09609068460471734,
      "예수": 0.04781681771951045,
      "시몬아": 0.021882006442588624,
      "시몬": 0.021387961530911513,
      "영재": 0.015369494358625203,
      "갈릴리": 0.011037323068170153,
      "마태복음": 0.00957619938978245,
      "요한": 0.0065275250836461405,
      "주님": 0.0053654192892002035,
      "그리스": 0.004888182467664035
    },
    "VA": {
      "이렇": 0.01216845231411314,
      "좋": 0.007805563175451682,
      "그렇": 0.006872754497497663,
      "없": 0.003898656309793104,
      "어떻": 0.002996195652333953,
      "같": 0.002509044431237635
    },
    "VV": {
      "부르": 0.013702663824317673,
      "되": 0.013125911521633447,
      "있": 0.012153621779290228,
      "보": 0.01119497612898409,
      "믿": 0.010785254024795327,
      "불리": 0.010682068853065016,
      "주": 0.00990240216664789,
      "열": 0.009869909971444928,
      "드리": 0.009519774619783643,
      "넣": 0.009229287537899507,
      "바라보": 0.00905586011476564,
      "나아가": 0.00873088106913394,
      "묻": 0.00842455635457319,
      "병들": 0.008057499235745893,
      "살": 0.007481356790170327,
      "풀": 0.007197542027803569,
      "알": 0.0064287154938122105,
      "받": 0.006366296385670813,
      "모으": 0.006023810703460653,
      "원": 0.005947044607081705,
      "모이": 0.005285805948337069,
      "깨닫": 0.005211240439209476,
      "읽": 0.0049632942455592475,
      "통하": 0.004418199319819926,
      "위하": 0.003932080840614043,
      "계시": 0.0037229875960693806,
      "세우": 0.0035566299824422365,
      "죽": 0.002962034044131725,
      "살아가": 0.002867976426825653,
      "듣": 0.0026090369095081493
    }
  }
}