{
  "scope": "sermon",
  "idf_scope": "church",
  "church": "O-Sg",
  "sermon": "O-Sg-0188",
  "document_unit": "sermon_json",
  "document_count": 819,
  "min_count": 5,
  "freq": {
    "MAG": {
      "열심히": 9,
      "안": 12,
      "빨리": 5,
      "막": 7,
      "다": 11,
      "너무": 8,
      "못": 8,
      "지금": 9,
      "굉장히": 6,
      "정말": 6,
      "때로": 5,
      "너무나": 5,
      "더": 7,
      "그냥": 5
    },
    "NNB": {
      "거": 101,
      "수": 23,
      "때문": 19,
      "번": 9,
      "가지": 6
    },
    "NNG": {
      "하나님": 94,
      "단": 16,
      "갱신": 11,
      "에발산": 8,
      "예배": 39,
      "방향": 20,
      "저주": 18,
      "언약": 18,
      "수아": 10,
      "사형틀": 6,
      "이야기": 23,
      "모세": 11,
      "인생": 20,
      "축복": 22,
      "회복": 15,
      "말씀": 25,
      "전쟁": 11,
      "중요": 21,
      "백성": 14,
      "속도": 6,
      "정착": 6,
      "땅": 18,
      "주": 19,
      "자리": 15,
      "돌": 8,
      "자녀": 14,
      "십자가": 13,
      "기도": 17,
      "승리": 8,
      "루": 5,
      "아픔": 6,
      "단어": 8,
      "자격": 5,
      "연합": 5,
      "율법": 6,
      "공동체": 7,
      "삶": 13,
      "오늘": 13,
      "말": 12,
      "관계": 7,
      "가운데": 11,
      "고백": 8,
      "상처": 5,
      "구원": 8,
      "결정": 5,
      "이유": 7,
      "이름": 9,
      "사람": 9,
      "가족": 5,
      "이제": 5,
      "앞": 8,
      "복음": 6,
      "길": 7,
      "생각": 8,
      "상황": 6,
      "곳": 6,
      "교회": 6,
      "뜻": 5,
      "안": 6,
      "성경": 6,
      "사랑": 6,
      "마음": 6,
      "역사": 5,
      "아버지": 5,
      "모습": 5
    },
    "NNP": {
      "여호": 12,
      "이스라엘": 15,
      "가나안": 8,
      "할렐": 5,
      "여호와": 5,
      "예수": 5
    },
    "VA": {
      "없": 26,
      "힘들": 13,
      "어떻": 18,
      "그렇": 15,
      "같": 13,
      "좋": 10,
      "이렇": 7,
      "어렵": 5,
      "많": 5
    },
    "VV": {
      "되": 66,
      "있": 51,
      "멈추": 13,
      "그러": 20,
      "잃": 8,
      "쌓": 7,
      "죽": 13,
      "바꾸": 7,
      "알": 13,
      "받": 13,
      "보": 13,
      "나오": 11,
      "지": 7,
      "끝나": 6,
      "살": 10,
      "드리": 9,
      "갖": 6,
      "돌아오": 5,
      "나가": 6,
      "위하": 8,
      "통하": 8,
      "가지": 7,
      "믿": 6,
      "모르": 5,
      "읽": 5
    }
  },
  "tfidf": {
    "MAG": {
      "열심히": 0.007035855631894864,
      "안": 0.005594512420763586,
      "빨리": 0.005052676644701531,
      "막": 0.004709909134931862,
      "다": 0.004655226563589126,
      "너무": 0.004592897568229485,
      "못": 0.004580934123921579,
      "지금": 0.0043759768962737065,
      "굉장히": 0.004252679650766997,
      "정말": 0.0037053354864207285,
      "때로": 0.0033882452882275376,
      "너무나": 0.0031599099584941016,
      "더": 0.0029229182420936204,
      "그냥": 0.0025586986319761293
    },
    "NNB": {
      "거": 0.04295266324442215,
      "수": 0.00933820544051969,
      "때문": 0.007780305068412211,
      "번": 0.0036854076639847313,
      "가지": 0.0028565474851814706
    },
    "NNG": {
      "하나님": 0.03816483962647178,
      "단": 0.024167732317947378,
      "갱신": 0.022336092379503444,
      "에발산": 0.02147200016756862,
      "예배": 0.02028695234891368,
      "방향": 0.020080084266572065,
      "저주": 0.019342577153943958,
      "언약": 0.018309118050047524,
      "수아": 0.016751057254576485,
      "사형틀": 0.014039937128387298,
      "이야기": 0.011579879228436096,
      "모세": 0.011364069033569887,
      "인생": 0.011333790450517283,
      "축복": 0.010911752772643583,
      "회복": 0.01043149970547672,
      "말씀": 0.010175010187327973,
      "전쟁": 0.010009616804853775,
      "중요": 0.009948631739659514,
      "백성": 0.009514218720369304,
      "속도": 0.009507044702772178,
      "정착": 0.009202140578645488,
      "땅": 0.008433233484391964,
      "주": 0.007904652715881874,
      "자리": 0.007901864022828269,
      "돌": 0.007896677810890073,
      "자녀": 0.007892612522983365,
      "십자가": 0.007328854485627411,
      "기도": 0.006995368329028309,
      "승리": 0.006184878185438279,
      "루": 0.0060896754749207565,
      "아픔": 0.0060111018884254725,
      "단어": 0.005921884884476307,
      "자격": 0.005800393983635164,
      "연합": 0.00576891979253495,
      "율법": 0.005652210987677949,
      "공동체": 0.005561153840856135,
      "삶": 0.0054748388681948885,
      "오늘": 0.005336366918334355,
      "말": 0.004889964654802903,
      "관계": 0.00487511181106866,
      "가운데": 0.004570798751558805,
      "고백": 0.004384021020173516,
      "상처": 0.004330806409078324,
      "구원": 0.004311776931716445,
      "결정": 0.0040645433932387795,
      "이유": 0.0037584145945065276,
      "이름": 0.0036764295749723602,
      "사람": 0.0036540803897685747,
      "가족": 0.0034771665684922405,
      "이제": 0.003457066952205778,
      "앞": 0.0034524200581748086,
      "복음": 0.003440182753530726,
      "길": 0.003361618499720894,
      "생각": 0.003308037556929713,
      "상황": 0.003148774805714915,
      "곳": 0.0030284034495022642,
      "교회": 0.002902882015459254,
      "뜻": 0.002719048634653008,
      "안": 0.0027026402948732327,
      "성경": 0.0026894188046530988,
      "사랑": 0.002611562263030065,
      "마음": 0.002533023752497977,
      "역사": 0.0025205148480591665,
      "아버지": 0.0024954522499627406,
      "모습": 0.002455374136423964
    },
    "NNP": {
      "여호": 0.010543858201114427,
      "이스라엘": 0.010386219690327403,
      "가나안": 0.010082449546959667,
      "할렐": 0.006538099818364107,
      "여호와": 0.004549825820388079,
      "예수": 0.002037485272834543
    },
    "VA": {
      "없": 0.010582010594821093,
      "힘들": 0.008421879044067755,
      "어떻": 0.007506911640500536,
      "그렇": 0.006149841657104877,
      "같": 0.005448181659417426,
      "좋": 0.004656355040863091,
      "이렇": 0.00284553057037621,
      "어렵": 0.002822444633601024,
      "많": 0.0020852532334723712
    },
    "VV": {
      "되": 0.02679658952496955,
      "있": 0.020706455542021926,
      "멈추": 0.012393080905048866,
      "그러": 0.008705207543433551,
      "잃": 0.008555844173851308,
      "쌓": 0.007865868219059262,
      "죽": 0.006431810992620906,
      "바꾸": 0.005377731328487886,
      "알": 0.005369008433118846,
      "받": 0.005316878467448178,
      "보": 0.0052845567735558185,
      "나오": 0.004782014641497996,
      "지": 0.004617797194592729,
      "끝나": 0.0042715395147222114,
      "살": 0.004165421820917678,
      "드리": 0.003975269263681476,
      "갖": 0.0036953516462446445,
      "돌아오": 0.0036843311124511737,
      "나가": 0.0036705696055307577,
      "위하": 0.003283918103590372,
      "통하": 0.0032799155504559347,
      "가지": 0.0029229182420936204,
      "믿": 0.0025735476514127933,
      "모르": 0.0024645529523371714,
      "읽": 0.002072573338025857
    }
  }
}