{
  "scope": "sermon",
  "idf_scope": "church",
  "church": "O-Sg",
  "sermon": "O-Sg-0785",
  "document_unit": "sermon_json",
  "document_count": 819,
  "min_count": 5,
  "freq": {
    "MAG": {
      "더": 15,
      "다시": 5
    },
    "NNB": {
      "때문": 30,
      "수": 28,
      "쪽": 9,
      "차": 7,
      "거": 15,
      "절": 5
    },
    "NNG": {
      "디모": 16,
      "하나님": 65,
      "마가": 13,
      "합력": 9,
      "선교": 19,
      "부르심": 16,
      "여행": 13,
      "길": 30,
      "복음": 25,
      "사람": 33,
      "환상": 11,
      "마게도냐": 6,
      "할례": 7,
      "선": 13,
      "의견": 8,
      "디": 5,
      "사도": 10,
      "가운데": 18,
      "지역": 9,
      "실수": 6,
      "역사": 13,
      "지방": 5,
      "사랑": 14,
      "구원": 11,
      "유대인": 7,
      "주": 14,
      "자리": 11,
      "거절": 5,
      "해석": 6,
      "생각": 13,
      "말씀": 13,
      "중요": 11,
      "바": 5,
      "어머니": 5,
      "교회": 10,
      "믿음": 10,
      "제자": 6,
      "이해": 7,
      "축원": 7,
      "계획": 6,
      "순종": 6,
      "이름": 9,
      "사역": 5,
      "관계": 5,
      "마음": 8,
      "성도": 6,
      "끝": 5,
      "신앙": 5,
      "안": 7,
      "절": 7,
      "성경": 6,
      "삶": 6,
      "이야기": 5,
      "본문": 5,
      "말": 6,
      "시작": 5
    },
    "NNP": {
      "바울": 67,
      "바": 30,
      "디모데": 16,
      "데": 17,
      "신라": 9,
      "울": 12,
      "루스드라": 6,
      "아시아": 8,
      "모데": 5,
      "로마": 12,
      "유럽": 5,
      "유대": 6,
      "그리스": 5
    },
    "VA": {
      "다르": 10,
      "그렇": 12,
      "어떻": 7,
      "이렇": 7
    },
    "VV": {
      "되": 48,
      "있": 41,
      "갈라서": 6,
      "헤어지": 6,
      "바": 8,
      "떠나": 15,
      "보": 21,
      "전하": 15,
      "이루": 14,
      "데리": 7,
      "만나": 12,
      "기": 6,
      "통하": 9,
      "받아들이": 5,
      "대하": 8,
      "쓰": 6,
      "위하": 8,
      "보내": 6,
      "나아가": 6,
      "서": 5,
      "알": 7,
      "받": 7,
      "인하": 5,
      "듣": 6,
      "믿": 6,
      "읽": 5
    }
  },
  "tfidf": {
    "MAG": {
      "더": 0.007311253517545619,
      "다시": 0.002509538605855158
    },
    "NNB": {
      "때문": 0.014339903754177557,
      "수": 0.013270142180094787,
      "쪽": 0.012288585510238852,
      "차": 0.010722167147137748,
      "거": 0.007446324168575743,
      "절": 0.002494260227677505
    },
    "NNG": {
      "디모": 0.04099881893660098,
      "하나님": 0.030805687203791468,
      "마가": 0.02187463333634225,
      "합력": 0.02133236362673213,
      "선교": 0.0200685511475876,
      "부르심": 0.018873543243070893,
      "여행": 0.01709611151310848,
      "길": 0.016817196407879268,
      "복음": 0.016732168487255488,
      "사람": 0.015639810426540283,
      "환상": 0.01540893632259302,
      "마게도냐": 0.014856107176692791,
      "할례": 0.013508069793233837,
      "선": 0.012937356912774128,
      "의견": 0.012711262610687042,
      "디": 0.01094374854715636,
      "사도": 0.008897733947747783,
      "가운데": 0.008730796719155883,
      "지역": 0.008265767276850496,
      "실수": 0.007712110141689621,
      "역사": 0.007649702836019569,
      "지방": 0.007173396002687391,
      "사랑": 0.007113103471864354,
      "구원": 0.006920555237618107,
      "유대인": 0.006800357759000353,
      "주": 0.006798908329983508,
      "자리": 0.006764145401911099,
      "거절": 0.006715893405348691,
      "해석": 0.006676811870755091,
      "생각": 0.00627488474735382,
      "말씀": 0.006176182960910983,
      "중요": 0.006083012406287411,
      "바": 0.0060296643752009126,
      "어머니": 0.005859863453621682,
      "교회": 0.005647550082208644,
      "믿음": 0.005349124184707819,
      "제자": 0.005289041403729212,
      "이해": 0.00520660593185986,
      "축원": 0.005142873299698844,
      "계획": 0.005068374353425274,
      "순종": 0.004672595972003462,
      "이름": 0.004291491015714181,
      "사역": 0.00427474524218893,
      "관계": 0.004064793632587037,
      "마음": 0.003942393366447089,
      "성도": 0.0038927347010347295,
      "끝": 0.0038180807063792864,
      "신앙": 0.003744678033643966,
      "안": 0.0036805862025204904,
      "절": 0.0033829078187466,
      "성경": 0.0031393547468533565,
      "삶": 0.0029495869046366773,
      "이야기": 0.002938516643276129,
      "본문": 0.0029238664065265613,
      "말": 0.0028540243944975238,
      "시작": 0.0024252213108766343
    },
    "NNP": {
      "바울": 0.06443214502045617,
      "바": 0.03986771888843416,
      "디모데": 0.031719005237096774,
      "데": 0.03126600476022581,
      "신라": 0.025240712720034215,
      "울": 0.01716373341059235,
      "루스드라": 0.0160090885267634,
      "아시아": 0.01306777047665207,
      "모데": 0.012586277411042486,
      "로마": 0.011311806049199357,
      "유럽": 0.008376580735456544,
      "유대": 0.006337437204501347,
      "그리스": 0.0034038562410240083
    },
    "VA": {
      "다르": 0.00787645574034133,
      "그렇": 0.00574296113799026,
      "어떻": 0.003407758388464185,
      "이렇": 0.0033215837890220876
    },
    "VV": {
      "되": 0.022748815165876776,
      "있": 0.01943127962085308,
      "갈라서": 0.016827141813356143,
      "헤어지": 0.01173209118995883,
      "바": 0.011239325921876962,
      "떠나": 0.010990446939978608,
      "보": 0.009964751367066264,
      "전하": 0.009909571128454718,
      "이루": 0.008819215756881266,
      "데리": 0.008015164269543433,
      "만나": 0.007231579282588989,
      "기": 0.005414699634147327,
      "통하": 0.004307220853492695,
      "받아들이": 0.003994921202126223,
      "대하": 0.0038898327753252105,
      "쓰": 0.0038578434424798077,
      "위하": 0.003833312933243169,
      "보내": 0.003833180652185697,
      "나아가": 0.0036478176762102595,
      "서": 0.003417307563310276,
      "알": 0.0033746654901714193,
      "받": 0.003341899440658915,
      "인하": 0.003082406514689101,
      "듣": 0.0030522022310094385,
      "믿": 0.0030040985144216634,
      "읽": 0.0024193119106908465
    }
  }
}