{
  "scope": "sermon",
  "idf_scope": "church",
  "church": "O-Sg",
  "sermon": "O-Sg-0140",
  "document_unit": "sermon_json",
  "document_count": 819,
  "min_count": 5,
  "freq": {
    "MAG": {
      "다시": 16,
      "이제": 10
    },
    "NNB": {
      "수": 16,
      "분": 8,
      "번": 6,
      "때문": 5
    },
    "NNG": {
      "제자": 45,
      "부활": 39,
      "삶": 57,
      "주": 53,
      "권세": 22,
      "명령": 14,
      "사람": 25,
      "생명": 16,
      "사명": 9,
      "죽음": 12,
      "초청": 7,
      "후": 12,
      "말씀": 19,
      "초대": 7,
      "사망": 6,
      "의심": 6,
      "능력": 12,
      "인정": 8,
      "선언": 5,
      "시작": 14,
      "위로": 6,
      "하나님": 14,
      "단순": 5,
      "축원": 8,
      "이전": 6,
      "이름": 12,
      "목적": 6,
      "소망": 7,
      "두려움": 5,
      "약속": 6,
      "인간": 6,
      "땅": 8,
      "가운데": 9,
      "하늘": 6,
      "성도": 6,
      "절": 8,
      "고백": 6,
      "오늘": 8,
      "세상": 7,
      "이후": 5,
      "사랑": 7,
      "길": 6,
      "인생": 5,
      "아버지": 5,
      "은혜": 5,
      "말": 5
    },
    "NNP": {
      "예수": 74,
      "갈릴리": 6,
      "그리스도": 6
    },
    "VA": {
      "새롭": 19,
      "같": 7,
      "어떻": 5
    },
    "VV": {
      "있": 40,
      "살": 30,
      "만나": 22,
      "되": 26,
      "깨뜨리": 6,
      "주": 13,
      "가르치": 7,
      "전하": 7,
      "살아가": 8,
      "시": 5,
      "향하": 7,
      "주어지": 5,
      "죽": 6,
      "보": 7,
      "가지": 5,
      "읽": 5,
      "위하": 5,
      "통하": 5,
      "받": 5
    }
  },
  "tfidf": {
    "MAG": {
      "다시": 0.011089270069852112,
      "이제": 0.006990328341084474
    },
    "NNB": {
      "수": 0.010471204188481676,
      "분": 0.005391126462900082,
      "번": 0.0039603660891773095,
      "때문": 0.0033003050743144247
    },
    "NNG": {
      "제자": 0.05477688495681595,
      "부활": 0.04710815014512294,
      "삶": 0.03869402454413756,
      "주": 0.035542348473357126,
      "권세": 0.03327559951066231,
      "명령": 0.017201509215737532,
      "사람": 0.016361256544502618,
      "생명": 0.014558494518448843,
      "사명": 0.013941577745184156,
      "죽음": 0.013412744468302215,
      "초청": 0.013018579338101447,
      "후": 0.012796108469864204,
      "말씀": 0.012464920202523223,
      "초대": 0.011736039950336334,
      "사망": 0.010676197984867391,
      "의심": 0.010596867982311686,
      "능력": 0.010345972985856256,
      "인정": 0.010016997850748308,
      "선언": 0.009427325271452873,
      "시작": 0.009377099152263844,
      "위로": 0.009332142200234017,
      "하나님": 0.009162303664921465,
      "단순": 0.008479419266497198,
      "축원": 0.008116277234378879,
      "이전": 0.00807649931933108,
      "이름": 0.007901436337833266,
      "목적": 0.007137408881279559,
      "소망": 0.006632649601806803,
      "두려움": 0.006423760306669324,
      "약속": 0.0061881137327028145,
      "인간": 0.006078914994358203,
      "땅": 0.006041609677736303,
      "가운데": 0.006028135169312472,
      "하늘": 0.005900766021727898,
      "성도": 0.005375438625119948,
      "절": 0.005338770005650955,
      "고백": 0.005299988762771942,
      "오늘": 0.005293383697083172,
      "세상": 0.0052604160474686405,
      "이후": 0.004950458810418123,
      "사랑": 0.00491120691283828,
      "길": 0.004644539845631578,
      "인생": 0.0045672653598861366,
      "아버지": 0.004022446918624496,
      "은혜": 0.003894492972244448,
      "말": 0.003284244912952539
    },
    "NNP": {
      "예수": 0.04860682471169758,
      "갈릴리": 0.012735849037710923,
      "그리스도": 0.004633058253911284
    },
    "VA": {
      "새롭": 0.01774457740437405,
      "같": 0.004728760571386218,
      "어떻": 0.0033612426139021274
    },
    "VV": {
      "있": 0.02617801047120419,
      "살": 0.020142867692906234,
      "만나": 0.018307695805943547,
      "되": 0.017015706806282723,
      "깨뜨리": 0.01192333313794395,
      "주": 0.008664925927301413,
      "가르치": 0.007950564855185381,
      "전하": 0.00638587982405219,
      "살아가": 0.006177411005215046,
      "시": 0.005993352612822839,
      "향하": 0.005759677814625334,
      "주어지": 0.005695670092516142,
      "죽": 0.004785003163962532,
      "보": 0.00458674201232762,
      "가지": 0.0033653457508772376,
      "읽": 0.003340803751019428,
      "위하": 0.0033083648106769824,
      "통하": 0.003304332461049152,
      "받": 0.0032962826382714615
    }
  }
}