{
  "scope": "sermon",
  "idf_scope": "church",
  "church": "O-Sg",
  "sermon": "O-Sg-0600",
  "document_unit": "sermon_json",
  "document_count": 819,
  "min_count": 5,
  "freq": {
    "MAG": {
      "이제": 26,
      "정말": 18,
      "잘": 13,
      "다": 12,
      "많이": 7,
      "더": 8,
      "가장": 6,
      "지금": 5
    },
    "NNB": {
      "수": 33,
      "거": 28,
      "번": 25,
      "분": 24,
      "줄": 9,
      "장": 11,
      "때문": 9,
      "가지": 5,
      "절": 5
    },
    "NNG": {
      "친구": 58,
      "하나님": 51,
      "스님": 8,
      "얘기": 28,
      "구명": 6,
      "오늘": 35,
      "말세": 6,
      "사람": 27,
      "목사": 16,
      "시록": 7,
      "말씀": 24,
      "예언": 9,
      "학년": 6,
      "구원": 16,
      "예배": 16,
      "꿈": 8,
      "마지막": 15,
      "교회": 16,
      "한": 11,
      "책": 8,
      "새신자": 5,
      "감사": 11,
      "절": 14,
      "사랑": 13,
      "마음": 13,
      "순간": 9,
      "전달": 5,
      "주": 13,
      "눈": 9,
      "앞": 12,
      "구약": 6,
      "성경": 11,
      "전": 10,
      "천국": 5,
      "생각": 11,
      "축복": 9,
      "번": 5,
      "날": 8,
      "시대": 6,
      "장": 8,
      "영광": 6,
      "가운데": 9,
      "사역": 5,
      "역사": 7,
      "죽음": 5,
      "기도": 8,
      "땅": 7,
      "말": 8,
      "자리": 6,
      "십자가": 5,
      "처음": 5,
      "지금": 5,
      "아버지": 5,
      "은혜": 5,
      "세상": 5,
      "삶": 5
    },
    "NNP": {
      "예수": 37,
      "요한계시록": 5,
      "그리스도": 9
    },
    "VA": {
      "좋": 35,
      "이렇": 30,
      "그렇": 17,
      "같": 15,
      "없": 15,
      "어떻": 10,
      "많": 6
    },
    "VV": {
      "있": 115,
      "되": 60,
      "보": 41,
      "요": 11,
      "죽": 20,
      "믿": 18,
      "열리": 10,
      "꾸": 5,
      "살": 16,
      "위하": 16,
      "대하": 15,
      "주": 15,
      "받": 15,
      "가지": 12,
      "타": 5,
      "계시": 8,
      "통하": 10,
      "일어나": 9,
      "시": 5,
      "듣": 8,
      "먹": 5,
      "인하": 6,
      "갖": 5,
      "들어가": 5,
      "얻": 5,
      "쓰": 5,
      "그러": 6,
      "나누": 5,
      "읽": 6,
      "알": 6
    }
  },
  "tfidf": {
    "MAG": {
      "이제": 0.010579495784175387,
      "정말": 0.010429990060633434,
      "잘": 0.005454075540765239,
      "다": 0.004765017361504423,
      "많이": 0.0031934906949695223,
      "더": 0.0031343227778074935,
      "가장": 0.002706913559805341,
      "지금": 0.0022810647821210877
    },
    "NNB": {
      "수": 0.012571428571428572,
      "거": 0.01117279573027187,
      "번": 0.00960545934009989,
      "분": 0.009414447126070088,
      "줄": 0.005193939254241005,
      "장": 0.004536553333753149,
      "때문": 0.003457965362435959,
      "가지": 0.002233548081270464,
      "절": 0.0020049101258664895
    },
    "NNG": {
      "친구": 0.045061545981756636,
      "하나님": 0.019428571428571427,
      "스님": 0.018034422464092172,
      "얘기": 0.01605063016202249,
      "구명": 0.01352581684806913,
      "오늘": 0.013480483815238479,
      "말세": 0.011145350848461903,
      "사람": 0.010285714285714285,
      "목사": 0.009526705265306827,
      "시록": 0.00934563125564622,
      "말씀": 0.00916518403342219,
      "예언": 0.008442103776335357,
      "학년": 0.008151244831695466,
      "구원": 0.00809135739643246,
      "예배": 0.007809213364258759,
      "꿈": 0.007685846962034418,
      "마지막": 0.007614727956340983,
      "교회": 0.007263287267632907,
      "한": 0.006714322277210092,
      "책": 0.006559927706083843,
      "새신자": 0.0065383585166518925,
      "감사": 0.005478574696701808,
      "절": 0.005438427045756439,
      "사랑": 0.00530918172063236,
      "마음": 0.005149516668649696,
      "순간": 0.005124672829152367,
      "전달": 0.0050901937863708,
      "주": 0.00507466817663803,
      "눈": 0.004873528388902335,
      "앞": 0.004859034630448317,
      "구약": 0.004701291794262054,
      "성경": 0.004626312614251836,
      "전": 0.0044014130904094775,
      "천국": 0.004342778497721635,
      "생각": 0.004267841025233177,
      "축복": 0.0041884125317955025,
      "번": 0.004070762491581971,
      "날": 0.0038606146248841146,
      "시대": 0.00377718931892497,
      "장": 0.0037091489683438554,
      "영광": 0.0035288833966328663,
      "가운데": 0.003508948776651221,
      "사역": 0.0034360809375309116,
      "역사": 0.003310948304410521,
      "죽음": 0.0032531227853279023,
      "기도": 0.0030887784326089364,
      "땅": 0.0030771931958603563,
      "말": 0.0030587893193090923,
      "자리": 0.002965682451539204,
      "십자가": 0.0026448305638242216,
      "처음": 0.002604157945785043,
      "지금": 0.0025974628179613393,
      "아버지": 0.0023414471968221827,
      "은혜": 0.0022669658139388635,
      "세상": 0.0021871879511651928,
      "삶": 0.0019757550377090126
    },
    "NNP": {
      "예수": 0.014146900601804551,
      "요한계시록": 0.006092275873793235,
      "그리스도": 0.004045321721129395
    },
    "VA": {
      "좋": 0.01529146995419439,
      "이렇": 0.011442517216059763,
      "그렇": 0.006539683048244783,
      "같": 0.005898405022920932,
      "없": 0.005728240020888868,
      "어떻": 0.003913126639270439,
      "많": 0.0023478759835622635
    },
    "VV": {
      "있": 0.04380952380952381,
      "되": 0.022857142857142857,
      "보": 0.01563810686194834,
      "요": 0.012608405226333223,
      "죽": 0.009284425186710793,
      "믿": 0.007244168989062526,
      "열리": 0.006515686774520441,
      "꾸": 0.006486169994388817,
      "살": 0.006253369261665672,
      "위하": 0.006162506886966162,
      "대하": 0.0058625336828115665,
      "주": 0.005819783216227059,
      "받": 0.005756251281461478,
      "가지": 0.004701484166711241,
      "타": 0.004122146468149974,
      "계시": 0.0038898719924392207,
      "통하": 0.0038468723813204603,
      "일어나": 0.003729938360551419,
      "시": 0.0034887020161498278,
      "듣": 0.003271185629170751,
      "먹": 0.0029811784878717197,
      "인하": 0.002973201255311544,
      "갖": 0.002889413049111289,
      "들어가": 0.002689895276808311,
      "얻": 0.0026108766896287923,
      "쓰": 0.0025841427503594905,
      "그러": 0.002450391563368782,
      "나누": 0.0024281101361349443,
      "읽": 0.0023335991458549423,
      "알": 0.002325075652003819
    }
  }
}