{
  "scope": "sermon",
  "idf_scope": "church",
  "church": "O-Sg",
  "sermon": "O-Sg-0803",
  "document_unit": "sermon_json",
  "document_count": 819,
  "min_count": 5,
  "freq": {
    "MAG": {
      "불쌍히": 12,
      "간절히": 9,
      "온전히": 5,
      "다시": 5
    },
    "NNB": {
      "장": 14,
      "수": 14,
      "번": 12,
      "절": 5
    },
    "NNG": {
      "바디메오": 21,
      "바디메": 12,
      "말씀": 55,
      "소경": 9,
      "사람": 40,
      "자손": 14,
      "기도": 32,
      "하나님": 30,
      "눈": 18,
      "소": 8,
      "오늘": 20,
      "겉옷": 5,
      "믿음": 17,
      "환경": 8,
      "마음": 16,
      "앞": 15,
      "이름": 15,
      "구원": 11,
      "소리": 8,
      "간구": 5,
      "선생": 5,
      "주": 13,
      "가운데": 13,
      "절": 13,
      "말": 12,
      "선포": 7,
      "삶": 11,
      "감사": 7,
      "영혼": 5,
      "영광": 5,
      "아들": 5,
      "고백": 5,
      "상황": 5,
      "모습": 5,
      "시작": 5
    },
    "NNP": {
      "예수": 90,
      "예수여": 12,
      "다윗": 15,
      "마가복음": 9,
      "메시아": 7,
      "나사렛": 5,
      "주님": 10
    },
    "VA": {
      "이렇": 22,
      "그렇": 19,
      "크": 6,
      "없": 6,
      "좋": 5,
      "많": 5
    },
    "VV": {
      "부르짖": 26,
      "부르": 19,
      "보": 24,
      "있": 23,
      "되": 20,
      "듣": 17,
      "드리": 16,
      "만나": 13,
      "보이": 12,
      "깨닫": 8,
      "통하": 12,
      "원하": 11,
      "읽": 11,
      "구하": 6,
      "믿": 9,
      "내": 6,
      "그러": 8,
      "주": 8,
      "바라보": 5,
      "향하": 6,
      "살": 7,
      "나누": 5,
      "일어나": 5,
      "받": 5
    }
  },
  "tfidf": {
    "MAG": {
      "불쌍히": 0.023236271438354973,
      "간절히": 0.00987145012360952,
      "온전히": 0.005384902961802175,
      "다시": 0.003161269527375751
    },
    "NNB": {
      "장": 0.009048484939779005,
      "수": 0.00835820895522388,
      "번": 0.007225599264791558,
      "절": 0.0031420233315818122
    },
    "NNG": {
      "바디메오": 0.07927355794740691,
      "바디메": 0.04529917596994681,
      "말씀": 0.032916006090182304,
      "소경": 0.03277540170174196,
      "사람": 0.023880597014925373,
      "자손": 0.02186134803123672,
      "기도": 0.019362491667100797,
      "하나님": 0.01791044776119403,
      "눈": 0.015275238233872989,
      "소": 0.012291371478008536,
      "오늘": 0.012072075058422518,
      "겉옷": 0.011927559025534301,
      "믿음": 0.011455109522714594,
      "환경": 0.010153112986156895,
      "마음": 0.009932477615765201,
      "앞": 0.009518631272333456,
      "이름": 0.009009996062842711,
      "구원": 0.008717833762014451,
      "소리": 0.00861584473888348,
      "간구": 0.008304628821197296,
      "선생": 0.008055728496006099,
      "주": 0.007952838187268555,
      "가운데": 0.007943142753115948,
      "절": 0.007914128909869445,
      "말": 0.007190437578972866,
      "선포": 0.006896279410588366,
      "삶": 0.006811931547922118,
      "감사": 0.005463707465503159,
      "영혼": 0.004932896498596043,
      "영광": 0.0046086163761996386,
      "아들": 0.004503866167807787,
      "고백": 0.004029046183838571,
      "상황": 0.003858424052973053,
      "모습": 0.003610499401798342,
      "시작": 0.003055054905044596
    },
    "NNP": {
      "예수": 0.0539282818422965,
      "예수여": 0.03276759492056704,
      "다윗": 0.02393150810010152,
      "마가복음": 0.01979437244519901,
      "메시아": 0.012141482429059878,
      "나사렛": 0.01164967716563576,
      "주님": 0.00823631901334688
    },
    "VA": {
      "이렇": 0.013150355606516444,
      "그렇": 0.011454493135424357,
      "크": 0.003993638974955894,
      "없": 0.0035908370280198876,
      "좋": 0.0034234634225808335,
      "많": 0.00306625594868206
    },
    "VV": {
      "부르짖": 0.04881722977226987,
      "부르": 0.014533004348597224,
      "보": 0.014345842479836121,
      "있": 0.01373134328358209,
      "되": 0.011940298507462687,
      "듣": 0.010893780500130205,
      "드리": 0.010391868069197984,
      "만나": 0.009868767150319202,
      "보이": 0.007661577359511138,
      "깨닫": 0.007313959289350203,
      "통하": 0.00723441671711012,
      "원하": 0.007179481018734506,
      "읽": 0.006704743814583229,
      "구하": 0.00618945717852114,
      "믿": 0.005676401073519143,
      "내": 0.005382907749970286,
      "그러": 0.005120221177188499,
      "주": 0.004864296419533064,
      "바라보": 0.004633807028873861,
      "향하": 0.004503601382045634,
      "살": 0.004287524633698012,
      "나누": 0.0038052472282711814,
      "일어나": 0.00324745877162437,
      "받": 0.0030069969380768914
    }
  }
}