{
  "scope": "sermon",
  "idf_scope": "church",
  "church": "O-Sg",
  "sermon": "O-Sg-0053",
  "document_unit": "sermon_json",
  "document_count": 819,
  "min_count": 5,
  "freq": {
    "MAG": {
      "지금": 8,
      "특별히": 6,
      "다시": 8,
      "못": 5,
      "잘": 6,
      "이제": 5,
      "다": 5,
      "더": 5
    },
    "NNB": {
      "거": 31,
      "수": 29,
      "외": 5,
      "때문": 10,
      "뿐": 5,
      "가지": 5,
      "분": 5
    },
    "NNG": {
      "도피": 45,
      "피": 30,
      "하나님": 61,
      "복수": 14,
      "땅": 43,
      "대제사장": 15,
      "고의": 8,
      "레위인": 9,
      "부지중": 6,
      "사람": 41,
      "죄": 30,
      "보복": 8,
      "악순환": 7,
      "실수": 10,
      "살인": 8,
      "피해자": 5,
      "해결": 12,
      "소식": 10,
      "말": 22,
      "공동체": 11,
      "재판": 6,
      "판단": 9,
      "유산": 5,
      "죽음": 11,
      "부분": 11,
      "삶": 17,
      "일종": 5,
      "말씀": 16,
      "문제": 11,
      "안": 14,
      "가족": 9,
      "생각": 15,
      "자유": 8,
      "성": 7,
      "당시": 9,
      "성경": 12,
      "지역": 6,
      "상태": 6,
      "곳": 8,
      "절": 9,
      "내용": 6,
      "회복": 5,
      "백성": 5,
      "가운데": 8,
      "기도": 8,
      "예배": 6,
      "사랑": 6,
      "필요": 5,
      "오늘": 6
    },
    "NNP": {
      "민수기": 5,
      "예수": 18,
      "이스라엘": 6,
      "그리스도": 6
    },
    "VA": {
      "이렇": 20,
      "없": 18,
      "어떻": 10,
      "많": 9,
      "그렇": 9
    },
    "VV": {
      "되": 75,
      "더럽히": 18,
      "있": 62,
      "흘리": 14,
      "보": 28,
      "죽": 19,
      "거하": 8,
      "살": 20,
      "죽이": 10,
      "모르": 15,
      "들어가": 11,
      "범하": 5,
      "알": 15,
      "위하": 14,
      "베풀": 7,
      "피하": 6,
      "짓": 9,
      "나오": 12,
      "만들": 9,
      "나가": 7,
      "받": 9,
      "얻": 6,
      "드리": 7,
      "읽": 6,
      "그러": 5,
      "대하": 5
    }
  },
  "tfidf": {
    "MAG": {
      "지금": 0.004586152266590985,
      "특별히": 0.0044102965141877325,
      "다시": 0.004055625817791773,
      "못": 0.003375670400675816,
      "잘": 0.003163150928565472,
      "이제": 0.002556539422014618,
      "다": 0.002494848127881983,
      "더": 0.002461583679914035
    },
    "NNB": {
      "거": 0.015543770986645583,
      "수": 0.013882240306366683,
      "외": 0.005855945790697495,
      "때문": 0.004828019294928139,
      "뿐": 0.003921892322297293,
      "가지": 0.002806636531036366,
      "분": 0.002464588689358343
    },
    "NNG": {
      "도피": 0.09428889054750564,
      "피": 0.031078892711039773,
      "하나님": 0.02920057443752992,
      "복수": 0.02445383370797813,
      "땅": 0.023752867536260533,
      "대제사장": 0.022966334373442667,
      "고의": 0.022071399487613157,
      "레위인": 0.021844051266532966,
      "부지중": 0.020151719941689863,
      "사람": 0.019626615605552896,
      "죄": 0.01870403572315439,
      "보복": 0.01786417195800814,
      "악순환": 0.017506358943653464,
      "실수": 0.012982728896573401,
      "살인": 0.012938519865857225,
      "피해자": 0.011534065539401948,
      "해결": 0.010990406449935434,
      "소식": 0.010589450047702715,
      "말": 0.01056995471458234,
      "공동체": 0.010303517815107383,
      "재판": 0.009940093149475174,
      "판단": 0.009879768043314939,
      "유산": 0.009186460817018688,
      "죽음": 0.008993194870880152,
      "부분": 0.008628163109054045,
      "삶": 0.008441174586669669,
      "일종": 0.008215984253811018,
      "말씀": 0.007677870779554251,
      "문제": 0.007436163343019624,
      "안": 0.007435171744679976,
      "가족": 0.007379449624104116,
      "생각": 0.007313035396168516,
      "자유": 0.007189743850549668,
      "성": 0.006927611721034609,
      "당시": 0.006379674499762586,
      "성경": 0.006341827205227939,
      "지역": 0.005565906798836619,
      "상태": 0.005309290905100334,
      "곳": 0.004760783594143339,
      "절": 0.004393176467072279,
      "내용": 0.004174880704178837,
      "회복": 0.004099694235613398,
      "백성": 0.004006277902665252,
      "가운데": 0.003919361965303742,
      "기도": 0.003881303679080162,
      "예배": 0.0036798441385553927,
      "사랑": 0.0030791181684265445,
      "필요": 0.0030167902013198693,
      "오늘": 0.0029038859343500792
    },
    "NNP": {
      "민수기": 0.010845501459814152,
      "예수": 0.00864814476647646,
      "이스라엘": 0.004898278429349237,
      "그리스도": 0.003388852566767086
    },
    "VA": {
      "이렇": 0.009585641516565144,
      "없": 0.008637604626998533,
      "어떻": 0.004917164877015271,
      "많": 0.004425448389313744,
      "그렇": 0.004350519866380846
    },
    "VV": {
      "되": 0.03590234561991384,
      "더럽히": 0.034429478661547074,
      "있": 0.02967927237912877,
      "흘리": 0.016680363433470385,
      "보": 0.013419898123191202,
      "죽": 0.011083310344356171,
      "거하": 0.010063762471130057,
      "살": 0.009822339822805401,
      "죽이": 0.008767680988409094,
      "모르": 0.0087173680061366,
      "들어가": 0.007436163343019624,
      "범하": 0.0074058971359909995,
      "알": 0.007304121094435165,
      "위하": 0.006775733846816851,
      "베풀": 0.00665391798379197,
      "피하": 0.006612156731828186,
      "짓": 0.006579691192855435,
      "나오": 0.006150712596027449,
      "만들": 0.005561730320200471,
      "나가": 0.005049009938483788,
      "받": 0.00433992138262414,
      "얻": 0.003936937085845235,
      "드리": 0.003645424039951722,
      "읽": 0.0029323589075486945,
      "그러": 0.00256593180702212,
      "대하": 0.0024555849557013503
    }
  }
}