{
  "scope": "sermon",
  "idf_scope": "church",
  "church": "O-Sg",
  "sermon": "O-Sg-0632",
  "document_unit": "sermon_json",
  "document_count": 819,
  "min_count": 5,
  "freq": {
    "MAG": {
      "뜻대로": 6,
      "멀리": 5,
      "다": 11,
      "안": 8,
      "더": 8,
      "너무나": 5
    },
    "NNB": {
      "수": 27,
      "거": 23,
      "때문": 12
    },
    "NNG": {
      "상자": 21,
      "갈대": 22,
      "자녀": 61,
      "모세": 30,
      "부모": 36,
      "하나님": 70,
      "의탁": 14,
      "딸": 21,
      "요게벳": 8,
      "믿음": 38,
      "나일": 6,
      "아기": 11,
      "전수": 7,
      "조기": 5,
      "벳": 5,
      "환경": 13,
      "젖": 5,
      "바": 10,
      "강가": 5,
      "강": 8,
      "세대": 9,
      "적대": 5,
      "신앙": 14,
      "인도하심": 6,
      "결단": 8,
      "최선": 7,
      "교육": 7,
      "시기": 8,
      "인구": 5,
      "은혜": 14,
      "이야기": 13,
      "양육": 5,
      "경험": 13,
      "마음": 15,
      "명령": 8,
      "사람": 14,
      "가운데": 13,
      "현실": 5,
      "여자": 5,
      "이름": 11,
      "사회": 6,
      "구원": 8,
      "순간": 7,
      "삶": 10,
      "상황": 8,
      "세상": 9,
      "가정": 6,
      "사실": 7,
      "생명": 7,
      "뜻": 7,
      "말씀": 9,
      "손": 6,
      "의미": 7,
      "성도": 6,
      "시작": 8,
      "고백": 6,
      "말": 8,
      "안": 7,
      "축원": 5,
      "성경": 7,
      "표현": 5,
      "사랑": 6,
      "절": 6
    },
    "NNP": {
      "히브리": 9,
      "모세": 6,
      "바": 5
    },
    "VA": {
      "없": 17,
      "그렇": 15,
      "어떻": 13,
      "어렵": 8,
      "좋": 9,
      "이렇": 10,
      "같": 8
    },
    "VV": {
      "되": 53,
      "떠나보내": 9,
      "있": 36,
      "키우": 12,
      "보": 27,
      "숨기": 7,
      "넣": 5,
      "시키": 5,
      "가르치": 7,
      "위하": 12,
      "태어나": 6,
      "두": 7,
      "맡기": 5,
      "받": 10,
      "보내": 7,
      "따르": 6,
      "대하": 7,
      "쓰": 5,
      "일어나": 6,
      "읽": 5,
      "알": 5,
      "통하": 5
    }
  },
  "tfidf": {
    "MAG": {
      "뜻대로": 0.009128467271167527,
      "멀리": 0.006071902300269185,
      "다": 0.005727184328731278,
      "안": 0.0045885061912556485,
      "더": 0.0041096889569154195,
      "너무나": 0.003887541572313173
    },
    "NNB": {
      "수": 0.013486513486513486,
      "거": 0.012033636759939419,
      "때문": 0.006045393990272657
    },
    "NNG": {
      "상자": 0.053184409202549375,
      "갈대": 0.05026164971790275,
      "자녀": 0.04230804136187347,
      "모세": 0.038129645849172604,
      "부모": 0.03541578991550766,
      "하나님": 0.03496503496503497,
      "의탁": 0.03112732728836935,
      "딸": 0.02980877506786066,
      "요게벳": 0.02641635185450625,
      "믿음": 0.02142321564085279,
      "나일": 0.021027444035060003,
      "아기": 0.016893271164992656,
      "전수": 0.016849414623643824,
      "조기": 0.015234431637922574,
      "벳": 0.014394091386620844,
      "환경": 0.013803948256341557,
      "젖": 0.012848039417574331,
      "바": 0.0127098819497242,
      "강가": 0.012490644703187035,
      "강": 0.011915750335847986,
      "세대": 0.01143889375475178,
      "적대": 0.011316809465310572,
      "신앙": 0.011050728183201073,
      "인도하심": 0.010548400394301318,
      "결단": 0.010260302832190366,
      "최선": 0.010187111170145308,
      "교육": 0.010045532983590283,
      "시기": 0.009382666032163332,
      "인구": 0.008715775811893587,
      "은혜": 0.008322776589635686,
      "이야기": 0.00805229885365277,
      "양육": 0.008015720953866217,
      "경험": 0.007992173363959283,
      "마음": 0.007790756121881266,
      "명령": 0.007502185266632496,
      "사람": 0.006993006993006993,
      "가운데": 0.006645736319415192,
      "현실": 0.006216155132817118,
      "여자": 0.00593552833914318,
      "이름": 0.00552811113745844,
      "사회": 0.0054558233224538,
      "구원": 0.005304648642766036,
      "순간": 0.005226210635790584,
      "삶": 0.00518117579818797,
      "상황": 0.005165123107876015,
      "세상": 0.0051620694651626055,
      "가정": 0.0049808156679680944,
      "사실": 0.004892958258852385,
      "생명": 0.004861315477314211,
      "뜻": 0.004683228522482768,
      "말씀": 0.004506482533916068,
      "손": 0.004248956645454482,
      "의미": 0.004218581448750612,
      "성도": 0.004102732377214426,
      "시작": 0.004089683888870888,
      "고백": 0.0040451462684892745,
      "말": 0.004010650331261922,
      "안": 0.0038791393043547625,
      "축원": 0.0038716507286872272,
      "성경": 0.00386016230528006,
      "표현": 0.0034859048301228855,
      "사랑": 0.0032129260009206052,
      "절": 0.003056059154083913
    },
    "NNP": {
      "히브리": 0.017445537709252168,
      "모세": 0.01138046354094951,
      "바": 0.007003070833715958
    },
    "VA": {
      "없": 0.008512244786285907,
      "그렇": 0.007565964036687969,
      "어떻": 0.006670102226029157,
      "어렵": 0.005555789116930527,
      "좋": 0.00515571539414646,
      "이렇": 0.005001100181844302,
      "같": 0.004124758757287365
    },
    "VV": {
      "되": 0.026473526473526472,
      "떠나보내": 0.021663533087542063,
      "있": 0.017982017982017984,
      "키우": 0.0175635215613193,
      "보": 0.013502970490979616,
      "숨기": 0.010552295307794248,
      "넣": 0.006773456709525933,
      "시키": 0.006594405939156012,
      "가르치": 0.006068163385975656,
      "위하": 0.006060157559298018,
      "태어나": 0.005990641327322964,
      "두": 0.005729253889006325,
      "맡기": 0.005608073264816905,
      "받": 0.005031688183095698,
      "보내": 0.00471329322617239,
      "따르": 0.003661199765555509,
      "대하": 0.0035872146660560285,
      "쓰": 0.003388299060786045,
      "일어나": 0.003260435629852639,
      "읽": 0.002549824241537306,
      "알": 0.0025405109833957808,
      "통하": 0.0025219880122293228
    }
  }
}