{
  "scope": "sermon",
  "idf_scope": "church",
  "church": "O-Sg",
  "sermon": "O-Sg-0700",
  "document_unit": "sermon_json",
  "document_count": 819,
  "min_count": 5,
  "freq": {
    "MAG": {
      "다": 18,
      "가까이": 6,
      "이제": 10,
      "못": 5,
      "안": 6
    },
    "NNB": {
      "거": 19,
      "때문": 15,
      "수": 13,
      "장": 11,
      "절": 7
    },
    "NNG": {
      "옷": 54,
      "갑옷": 16,
      "사랑": 54,
      "빚": 9,
      "어둠": 15,
      "가죽": 8,
      "구원": 26,
      "하나님": 34,
      "예복": 6,
      "빛": 16,
      "잔치": 9,
      "드레스": 5,
      "말씀": 28,
      "원수": 9,
      "왕": 13,
      "마음": 22,
      "표현": 16,
      "의로움": 5,
      "사람": 21,
      "율법": 9,
      "코드": 5,
      "문화": 9,
      "지진": 5,
      "술": 5,
      "시대": 10,
      "도": 11,
      "인간": 10,
      "음란": 5,
      "부모": 7,
      "정체": 5,
      "죄": 10,
      "초대": 5,
      "완성": 5,
      "육신": 5,
      "십자가": 9,
      "삶": 12,
      "죽음": 7,
      "절": 11,
      "역사": 8,
      "자녀": 7,
      "세상": 8,
      "앞": 8,
      "모습": 7,
      "사건": 5,
      "장": 6,
      "생명": 5,
      "믿음": 6,
      "속": 5,
      "시작": 6,
      "기도": 6
    },
    "NNP": {
      "예수": 54,
      "로마서": 7,
      "그리스": 11,
      "그리스도": 12
    },
    "VA": {
      "희": 6,
      "그렇": 12,
      "없": 9,
      "이렇": 9
    },
    "VV": {
      "입": 66,
      "빚지": 19,
      "되": 52,
      "갚": 12,
      "있": 36,
      "벗": 7,
      "보": 19,
      "만들": 11,
      "읽": 12,
      "받": 12,
      "위하": 10,
      "믿": 8,
      "살": 8,
      "지": 5,
      "원하": 6,
      "주": 6,
      "죽": 5,
      "드리": 5,
      "일어나": 5,
      "대하": 5,
      "통하": 5
    }
  },
  "tfidf": {
    "MAG": {
      "다": 0.00929284589446442,
      "가까이": 0.006801691949438375,
      "이제": 0.005290352503802415,
      "못": 0.0034927070168458544,
      "안": 0.003412403192754015
    },
    "NNB": {
      "거": 0.009857128476744312,
      "때문": 0.00749311464123691,
      "수": 0.0064388311045071814,
      "장": 0.005898193413126307,
      "절": 0.0036493534980482165
    },
    "NNG": {
      "옷": 0.06051442115104872,
      "갑옷": 0.04076754815490252,
      "사랑": 0.02867285818949354,
      "빚": 0.02124011305092953,
      "어둠": 0.01769263128877205,
      "가죽": 0.01763727707671844,
      "구원": 0.01709494620810164,
      "하나님": 0.016840019811788013,
      "예복": 0.016067516336595106,
      "빛": 0.01589318962339453,
      "잔치": 0.015689374137734947,
      "드레스": 0.013942206039074945,
      "말씀": 0.013902117930834795,
      "원수": 0.013214140617659948,
      "왕": 0.011668130829163079,
      "마음": 0.011330231554635577,
      "표현": 0.01106097112615119,
      "의로움": 0.01058770959824951,
      "사람": 0.010401188707280832,
      "율법": 0.010342790239710839,
      "코드": 0.01008350218061395,
      "문화": 0.009577812968392737,
      "지진": 0.008535474153583416,
      "술": 0.00833456889154189,
      "시대": 0.008184845601930035,
      "도": 0.00768395543706088,
      "인간": 0.007667642489169006,
      "음란": 0.007451272844145326,
      "부모": 0.0068284200081988366,
      "정체": 0.006683182382768803,
      "죄": 0.0064508388023228535,
      "초대": 0.006344254243300757,
      "완성": 0.006329897834969093,
      "육신": 0.006217947768678735,
      "십자가": 0.0061896109034519295,
      "삶": 0.006165060295971659,
      "죽음": 0.005921360196176345,
      "절": 0.0055555996938448015,
      "역사": 0.004919685444889332,
      "자녀": 0.004814141813795946,
      "세상": 0.00454987092367202,
      "앞": 0.004211644677208793,
      "모습": 0.004193472559295251,
      "사건": 0.003672034846386412,
      "장": 0.0036168335965462927,
      "생명": 0.003443130823456821,
      "믿음": 0.0033541313609906378,
      "속": 0.003048030455794278,
      "시작": 0.0030414365325109644,
      "기도": 0.0030119031893010616
    },
    "NNP": {
      "예수": 0.02684394415626943,
      "로마서": 0.008963537655267598,
      "그리스": 0.007826003304028451,
      "그리스도": 0.007012692433854821
    },
    "VA": {
      "희": 0.010459582758489964,
      "그렇": 0.006001806835641134,
      "없": 0.004468537906339756,
      "이렇": 0.004463091781895524
    },
    "VV": {
      "입": 0.060056618301966465,
      "빚지": 0.04304229438447441,
      "되": 0.025755324418028726,
      "갚": 0.019556990980455873,
      "있": 0.017830609212481426,
      "벗": 0.01015912131254452,
      "보": 0.009422082650668328,
      "만들": 0.0070333498997241,
      "읽": 0.006068051270796655,
      "받": 0.005987185582500794,
      "위하": 0.005007609143847874,
      "믿": 0.004185998260148397,
      "살": 0.004065154609180878,
      "지": 0.0040237863476550945,
      "원하": 0.0032488533584709707,
      "주": 0.0030266331733721703,
      "죽": 0.0030177830751753135,
      "드리": 0.0026941522746264583,
      "일어나": 0.0026941522746264583,
      "대하": 0.0025407216307380487,
      "통하": 0.002500752848183806
    }
  }
}