{
  "scope": "sermon",
  "idf_scope": "church",
  "church": "O-Sg",
  "sermon": "O-Sg-0616",
  "document_unit": "sermon_json",
  "document_count": 819,
  "min_count": 5,
  "freq": {
    "MAG": {
      "그냥": 64,
      "정말": 20,
      "못": 19,
      "많이": 21,
      "지금": 16,
      "아직": 9,
      "안": 9,
      "잘": 9,
      "너무": 6,
      "막": 5,
      "다": 6
    },
    "NNB": {
      "수": 49,
      "거": 27,
      "명": 12,
      "때문": 15,
      "번": 10,
      "중": 5
    },
    "NNG": {
      "방언": 18,
      "성령": 39,
      "사람": 61,
      "하나님": 45,
      "예배": 28,
      "생각": 26,
      "오늘": 26,
      "말씀": 25,
      "외국인": 5,
      "기대": 12,
      "기도": 22,
      "주": 20,
      "충격": 7,
      "의미": 16,
      "교회": 16,
      "고백": 14,
      "헌신": 8,
      "이야기": 13,
      "전달": 6,
      "감사": 12,
      "선교": 7,
      "계속": 10,
      "역사": 11,
      "경험": 11,
      "설교": 7,
      "아무것": 6,
      "부활": 6,
      "선교사": 5,
      "뒤": 6,
      "체험": 5,
      "회복": 6,
      "시작": 10,
      "말": 10,
      "속": 8,
      "찬양": 6,
      "제자": 5,
      "생활": 5,
      "계획": 5,
      "나라": 6,
      "선포": 5,
      "지금": 6,
      "앞": 7,
      "마음": 7,
      "처음": 5,
      "구원": 5,
      "은혜": 5,
      "사랑": 5,
      "절": 5
    },
    "NNP": {
      "요코하마": 10,
      "일본": 15,
      "한국어": 5,
      "예수": 18
    },
    "VA": {
      "이렇": 37,
      "세": 8,
      "없": 28,
      "그렇": 24,
      "좋": 16,
      "괜찮": 6,
      "같": 12,
      "어떻": 10,
      "힘들": 6,
      "기쁘": 5,
      "작": 5,
      "많": 8
    },
    "VV": {
      "있": 90,
      "임하": 27,
      "되": 41,
      "모르": 25,
      "드리": 22,
      "믿": 21,
      "듣": 19,
      "느끼": 11,
      "전하": 10,
      "알": 12,
      "보": 12,
      "생기": 6,
      "기다리": 5,
      "계시": 7,
      "위하": 7,
      "받": 7,
      "그러": 5,
      "주": 5
    }
  },
  "tfidf": {
    "MAG": {
      "그냥": 0.03746704902514271,
      "정말": 0.014129495747103663,
      "못": 0.012446236309635284,
      "많이": 0.011680789234967483,
      "지금": 0.008899648940927606,
      "아직": 0.007118699779799859,
      "안": 0.00480002929366258,
      "잘": 0.004603684827988809,
      "너무": 0.003940654915425878,
      "막": 0.0038486186050484955,
      "다": 0.0029048236353806573
    },
    "NNB": {
      "수": 0.02275894101254064,
      "거": 0.01313568936007927,
      "명": 0.008675736064398669,
      "때문": 0.007026752652418635,
      "번": 0.004684501768279091,
      "중": 0.002941858276335579
    },
    "NNG": {
      "방언": 0.02930005154464096,
      "성령": 0.028350965879783308,
      "사람": 0.02833255921969345,
      "하나님": 0.02090106827682304,
      "예배": 0.016662133716703983,
      "생각": 0.012299123842932243,
      "오늘": 0.012209448880499319,
      "말씀": 0.0116400604233111,
      "외국인": 0.010621946410425336,
      "기대": 0.010562975244402596,
      "기도": 0.010356302512956692,
      "주": 0.00951874233711446,
      "충격": 0.009092682852603683,
      "의미": 0.008966200050851277,
      "교회": 0.008855610347206866,
      "고백": 0.008776696053043613,
      "헌신": 0.008265703322870946,
      "이야기": 0.007487553323275821,
      "전달": 0.007447334150983752,
      "감사": 0.007286876786982518,
      "선교": 0.0072460092514696475,
      "계속": 0.007083861817560685,
      "역사": 0.006343549352388945,
      "경험": 0.006288314760124024,
      "설교": 0.006200790410668208,
      "아무것": 0.00555209467399557,
      "부활": 0.005143538777501723,
      "선교사": 0.005099571746617086,
      "뒤": 0.005034847209076449,
      "체험": 0.0049809194912577934,
      "회복": 0.004773392247949683,
      "시작": 0.00475356894189475,
      "말": 0.00466170573803203,
      "속": 0.004573319825544745,
      "찬양": 0.004465252538363339,
      "제자": 0.0043195066426183,
      "생활": 0.004208431195126703,
      "계획": 0.004139290093562211,
      "나라": 0.0040347774898390806,
      "선포": 0.003832283197112174,
      "지금": 0.0038002823393303384,
      "앞": 0.0034558275791332954,
      "마음": 0.003380698445333459,
      "처음": 0.0031750648433282575,
      "구원": 0.0030828804525132388,
      "은혜": 0.0027639504234043275,
      "사랑": 0.0024896570110864887,
      "절": 0.0023681028125390907
    },
    "NNP": {
      "요코하마": 0.03258781774128358,
      "일본": 0.024416709620534133,
      "한국어": 0.011774842105534233,
      "예수": 0.008391070328457652
    },
    "VA": {
      "이렇": 0.01720629330561704,
      "세": 0.015330368422859966,
      "없": 0.013036867674108433,
      "그렇": 0.01125652392118853,
      "좋": 0.008522881535082799,
      "괜찮": 0.006530408709437382,
      "같": 0.005753205085059897,
      "어떻": 0.004770997412022714,
      "힘들": 0.004446694362543617,
      "기쁘": 0.004273124540465687,
      "작": 0.0041830501674160895,
      "많": 0.0038167979296181704
    },
    "VV": {
      "있": 0.04180213655364608,
      "임하": 0.02003790014881642,
      "되": 0.019043195541105434,
      "모르": 0.014097059734339184,
      "드리": 0.011116475219169348,
      "믿": 0.010304350919184389,
      "듣": 0.00947227027722313,
      "느끼": 0.007760742349492182,
      "전하": 0.006474437244477306,
      "알": 0.005669599244319577,
      "보": 0.005580419450470391,
      "생기": 0.004651322700364752,
      "기다리": 0.0042995150621803055,
      "계시": 0.004149814088543351,
      "위하": 0.003287159313980586,
      "받": 0.003275154584203581,
      "그러": 0.0024896570110864887,
      "주": 0.002365216123640816
    }
  }
}