{
  "scope": "sermon",
  "idf_scope": "church",
  "church": "O-Sg",
  "sermon": "O-Sg-0650",
  "document_unit": "sermon_json",
  "document_count": 819,
  "min_count": 5,
  "freq": {
    "MAG": {
      "지금": 23,
      "더": 13,
      "계속": 7,
      "너무": 5,
      "이제": 6,
      "먼저": 5,
      "다": 5
    },
    "NNB": {
      "거": 26,
      "수": 22,
      "분": 10,
      "때문": 9,
      "번": 6
    },
    "NNG": {
      "병자": 13,
      "사람": 44,
      "고통": 24,
      "말씀": 35,
      "자리": 27,
      "병": 13,
      "현실": 12,
      "가능": 17,
      "주": 26,
      "연못": 5,
      "회복": 14,
      "탓": 6,
      "과거": 9,
      "믿음": 14,
      "하나님": 15,
      "질문": 8,
      "경험": 11,
      "질병": 5,
      "마음": 12,
      "상황": 9,
      "생각": 11,
      "묵상": 5,
      "환경": 5,
      "오늘": 10,
      "앞": 8,
      "가운데": 8,
      "변화": 5,
      "사실": 5,
      "이유": 5,
      "예배": 5,
      "속": 5,
      "축복": 5,
      "사랑": 5,
      "절": 5
    },
    "NNP": {
      "예수": 48
    },
    "VA": {
      "낫": 8,
      "없": 19,
      "그렇": 11,
      "이렇": 7,
      "같": 6
    },
    "VV": {
      "낫": 11,
      "있": 35,
      "앓": 7,
      "눕": 8,
      "걸어가": 9,
      "붙잡": 11,
      "되": 18,
      "보": 13,
      "찾아오": 7,
      "일어나": 11,
      "들어가": 8,
      "도와주": 5,
      "원하": 9,
      "바라보": 6,
      "알": 9,
      "보이": 8,
      "대하": 8,
      "주": 8,
      "믿": 7,
      "향하": 5,
      "받": 6,
      "가지": 5,
      "통하": 5
    }
  },
  "tfidf": {
    "MAG": {
      "지금": 0.019758864594054612,
      "더": 0.009590993973518714,
      "계속": 0.006909736717955709,
      "너무": 0.005071873525174507,
      "이제": 0.0045973694570346085,
      "먼저": 0.004409109678377496,
      "다": 0.003738692782744234
    },
    "NNB": {
      "거": 0.019536362691920862,
      "수": 0.015781922525107604,
      "분": 0.007386694077574718,
      "때문": 0.006511591876896983,
      "번": 0.004341061251264655
    },
    "NNG": {
      "병자": 0.03504647638579579,
      "사람": 0.03156384505021521,
      "고통": 0.03059499258783853,
      "말씀": 0.025168916878008835,
      "자리": 0.02513064846399343,
      "병": 0.023518609001024437,
      "현실": 0.021425668710301066,
      "가능": 0.021133578426345914,
      "주": 0.019111913864669768,
      "연못": 0.019050965091319687,
      "회복": 0.017202246429662758,
      "탓": 0.016175296793444212,
      "과거": 0.012757293809357948,
      "믿음": 0.011335231593706524,
      "하나님": 0.010760401721664276,
      "질문": 0.00980137424560774,
      "경험": 0.009712153284467019,
      "질병": 0.009493218462092294,
      "마음": 0.00895098637360476,
      "상황": 0.00834515675732694,
      "생각": 0.008036644685248989,
      "묵상": 0.007720503151215068,
      "환경": 0.0076248494672761825,
      "오늘": 0.0072527710627179765,
      "앞": 0.006099935870361947,
      "가운데": 0.005873419760057043,
      "변화": 0.005354010900909017,
      "사실": 0.005019318730386593,
      "이유": 0.004743274823872503,
      "예배": 0.004595405550838244,
      "속": 0.004414615129303191,
      "축복": 0.004381708471211221,
      "사랑": 0.003845216316261987,
      "절": 0.0036574787341439466
    },
    "NNP": {
      "예수": 0.03455949195058695
    },
    "VA": {
      "낫": 0.01404082726745144,
      "없": 0.013663126305204797,
      "그렇": 0.007968324247534311,
      "이렇": 0.005027648346367722,
      "같": 0.004442844529459812
    },
    "VV": {
      "낫": 0.025593513943788282,
      "있": 0.025107604017216643,
      "앓": 0.021004739389881604,
      "눕": 0.019094850534200385,
      "걸어가": 0.016691580522019626,
      "붙잡": 0.01636991542896667,
      "되": 0.01291248206599713,
      "보": 0.009337061214682913,
      "찾아오": 0.00895024978480288,
      "일어나": 0.008584566408490533,
      "들어가": 0.00810441905494613,
      "도와주": 0.0075185661186163155,
      "원하": 0.007058215492201819,
      "바라보": 0.006681457767601477,
      "알": 0.006567421362815664,
      "보이": 0.006137322848962772,
      "대하": 0.005887766969825103,
      "주": 0.005844832498362901,
      "믿": 0.0053049420203261565,
      "향하": 0.004509524339386919,
      "받": 0.004335770333955919,
      "가지": 0.0036888438359687368,
      "통하": 0.0036219655670610505
    }
  }
}