{
  "scope": "sermon",
  "idf_scope": "church",
  "church": "T-Qw",
  "sermon": "T-Qw-0114",
  "document_unit": "sermon_json",
  "document_count": 160,
  "min_count": 5,
  "freq": {
    "MAG": {
      "더": 37,
      "안": 23,
      "자꾸": 8,
      "다": 11,
      "제대로": 7,
      "불쌍히": 5,
      "열심히": 7,
      "다시": 9,
      "가장": 8,
      "서로": 5,
      "많이": 8,
      "이제": 6
    },
    "NNB": {
      "수": 25,
      "때문": 21,
      "거": 16,
      "번": 9,
      "절": 6,
      "분": 5
    },
    "NNG": {
      "하나님": 176,
      "진실": 31,
      "사랑": 88,
      "지식": 21,
      "제사장": 12,
      "속죄": 7,
      "세상": 31,
      "삶": 29,
      "말": 31,
      "백성": 19,
      "번영": 7,
      "교회": 25,
      "제물": 8,
      "왕": 13,
      "주민": 5,
      "우상": 11,
      "형통": 10,
      "사람": 21,
      "위엄": 5,
      "훈련": 11,
      "말씀": 18,
      "땅": 14,
      "마음": 16,
      "거짓말": 6,
      "사모": 6,
      "오늘": 14,
      "예배": 12,
      "본문": 13,
      "주": 13,
      "목자": 6,
      "순종": 6,
      "성경": 11,
      "형제": 7,
      "죄": 10,
      "고백": 8,
      "절": 10,
      "중요": 7,
      "회복": 5,
      "필요": 7,
      "해": 5,
      "이유": 8,
      "찬양": 8,
      "인생": 7,
      "이름": 6,
      "앞": 5
    },
    "NNP": {
      "이스라엘": 12,
      "예수": 13,
      "그리스도": 6,
      "주님": 5
    },
    "VA": {
      "없": 73,
      "그렇": 20,
      "이렇": 13,
      "많": 5,
      "어떻": 5
    },
    "VV": {
      "있": 55,
      "알": 53,
      "되": 45,
      "알아가": 11,
      "망하": 11,
      "가르치": 12,
      "그러": 14,
      "주": 14,
      "위하": 11,
      "받": 10,
      "대하": 8,
      "묻": 5,
      "버리": 5,
      "갖": 6,
      "바꾸": 5,
      "인하": 7,
      "빠지": 5,
      "읽": 7,
      "짓": 5,
      "보": 7,
      "믿": 6,
      "살": 6,
      "드리": 5,
      "모르": 5,
      "원하": 5
    }
  },
  "tfidf": {
    "MAG": {
      "더": 0.015717926932880204,
      "안": 0.010016417532553766,
      "자꾸": 0.005337450665990189,
      "다": 0.004672897196261682,
      "제대로": 0.00457381779056976,
      "불쌍히": 0.0045658001959646075,
      "열심히": 0.004133557935126268,
      "다시": 0.003847100657500308,
      "가장": 0.0037541907308883214,
      "서로": 0.0037185026013129394,
      "많이": 0.003684595042380112,
      "이제": 0.0026456565371245962
    },
    "NNB": {
      "수": 0.010620220900594732,
      "때문": 0.008920985556499575,
      "거": 0.006796941376380629,
      "번": 0.0038232795242141037,
      "절": 0.00259679523863423,
      "분": 0.0022322991580119534
    },
    "NNG": {
      "하나님": 0.07476635514018691,
      "진실": 0.038234437796827545,
      "사랑": 0.037383177570093455,
      "지식": 0.019717192198644016,
      "제사장": 0.015729849234140045,
      "속죄": 0.013961669510217505,
      "세상": 0.013669225441810415,
      "삶": 0.013191292716974515,
      "말": 0.013169073916737469,
      "백성": 0.013132576170725638,
      "번영": 0.011900484181449613,
      "교회": 0.01137180406635734,
      "제물": 0.010162657303742216,
      "왕": 0.010122267883668797,
      "주민": 0.00997262107872679,
      "우상": 0.009363864117190389,
      "형통": 0.009215723702448244,
      "사람": 0.008920985556499575,
      "위엄": 0.008250169472489898,
      "훈련": 0.00771302601000537,
      "말씀": 0.0076465590484282074,
      "땅": 0.007128476717745662,
      "마음": 0.006881904249884325,
      "거짓말": 0.006831453653327886,
      "사모": 0.00603525649519156,
      "오늘": 0.00594732370433305,
      "예배": 0.005737862229650989,
      "본문": 0.005591547203031014,
      "주": 0.0055225148683092605,
      "목자": 0.005478960235157529,
      "순종": 0.005429466388452937,
      "성경": 0.005097998963578163,
      "형제": 0.005016434355218424,
      "죄": 0.0048115738088627645,
      "고백": 0.004369120881521569,
      "절": 0.004248088360237893,
      "중요": 0.004133557935126268,
      "회복": 0.0040835201393899555,
      "필요": 0.0039484703556273105,
      "해": 0.003863051163855454,
      "이유": 0.0038492590470902113,
      "찬양": 0.0034623936515123066,
      "인생": 0.0030674760000613775,
      "이름": 0.002629265142909752,
      "앞": 0.0023172722561718923
    },
    "NNP": {
      "이스라엘": 0.009643583464526954,
      "예수": 0.0055225148683092605,
      "그리스도": 0.002548853016142736,
      "주님": 0.002191054285758127
    },
    "VA": {
      "없": 0.031011045029736617,
      "그렇": 0.008496176720475786,
      "이렇": 0.0055225148683092605,
      "많": 0.0022322991580119534,
      "어떻": 0.0021240441801189465
    },
    "VV": {
      "있": 0.02336448598130841,
      "알": 0.022514868309260833,
      "되": 0.019116397621070518,
      "알아가": 0.012371108226632321,
      "망하": 0.012078957025784964,
      "가르치": 0.010573005164411174,
      "그러": 0.005984378800556035,
      "주": 0.005984378800556035,
      "위하": 0.004702011914722598,
      "받": 0.004248088360237893,
      "대하": 0.003684595042380112,
      "묻": 0.003663329520592335,
      "버리": 0.003663329520592335,
      "갖": 0.003543049658679658,
      "바꾸": 0.0034559410975593782,
      "인하": 0.003368101666203935,
      "빠지": 0.003178498059290338,
      "읽": 0.0031447183130702233,
      "짓": 0.003052280088876573,
      "보": 0.002973661852166525,
      "믿": 0.002678758989614344,
      "살": 0.002564733771666872,
      "드리": 0.0022885685196240525,
      "모르": 0.002246227366478731,
      "원하": 0.0022322991580119534
    }
  }
}