{
  "scope": "sermon",
  "idf_scope": "church",
  "church": "T-Qw",
  "sermon": "T-Qw-0069",
  "document_unit": "sermon_json",
  "document_count": 160,
  "min_count": 5,
  "freq": {
    "MAG": {
      "맘대로": 39,
      "안": 82,
      "마땅히": 14,
      "그냥": 20,
      "막": 14,
      "다": 16,
      "더": 13,
      "너무나": 8,
      "가장": 10,
      "늘": 7,
      "다시": 7,
      "많이": 6,
      "못": 5,
      "잘": 5
    },
    "NNB": {
      "거": 66,
      "수": 39,
      "때문": 14,
      "번": 13,
      "대로": 7,
      "명": 6,
      "중": 6
    },
    "NNG": {
      "하나님": 139,
      "분량": 24,
      "생각": 88,
      "지체": 26,
      "주가": 19,
      "사람": 55,
      "인생": 50,
      "은혜": 44,
      "믿음": 37,
      "상황": 26,
      "이해": 24,
      "오늘": 30,
      "기력": 7,
      "선교지": 7,
      "성공": 11,
      "제한": 5,
      "십자가": 19,
      "연결": 7,
      "말": 23,
      "교회": 21,
      "속": 20,
      "몸": 13,
      "사도": 11,
      "원대": 5,
      "은사": 6,
      "좌절": 7,
      "사랑": 17,
      "특별": 6,
      "지혜": 7,
      "힘": 11,
      "감사": 14,
      "주": 14,
      "길": 11,
      "구원": 11,
      "설명": 7,
      "머리": 6,
      "주께": 5,
      "가운데": 12,
      "신뢰": 5,
      "기쁨": 10,
      "부족": 6,
      "절": 12,
      "돈": 7,
      "사건": 5,
      "낙심": 5,
      "방법": 5,
      "고백": 8,
      "얘기": 9,
      "고난": 6,
      "아버지": 9,
      "아무것": 5,
      "끝": 6,
      "존재": 7,
      "날": 8,
      "능력": 6,
      "마음": 8,
      "본문": 8,
      "말씀": 8,
      "자리": 6,
      "세상": 7,
      "기억": 5,
      "필요": 5,
      "영광": 5,
      "인도": 5,
      "아들": 5,
      "인간": 5,
      "찬양": 5,
      "기도": 5
    },
    "NNP": {
      "바울": 11,
      "예수": 14,
      "주님": 5
    },
    "VA": {
      "없": 42,
      "그렇": 22,
      "어떻": 13,
      "좋": 10,
      "이렇": 10,
      "힘들": 7,
      "많": 8,
      "같": 7
    },
    "VV": {
      "되": 159,
      "있": 55,
      "저물어": 6,
      "걷": 15,
      "품": 13,
      "살": 27,
      "나누": 17,
      "받": 16,
      "걸어가": 8,
      "만나": 11,
      "믿": 13,
      "살아내": 7,
      "알": 13,
      "주": 12,
      "살아가": 11,
      "보": 11,
      "그러": 9,
      "부르": 8,
      "쓰": 7,
      "위하": 8,
      "읽": 7,
      "가지": 7,
      "죽": 6,
      "원하": 6,
      "통하": 5
    }
  },
  "tfidf": {
    "MAG": {
      "맘대로": 0.045804295795525814,
      "안": 0.03093964000374115,
      "마땅히": 0.014749871020105878,
      "그냥": 0.008442623716258897,
      "막": 0.006624436316315092,
      "다": 0.005888847994111152,
      "더": 0.004784688995215311,
      "너무나": 0.004203000411709797,
      "가장": 0.004065773362399295,
      "늘": 0.0030880445700355703,
      "다시": 0.002592423205099173,
      "많이": 0.0023942409081052956,
      "못": 0.002058446328164438,
      "잘": 0.0018983223366487415
    },
    "NNB": {
      "거": 0.024291497975708502,
      "수": 0.014354066985645933,
      "때문": 0.005152741994847258,
      "번": 0.004784688995215311,
      "대로": 0.004283381045386476,
      "명": 0.004016322019749314,
      "중": 0.0024394640174395773
    },
    "NNG": {
      "하나님": 0.051159366948840636,
      "분량": 0.037891600109736405,
      "생각": 0.03259046314981817,
      "지체": 0.02630813258190678,
      "주가": 0.021236936554273007,
      "사람": 0.020242914979757085,
      "인생": 0.01898322336648741,
      "은혜": 0.016396763769461236,
      "믿음": 0.015137603761543286,
      "상황": 0.013937144035408536,
      "이해": 0.011960396433761847,
      "오늘": 0.01104158998895841,
      "기력": 0.010007088153676005,
      "선교지": 0.009735640376861584,
      "성공": 0.009488804642514554,
      "제한": 0.009169657851152656,
      "십자가": 0.008932750491267178,
      "연결": 0.008691011831864473,
      "말": 0.008465218991534781,
      "교회": 0.008276095137523868,
      "속": 0.007881995369070352,
      "몸": 0.007514568700801976,
      "사도": 0.007420684708239287,
      "원대": 0.007147920109768575,
      "은사": 0.006927417119951467,
      "좌절": 0.006820728790392057,
      "사랑": 0.006256900993743099,
      "특별": 0.005993614725796075,
      "지혜": 0.005538112302473669,
      "힘": 0.005517836006839549,
      "감사": 0.005415358929071913,
      "주": 0.005152741994847258,
      "길": 0.0050409816114695746,
      "구원": 0.004945716439768384,
      "설명": 0.004796936554530178,
      "머리": 0.004790683900382003,
      "주께": 0.004648612998702704,
      "가운데": 0.00458437650967339,
      "신뢰": 0.004449471326563889,
      "기쁨": 0.004439481199055251,
      "부족": 0.004425175386997594,
      "절": 0.004416635995583364,
      "돈": 0.004283381045386476,
      "사건": 0.00422748386283806,
      "낙심": 0.004029414918796165,
      "방법": 0.003850607873426921,
      "고백": 0.003785392180751481,
      "얘기": 0.003591361362157943,
      "고난": 0.0033501424516377476,
      "아버지": 0.003333115549413222,
      "아무것": 0.0033211966248958553,
      "끝": 0.0032599945064329156,
      "존재": 0.0032491202045108513,
      "날": 0.003113798584138937,
      "능력": 0.0031105826953019295,
      "마음": 0.0029812297762656795,
      "본문": 0.0029812297762656795,
      "말씀": 0.002944423997055576,
      "자리": 0.0027849601752950154,
      "세상": 0.0026742196306428104,
      "기억": 0.0026094318565925575,
      "필요": 0.002443529948248249,
      "영광": 0.0023965419062807027,
      "인도": 0.0022623741278337242,
      "아들": 0.0022480529271674474,
      "인간": 0.0021106559290647244,
      "찬양": 0.0018748791533998827,
      "기도": 0.001840264998159735
    },
    "NNP": {
      "바울": 0.007977856278587658,
      "예수": 0.005152741994847258,
      "주님": 0.0018983223366487415
    },
    "VA": {
      "없": 0.015458225984541774,
      "그렇": 0.008097165991902834,
      "어떻": 0.004784688995215311,
      "좋": 0.003965616706069208,
      "이렇": 0.00368052999631947,
      "힘들": 0.003167323778967214,
      "많": 0.0030944908166125216,
      "같": 0.0026085760542324697
    },
    "VV": {
      "되": 0.058520426941479575,
      "있": 0.020242914979757085,
      "저물어": 0.011898985317094999,
      "걷": 0.011450521787368375,
      "품": 0.01047647878887003,
      "살": 0.009999346648239666,
      "나누": 0.006374589121559601,
      "받": 0.005888847994111152,
      "걸어가": 0.005850746566838019,
      "만나": 0.0054461777999593826,
      "믿": 0.005028547576995347,
      "살아내": 0.004953128071907817,
      "알": 0.004784688995215311,
      "주": 0.004444154065884297,
      "살아가": 0.004176309140627231,
      "보": 0.004048582995951417,
      "그러": 0.003333115549413222,
      "부르": 0.0031923212108070607,
      "쓰": 0.0030880445700355703,
      "위하": 0.0029627693772561973,
      "읽": 0.00272457376112157,
      "가지": 0.0026085760542324697,
      "죽": 0.00254873171842604,
      "원하": 0.0023208681124593914,
      "통하": 0.0019461241150868357
    }
  }
}