{
  "scope": "sermon",
  "idf_scope": "church",
  "church": "T-Qw",
  "sermon": "T-Qw-0111",
  "document_unit": "sermon_json",
  "document_count": 160,
  "min_count": 5,
  "freq": {
    "MAG": {
      "다시": 34,
      "안": 23,
      "다": 12,
      "이제": 11,
      "그냥": 9,
      "더": 10,
      "막": 7,
      "늘": 6,
      "아무리": 5,
      "못": 5
    },
    "NNB": {
      "수": 40,
      "거": 39,
      "번": 30,
      "때문": 11,
      "가지": 7,
      "분": 8,
      "줄": 5
    },
    "NNG": {
      "기회": 50,
      "하나님": 109,
      "순종": 38,
      "후회": 19,
      "주": 41,
      "선교": 16,
      "사람": 38,
      "심정": 10,
      "도서관": 6,
      "선택": 13,
      "베옷": 5,
      "말씀": 21,
      "세상": 19,
      "하루": 9,
      "생각": 19,
      "보리": 5,
      "오늘": 18,
      "동행": 8,
      "신학교": 5,
      "길": 14,
      "말": 17,
      "인생": 16,
      "역사": 14,
      "광야": 5,
      "마음": 14,
      "꽃": 5,
      "사랑": 13,
      "이해": 9,
      "은혜": 12,
      "신뢰": 5,
      "복음": 8,
      "영광": 8,
      "회개": 5,
      "중요": 7,
      "정죄": 5,
      "삶": 8,
      "나라": 6,
      "이유": 7,
      "책": 6,
      "순간": 6,
      "손": 6,
      "안": 7,
      "가운데": 7,
      "위": 5,
      "본문": 7,
      "기도": 7,
      "절": 7,
      "힘": 5,
      "시작": 6,
      "인간": 5,
      "얘기": 5,
      "교회": 5,
      "아버지": 5
    },
    "NNP": {
      "요나": 9,
      "주님": 26
    },
    "VA": {
      "없": 23,
      "굵": 5,
      "작": 9,
      "그렇": 16,
      "강하": 5,
      "같": 11,
      "어렵": 7,
      "괜찮": 5,
      "놀랍": 7,
      "크": 7,
      "좋": 7,
      "어떻": 7,
      "쉽": 5
    },
    "VV": {
      "되": 58,
      "닐": 11,
      "따지": 17,
      "있": 44,
      "놓치": 15,
      "주": 31,
      "일어나": 20,
      "피어나": 5,
      "믿": 17,
      "부르": 15,
      "떠나": 10,
      "그러": 13,
      "전하": 8,
      "이기": 6,
      "살": 11,
      "보": 11,
      "죽": 9,
      "위하": 10,
      "돌아오": 6,
      "바라보": 7,
      "통하": 9,
      "입": 5,
      "행하": 5,
      "보내": 5,
      "받": 6,
      "알": 6,
      "깨닫": 5
    }
  },
  "tfidf": {
    "MAG": {
      "다시": 0.014564426858885324,
      "안": 0.010037738131814203,
      "다": 0.005108556832694764,
      "이제": 0.004860694648240691,
      "그냥": 0.004394369470704104,
      "더": 0.004257130693912303,
      "막": 0.0038311182357233086,
      "늘": 0.003061564348398703,
      "아무리": 0.0029784443121759117,
      "못": 0.0023809274898351548
    },
    "NNB": {
      "수": 0.017028522775649212,
      "거": 0.016602809706257982,
      "번": 0.01277139208173691,
      "때문": 0.004682843763303533,
      "가지": 0.0040087021780033085,
      "분": 0.0035792812042299794,
      "줄": 0.0024566851422461863
    },
    "NNG": {
      "기회": 0.05635200426775898,
      "하나님": 0.0464027245636441,
      "순종": 0.034459814628912455,
      "후회": 0.023153700409624937,
      "주": 0.017454235845040442,
      "선교": 0.01682749392824343,
      "사람": 0.016177096636866752,
      "심정": 0.013136109371777234,
      "도서관": 0.012727438253681618,
      "선택": 0.01118454559714541,
      "베옷": 0.009993848454373292,
      "말씀": 0.008939974457215836,
      "세상": 0.008395745301506647,
      "하루": 0.008235933840077153,
      "생각": 0.008138944421141799,
      "보리": 0.008043463754768875,
      "오늘": 0.007662835249042145,
      "동행": 0.007599001322347909,
      "신학교": 0.007485004273143734,
      "길": 0.007420908647280455,
      "말": 0.007237122179650915,
      "인생": 0.007026297881549092,
      "역사": 0.006148010646355455,
      "광야": 0.006093079055164458,
      "마음": 0.006034483728692737,
      "꽃": 0.005777157375474647,
      "사랑": 0.005534269902085994,
      "이해": 0.005187802859280162,
      "은혜": 0.005172414624593775,
      "신뢰": 0.005146536225744608,
      "복음": 0.0047030191543364725,
      "영광": 0.004435183897396114,
      "회개": 0.00433876776745405,
      "중요": 0.004142356483306613,
      "정죄": 0.003994703587895907,
      "삶": 0.0036467231022161164,
      "나라": 0.003646089437616704,
      "이유": 0.003375270890695642,
      "책": 0.0033479431430876077,
      "순간": 0.0031803894202630523,
      "손": 0.0031601973908706813,
      "안": 0.0031318710537012314,
      "가운데": 0.003093169321607712,
      "위": 0.0030384078646805866,
      "본문": 0.0030172418643463683,
      "기도": 0.002979991485738612,
      "절": 0.002979991485738612,
      "힘": 0.0029010334050433555,
      "시작": 0.002651287989949468,
      "인간": 0.0024413163726133913,
      "얘기": 0.0023077737148155556,
      "교회": 0.0022792019388850728,
      "아버지": 0.0021418274792478417
    },
    "NNP": {
      "요나": 0.017988927217871924,
      "주님": 0.011417734057517274
    },
    "VA": {
      "없": 0.009791400595998296,
      "굵": 0.009518872823649133,
      "작": 0.0070777695800276,
      "그렇": 0.006811409110259685,
      "강하": 0.005929262449936429,
      "같": 0.004741380072544293,
      "어렵": 0.0044291151996377655,
      "괜찮": 0.0038121433031844862,
      "놀랍": 0.0035270123266219074,
      "크": 0.0033542107925425353,
      "좋": 0.0032108158421766827,
      "어떻": 0.002979991485738612,
      "쉽": 0.0029010334050433555
    },
    "VV": {
      "되": 0.024691358024691357,
      "닐": 0.023333636798416296,
      "따지": 0.018929912242290556,
      "있": 0.018731375053214133,
      "놓치": 0.015439608677233825,
      "주": 0.01327933037133662,
      "일어나": 0.01053399130290227,
      "피어나": 0.008518439385493033,
      "믿": 0.007605972558988706,
      "부르": 0.006923321144446667,
      "떠나": 0.006370527400229422,
      "그러": 0.005568751446044389,
      "전하": 0.005027617467846307,
      "이기": 0.004991749629474768,
      "살": 0.0047120204543452514,
      "보": 0.004682843763303533,
      "죽": 0.004422033256043135,
      "위하": 0.0042836549584956835,
      "돌아오": 0.004277612050370906,
      "바라보": 0.004169822037046276,
      "통하": 0.004051815494782323,
      "입": 0.0036172365481281,
      "행하": 0.0029982450628406915,
      "보내": 0.002863358698573792,
      "받": 0.002554278416347382,
      "알": 0.002554278416347382,
      "깨닫": 0.0023222047215958426
    }
  }
}