{
  "scope": "sermon",
  "idf_scope": "church",
  "church": "T-Qw",
  "sermon": "T-Qw-0127",
  "document_unit": "sermon_json",
  "document_count": 160,
  "min_count": 5,
  "freq": {
    "MAG": {
      "안": 13,
      "다": 6,
      "더": 5
    },
    "NNB": {
      "수": 31,
      "거": 13,
      "때문": 10,
      "번": 9,
      "중": 5,
      "절": 5
    },
    "NNG": {
      "악": 80,
      "명예": 37,
      "사람": 59,
      "판사": 10,
      "하나님": 45,
      "아들": 36,
      "복수": 10,
      "외로움": 10,
      "선": 21,
      "행복": 24,
      "드라마": 9,
      "회장": 7,
      "삶": 27,
      "인생": 25,
      "목사": 19,
      "마음": 19,
      "정의": 6,
      "겸손": 6,
      "원수": 7,
      "말": 16,
      "감사": 15,
      "교만": 7,
      "스도인": 6,
      "기독교": 7,
      "사랑": 13,
      "공동체": 7,
      "주": 10,
      "자녀": 7,
      "순간": 7,
      "세상": 8,
      "아버지": 8,
      "속": 7,
      "말씀": 6,
      "오늘": 6,
      "안": 5,
      "본문": 5,
      "기도": 5
    },
    "NNP": {
      "손양원": 8,
      "김강원": 6,
      "그리": 6,
      "주님": 10,
      "예수": 8,
      "누가": 5,
      "그리스도": 6
    },
    "VA": {
      "외롭": 6,
      "낮": 6,
      "놀랍": 15,
      "없": 13,
      "같": 12,
      "그렇": 12,
      "많": 8,
      "쉽": 5
    },
    "VV": {
      "갚": 39,
      "웃": 21,
      "울": 20,
      "있": 43,
      "되": 38,
      "행하": 17,
      "살아가": 22,
      "누리": 17,
      "이기": 9,
      "살": 17,
      "죽이": 8,
      "알": 14,
      "주": 10,
      "믿": 9,
      "죽": 7,
      "그러": 8,
      "듣": 7,
      "느끼": 5,
      "위하": 7,
      "보": 7
    }
  },
  "tfidf": {
    "MAG": {
      "안": 0.007058824828003186,
      "다": 0.0031779661016949155,
      "더": 0.0026483050847457626
    },
    "NNB": {
      "수": 0.01641949152542373,
      "거": 0.006885593220338983,
      "때문": 0.005296610169491525,
      "번": 0.004766949152542373,
      "중": 0.002925504826705213,
      "절": 0.002698117934209471
    },
    "NNG": {
      "악": 0.0801588823287304,
      "명예": 0.04950428137146018,
      "사람": 0.03125,
      "판사": 0.024868167393350488,
      "하나님": 0.023834745762711863,
      "아들": 0.02329306704577356,
      "복수": 0.022720576778370808,
      "외로움": 0.020014932584695007,
      "선": 0.01932710688863684,
      "행복": 0.018267120328513863,
      "드라마": 0.01755910054537862,
      "회장": 0.016580384093142234,
      "삶": 0.01531290514511737,
      "인생": 0.013659273804752728,
      "목사": 0.010843063094142517,
      "마음": 0.01018935545154682,
      "정의": 0.00965110781968551,
      "겸손": 0.009097018665623714,
      "원수": 0.008964459233042224,
      "말": 0.00847457627118644,
      "감사": 0.008349839329385812,
      "교만": 0.008118161264892402,
      "스도인": 0.008027721303480029,
      "기독교": 0.007689882552046581,
      "사랑": 0.006885593220338983,
      "공동체": 0.006691296462806597,
      "주": 0.005296610169491525,
      "자녀": 0.004675773090919482,
      "순간": 0.004616449791435855,
      "세상": 0.0043982171528187146,
      "아버지": 0.004263688770129814,
      "속": 0.003970012445030429,
      "말씀": 0.0031779661016949155,
      "오늘": 0.0031779661016949155,
      "안": 0.0027832797764619373,
      "본문": 0.002681409329354426,
      "기도": 0.0026483050847457626
    },
    "NNP": {
      "손양원": 0.018949010392162555,
      "김강원": 0.017123698679315204,
      "그리": 0.00737353045325498,
      "주님": 0.005463709521901091,
      "예수": 0.00423728813559322,
      "누가": 0.0035393862198655,
      "그리스도": 0.0031779661016949155
    },
    "VA": {
      "외롭": 0.010720405181829195,
      "낮": 0.010322640956339769,
      "놀랍": 0.009403320167109784,
      "없": 0.006885593220338983,
      "같": 0.006435382390450624,
      "그렇": 0.006355932203389831,
      "많": 0.0044532476423391,
      "쉽": 0.0036093895489654887
    },
    "VV": {
      "갚": 0.05218018847262019,
      "웃": 0.024129771478115812,
      "울": 0.023194746471121144,
      "있": 0.022775423728813558,
      "되": 0.020127118644067795,
      "행하": 0.012683148315086584,
      "살아가": 0.012020160948182401,
      "누리": 0.010590149878857294,
      "이기": 0.009315905624710987,
      "살": 0.009060338636525856,
      "죽이": 0.007952168413531767,
      "알": 0.007415254237288136,
      "주": 0.005329610962662267,
      "믿": 0.005009903597631488,
      "죽": 0.0042791603595290295,
      "그러": 0.004263688770129814,
      "듣": 0.003945376958255704,
      "느끼": 0.003831237756236301,
      "위하": 0.0037307276738635874,
      "보": 0.003707627118644068
    }
  }
}