{
  "scope": "sermon",
  "idf_scope": "church",
  "church": "T-Qw",
  "sermon": "T-Qw-0007",
  "document_unit": "sermon_json",
  "document_count": 160,
  "min_count": 5,
  "freq": {
    "MAG": {
      "밝히": 7,
      "다시": 9,
      "잘": 7,
      "지금": 5,
      "다": 5
    },
    "NNB": {
      "수": 50,
      "거": 19,
      "번": 14,
      "절": 9,
      "분": 5
    },
    "NNG": {
      "소경": 28,
      "치유": 31,
      "사람": 52,
      "하나님": 46,
      "안수": 12,
      "침": 11,
      "주": 42,
      "마을": 10,
      "시력": 6,
      "농장": 6,
      "사건": 13,
      "포용": 5,
      "눈": 17,
      "오늘": 21,
      "다양": 6,
      "주목": 6,
      "밖": 8,
      "회복": 10,
      "과정": 8,
      "맹인": 5,
      "나무": 6,
      "말": 18,
      "제자": 10,
      "등록": 7,
      "시선": 6,
      "방식": 5,
      "완전": 8,
      "구원": 13,
      "예배": 14,
      "주의": 9,
      "곳": 10,
      "은혜": 14,
      "말씀": 14,
      "주차": 5,
      "기도": 13,
      "방법": 6,
      "손": 10,
      "사랑": 12,
      "교회": 11,
      "감사": 10,
      "앞": 9,
      "축복": 9,
      "가운데": 9,
      "역사": 9,
      "성도": 9,
      "상태": 5,
      "삶": 8,
      "준비": 5,
      "이름": 8,
      "마음": 8,
      "생각": 8,
      "의지": 5,
      "고난": 5,
      "자리": 6,
      "인생": 7,
      "아버지": 7,
      "집": 5,
      "길": 5,
      "모습": 5,
      "인도": 5,
      "시작": 5,
      "영원": 5
    },
    "NNP": {
      "예수": 42,
      "일본": 5,
      "주님": 10,
      "그리스도": 9
    },
    "VA": {
      "이렇": 18,
      "그렇": 9,
      "기쁘": 6,
      "다르": 5,
      "어떻": 7,
      "없": 6,
      "놀랍": 5,
      "같": 5
    },
    "VV": {
      "있": 70,
      "뱉": 10,
      "보": 41,
      "되": 36,
      "데리": 9,
      "보이": 19,
      "쳐다보": 6,
      "바라보": 11,
      "흔들리": 6,
      "받": 15,
      "붙잡": 5,
      "통하": 11,
      "깨닫": 10,
      "나오": 10,
      "따르": 6,
      "행하": 6,
      "살아가": 7,
      "주": 7,
      "인하": 6,
      "바라": 5,
      "나가": 6,
      "드리": 6,
      "믿": 6,
      "살": 6,
      "위하": 6,
      "대하": 5,
      "가지": 5,
      "알": 5
    }
  },
  "tfidf": {
    "MAG": {
      "밝히": 0.013711193730728247,
      "다시": 0.004135194040071107,
      "잘": 0.003297186531572823,
      "지금": 0.002585946289055467,
      "다": 0.00228310502283105
    },
    "NNB": {
      "수": 0.0228310502283105,
      "거": 0.008675799086757991,
      "번": 0.006392694063926941,
      "절": 0.004186887665578751,
      "분": 0.0023994667661918438
    },
    "NNG": {
      "소경": 0.057175826790598246,
      "치유": 0.03575696137367421,
      "사람": 0.023744292237442923,
      "하나님": 0.021004566210045664,
      "안수": 0.020705859024605026,
      "침": 0.020101183130753833,
      "주": 0.019178082191780823,
      "마을": 0.01540344367069522,
      "시력": 0.01476234845047813,
      "농장": 0.013651485140592749,
      "사건": 0.013636434476648687,
      "포용": 0.011376237617160624,
      "눈": 0.011229900184854823,
      "오늘": 0.009589041095890411,
      "다양": 0.009242066202417132,
      "주목": 0.009242066202417132,
      "밖": 0.009227602935141731,
      "회복": 0.008778635989154297,
      "과정": 0.00864961570148002,
      "맹인": 0.008627441260252094,
      "나무": 0.008594425714569925,
      "말": 0.00821917808219178,
      "제자": 0.008054412107069189,
      "등록": 0.007896532039443684,
      "시선": 0.007735089936884879,
      "방식": 0.007415961234995997,
      "완전": 0.00725866594616388,
      "구원": 0.007251459126984604,
      "예배": 0.007195471371399467,
      "주의": 0.006932692645117907,
      "곳": 0.006695360037183578,
      "은혜": 0.006472603780227963,
      "말씀": 0.006392694063926941,
      "주차": 0.00635974314835647,
      "기도": 0.005936073059360731,
      "방법": 0.0057326584066306535,
      "손": 0.00564939396587156,
      "사랑": 0.005479452054794521,
      "교회": 0.005378292136881405,
      "감사": 0.0047989335323836875,
      "앞": 0.004483445663859151,
      "축복": 0.004373114499326871,
      "가운데": 0.004265668142733766,
      "역사": 0.004239239826307915,
      "성도": 0.00421298038206639,
      "상태": 0.0040272060535345945,
      "삶": 0.003911485190459204,
      "준비": 0.003879857831759318,
      "이름": 0.003768213178940369,
      "마음": 0.003698630731558836,
      "생각": 0.003675728035618762,
      "의지": 0.003662254681521134,
      "고난": 0.0034635985696726632,
      "자리": 0.003455130957203907,
      "인생": 0.003297186531572823,
      "아버지": 0.003216262031166417,
      "집": 0.0031946875293612856,
      "길": 0.0028427453379748515,
      "모습": 0.0028067901850795563,
      "인도": 0.0028067901850795563,
      "시작": 0.0023698156348520927,
      "영원": 0.002297330022261726
    },
    "NNP": {
      "예수": 0.019178082191780823,
      "일본": 0.009441767616276598,
      "주님": 0.004710266473675461,
      "그리스도": 0.00410958904109589
    },
    "VA": {
      "이렇": 0.00821917808219178,
      "그렇": 0.00410958904109589,
      "기쁘": 0.003937023194090659,
      "다르": 0.0037414454531829824,
      "어떻": 0.0031963470319634705,
      "없": 0.0027397260273972603,
      "놀랍": 0.0027022022032729487,
      "같": 0.0023116442072242723
    },
    "VV": {
      "있": 0.0319634703196347,
      "뱉": 0.022752475234321248,
      "보": 0.01872146118721461,
      "되": 0.01643835616438356,
      "데리": 0.013348730222992794,
      "보이": 0.010139835664712242,
      "쳐다보": 0.007954385026401417,
      "바라보": 0.0070283125645948285,
      "흔들리": 0.006920702201356299,
      "받": 0.00684931506849315,
      "붙잡": 0.005767251834463583,
      "통하": 0.005311763600694087,
      "깨닫": 0.004981606293176835,
      "나오": 0.0046810893134071,
      "따르": 0.003910805520073807,
      "행하": 0.0038591110425275532,
      "살아가": 0.003297186531572823,
      "주": 0.003216262031166417,
      "인하": 0.0031031355468665606,
      "바라": 0.003051306476304139,
      "나가": 0.002951939887778093,
      "드리": 0.002951939887778093,
      "믿": 0.0028793601194302128,
      "살": 0.0027567960267140717,
      "위하": 0.0027567960267140717,
      "대하": 0.0024753244091788766,
      "가지": 0.0023116442072242723,
      "알": 0.00228310502283105
    }
  }
}